id,name,slug,type,category,area,description,customHtml,image1,image1Desc,image1FileId,image2,image2Desc,image2FileId,image3,image3Desc,image3FileId,website,phone,address,authorName,publishedDate,modifiedDate,directionsLink,amenities,featured,googleMapsUrl,accordionPanel1Title,accordionPanel1Content,accordionPanel2Title,accordionPanel2Content,accordionPanel3Title,accordionPanel3Content,accordionPanel4Title,accordionPanel4Content
3,Trager Brothers Coffee 1.0,trager-brothers-coffee-1-0,Coffee Shops,taste,Lovingston,"Small-batch organic roastery and café in downtown Lovingston roasting to order and serving certified organic coffee sourced through long-term sustainable partnerships. Family-owned Trager Brothers Coffee roasts certified-organic beans to order in Lovingston, sight-roasting small batches and cupping each origin to highlight its flavor profile. The café pours fresh espresso, sells whole beans, and champions sustainable sourcing relationships with growers worldwide. TBC is family-owned and operated, small-batch, and completely “a mano.” We sight roast to order and do not warehouse roasted coffee of any kind. Lovingston is a great destination for history buffs as the Lovingston Historic District and the courthouse are both listed on the National Register of Historic Places.",,https://ik.imagekit.io/OE/nelson-county/listings/trager-brothers-coffee-1-0-image1_CD5zSPxJ7,"Two people smiling, one holding coffee logo sticker towards camera.",,,,,,,,https://www.tbcroasters.com/,(434) 996-3138,"486 Front Street, Lovingston, VA 22949",josh,,,https://www.google.com/maps/dir/?api=1&destination=486%20Front%20Street%2C%20Lovingston%2C%20VA%2022949,Cafe; Coffee; Order Pickup; Organic; Tea,false,https://www.google.com/maps/dir/?api=1&destination=486%20Front%20Street%2C%20Lovingston%2C%20VA%2022949,Menu & Offerings,"TBC is family-owned and operated, small-batch, and completely “a mano.” We sight roast to order and do not warehouse roasted coffee of any kind. Our roasters and baristas meticulously cup each coffee we source, collectively creating roast profiles that coax out and enhance the inherent flavor characteristics that are special to each particular origin. we're proud to serve only Organic coffee and are an OCIA certified Organic coffee roastery. we're committed to bringing you the highest quality.",Menu & Offerings,"Lovingston is a great destination for history buffs as the Lovingston Historic District and the courthouse are both listed on the National Register of Historic Places. Lovingston was defined as a “courthouse town” after the Nelson County Courthouse was built. One claim to fame is that that town jail was designed by Thomas Jefferson. Lovingston’s most historic African-American landmark is Bright Hope Baptist Church, which was built in 1870 for the freedmen and women living in Nelson. Present-day.",Experience,"Lovingstown, Virginia, as it was first named, began with a land grant and a need to build a courthouse and a county seat for the newly created Nelson County in 1809. The original 30 acres was donated by Mr. James Loving that same year and thus began the construction of this charming historic village. There were 49 lots parceled off in nearly equal measure and then sold. The lots were numbered for identification and were thereby known as those lot numbers.",Contact & Location,"Bright Hope Baptist Church, a historic African-American landmark in Lovingston that overlooks the village. The church was built along with a school in 1870 to serve the freed men and women of Nelson. The kept area has over 100 marked graves. Dinner Options in Lovingston include Vito’s Pizza & Italian Grill for classic and specialty pizzas and Italian entrees. El Mariachi Mexican Restaurant offers over one hundred menu choices and has a gift shop on-site."
4,Trager Brothers Coffee 2.0,trager-brothers-coffee-2-0,Coffee Shops,taste,Afton,"Organic coffeehouse at the Rockfish Valley School campus with freshly roasted beans, espresso drinks, and grab-and-go service from Trager Brothers Coffee. The Afton outpost of Trager Brothers Coffee mirrors the flagship with on-site organic roasting, meticulous profile development, and hand-built espresso drinks. TBC is family-owned and operated, small-batch, and completely “a mano.” We sight roast to order and do not warehouse roasted coffee of any kind. 190 Rockfish Valley School Lane Afton, VA 22920 434-263-8916.",,https://ik.imagekit.io/OE/nelson-county/listings/trager-brothers-coffee-2-0-image1_onAYYsQs0L,Barista decorating coffee foam with chocolate in a black cup.,,,,,,,,https://www.tbcroasters.com/,(434) 263-8916,"190 Rockfish Valley School Lane, Afton, VA 22920",josh,,,https://www.google.com/maps/dir/?api=1&destination=190%20Rockfish%20Valley%20School%20Lane%2C%20Afton%2C%20VA%2022920,Coffee; Organic; Bar; Tea; Cafe; Fishing,false,https://www.google.com/maps/dir/?api=1&destination=190%20Rockfish%20Valley%20School%20Lane%2C%20Afton%2C%20VA%2022920,Menu & Offerings,"TBC is family-owned and operated, small-batch, and completely “a mano.” We sight roast to order and do not warehouse roasted coffee of any kind. Our roasters and baristas meticulously cup each coffee we source, collectively creating roast profiles that coax out and enhance the inherent flavor characteristics that are special to each particular origin. we're proud to serve only Organic coffee and are an OCIA certified Organic coffee roastery. we're committed to bringing you the highest quality.",Experience,"190 Rockfish Valley School Lane Afton, VA 22920 434-263-8916.",Events & Activities,There’s something to do in Afton every season of the year.,Events & Activities,"And live music. Nelson 151’s wineries often include food pairing. If you’d like to do a little shopping, check out the Nelson 151 gift shops or take a short drive to the Rockfish Valley Community Center, a repurposed school building featuring local shops. Purchase a piece of Nelsonite, Virginia’s state rock, at The Virginia Rock Shop. If you’re into local art, check out the Rockfish Pottery Collective or the Rockfish River Gallery."
5,Afton Market,afton-market,Markets & Delis,taste,Afton,"Locally owned convenience store and gas station with a breakfast-and-lunch deli known for fried chicken, fresh coffee, and fountain drinks. Afton Market is a locally owned convenience stop offering fuel plus a short-order deli that fries up chicken, biscuits, and hot lunch plates. There’s something to do in Afton every season of the year.",,https://ik.imagekit.io/OE/nelson-county/listings/Screenshot_2025-11-14_at_6.38.31_PM_U31i9aoWc.png,"Gas station with cars, convenience store, and trees in the background.",,,,,,,,,(540) 456-6111,"10185 Rockfish Valley Highway, Afton, VA 22920",josh,,,https://www.google.com/maps/dir/?api=1&destination=10185%20Rockfish%20Valley%20Highway%2C%20Afton%2C%20VA%2022920,Breakfast; Coffee; Deli; Fuel; Lunch; Market; Retail; Tea; Beer,false,https://www.google.com/maps/dir/?api=1&destination=10185%20Rockfish%20Valley%20Highway%2C%20Afton%2C%20VA%2022920,Hours & Information,"Convenience store and gas. Deli open for breakfast and lunch. Specialties include fried chicken, fresh coffee and fountain drinks.",Events & Activities,There’s something to do in Afton every season of the year.,Events & Activities,"And live music. Nelson 151’s wineries often include food pairing. If you’d like to do a little shopping, check out the Nelson 151 gift shops or take a short drive to the Rockfish Valley Community Center, a repurposed school building featuring local shops. Purchase a piece of Nelsonite, Virginia’s state rock, at The Virginia Rock Shop. If you’re into local art, check out the Rockfish Pottery Collective or the Rockfish River Gallery.",Events & Activities,"Live music performances, good food, and inventive, hand-crafted beverages. If you’re planning on spending a hot summer day in Afton, check out the Nelson Farmer’s Market Cooperative one Saturday. Local vendors gather there to sell fresh produce and hand-crafted goodies. Often, there’s live music. Nelson’s wineries make for an excellent day trip as well."
6,Ashley's Market,ashleys-market,Markets & Delis,taste,Afton,"Family-run convenience and gas stop with a deli serving breakfast biscuits, lunch sandwiches, fried chicken, and deli salads. Ashley's Market pairs gas pumps with a home-style deli serving breakfast biscuits, subs, fried chicken, and deli salads made to order. The family-run stop in Afton is a regular detour for locals stocking up on sundries or packing a picnic for nearby hikes and wineries. There’s something to do in Afton every season of the year.",,https://ik.imagekit.io/OE/nelson-county/listings/ashley-s-market-image1_-O8C_lefS,Market storefront under clear blue sky with vending machines outside.,,https://ik.imagekit.io/OE/nelson-county/listings/ashley-s-market-image2_BHBW3b0b2,Market entrance with vending machines under a clear blue sky.,,,,,https://www.facebook.com/ashleysmaket151/,(434) 361-2087,"6445 Rockfish Valley Highway, Afton, VA 22920",josh,,,https://www.google.com/maps/dir/?api=1&destination=6445%20Rockfish%20Valley%20Highway%2C%20Afton%2C%20VA%2022920,Fuel; Breakfast; Deli; Lunch; Market; Hiking,false,https://www.google.com/maps/dir/?api=1&destination=6445%20Rockfish%20Valley%20Highway%2C%20Afton%2C%20VA%2022920,Hours & Information,"Locally owned convenience and gas store. The Deli is open for breakfast and lunch. Specialties include fried chicken, subs, and deli salads.",Events & Activities,There’s something to do in Afton every season of the year.,Events & Activities,"And live music. Nelson 151’s wineries often include food pairing. If you’d like to do a little shopping, check out the Nelson 151 gift shops or take a short drive to the Rockfish Valley Community Center, a repurposed school building featuring local shops. Purchase a piece of Nelsonite, Virginia’s state rock, at The Virginia Rock Shop. If you’re into local art, check out the Rockfish Pottery Collective or the Rockfish River Gallery.",Events & Activities,"Live music performances, good food, and inventive, hand-crafted beverages. If you’re planning on spending a hot summer day in Afton, check out the Nelson Farmer’s Market Cooperative one Saturday. Local vendors gather there to sell fresh produce and hand-crafted goodies. Often, there’s live music. Nelson’s wineries make for an excellent day trip as well."
7,Chicken Coop,chicken-coop,Markets & Delis,taste,Lovingston,"Counter-service kitchen inside Nelson Food Mart offering fried chicken, barbecue, burgers, and sandwiches made to order. Inside the Nelson Food Mart Exxon, Chicken Coop turns out crispy fried chicken, smoked barbecue, burgers, and hearty sandwiches plus sides like mac and cheese. It's a quick-service comfort-food counter where everything is cooked to order for dine-in or carryout. Lovingston is a great destination for history buffs as the Lovingston Historic District and the courthouse are both listed on the National Register of Historic Places. The original 30 acres was donated by Mr.",,https://ik.imagekit.io/OE/nelson-county/listings/chicken-coop-image1_PIMkxTnKd,Cars parked in front of a brick food market.,,,,,,,,,(434) 263-7818,"40 Front Street, Lovingston, VA 22949",josh,,,https://www.google.com/maps/dir/?api=1&destination=40%20Front%20Street%2C%20Lovingston%2C%20VA%2022949,BBQ; Retail; Full Kitchen; Market; Deli,false,https://www.google.com/maps/dir/?api=1&destination=40%20Front%20Street%2C%20Lovingston%2C%20VA%2022949,Experience,"Homemade chicken, barbecue, fresh burgers, mac and cheese, and variety of sandwiches. Find us at the Nelson Food Mart (Exxon Station).",Menu & Offerings,"Lovingston is a great destination for history buffs as the Lovingston Historic District and the courthouse are both listed on the National Register of Historic Places. Lovingston was defined as a “courthouse town” after the Nelson County Courthouse was built. One claim to fame is that that town jail was designed by Thomas Jefferson. Lovingston’s most historic African-American landmark is Bright Hope Baptist Church, which was built in 1870 for the freedmen and women living in Nelson. Present-day.",Experience,"Lovingstown, Virginia, as it was first named, began with a land grant and a need to build a courthouse and a county seat for the newly created Nelson County in 1809. The original 30 acres was donated by Mr. James Loving that same year and thus began the construction of this charming historic village. There were 49 lots parceled off in nearly equal measure and then sold. The lots were numbered for identification and were thereby known as those lot numbers.",Contact & Location,"Bright Hope Baptist Church, a historic African-American landmark in Lovingston that overlooks the village. The church was built along with a school in 1870 to serve the freed men and women of Nelson. The kept area has over 100 marked graves. Dinner Options in Lovingston include Vito’s Pizza & Italian Grill for classic and specialty pizzas and Italian entrees. El Mariachi Mexican Restaurant offers over one hundred menu choices and has a gift shop on-site."
8,Colleen Deli,colleen-deli,Markets & Delis,taste,Arrington,"Exxon deli serving all-day breakfast, daily lunch specials, sandwiches, wraps, and homemade baked goods with a summertime salad bar. Colleen Deli keeps the griddle hot all day with breakfast platters, daily lunch specials, subs, wraps, and homemade baked goods.",,https://ik.imagekit.io/OE/nelson-county/listings/colleen-deli-image1_Qm3EZKyhY,"Gas station with red canopy, two pumps, parked cars, and convenience store in background.",,,,,,,,,(434) 263-8300,"4071 Thomas Nelson Hwy, Arrington, VA 22922",josh,,,https://www.google.com/maps/dir/?api=1&destination=4071%20Thomas%20Nelson%20Hwy%2C%20Arrington%2C%20VA%2022922,Breakfast; Lunch; Bar; Seasonal Menu; Bakery; Baked Goods; Deli; Market,false,https://www.google.com/maps/dir/?api=1&destination=4071%20Thomas%20Nelson%20Hwy%2C%20Arrington%2C%20VA%2022922,Menu & Offerings,"Featuring sandwiches, wraps, subs and more. Homemade bake goods for your sweet tooth. Find us at the Colleen Exxon & Convenience Mart on Rt. 29 (5 miles south of Lovingston) in Nelson County.",,,,,,
9,Corner Market,corner-market,Markets & Delis,taste,Schuyler,"Neighborhood convenience store and gas station with a short-order deli serving breakfast biscuits and hot lunch items. Corner Market in Shipman doubles as a neighborhood gas station and deli, opening early for biscuits and coffee before shifting to burgers and hot lunch items. It's a convenient restock point for anglers and river-goers headed toward the James and Tye Rivers. S during the Great Depression. Those who travel to Schuyler are encouraged to visit The Walton’s Mountain Museum.",,https://ik.imagekit.io/OE/nelson-county/listings/corner-market-image1_wiPXqe1ES,"Small convenience store with illuminated signs, parked car, and visible interior lights.",,,,,,,,,(434) 263-5500,"11309 James River Road, Shipman, VA 22971",josh,,,https://www.google.com/maps/dir/?api=1&destination=11309%20James%20River%20Road%2C%20Shipman%2C%20VA%2022971,Retail; Fuel; Breakfast; Deli; Lunch; Market; Water Sports,false,https://www.google.com/maps/dir/?api=1&destination=11309%20James%20River%20Road%2C%20Shipman%2C%20VA%2022971,Hours & Information,Convenience store and gas. Deli open for breakfast and lunch. Stop in and check out our deli items.,Information,S during the Great Depression. Those who travel to Schuyler are encouraged to visit The Walton’s Mountain Museum.,Menu & Offerings,"Schuyler’s forests bloom in the springtime; the rural roadways make for a gorgeous spring drive. If you’re traveling through Schuyler or want to plan a full day, start with The Walton’s Mountain Museum. The museum itself is in Hamner’s boyhood school. Displays include replicas of “The Walton’s” sets, hundreds of memorabilia items, and photographs. Next, check out Walton Hamner House, located across from the museum. Join the guided tour inside John-Boy Walton’s childhood home. The house has been.",About,"The history of Nelson County, check out The Walton’s Mountain Museum to learn more about the hit show,“The Waltons.” Another option for a history lesson stands in Arrington off Route 29. At the Oakland Museum, Visitors can view an exhibit on The Rural Electrification Act, part of Roosevelt’s New Deal. Traveling teachers and students will enjoy the exhibit depicting the history of the area schools."
10,Graves Grocery & Deli,graves-grocery-deli,Markets & Delis,community,Nellysford,"Graves Grocery & Deli is a long-running Route 151 fixture where travelers top off the tank, grab breakfast sandwiches, and order made-to-order lunches before exploring the Rockfish Valley. Friendly counter service and quick deli classics make it a reliable daily stop. Convenience store and gas. Deli open: breakfast and lunch daily.",,https://ik.imagekit.io/OE/nelson-county/listings/graves-grocery-deli-image1_DBJko9s0a,"Storefront with red sign, vending machines, and newspaper stands outside.",,,,,,,,,(434) 361-2504,"1779 Rockfish Valley Highway, Nellysford, VA 22958",josh,,,https://www.google.com/maps/dir/?api=1&destination=1779%20Rockfish%20Valley%20Highway%2C%20Nellysford%2C%20VA%2022958,Retail; Fuel; Breakfast; Lunch; Deli; Market; Fishing,false,https://www.google.com/maps/dir/?api=1&destination=1779%20Rockfish%20Valley%20Highway%2C%20Nellysford%2C%20VA%2022958,Hours & Information,Convenience store and gas. Deli open: breakfast and lunch daily.,,,,,,
11,Hickman's Exxon Grocery,hickmans-exxon-grocery,Markets & Delis,community,Roseland,"Exxon convenience store with breakfast and lunch deli, full game checking station, and hunting supplies. Hickman's Exxon Grocery near Beech Grove supplies fuel, hunting gear, and a hot breakfast-and-lunch deli favored by Wintergreen visitors. The store also serves as a certified game-checking station, making it a handy hub during deer, bear, and turkey seasons.",,https://ik.imagekit.io/OE/nelson-county/listings/hickman-s-exxon-grocery-image1_s5gtjxUQJ,"Small shop with red roof, 'Open' sign, and outdoor seating under sunny sky.",,,,,,,,,(434) 361-1205,"1311 Beech Grove Road, Roseland, VA 22967",josh,,,https://www.google.com/maps/dir/?api=1&destination=1311%20Beech%20Grove%20Road%2C%20Roseland%2C%20VA%2022967,Fuel; Breakfast; Lunch; Deli; Hunting; Market,false,https://www.google.com/maps/dir/?api=1&destination=1311%20Beech%20Grove%20Road%2C%20Roseland%2C%20VA%2022967,Hours & Information,Convenience Store and Gas. Deli open for Breakfast and Lunch daily. Game Checking Station (all game).,,,,,,
12,IGA Blue Ridge Grocery,iga-blue-ridge-grocery,Markets & Delis,community,Nellysford,"Community supermarket providing full groceries, everyday essentials, and friendly service in the Rockfish Valley. IGA Blue Ridge Grocery functions as Nellysford's full-service supermarket with fresh produce, meats, staples, and household basics. 2797 Rockfish Valley Highway Nellysford, VA 22958 434-361-1105.",,https://ik.imagekit.io/OE/nelson-county/listings/iga-blue-ridge-grocery-image1_9UYmGsIn7,"Grocery store facade with shopping carts, icy machine, and open sign.",,,,,,,,,(434) 361-1105,"2797 Rockfish Valley Highway, Nellysford, VA 22958",josh,,,https://www.google.com/maps/dir/?api=1&destination=2797%20Rockfish%20Valley%20Highway%2C%20Nellysford%2C%20VA%2022958,Market; Local Ingredients; Order Pickup; Parking; Deli; Fishing,false,https://www.google.com/maps/dir/?api=1&destination=2797%20Rockfish%20Valley%20Highway%2C%20Nellysford%2C%20VA%2022958,Experience,"2797 Rockfish Valley Highway Nellysford, VA 22958 434-361-1105.",,,,,,
13,Ike's Market & Deli,ikes-market-deli,Markets & Delis,community,Schuyler,"Riverside convenience store and deli featuring hot menu specials, grab-and-go items, and a game checking station. Ike's Market & Deli on Rockfish River Road stocks convenience essentials, fishing supplies, and a deli counter with rotating daily specials. As a game-check station, it's a go-to base camp for outdoor enthusiasts exploring Schuyler and the South Rockfish River. S during the Great Depression. Those who travel to Schuyler are encouraged to visit The Walton’s Mountain Museum. Schuyler’s forests bloom in the springtime; the rural roadways make for a gorgeous spring drive.",,https://ik.imagekit.io/OE/nelson-county/listings/ike-s-market-deli-image1_7BFICV0DZ,"Baked potato with cheese, baked beans, carrots, and saucy pulled pork on plate.",,,,,,,,,(434) 831-1185,"6597 Rockfish River Road, Schuyler, VA 22969",josh,,,https://www.google.com/maps/dir/?api=1&destination=6597%20Rockfish%20River%20Road%2C%20Schuyler%2C%20VA%2022969,Deli; Fishing; Hunting; Market; Retail; Water Sports,false,https://www.google.com/maps/dir/?api=1&destination=6597%20Rockfish%20River%20Road%2C%20Schuyler%2C%20VA%2022969,Information,S during the Great Depression. Those who travel to Schuyler are encouraged to visit The Walton’s Mountain Museum.,Menu & Offerings,"Schuyler’s forests bloom in the springtime; the rural roadways make for a gorgeous spring drive. If you’re traveling through Schuyler or want to plan a full day, start with The Walton’s Mountain Museum. The museum itself is in Hamner’s boyhood school. Displays include replicas of “The Walton’s” sets, hundreds of memorabilia items, and photographs. Next, check out Walton Hamner House, located across from the museum. Join the guided tour inside John-Boy Walton’s childhood home. The house has been.",About,"The history of Nelson County, check out The Walton’s Mountain Museum to learn more about the hit show,“The Waltons.” Another option for a history lesson stands in Arrington off Route 29. At the Oakland Museum, Visitors can view an exhibit on The Rural Electrification Act, part of Roosevelt’s New Deal. Traveling teachers and students will enjoy the exhibit depicting the history of the area schools.",Experience,"Every fall, visitors travel to Nelson County to take in the sight of the Blue Ridge Mountains. The gorgeous autumn colors reach their peak mid- to late October each year. Fall’s crisp mornings, pleasant daytime temperatures, and nearly-chilly nights make Nelson a perfect outdoor destination, but there are plenty of cozy indoor amenities as well. A fall day trip to the Schuyler area proves rewarding to the amateur geologist."
14,Indian Oven,indian-oven,Restaurants,taste,Lovingston,"Family-run Indian restaurant serving curries, tandoori favorites, and coconut-forward dishes crafted with fresh ingredients in a welcoming setting. Indian Oven in Lovingston crafts classic North Indian curries, tandoori platters, and coconut-accented dishes with a focus on freshness. Lovingston is a great destination for history buffs as the Lovingston Historic District and the courthouse are both listed on the National Register of Historic Places.",,https://ik.imagekit.io/OE/nelson-county/listings/indian-oven-image1_0QlheMSPI,Restaurant entrance with 'Indian Oven' sign on white brick exterior wall.,,,,,,,,,(434) 263-4080,"10749 Thomas Nelson Hwy, Lovingston, VA 22949",josh,,,https://www.google.com/maps/dir/?api=1&destination=10749%20Thomas%20Nelson%20Hwy%2C%20Lovingston%2C%20VA%2022949,Takeout; Family Friendly; Market; Deli,false,https://www.google.com/maps/dir/?api=1&destination=10749%20Thomas%20Nelson%20Hwy%2C%20Lovingston%2C%20VA%2022949,Menu & Offerings,Offers something for everyone. Immerse yourself in the warm and inviting atmosphere of our restaurant and savor the flavors of India.,Menu & Offerings,"Lovingston is a great destination for history buffs as the Lovingston Historic District and the courthouse are both listed on the National Register of Historic Places. Lovingston was defined as a “courthouse town” after the Nelson County Courthouse was built. One claim to fame is that that town jail was designed by Thomas Jefferson. Lovingston’s most historic African-American landmark is Bright Hope Baptist Church, which was built in 1870 for the freedmen and women living in Nelson. Present-day.",Experience,"Lovingstown, Virginia, as it was first named, began with a land grant and a need to build a courthouse and a county seat for the newly created Nelson County in 1809. The original 30 acres was donated by Mr. James Loving that same year and thus began the construction of this charming historic village. There were 49 lots parceled off in nearly equal measure and then sold. The lots were numbered for identification and were thereby known as those lot numbers.",Contact & Location,"Bright Hope Baptist Church, a historic African-American landmark in Lovingston that overlooks the village. The church was built along with a school in 1870 to serve the freed men and women of Nelson. The kept area has over 100 marked graves. Dinner Options in Lovingston include Vito’s Pizza & Italian Grill for classic and specialty pizzas and Italian entrees. El Mariachi Mexican Restaurant offers over one hundred menu choices and has a gift shop on-site."
15,Mac's Country Store,macs-country-store,Markets & Delis,community,Roseland,"Country store at the crossroads of Routes 151 and 56 with breakfast, lunch, dinner plates, famous fried chicken, and antiques for sale. Mac's Country Store sits at the crossroads of Routes 151 and 56 serving breakfast, blue-plate lunches, and fried chicken dinners, with antiques tucked throughout the shop. Locals pull up for hearty specials, homemade sides, and road snacks before winding into the mountains. Serving Breakfast, Lunch & Dinner. Daily specials, eat in or take out.",,https://ik.imagekit.io/OE/nelson-county/listings/mac-s-country-store-image1_Gk_Ua_dFF,"White building with vending machines, parked car, and trees in the background.",,https://ik.imagekit.io/OE/nelson-county/listings/mac-s-country-store-image2_YzwsuX-Df,"White building with vending machines, parked car, and wooden porch surrounded by trees.",,https://ik.imagekit.io/OE/nelson-county/listings/mac-s-country-store-image3_SvqK4KDnb,Tie-dye background with bold white text in cursive font.,,,(434) 277-5305,"7023 Patrick Henry Highway, Roseland, VA 22967",josh,,,https://www.google.com/maps/dir/?api=1&destination=7023%20Patrick%20Henry%20Highway%2C%20Roseland%2C%20VA%2022967,Breakfast; Lunch; Dinner; Takeout; Market; Deli,false,https://www.google.com/maps/dir/?api=1&destination=7023%20Patrick%20Henry%20Highway%2C%20Roseland%2C%20VA%2022967,Experience,"Serving Breakfast, Lunch & Dinner. Daily specials, eat in or take out. Our famous fried chicken is the best around. Antiques sold within the store too. At the the intersection of Routes 151 and 56 and Roseland Road.",,,,,,
16,Subway,subway,Markets & Delis,taste,Lovingston,"Subway franchise in Annie Land Plaza making customizable sandwiches, salads, and wraps seven days a week. Subway's Lovingston location in Annie Land Plaza builds custom sandwiches, wraps, and salads daily from 10 a.m. (open later on Fridays, earlier-closing Sundays). It's a dependable fast-casual option steps from Route 29 lodging and fuel stops. Lovingston is a great destination for history buffs as the Lovingston Historic District and the courthouse are both listed on the National Register of Historic Places. The original 30 acres was donated by Mr.",,https://ik.imagekit.io/OE/nelson-county/listings/subway-image1_ASH5hYhT2,"Brick storefront with Subway and tobacco shop signs, under clear blue sky.",,https://ik.imagekit.io/OE/nelson-county/listings/subway-image2_FsH2B7eDE,"Brick building with Subway and vape shop, clear sky above.",,,,,https://restaurants.subway.com/united-states/va/lovingston/65-callohill-drive,(434) 263-6800,"65 Callohill Drive, Lovingston, VA 22949",josh,,,https://www.google.com/maps/dir/?api=1&destination=65%20Callohill%20Drive%2C%20Lovingston%2C%20VA%2022949,Deli; Market,false,https://www.google.com/maps/dir/?api=1&destination=65%20Callohill%20Drive%2C%20Lovingston%2C%20VA%2022949,Hours & Information,"10 am-10 pm; Friday night until 11 pm; Sunday until 9 p. M. Find us at Annie Land Plaza, Highway 29 in Lovingston.",Menu & Offerings,"Lovingston is a great destination for history buffs as the Lovingston Historic District and the courthouse are both listed on the National Register of Historic Places. Lovingston was defined as a “courthouse town” after the Nelson County Courthouse was built. One claim to fame is that that town jail was designed by Thomas Jefferson. Lovingston’s most historic African-American landmark is Bright Hope Baptist Church, which was built in 1870 for the freedmen and women living in Nelson. Present-day.",Experience,"Lovingstown, Virginia, as it was first named, began with a land grant and a need to build a courthouse and a county seat for the newly created Nelson County in 1809. The original 30 acres was donated by Mr. James Loving that same year and thus began the construction of this charming historic village. There were 49 lots parceled off in nearly equal measure and then sold. The lots were numbered for identification and were thereby known as those lot numbers.",Contact & Location,"Bright Hope Baptist Church, a historic African-American landmark in Lovingston that overlooks the village. The church was built along with a school in 1870 to serve the freed men and women of Nelson. The kept area has over 100 marked graves. Dinner Options in Lovingston include Vito’s Pizza & Italian Grill for classic and specialty pizzas and Italian entrees. El Mariachi Mexican Restaurant offers over one hundred menu choices and has a gift shop on-site."
17,The Market at Wintergreen,the-market-at-wintergreen,Markets & Delis,community,Wintergreen Resort,"Wintergreen Resort's convenience market offering groceries, deli meals, branded apparel, and fuel for mountain guests. The Market at Wintergreen is the resort's one-stop shop for groceries, deli meals from breakfast through evening, grab-and-go meals, and branded apparel. Visitors can fuel up, order sandwiches, and pick up Wintergreen sweatshirts without leaving the mountain. Convenience Store, Groceries, Deli and Gas. Wintergreen sweatshirts and tee shirts. Deli open: 7:30 am to 7:30 pm daily. The resort is found on the Sunrise Side of the Blue Ridge Mountains and is conveniently located close to Charlottesville, Staunton, Lynchburg, and Waynesboro. It’s only a three-hour drive from Washington, D.",,https://ik.imagekit.io/OE/nelson-county/listings/the-market-at-wintergreen-image1_mYJhz6AkM,"Customers at deli counter inside a market, browsing and buying packaged food items.",,,,,,,,,(434) 325-8224,"189 Mountain Inn Loop, Wintergreen, VA 22958",josh,,,https://www.google.com/maps/dir/?api=1&destination=189%20Mountain%20Inn%20Loop%2C%20Wintergreen%2C%20VA%2022958,Deli; Resort; Fuel; Market,false,https://www.google.com/maps/dir/?api=1&destination=189%20Mountain%20Inn%20Loop%2C%20Wintergreen%2C%20VA%2022958,Hours & Information,"Convenience Store, Groceries, Deli and Gas. Wintergreen sweatshirts and tee shirts. Deli open: 7:30 am to 7:30 pm daily.",Experience,"The resort is found on the Sunrise Side of the Blue Ridge Mountains and is conveniently located close to Charlottesville, Staunton, Lynchburg, and Waynesboro. It’s only a three-hour drive from Washington, D. C. As well. Spend the day at and near Wintergreen Resort any time of the year. If you’re looking for an overnight trip, there are plenty of options. Spend the night at the resort, at one of Nelson’s many lodging options.",Menu & Offerings,"If you’re lucky enough to be traveling in Nelson in the springtime, take the Nelson Scenic Loop on your way to Wintergreen Resort. Buds will bloom and light spring greens will seem to appear before your eyes as winter warms up and undergoes its yearly vanishing act. As you traverse the pleasant roadways of Nelson, you’ll notice historic, natural, and cultural attractions along the way. The Nelson Scenic Loop is 50 miles long and made up of Route 151, Route 664, the Blue Ridge Parkway, and Route.",Information,"Stop by Devils Backbone Brewing Company. If over a dozen taps and an extensive pub menu aren’t enough, remember Visitors can bring the family pet as long as he or she stays leashed in the designated pet area. Devils Backbone also offers campsites near the restaurant. The Devils Backbone Campground includes primitive tent sites and full RV hookup sites. A 24/7 bath house is on-site."
18,Williams Grocery,williams-grocery,Markets & Delis,community,Schuyler,"Rural grocery and gas station carrying local honey, bait, and fishing supplies alongside everyday essentials. Williams Grocery in Shipman is a rural general store pairing gas pumps with groceries, bait, tackle, and local honey. Hunters rely on its game-check station, while river-goers stock up on snacks and supplies before heading toward the Tye and James Rivers. S during the Great Depression. Those who travel to Schuyler are encouraged to visit The Walton’s Mountain Museum.",,https://ik.imagekit.io/OE/nelson-county/listings/williams-grocery-image1_7ZxBQDA49,Gas pumps and store building surrounded by trees and hills under blue sky.,,,,,,,,,(434) 263-4746,"439 Williamstown Road, Shipman, VA 22971",josh,,,https://www.google.com/maps/dir/?api=1&destination=439%20Williamstown%20Road%2C%20Shipman%2C%20VA%2022971,Retail; Fuel; Local Ingredients; Market; Deli; Water Sports; Fishing; Hunting,false,https://www.google.com/maps/dir/?api=1&destination=439%20Williamstown%20Road%2C%20Shipman%2C%20VA%2022971,Experience,"Grocery Store and Gas. Featuring local honey, fishing supplies and bait. Game Checking Station (deer, bear & turkey).",Information,S during the Great Depression. Those who travel to Schuyler are encouraged to visit The Walton’s Mountain Museum.,Menu & Offerings,"Schuyler’s forests bloom in the springtime; the rural roadways make for a gorgeous spring drive. If you’re traveling through Schuyler or want to plan a full day, start with The Walton’s Mountain Museum. The museum itself is in Hamner’s boyhood school. Displays include replicas of “The Walton’s” sets, hundreds of memorabilia items, and photographs. Next, check out Walton Hamner House, located across from the museum. Join the guided tour inside John-Boy Walton’s childhood home. The house has been.",About,"The history of Nelson County, check out The Walton’s Mountain Museum to learn more about the hit show,“The Waltons.” Another option for a history lesson stands in Arrington off Route 29. At the Oakland Museum, Visitors can view an exhibit on The Rural Electrification Act, part of Roosevelt’s New Deal. Traveling teachers and students will enjoy the exhibit depicting the history of the area schools."
19,Ann's Family Restaurant,anns-family-restaurant,Restaurants,taste,Arrington,"Ann's Family Restaurant serves classic country cooking with daily specials and fresh vegetables for dine-in comfort in Arrington. Ann's Family Restaurant dishes up classic country cooking—think meat-and-three plates, fresh vegetables, and rotating daily specials—in a casual Arrington dining room. The homestyle spot closes Saturdays but keeps loyal regulars coming back for dependable Southern comfort food. Good old country cooking. Fresh vegetables and specials every day.",,https://ik.imagekit.io/OE/nelson-county/listings/ann-s-family-restaurant-image1_wg1eO0bow,Red-roofed restaurant with parked cars and campaign signs on grass.,,,,,,,,,(434) 263-8110,"1170 Thomas Nelson Highway, Arrington, VA 22922",josh,,,https://www.google.com/maps/dir/?api=1&destination=1170%20Thomas%20Nelson%20Highway%2C%20Arrington%2C%20VA%2022922,Family Friendly,false,https://www.google.com/maps/dir/?api=1&destination=1170%20Thomas%20Nelson%20Highway%2C%20Arrington%2C%20VA%2022922,Hours & Information,Good old country cooking. Fresh vegetables and specials every day. Closed Saturday.,,,,,,
20,Basic Necessities,basic-necessities,Restaurants,taste,Nellysford,"Basic Necessities is a European-inspired café, wine, and cheese shop in the Rockfish Valley serving soups, salads, seasonal dinners with live music, and a popular Sunday brunch. Basic Necessities blends European café flair with a wine and cheese shop, serving seasonal soups, sandwiches, and specials for lunch plus reservation-only dinners with live music. Sunday brunch often features a harpist, and the shelves brim with imported cheeses, breads, and affordable bottles.",,https://ik.imagekit.io/OE/nelson-county/listings/basic-necessities-image1_xjB3aTYi6,Cozy house with glowing string lights on fence at dusk.,,,,,,,,,(434) 361-1776,"2226 Rockfish Valley Highway, Nellysford, VA 22958",josh,,,https://www.google.com/maps/dir/?api=1&destination=2226%20Rockfish%20Valley%20Highway%2C%20Nellysford%2C%20VA%2022958,Wine; Retail; Dinner; Live Music; Brunch; Fishing,false,https://www.google.com/maps/dir/?api=1&destination=2226%20Rockfish%20Valley%20Highway%2C%20Nellysford%2C%20VA%2022958,,,,,,,,
21,Blue Mountain Brewery,blue-mountain-brewery,Breweries & Cideries,taste,Afton,"Route 151 brewpub pouring flagship and seasonal ales alongside a from-scratch kitchen with sweeping Blue Ridge views. Blue Mountain Brewery couples a mountain-view taproom with a scratch kitchen turning out pizzas, burgers, salads, and seasonal specialties. Guests can sample 8–10 draft beers brewed on-site, sip local cider or kombucha, and linger on the expansive patio year-round. There’s something to do in Afton every season of the year.",,https://ik.imagekit.io/OE/nelson-county/listings/blue-mountain-brewery-image1_tGxjiiEoX,"Pizza, beer, and grapes on a wooden table in outdoor sunlight.",,,,,,,,https://www.bluemountainbrewery.com/,(540) 456-8020,"9519 Critzers Shop Road, Afton, VA 22920",josh,,,https://www.google.com/maps/dir/?api=1&destination=9519%20Critzers%20Shop%20Road%2C%20Afton%2C%20VA%2022920,Beer; Cider; Events; Family Friendly; Full Kitchen; Meeting Planners; Outdoor Seating; Scenic Views; Tastings,false,https://www.google.com/maps/dir/?api=1&destination=9519%20Critzers%20Shop%20Road%2C%20Afton%2C%20VA%2022920,Events & Activities,There’s something to do in Afton every season of the year.,Events & Activities,"And live music. Nelson 151’s wineries often include food pairing. If you’d like to do a little shopping, check out the Nelson 151 gift shops or take a short drive to the Rockfish Valley Community Center, a repurposed school building featuring local shops. Purchase a piece of Nelsonite, Virginia’s state rock, at The Virginia Rock Shop. If you’re into local art, check out the Rockfish Pottery Collective or the Rockfish River Gallery.",Events & Activities,"Live music performances, good food, and inventive, hand-crafted beverages. If you’re planning on spending a hot summer day in Afton, check out the Nelson Farmer’s Market Cooperative one Saturday. Local vendors gather there to sell fresh produce and hand-crafted goodies. Often, there’s live music. Nelson’s wineries make for an excellent day trip as well.",Events & Activities,"And enjoy great food at Blue Mountain. If your taste runs a bit sweeter, try a cider or two at Bryant’s Small Batch, Blue Toad Hard Cider, or Bold Rock Hard Cider. Like the hard stuff better. Head over to Silverback Distillery or Devils Backbone Distillery for a mixed drink and bring home a bottle of bourbon, vodka, whiskey, or gin. If you’re in Nelson celebrating Halloween, you’re in luck."
22,Blue Ridge Pig,blue-ridge-pig,Restaurants,taste,Nellysford,"Blue Ridge Pig is a roadside smokehouse known for Strawberry Goodwin's on-site smoked meats, from classic pulled pork with slaw to Turkey Croissants with signature dill sauce. Blue Ridge Pig smokes pork, turkey, and other meats behind its tiny roadside shack, drawing fans for pulled pork sandwiches, turkey croissants, and house dill sauce. The no-frills counter has been a Nelson 151 staple for decades with recipes created by pitmaster Strawberry Goodwin.",,https://ik.imagekit.io/OE/nelson-county/listings/blue-ridge-pig-image1_yZZLDI6Ia,Cartoon pig with chef hat on weathered sign against trees and sky.,,,,,,,,,(434) 361-1170,"2198 Rockfish Valley Highway, Nellysford, VA 22958",josh,,,https://www.google.com/maps/dir/?api=1&destination=2198%20Rockfish%20Valley%20Highway%2C%20Nellysford%2C%20VA%2022958,BBQ; Takeout; Scenic Views,false,https://www.google.com/maps/dir/?api=1&destination=2198%20Rockfish%20Valley%20Highway%2C%20Nellysford%2C%20VA%2022958,,,,,,,,
23,Bold Kitchen at Bold Rock,bold-kitchen-at-bold-rock,Restaurants,taste,Nellysford,,,https://ik.imagekit.io/OE/nelson-county/listings/bold-kitchen-at-bold-rock-image1_XleEsXz-D,"Outdoor patio with tables, umbrellas, and mountain view under a clear blue sky.",,,,,,,,,,"1020 Rockfish Valley Highway, Nellysford, VA 22958",josh,,,https://www.google.com/maps/dir/?api=1&destination=1020%20Rockfish%20Valley%20Highway%2C%20Nellysford%2C%20VA%2022958,Bar; Cider; Tastings; Full Kitchen,false,https://www.google.com/maps/dir/?api=1&destination=1020%20Rockfish%20Valley%20Highway%2C%20Nellysford%2C%20VA%2022958,,,,,,,,
24,Chen's Restaurant,chens-restaurant,Restaurants,taste,Lovingston,Lovingston is a great destination for history buffs as the Lovingston Historic District and the courthouse are both listed on the National Register of Historic Places. The original 30 acres was donated by Mr.,,https://ik.imagekit.io/OE/nelson-county/listings/chen-s-restaurant-image1_yGrDjUjGy,"Glazed fried chicken pieces with broccoli florets, arranged closely together.",,,,,,,,,(434) 263-8865,"73 Callohill Drive, Lovingston, VA 22949",josh,,,https://www.google.com/maps/dir/?api=1&destination=73%20Callohill%20Drive%2C%20Lovingston%2C%20VA%2022949,Takeout; Lunch,false,https://www.google.com/maps/dir/?api=1&destination=73%20Callohill%20Drive%2C%20Lovingston%2C%20VA%2022949,Menu & Offerings,"Lovingston is a great destination for history buffs as the Lovingston Historic District and the courthouse are both listed on the National Register of Historic Places. Lovingston was defined as a “courthouse town” after the Nelson County Courthouse was built. One claim to fame is that that town jail was designed by Thomas Jefferson. Lovingston’s most historic African-American landmark is Bright Hope Baptist Church, which was built in 1870 for the freedmen and women living in Nelson. Present-day.",Experience,"Lovingstown, Virginia, as it was first named, began with a land grant and a need to build a courthouse and a county seat for the newly created Nelson County in 1809. The original 30 acres was donated by Mr. James Loving that same year and thus began the construction of this charming historic village. There were 49 lots parceled off in nearly equal measure and then sold. The lots were numbered for identification and were thereby known as those lot numbers.",Contact & Location,"Bright Hope Baptist Church, a historic African-American landmark in Lovingston that overlooks the village. The church was built along with a school in 1870 to serve the freed men and women of Nelson. The kept area has over 100 marked graves. Dinner Options in Lovingston include Vito’s Pizza & Italian Grill for classic and specialty pizzas and Italian entrees. El Mariachi Mexican Restaurant offers over one hundred menu choices and has a gift shop on-site.",Information,"Than a meal, head to Wood Ridge Farm Brewery, where a food truck is usually available. It’s a family-friendly place with plenty of outdoor activities. Want to know something interesting. The brewery and the bar were built out of wood from the property. If you’re lucky enough to have stopped by on the weekend, Visitors can enjoy live music there as well. S Outback Brew House is further south on Route 29 and also has wood fired pizza and live music."
25,Chirio's Pizza,chirios-pizza,Restaurants,taste,Nellysford,"Chirio's Pizza is Nelson County's longest-running pizzeria, serving New York-style pies, subs, salads, and ice cream with eat-in, takeout, and delivery options from Valley Green Shopping Center. Chirio's Pizza, the county's oldest pizzeria since 1989, slings hand-tossed New York–style pies plus subs, salads, ice cream, and delivery from Valley Green Shopping Center. Loyal locals tout its scratch-made dough, generous toppings, and friendly service.",,https://ik.imagekit.io/OE/nelson-county/listings/chirio-s-pizza-image1_UVtpKdV9N,Pepperoni pizza with olives and broccoli on a golden crust.,,,,,,,,,(434) 361-9188,"2777 Rockfish Valley Highway, Nellysford, VA 22958",josh,,,https://www.google.com/maps/dir/?api=1&destination=2777%20Rockfish%20Valley%20Highway%2C%20Nellysford%2C%20VA%2022958,Family Friendly; Takeout; Delivery; Desserts; Pizza,false,https://www.google.com/maps/dir/?api=1&destination=2777%20Rockfish%20Valley%20Highway%2C%20Nellysford%2C%20VA%2022958,,,,,,,,
26,Coquito Kitchen,coquito-kitchen,Restaurants,taste,Nellysford,"Coquito Kitchen blends Argentine and Southern comfort fare out of the Rockfish Valley Community Center, offering lunch Thursday through Saturday with rotating empanadas, sandwiches, and sides. Coquito Kitchen brings Rockfish Valley Community Center a mashup of Argentine comfort food and Virginia family recipes, serving empanadas, sandwiches, and seasonal sides Thursday through Saturday from late morning to early evening.",,https://ik.imagekit.io/OE/nelson-county/listings/coquito-kitchen-image1_0G55fEaHh,"Cartoon bear and toucan with banjo, yellow circle background, 'Coquito' text.",,,,,,,,,,"190 Rockfish School Lane, Afton, VA 22920",josh,,,https://www.google.com/maps/dir/?api=1&destination=190%20Rockfish%20School%20Lane%2C%20Afton%2C%20VA%2022920,Lunch; Full Kitchen; Fishing,false,https://www.google.com/maps/dir/?api=1&destination=190%20Rockfish%20School%20Lane%2C%20Afton%2C%20VA%2022920,,,,,,,,
27,Devils Backbone Brewing,devils-backbone-brewing,Restaurants,taste,Roseland,"Devils Backbone Basecamp pairs a wood-fired kitchen with 16 taps of house beer, coffee bar mornings, and meadow seating for concerts and events. The Devils Backbone Basecamp brewpub pours more than a dozen taps daily alongside oak wood–fired smoked plates, fast-casual fare from the Oak Grill, and Summit coffee service—making it an all-day hangout before or after hikes, bike rides, or live music on the meadows.",,https://ik.imagekit.io/OE/nelson-county/listings/devils-backbone-brewing-image1_fuU0b-q4C,"Rustic building with stone pillars, wooden roof, and red umbrella-covered tables outside.",,,,,,,,https://www.dbbrewingcompany.com/visit/basecamp/,(434) 361-1001,"200 Mosbys Run, Roseland, VA 22967",josh,,,https://www.google.com/maps/dir/?api=1&destination=200%20Mosbys%20Run%2C%20Roseland%2C%20VA%2022967,Beer; Outdoor Seating; Live Music; Full Kitchen; Coffee; Tea; Biking; Hiking,false,https://www.google.com/maps/dir/?api=1&destination=200%20Mosbys%20Run%2C%20Roseland%2C%20VA%2022967,,,,,,,,
28,El Mariachi Mexican Food,el-mariachi-mexican-food,Restaurants,taste,Lovingston,"El Mariachi Mexican Food serves classic Mexican dishes in Lovingston with weekday and weekend hours extending to 10 pm and gift certificates available. El Mariachi keeps Lovingston supplied with sizzling fajitas, burritos, and combo platters seven days a week, with extended weekend hours, margaritas, and gift cards so visitors can share their favorite Mexican comfort dishes. Lovingston is a great destination for history buffs as the Lovingston Historic District and the courthouse are both listed on the National Register of Historic Places. The original 30 acres was donated by Mr.",,https://ik.imagekit.io/OE/nelson-county/listings/el-mariachi-mexican-food-image1_lrhnaZQny,"Two musicians in sombreros playing guitar and violin, 'El Mariachi' text beside them.",,,,,,,,,(434) 263-5999,"165 Front Street, Lovingston, VA 22949",josh,,,https://www.google.com/maps/dir/?api=1&destination=165%20Front%20Street%2C%20Lovingston%2C%20VA%2022949,Retail; Local Ingredients,false,https://www.google.com/maps/dir/?api=1&destination=165%20Front%20Street%2C%20Lovingston%2C%20VA%2022949,Menu & Offerings,"Lovingston is a great destination for history buffs as the Lovingston Historic District and the courthouse are both listed on the National Register of Historic Places. Lovingston was defined as a “courthouse town” after the Nelson County Courthouse was built. One claim to fame is that that town jail was designed by Thomas Jefferson. Lovingston’s most historic African-American landmark is Bright Hope Baptist Church, which was built in 1870 for the freedmen and women living in Nelson. Present-day.",Experience,"Lovingstown, Virginia, as it was first named, began with a land grant and a need to build a courthouse and a county seat for the newly created Nelson County in 1809. The original 30 acres was donated by Mr. James Loving that same year and thus began the construction of this charming historic village. There were 49 lots parceled off in nearly equal measure and then sold. The lots were numbered for identification and were thereby known as those lot numbers.",Contact & Location,"Bright Hope Baptist Church, a historic African-American landmark in Lovingston that overlooks the village. The church was built along with a school in 1870 to serve the freed men and women of Nelson. The kept area has over 100 marked graves. Dinner Options in Lovingston include Vito’s Pizza & Italian Grill for classic and specialty pizzas and Italian entrees. El Mariachi Mexican Restaurant offers over one hundred menu choices and has a gift shop on-site.",Information,"Than a meal, head to Wood Ridge Farm Brewery, where a food truck is usually available. It’s a family-friendly place with plenty of outdoor activities. Want to know something interesting. The brewery and the bar were built out of wood from the property. If you’re lucky enough to have stopped by on the weekend, Visitors can enjoy live music there as well. S Outback Brew House is further south on Route 29 and also has wood fired pizza and live music."
29,Fire & Frost Wood Fired Bakehouse,fire-frost-wood-fired-bakehouse,Restaurants,taste,Nellysford,"Fire & Frost Wood Fired Bakehouse brings wood-fired pizzas and Italian-inspired fare to Wintergreen Resort in a warm alpine setting. Fire & Frost Wood Fired Bakehouse at Wintergreen slings blistered Neapolitan-style pizzas, antipasti, and cocktails from a cozy alpine dining room, giving skiers and leaf peepers a taste of Italy on the mountain.",,https://ik.imagekit.io/OE/nelson-county/listings/fire-frost-wood-fired-bakehouse-image1_pWDMelTVX,"Mosaic pizza oven with open fire, wood stacked below, tools hanging nearby.",,,,,,,,,(434) 326-5639,"121 Blue Ridge Drive, Roseland, VA 22967",josh,,,https://www.google.com/maps/dir/?api=1&destination=121%20Blue%20Ridge%20Drive%2C%20Roseland%2C%20VA%2022967,Scenic Views; Resort; Pizza,false,https://www.google.com/maps/dir/?api=1&destination=121%20Blue%20Ridge%20Drive%2C%20Roseland%2C%20VA%2022967,,,,,,,,
30,Iron and Ale,iron-and-ale,Restaurants,taste,Nellysford,"Iron & Ale is a chef-driven bistro in Stoney Creek offering rotating menus, patio dining, and curated wine and beer lists for date nights and gatherings. Iron & Ale is a Stoney Creek destination for date nights, pairing chef-driven seasonal menus and veranda dining with curated wines and rotating craft taps so every visit feels like a special occasion.",,https://ik.imagekit.io/OE/nelson-county/listings/iron-and-ale-image1_Phj7hhJ9W,Illuminated sign reading 'Iron & Ale' on a building porch at night.,,,,,,,,,(540) 440-2140,"1354 Stoney Creek West, Nellysford, VA 22958",josh,,,https://www.google.com/maps/dir/?api=1&destination=1354%20Stoney%20Creek%20West%2C%20Nellysford%2C%20VA%2022958,Seasonal Menu; Wine; Outdoor Seating; Beer,false,https://www.google.com/maps/dir/?api=1&destination=1354%20Stoney%20Creek%20West%2C%20Nellysford%2C%20VA%2022958,,,,,,,,
31,McDonald's,mcdonalds,Restaurants,taste,Lovingston,"Lovingston's Mc Donald's keeps Route 29 travelers fueled from 6 a.m.–11 p.m. Daily (midnight on weekends) with drive-thru staples, Mc Café drinks, and late-night snacks steps from hotels and gas stations. Lovingston is a great destination for history buffs as the Lovingston Historic District and the courthouse are both listed on the National Register of Historic Places. The original 30 acres was donated by Mr.",,https://ik.imagekit.io/OE/nelson-county/listings/mcdonald-s-image1_xLvXtaYOs,Illuminated McDonald's sign with golden arches against a dark night sky.,,,,,,,,,(434) 263-8066,"44 Callohill Drive, Lovingston, VA 22949",josh,,,https://www.google.com/maps/dir/?api=1&destination=44%20Callohill%20Drive%2C%20Lovingston%2C%20VA%2022949,Takeout; Breakfast; Lunch; Dinner,false,https://www.google.com/maps/dir/?api=1&destination=44%20Callohill%20Drive%2C%20Lovingston%2C%20VA%2022949,Menu & Offerings,"Lovingston is a great destination for history buffs as the Lovingston Historic District and the courthouse are both listed on the National Register of Historic Places. Lovingston was defined as a “courthouse town” after the Nelson County Courthouse was built. One claim to fame is that that town jail was designed by Thomas Jefferson. Lovingston’s most historic African-American landmark is Bright Hope Baptist Church, which was built in 1870 for the freedmen and women living in Nelson. Present-day.",Experience,"Lovingstown, Virginia, as it was first named, began with a land grant and a need to build a courthouse and a county seat for the newly created Nelson County in 1809. The original 30 acres was donated by Mr. James Loving that same year and thus began the construction of this charming historic village. There were 49 lots parceled off in nearly equal measure and then sold. The lots were numbered for identification and were thereby known as those lot numbers.",Contact & Location,"Bright Hope Baptist Church, a historic African-American landmark in Lovingston that overlooks the village. The church was built along with a school in 1870 to serve the freed men and women of Nelson. The kept area has over 100 marked graves. Dinner Options in Lovingston include Vito’s Pizza & Italian Grill for classic and specialty pizzas and Italian entrees. El Mariachi Mexican Restaurant offers over one hundred menu choices and has a gift shop on-site.",Information,"Than a meal, head to Wood Ridge Farm Brewery, where a food truck is usually available. It’s a family-friendly place with plenty of outdoor activities. Want to know something interesting. The brewery and the bar were built out of wood from the property. If you’re lucky enough to have stopped by on the weekend, Visitors can enjoy live music there as well. S Outback Brew House is further south on Route 29 and also has wood fired pizza and live music."
32,Montebello Country Store & Cafe,montebello-country-store-cafe,Restaurants,taste,Montebello,"Montebello Country Store & Cafe is a fifth-generation general store near Crabtree Falls with groceries, camping supplies, and a cafe serving chili and country fare. Montebello Country Store & Café has been a five-generation outfitter for Parkway visitors, stocking groceries, fuel, fishing gear, Homestead Creamery treats, and bowls of chili just minutes from trout streams and Crabtree Falls.",,https://ik.imagekit.io/OE/nelson-county/listings/montebello-country-store-cafe-image1_D_nYeoKbj,Wooden sign carved with 'Montebello Country Store' text on light wall.,,,,,,,,,(540) 377-2650,"15072 Crabtree Falls Highway, Montebello, VA 24464",josh,,,https://www.google.com/maps/dir/?api=1&destination=15072%20Crabtree%20Falls%20Highway%2C%20Montebello%2C%20VA%2024464,Retail; Family Friendly; Water Sports; Fishing,false,https://www.google.com/maps/dir/?api=1&destination=15072%20Crabtree%20Falls%20Highway%2C%20Montebello%2C%20VA%2024464,,,,,,,,
33,Paulie's Pig Out,paulies-pig-out,Restaurants,taste,Afton,"Paulie's Pig Out smokes pork and chicken for over-stuffed sandwiches, plus homestyle sides and desserts, making it an easy Nelson 151 detour when you crave barbecue platters and mac 'n' cheese. There’s something to do in Afton every season of the year.",,https://ik.imagekit.io/OE/nelson-county/listings/paulie-s-pig-out-image1_8dXrFbPav,"Pulled pork sandwich with coleslaw on a rustic bun, set on paper.",,,,,,,,,(434) 361-2001,"7376 Rockfish Valley Highway, Afton, VA 22920",josh,,,https://www.google.com/maps/dir/?api=1&destination=7376%20Rockfish%20Valley%20Highway%2C%20Afton%2C%20VA%2022920,BBQ,false,https://www.google.com/maps/dir/?api=1&destination=7376%20Rockfish%20Valley%20Highway%2C%20Afton%2C%20VA%2022920,Events & Activities,There’s something to do in Afton every season of the year.,Events & Activities,"And live music. Nelson 151’s wineries often include food pairing. If you’d like to do a little shopping, check out the Nelson 151 gift shops or take a short drive to the Rockfish Valley Community Center, a repurposed school building featuring local shops. Purchase a piece of Nelsonite, Virginia’s state rock, at The Virginia Rock Shop. If you’re into local art, check out the Rockfish Pottery Collective or the Rockfish River Gallery.",Events & Activities,"Live music performances, good food, and inventive, hand-crafted beverages. If you’re planning on spending a hot summer day in Afton, check out the Nelson Farmer’s Market Cooperative one Saturday. Local vendors gather there to sell fresh produce and hand-crafted goodies. Often, there’s live music. Nelson’s wineries make for an excellent day trip as well.",Events & Activities,"And enjoy great food at Blue Mountain. If your taste runs a bit sweeter, try a cider or two at Bryant’s Small Batch, Blue Toad Hard Cider, or Bold Rock Hard Cider. Like the hard stuff better. Head over to Silverback Distillery or Devils Backbone Distillery for a mixed drink and bring home a bottle of bourbon, vodka, whiskey, or gin. If you’re in Nelson celebrating Halloween, you’re in luck."
34,Smokin' Barrel Restaurant,smokin-barrel-restaurant,Restaurants,taste,Arrington,"Smokin' Barrel Restaurant operates inside Blue Mountain Barrel House with pub fare, BBQ plates, burgers, soups, and desserts for taproom guests. Smokin' Barrel Restaurant inside Blue Mountain Barrel House serves brewery-friendly comfort food—appetizers, salads, burgers, barbecue, and kids plates—so you can linger over a flight without leaving Arrington's taproom campus.",,https://ik.imagekit.io/OE/nelson-county/listings/smokin-barrel-restaurant-image1_O6_IquE9r,"People relaxing on patio with chairs, umbrellas, sunset, and mountain view.",,,,,,,,,(434) 226-2450,"495 Cooperative Way, Arrington, VA 22922",josh,,,https://www.google.com/maps/dir/?api=1&destination=495%20Cooperative%20Way%2C%20Arrington%2C%20VA%2022922,Beer; Scenic Views; BBQ; Bar; Family Friendly; Full Kitchen; Tastings,false,https://www.google.com/maps/dir/?api=1&destination=495%20Cooperative%20Way%2C%20Arrington%2C%20VA%2022922,,,,,,,,
35,The Copper Mine Bistro,the-copper-mine-bistro,Restaurants,taste,Roseland,"The Copper Mine Bistro anchors Wintergreen's Blackrock Village with traditional breakfast, Mediterranean-inspired dinners, and weekend lunches during ski season.",,https://ik.imagekit.io/OE/nelson-county/listings/the-copper-mine-bistro-image1_3GowztWtV,"Cozy restaurant with diners, warm fireplace, and elegantly set tables.",,https://ik.imagekit.io/OE/nelson-county/listings/the-copper-mine-bistro-image2_QsKokoOVE,"People sitting at a rustic bar. Wooden walls, beer taps, and overhead chandelier.",,,,,,(434) 325-8090,"39 Wintergreen Drive, Roseland, VA 22967",josh,,,https://www.google.com/maps/dir/?api=1&destination=39%20Wintergreen%20Drive%2C%20Roseland%2C%20VA%2022967,Breakfast; Lunch; Seasonal Menu; Dinner,false,https://www.google.com/maps/dir/?api=1&destination=39%20Wintergreen%20Drive%2C%20Roseland%2C%20VA%2022967,,,,,,,,
36,The Edge,the-edge,Restaurants,taste,Wintergreen Resort,"The Edge is Wintergreen's casual slope-side restaurant with mountain views, hearty comfort food, and a lively bar with seasonal live music. The Edge pairs panoramic mountain views with casual fare—from burgers and salads to hearty entrées—and turns lively after dark with seasonal live music at Wintergreen's most popular bar.",,https://ik.imagekit.io/OE/nelson-county/listings/the-edge-image1_3m2oRzZrd,People seated at rustic bar with wooden walls and large chandelier.,,,,,,,,,(434) 325-8080,"11 Grassy Ridge Road, Wintergreen, VA 22958",josh,,,https://www.google.com/maps/dir/?api=1&destination=11%20Grassy%20Ridge%20Road%2C%20Wintergreen%2C%20VA%2022958,Scenic Views; Snow Sports; Bar; Live Music; Seasonal Menu,false,https://www.google.com/maps/dir/?api=1&destination=11%20Grassy%20Ridge%20Road%2C%20Wintergreen%2C%20VA%2022958,,,,,,,,
37,The Farmhouse at Veritas,the-farmhouse-at-veritas,Restaurants,taste,Afton,"The Farmhouse at Veritas hosts four-course, wine-paired farm-to-table dinners Wednesday through Sunday in an intimate setting on the Veritas vineyard estate. The Farmhouse at Veritas is part luxury inn, part wine country dining room, delivering four-course, wine-paired Farmhouse Dinners Wednesday through Sunday plus curated lodging surrounded by Blue Ridge vineyards and breweries. There’s something to do in Afton every season of the year.",,https://ik.imagekit.io/OE/nelson-county/listings/the-farmhouse-at-veritas-image1_LBC9TWPstE,"Table with wine glasses, flowers, on outdoor patio with garden view.",,,,,,,,,(540) 456-8100,"72 Saddleback Farm, Afton, VA 22920",josh,,,https://www.google.com/maps/dir/?api=1&destination=72%20Saddleback%20Farm%2C%20Afton%2C%20VA%2022920,Wine; Farm; Tastings; Golf; Beer,false,https://www.google.com/maps/dir/?api=1&destination=72%20Saddleback%20Farm%2C%20Afton%2C%20VA%2022920,Events & Activities,There’s something to do in Afton every season of the year.,Events & Activities,"And live music. Nelson 151’s wineries often include food pairing. If you’d like to do a little shopping, check out the Nelson 151 gift shops or take a short drive to the Rockfish Valley Community Center, a repurposed school building featuring local shops. Purchase a piece of Nelsonite, Virginia’s state rock, at The Virginia Rock Shop. If you’re into local art, check out the Rockfish Pottery Collective or the Rockfish River Gallery.",Events & Activities,"Live music performances, good food, and inventive, hand-crafted beverages. If you’re planning on spending a hot summer day in Afton, check out the Nelson Farmer’s Market Cooperative one Saturday. Local vendors gather there to sell fresh produce and hand-crafted goodies. Often, there’s live music. Nelson’s wineries make for an excellent day trip as well.",Events & Activities,"And enjoy great food at Blue Mountain. If your taste runs a bit sweeter, try a cider or two at Bryant’s Small Batch, Blue Toad Hard Cider, or Bold Rock Hard Cider. Like the hard stuff better. Head over to Silverback Distillery or Devils Backbone Distillery for a mixed drink and bring home a bottle of bourbon, vodka, whiskey, or gin. If you’re in Nelson celebrating Halloween, you’re in luck."
38,Vito's Pizza & Italian Grill,vitos-pizza-italian-grill,Restaurants,taste,Lovingston,"Vito's Pizza & Italian Grill is a family-owned Italian restaurant in Lovingston serving pizzas, pasta, and grill favorites rooted in chef Salvatore Mannino's Sicilian heritage. Vito's Pizza & Italian Grill is a longtime Lovingston staple for New York pies, subs, pasta, and Italian-American comfort, rooted in founder Vito's Sicilian training and decades of family hospitality. Lovingston is a great destination for history buffs as the Lovingston Historic District and the courthouse are both listed on the National Register of Historic Places. The original 30 acres was donated by Mr.",,https://ik.imagekit.io/OE/nelson-county/listings/vito-s-pizza-italian-grill-image1_qEDLQecPU,Three pizzas with various toppings surrounded by condiments and peppers on a table.,,,,,,,,,(434) 263-8688,"8181 Thomas Nelson Highway, Lovingston, VA 22949",josh,,,https://www.google.com/maps/dir/?api=1&destination=8181%20Thomas%20Nelson%20Highway%2C%20Lovingston%2C%20VA%2022949,Family Friendly; Full Kitchen; Pizza,true,https://www.google.com/maps/dir/?api=1&destination=8181%20Thomas%20Nelson%20Highway%2C%20Lovingston%2C%20VA%2022949,Menu & Offerings,"Lovingston is a great destination for history buffs as the Lovingston Historic District and the courthouse are both listed on the National Register of Historic Places. Lovingston was defined as a “courthouse town” after the Nelson County Courthouse was built. One claim to fame is that that town jail was designed by Thomas Jefferson. Lovingston’s most historic African-American landmark is Bright Hope Baptist Church, which was built in 1870 for the freedmen and women living in Nelson. Present-day.",Experience,"Lovingstown, Virginia, as it was first named, began with a land grant and a need to build a courthouse and a county seat for the newly created Nelson County in 1809. The original 30 acres was donated by Mr. James Loving that same year and thus began the construction of this charming historic village. There were 49 lots parceled off in nearly equal measure and then sold. The lots were numbered for identification and were thereby known as those lot numbers.",Contact & Location,"Bright Hope Baptist Church, a historic African-American landmark in Lovingston that overlooks the village. The church was built along with a school in 1870 to serve the freed men and women of Nelson. The kept area has over 100 marked graves. Dinner Options in Lovingston include Vito’s Pizza & Italian Grill for classic and specialty pizzas and Italian entrees. El Mariachi Mexican Restaurant offers over one hundred menu choices and has a gift shop on-site.",Information,"Than a meal, head to Wood Ridge Farm Brewery, where a food truck is usually available. It’s a family-friendly place with plenty of outdoor activities. Want to know something interesting. The brewery and the bar were built out of wood from the property. If you’re lucky enough to have stopped by on the weekend, Visitors can enjoy live music there as well. S Outback Brew House is further south on Route 29 and also has wood fired pizza and live music."
39,Black Bear Creamery,black-bear-creamery,Restaurants,taste,Nellysford,"Black Bear Creamery scoops homemade ice cream, shakes, and sundaes for locals and visitors in Nellysford. Black Bear Creamery churns house-made ice cream, milkshakes, and sundaes in Nellysford, giving Nelson 151 explorers a sweet cooldown between breweries and hikes.",,https://ik.imagekit.io/OE/nelson-county/listings/black-bear-creamery-image1_NoSYfCv22,"Café with string lights, colorful umbrellas, and outdoor seating at dusk.",,,,,,,,,(434) 263-8916,"18 Pheasant Run, Nellysford, VA 22958",josh,,,https://www.google.com/maps/dir/?api=1&destination=18%20Pheasant%20Run%2C%20Nellysford%2C%20VA%2022958,Desserts; Family Friendly; Hiking; Beer,false,https://www.google.com/maps/dir/?api=1&destination=18%20Pheasant%20Run%2C%20Nellysford%2C%20VA%2022958,,,,,,,,
115,Soaring,soaring,Activities,experience,Lovingston,"Guided ridge-soaring experiences over the Blue Ridge Mountains with Appalachian Soaring at Eagle's Nest Airport in Lovingston. Shenandoah Valley Soaring operates from a gliderport in Nellysford, inviting visitors to watch—or join—weekend flights over the Blue Ridge with a 50-member club that flies classic and modern sailplanes. This group group of 50+ members enjoys soaring over the Blue Ridge Mountains in classic and state of the art gliders, harnessing the power of nature to sustain our flights. We always welcome visitors interested in flight. SVS is a very active club, with operations on nearly every flyable weekend day throughout the year. On most flying days they have canopies set up with lawn chairs and snacks so that everybody can enjoy the time they are not flying as well as the times they are.",,https://ik.imagekit.io/OE/nelson-county/listings/soaring-image1_yNKVZurmi,Two aircraft on grassy field with mountains and cloudy sky background.,,,,,,,,,(434) 981-4359,"604 Dillard Hill Road, Lovingston, VA 22949",josh,,,https://www.google.com/maps/dir/?api=1&destination=604%20Dillard%20Hill%20Road%2C%20Lovingston%2C%20VA%2022949,Scenic Views; Tastings,false,https://www.google.com/maps/dir/?api=1&destination=604%20Dillard%20Hill%20Road%2C%20Lovingston%2C%20VA%2022949,Experience,"This group group of 50+ members enjoys soaring over the Blue Ridge Mountains in classic and state of the art gliders, harnessing the power of nature to sustain our flights. We always welcome visitors interested in flight.",Experience,"SVS is a very active club, with operations on nearly every flyable weekend day throughout the year. On most flying days they have canopies set up with lawn chairs and snacks so that everybody can enjoy the time they are not flying as well as the times they are. Visitors are always welcome visitors, and hopefully you will visit and decide to join the club and become a regular. The Club operates at their new Glider Port in Nellysford.",,,,
116,Skiing & Snowboarding,skiing-snowboarding,Activities,experience,Wintergreen Resort,"Wintergreen Resort's 129 acres of skiable terrain featuring 26 slopes, terrain parks, and the state's largest tubing hill with full rentals. Wintergreen Resort headlines Nelson County's skiing and snowboarding with the Mid-Atlantic's longest beginner-to-expert terrain, Virginia's largest tubing park, five lifts (including twin six-packs), and award-winning snowsports schools. Twice named “Best Ski Resort” by the readers of Washington Post. Com, Wintergreen Resort boasts the most thrilling winter playground in the Mid-Atlantic Wintergreen Resort offers learn to ski or snowboard programs for all ages and ability levels.",,https://ik.imagekit.io/OE/nelson-county/listings/skiing-snowboarding-image1_AF2O5qfQA,"Two snowboarders in winter gear, smiling, holding snowboards, with mountain background.",,,,,,,,,(434) 325-2100,"39 Mountain Inn Loop, Wintergreen, VA 22967",josh,,,https://www.google.com/maps/dir/?api=1&destination=39%20Mountain%20Inn%20Loop%2C%20Wintergreen%2C%20VA%2022967,Scenic Views; Snow Sports; Water Sports,true,https://www.google.com/maps/dir/?api=1&destination=39%20Mountain%20Inn%20Loop%2C%20Wintergreen%2C%20VA%2022967,Experience,"Twice named “Best Ski Resort” by the readers of Washington Post. Com, Wintergreen Resort boasts the most thrilling winter playground in the Mid-Atlantic. Its snow-covered amenities include the most extensive beginner-to-expert terrain for skiers and riders alike and Virginia’s largest tubing park. Nestled atop the ancient Blue Ridge Mountains, Wintergreen Resort is perfect for skiing, snowboarding, and tubing – whether you’re a beginner or pro.",Menu & Offerings,"Wintergreen Resort offers learn to ski or snowboard programs for all ages and ability levels. Whether your aim is to conquer Potato Patch or hit The Highlands in style, our instructors will help you reach your goals. Sign up at the Snowsports school desk on the middle level of the Skyline Pavilion Ski Center. You will need a pre-purchased lift ticket and equipment for group lessons, private lessons and specialty workshops.",Menu & Offerings,"The Terrain Park offers both skiers and riders the chance to hone their freestyle skills, and is designed to accommodate a variety of skill levels. Some of the varieties of rails that you might find on any given day are rainbows, straight rails, battle ships, down-kinks, s-rails and fun boxes. As for snow features, there might be tabletops, spines, or hips. Look for something new each time you come to ski or ride.",Experience,"The Plunge at Wintergreen Resort is Virginia’s largest tubing park. Imagine being on top of a ten story building and looking out over a hill that’s longer than three football fields. Now imagine going downhill on a tube at speeds reaching 30 mph. That’s The Plunge. Thrills and chills without the spills. To make it even easier, our conveyor lift will bring you and your tube comfortably and quickly back up the hill so Visitors can do it again and again."
117,Tennis,tennis,Activities,experience,Wintergreen Resort,Wintergreen Tennis programs spanning 19 outdoor clay and three indoor Deco Turf courts with year-round clinics for families and teams. Tennis lovers can reserve Wintergreen Resort's 19 outdoor clay and three indoor courts—ranked among Tennis Magazine's top 50 programs—or volley on the public courts at Nelson County High School when not in use for school events.,,https://ik.imagekit.io/OE/nelson-county/listings/tennis-image1_vrYu1T-i9,"Tennis courts surrounded by trees, adjacent to green golf course, mountains in background.",,,,,,,,,(434) 325-2200,"Wintergreen Tennis Center, 581 Wintergreen Drive, Wintergreen, VA 22967",josh,,,https://www.google.com/maps/dir/?api=1&destination=Wintergreen%20Tennis%20Center%2C%20581%20Wintergreen%20Drive%2C%20Wintergreen%2C%20VA%2022967,Tennis,false,https://www.google.com/maps/dir/?api=1&destination=Wintergreen%20Tennis%20Center%2C%20581%20Wintergreen%20Drive%2C%20Wintergreen%2C%20VA%2022967,,,,,,,,
43,Blue Mountain Barrel House,blue-mountain-barrel-house,Breweries & Cideries,taste,Arrington,"Production-focused Blue Mountain facility with one of the East Coast's largest barrel-aging programs, a year-round tasting room, and sweeping Nelson County views. Blue Mountain Barrel House is Blue Mountain's large-format production brewery in Arrington, pairing sweeping mountain views with specialty barrel-aged releases and a spacious taproom for tastings and tours.",,https://ik.imagekit.io/OE/nelson-county/listings/blue-mountain-barrel-house-image1_aohVkuJqX,"Assorted beer flights on wooden table, two people in background enjoying.",,,,,,,,https://www.bluemountainbarrel.com/,(434) 263-4002,"495 Cooperative Way, Arrington, VA 22922",josh,,,https://www.google.com/maps/dir/?api=1&destination=495%20Cooperative%20Way%2C%20Arrington%2C%20VA%2022922,Beer; Cider; Seasonal Menu; Tastings,true,https://www.google.com/maps/dir/?api=1&destination=495%20Cooperative%20Way%2C%20Arrington%2C%20VA%2022922,,,,,,,,
44,Blue Toad Hard Cider,blue-toad-hard-cider,Breweries & Cideries,taste,Roseland,"Farm-based cidery crafting approachable Blue Ridge blends with a taproom at the base of Wintergreen and patio views of the orchard. Blue Toad Hard Cider presses locally grown Virginia and New York apples into approachable blends poured at its cidery at the base of Wintergreen, where guests sip flights amid mountain scenery.",,https://ik.imagekit.io/OE/nelson-county/listings/blue-toad-hard-cider-image1_sCenJqzoN7,Blue fish mural painted on gray wooden planks.,,,,,,,,https://www.bluetoadhardcider.com/,(434) 760-9200,"462 Winery Lane, Roseland, VA 22967",josh,,,https://www.google.com/maps/dir/?api=1&destination=462%20Winery%20Lane%2C%20Roseland%2C%20VA%2022967,Beer; Cider; Farm; Meeting Planners; Outdoor Seating; Pet Friendly; Scenic Views; Tastings,false,https://www.google.com/maps/dir/?api=1&destination=462%20Winery%20Lane%2C%20Roseland%2C%20VA%2022967,,,,,,,,
45,Bold Rock Hard Cider,bold-rock-hard-cider,Breweries & Cideries,taste,Nellysford,"Nellysford's riverside cidery offering tours, tastings, and cider cocktails from Bold Rock's orchard-to-glass production campus. Bold Rock Hard Cider's Nellysford cidery offers daily tours, tastings of rotating draft flavors, and riverside decks perfect for picnics—plus a service bar pouring pints and to-go bottles for fans of the Blue Ridge's largest cider brand.",,https://ik.imagekit.io/OE/nelson-county/listings/bold-rock-hard-cider-image1__h55RjVBl,"Wooden building with outdoor seating, blue umbrellas, people, and trees under blue sky.",,,,,,,,https://boldrock.com/visit/nellysford-cidery/,(434) 361-1030,"1020 Rockfish Valley Highway, Nellysford, VA 22958",josh,,,https://www.google.com/maps/dir/?api=1&destination=1020%20Rockfish%20Valley%20Highway%2C%20Nellysford%2C%20VA%2022958,Bar; Beer; Cider; Cocktails; Farm; Live Music; Meeting Planners; Tastings; Water Sports,false,https://www.google.com/maps/dir/?api=1&destination=1020%20Rockfish%20Valley%20Highway%2C%20Nellysford%2C%20VA%2022958,,,,,,,,
46,Brewing Tree Beer Company,brewing-tree-beer-company,Breweries & Cideries,taste,Afton,"Husband-and-wife brewery with a scratch kitchen, creekside beer garden, and rotating small-batch Virginia ales. Brewing Tree Beer Company, founded by veteran brewer Mark Thompson and chef Gina Thompson, combines small-batch beers, wood-fired bites, and a relaxed riverside lawn that feels equal parts biergarten and backyard party. There’s something to do in Afton every season of the year.",,https://ik.imagekit.io/OE/nelson-county/listings/brewing-tree-beer-company-image1_e43JZexL6,People at outdoor brewery with food truck and green umbrellas.,,,,,,,,https://www.brewingtreebeerco.com/,(540) 381-0990,"9278 Rockfish Valley Highway, Afton, VA 22920",josh,,,https://www.google.com/maps/dir/?api=1&destination=9278%20Rockfish%20Valley%20Highway%2C%20Afton%2C%20VA%2022920,Beer; Cider; Family Friendly; Full Kitchen; Tastings; Water Sports,false,https://www.google.com/maps/dir/?api=1&destination=9278%20Rockfish%20Valley%20Highway%2C%20Afton%2C%20VA%2022920,Events & Activities,There’s something to do in Afton every season of the year.,Events & Activities,"And live music. Nelson 151’s wineries often include food pairing. If you’d like to do a little shopping, check out the Nelson 151 gift shops or take a short drive to the Rockfish Valley Community Center, a repurposed school building featuring local shops. Purchase a piece of Nelsonite, Virginia’s state rock, at The Virginia Rock Shop. If you’re into local art, check out the Rockfish Pottery Collective or the Rockfish River Gallery.",Events & Activities,"Live music performances, good food, and inventive, hand-crafted beverages. If you’re planning on spending a hot summer day in Afton, check out the Nelson Farmer’s Market Cooperative one Saturday. Local vendors gather there to sell fresh produce and hand-crafted goodies. Often, there’s live music. Nelson’s wineries make for an excellent day trip as well.",Events & Activities,"And enjoy great food at Blue Mountain. If your taste runs a bit sweeter, try a cider or two at Bryant’s Small Batch, Blue Toad Hard Cider, or Bold Rock Hard Cider. Like the hard stuff better. Head over to Silverback Distillery or Devils Backbone Distillery for a mixed drink and bring home a bottle of bourbon, vodka, whiskey, or gin. If you’re in Nelson celebrating Halloween, you’re in luck."
47,Bryant's Cider & Brewery,bryants-cider-brewery,Breweries & Cideries,taste,Roseland,"Bryant's pours heritage apple ciders and farm-brewed beers with a focus on natural ingredients, outdoor lawn games, and seasonal gatherings. Bryant's Cider & Brewery in Roseland crafts natural, additive-free ciders and beers with an emphasis on sustainable agriculture, serving flights in a barn-side tasting room that embraces adventurous, ever-changing flavors.",,https://ik.imagekit.io/OE/nelson-county/listings/bryant-s-cider-brewery-image1_Pl3ykVMup,"White barn, large tree, picnic tables, string lights, people sitting outside.",,,,,,,,https://www.bryantscider.com/,(804) 420-9683,"3224 East Branch Loop, Roseland, VA 22967",josh,,,https://www.google.com/maps/dir/?api=1&destination=3224%20East%20Branch%20Loop%2C%20Roseland%2C%20VA%2022967,Beer; Farm; Outdoor Seating; Seasonal Menu; Cider; Tastings,false,https://www.google.com/maps/dir/?api=1&destination=3224%20East%20Branch%20Loop%2C%20Roseland%2C%20VA%2022967,,,,,,,,
48,Devils Backbone Brewing Company,devils-backbone-brewing-company,Breweries & Cideries,taste,Roseland,"Mountain basecamp brewery pouring award-winning lagers, cocktails, and distillery releases with expansive meadows and adventure-forward programming. Devils Backbone Brewing Company grew from a Blue Ridge ski-trip epiphany into Virginia's best-known European-style brewery, still welcoming hikers and skiers to swap trail stories over lagers brewed steps from the Appalachian Trail.",,https://ik.imagekit.io/OE/nelson-county/listings/devils-backbone-brewing-company-image1_xOCX-_l34,"Aerial view of colorful autumn landscape with mountains, road, and buildings.",,,,,,,,https://www.dbbrewingcompany.com/,(434) 361-1001,"200 Crandall Run, Roseland, VA 22967",josh,,,https://www.google.com/maps/dir/?api=1&destination=200%20Crandall%20Run%2C%20Roseland%2C%20VA%2022967,Adventure; Appalachian Trail; Beer; Biking; Cider; Meeting Planners; Spirits; Tastings,true,https://www.google.com/maps/dir/?api=1&destination=200%20Crandall%20Run%2C%20Roseland%2C%20VA%2022967,,,,,,,,
49,Outback Brew House,outback-brew-house,Breweries & Cideries,taste,Lovingston,"Nano-brewery taproom in Lovingston pouring house recipes with plans for expanded outdoor seating, live music, and an onsite food truck. Outback Brew House in Lovingston pours house beers straight from the taproom it's still expanding—think new deck seating, a music stage, and its own food truck—inviting regulars to watch the brewpub grow in real time. Lovingston is a great destination for history buffs as the Lovingston Historic District and the courthouse are both listed on the National Register of Historic Places. The original 30 acres was donated by Mr.",,https://ik.imagekit.io/OE/nelson-county/listings/outback-brew-house-image1_3mAJkqmbA,"Beer glass with logo outdoors, blue sky, string lights in background.",,,,,,,,https://www.outbackhouselodging.com/outback-brew-house/,(434) 263-0007,"7995 Thomas Nelson Hwy, Lovingston, VA 22949",josh,,,https://www.google.com/maps/dir/?api=1&destination=7995%20Thomas%20Nelson%20Hwy%2C%20Lovingston%2C%20VA%2022949,Outdoor Seating; Live Music; Beer; Cider; Tastings,false,https://www.google.com/maps/dir/?api=1&destination=7995%20Thomas%20Nelson%20Hwy%2C%20Lovingston%2C%20VA%2022949,Menu & Offerings,"Lovingston is a great destination for history buffs as the Lovingston Historic District and the courthouse are both listed on the National Register of Historic Places. Lovingston was defined as a “courthouse town” after the Nelson County Courthouse was built. One claim to fame is that that town jail was designed by Thomas Jefferson. Lovingston’s most historic African-American landmark is Bright Hope Baptist Church, which was built in 1870 for the freedmen and women living in Nelson. Present-day.",Experience,"Lovingstown, Virginia, as it was first named, began with a land grant and a need to build a courthouse and a county seat for the newly created Nelson County in 1809. The original 30 acres was donated by Mr. James Loving that same year and thus began the construction of this charming historic village. There were 49 lots parceled off in nearly equal measure and then sold. The lots were numbered for identification and were thereby known as those lot numbers.",Contact & Location,"Bright Hope Baptist Church, a historic African-American landmark in Lovingston that overlooks the village. The church was built along with a school in 1870 to serve the freed men and women of Nelson. The kept area has over 100 marked graves. Dinner Options in Lovingston include Vito’s Pizza & Italian Grill for classic and specialty pizzas and Italian entrees. El Mariachi Mexican Restaurant offers over one hundred menu choices and has a gift shop on-site.",Information,"Than a meal, head to Wood Ridge Farm Brewery, where a food truck is usually available. It’s a family-friendly place with plenty of outdoor activities. Want to know something interesting. The brewery and the bar were built out of wood from the property. If you’re lucky enough to have stopped by on the weekend, Visitors can enjoy live music there as well. S Outback Brew House is further south on Route 29 and also has wood fired pizza and live music."
50,"Three Notch'd Brewery, Distillery & Craft Kitchen",three-notchd-brewery-distillery-craft-kitchen-nelson-county,Breweries & Cideries,taste,Nellysford,"Three Notch'd Brewery, Distillery & Craft Kitchen on Route 151 unites beer, spirits, and a from-scratch kitchen featuring beer-infused plates, kids items, and gluten-free options, with leashed dogs welcome on the patio.",,https://ik.imagekit.io/OE/nelson-county/listings/three-notch-d-brewery-distillery-craft-kitchen-image1_0-OUbAArR3,Assorted colorful beer cans displayed outdoors near a wooden building.,,,,,,,,https://threenotchdbrewing.com/location/nellysford/,(434) 226-0020,"2461 Rockfish Valley Hwy, Nellysford, VA 22958",josh,,,https://www.google.com/maps/dir/?api=1&destination=2461%20Rockfish%20Valley%20Hwy%2C%20Nellysford%2C%20VA%2022958,Beer; Cider; Full Kitchen; Spirits; Tastings,true,https://www.google.com/maps/dir/?api=1&destination=2461%20Rockfish%20Valley%20Hwy%2C%20Nellysford%2C%20VA%2022958,,,,,,,,
51,Wild Man Dan Brewery,wild-man-dan-brewery,Breweries & Cideries,taste,Afton,"Barn brewery pouring award-winning micro batches and offering homebrew workshops with Dan and his mountain porch hospitality. Wild Man Dan Brewery is Virginia's tiniest production brewery, where Dan brews award-winning small batches in his barn and happily teaches visitors the art of ale making while they sample Chai-Laxin or Dark Matter IPA. There’s something to do in Afton every season of the year.",,https://ik.imagekit.io/OE/nelson-county/listings/wild-man-dan-brewery-image1_k5KRI9nIU,"Brick house with white porch, surrounded by trees and blooming flowers.",,,,,,,,https://wildmandanbeer.com/,(540) 798-1781,"279 Avon Road, Afton, VA 22920",josh,,,https://www.google.com/maps/dir/?api=1&destination=279%20Avon%20Road%2C%20Afton%2C%20VA%2022920,Beer; Cider; Meeting Planners; Outdoor Seating; Retail; Scenic Views; Tastings,false,https://www.google.com/maps/dir/?api=1&destination=279%20Avon%20Road%2C%20Afton%2C%20VA%2022920,Events & Activities,There’s something to do in Afton every season of the year.,Events & Activities,"And live music. Nelson 151’s wineries often include food pairing. If you’d like to do a little shopping, check out the Nelson 151 gift shops or take a short drive to the Rockfish Valley Community Center, a repurposed school building featuring local shops. Purchase a piece of Nelsonite, Virginia’s state rock, at The Virginia Rock Shop. If you’re into local art, check out the Rockfish Pottery Collective or the Rockfish River Gallery.",Events & Activities,"Live music performances, good food, and inventive, hand-crafted beverages. If you’re planning on spending a hot summer day in Afton, check out the Nelson Farmer’s Market Cooperative one Saturday. Local vendors gather there to sell fresh produce and hand-crafted goodies. Often, there’s live music. Nelson’s wineries make for an excellent day trip as well.",Events & Activities,"And enjoy great food at Blue Mountain. If your taste runs a bit sweeter, try a cider or two at Bryant’s Small Batch, Blue Toad Hard Cider, or Bold Rock Hard Cider. Like the hard stuff better. Head over to Silverback Distillery or Devils Backbone Distillery for a mixed drink and bring home a bottle of bourbon, vodka, whiskey, or gin. If you’re in Nelson celebrating Halloween, you’re in luck."
52,Wood Ridge Farm Brewery,wood-ridge-farm-brewery,Breweries & Cideries,taste,Lovingston,"Estate farm brewery malting its own grains for 'dirt-to-glass' beers served with panoramic views of the Lovingston countryside. Wood Ridge Farm Brewery lives its 'dirt to glass' motto by growing grains, malting, and brewing on-site in Lovingston, letting guests sip uniquely local beers while overlooking the very fields that supplied the malt. Lovingston is a great destination for history buffs as the Lovingston Historic District and the courthouse are both listed on the National Register of Historic Places. The original 30 acres was donated by Mr.",,https://ik.imagekit.io/OE/nelson-county/listings/wood-ridge-farm-brewery-image1_Bi7zpuZf1,"Wooden 'LOVE' sign with sunset backdrop, couple walking towards a garden.",,,,,,,,https://www.woodridgefarmbrewery.com/,(434) 531-7362,"165 Old Ridge Road, Lovingston, VA 22949",josh,,,https://www.google.com/maps/dir/?api=1&destination=165%20Old%20Ridge%20Road%2C%20Lovingston%2C%20VA%2022949,Farm; Scenic Views; Seasonal Menu; Beer; Cider; Tastings,false,https://www.google.com/maps/dir/?api=1&destination=165%20Old%20Ridge%20Road%2C%20Lovingston%2C%20VA%2022949,Menu & Offerings,"Lovingston is a great destination for history buffs as the Lovingston Historic District and the courthouse are both listed on the National Register of Historic Places. Lovingston was defined as a “courthouse town” after the Nelson County Courthouse was built. One claim to fame is that that town jail was designed by Thomas Jefferson. Lovingston’s most historic African-American landmark is Bright Hope Baptist Church, which was built in 1870 for the freedmen and women living in Nelson. Present-day.",Experience,"Lovingstown, Virginia, as it was first named, began with a land grant and a need to build a courthouse and a county seat for the newly created Nelson County in 1809. The original 30 acres was donated by Mr. James Loving that same year and thus began the construction of this charming historic village. There were 49 lots parceled off in nearly equal measure and then sold. The lots were numbered for identification and were thereby known as those lot numbers.",Contact & Location,"Bright Hope Baptist Church, a historic African-American landmark in Lovingston that overlooks the village. The church was built along with a school in 1870 to serve the freed men and women of Nelson. The kept area has over 100 marked graves. Dinner Options in Lovingston include Vito’s Pizza & Italian Grill for classic and specialty pizzas and Italian entrees. El Mariachi Mexican Restaurant offers over one hundred menu choices and has a gift shop on-site.",Information,"Than a meal, head to Wood Ridge Farm Brewery, where a food truck is usually available. It’s a family-friendly place with plenty of outdoor activities. Want to know something interesting. The brewery and the bar were built out of wood from the property. If you’re lucky enough to have stopped by on the weekend, Visitors can enjoy live music there as well. S Outback Brew House is further south on Route 29 and also has wood fired pizza and live music."
53,Devils Backbone Distilling Co.,devils-backbone-distilling-co,Distilleries,taste,Roseland,"On-site craft distillery at Devils Backbone Basecamp serving small-batch gin, rum, and brandy cocktails in a lounge and covered patio setting. Devils Backbone Distilling Co. Expands Basecamp with a lounge pouring cocktails built on house-distilled rum, brandy, and gin, plus covered patios where you can sample spirits minutes from the brewery.",,https://ik.imagekit.io/OE/nelson-county/listings/devils-backbone-distilling-co--image1_kkqc1tAn6,"People relax outdoors on wooden chairs under sunny skies, surrounded by trees.",,,,,,,,https://www.dbbrewingcompany.com/spirits/,(434) 361-1001,"35 Mosbys Run, Roseland, VA 22967",josh,,,https://www.google.com/maps/dir/?api=1&destination=35%20Mosbys%20Run%2C%20Roseland%2C%20VA%2022967,Spirits; Cocktails; Outdoor Seating; Tastings; Beer,false,https://www.google.com/maps/dir/?api=1&destination=35%20Mosbys%20Run%2C%20Roseland%2C%20VA%2022967,,,,,,,,
54,Silverback Distillery,silverback-distillery,Distilleries,taste,Afton,"Silverback Distillery is a mother-daughter team crafting award-winning spirits with local grains and mountain water, pouring cocktail flights and barrel-smoked drinks in Afton. Silverback Distillery—the nation's only mother-daughter distilling duo—crafts award-winning gin, rye, bourbon, and honey liqueur in the Blue Ridge, offering tasting flights, smoked cocktails, and bottle sales in its Roseland stillhouse. There’s something to do in Afton every season of the year.",,https://ik.imagekit.io/OE/nelson-county/listings/silverback-distillery-image1_RBNd85uTW,"Blue building with lit windows, dusk sky, parking lot, and surrounding trees.",,,,,,,,,(540) 456-7070,"9520 Rockfish Valley Highway, Afton, VA 22920",josh,,,https://www.google.com/maps/dir/?api=1&destination=9520%20Rockfish%20Valley%20Highway%2C%20Afton%2C%20VA%2022920,Spirits; Cocktails; Tastings; Scenic Views; Water Sports,false,https://www.google.com/maps/dir/?api=1&destination=9520%20Rockfish%20Valley%20Highway%2C%20Afton%2C%20VA%2022920,Events & Activities,There’s something to do in Afton every season of the year.,Events & Activities,"And live music. Nelson 151’s wineries often include food pairing. If you’d like to do a little shopping, check out the Nelson 151 gift shops or take a short drive to the Rockfish Valley Community Center, a repurposed school building featuring local shops. Purchase a piece of Nelsonite, Virginia’s state rock, at The Virginia Rock Shop. If you’re into local art, check out the Rockfish Pottery Collective or the Rockfish River Gallery.",Events & Activities,"Live music performances, good food, and inventive, hand-crafted beverages. If you’re planning on spending a hot summer day in Afton, check out the Nelson Farmer’s Market Cooperative one Saturday. Local vendors gather there to sell fresh produce and hand-crafted goodies. Often, there’s live music. Nelson’s wineries make for an excellent day trip as well.",Events & Activities,"And enjoy great food at Blue Mountain. If your taste runs a bit sweeter, try a cider or two at Bryant’s Small Batch, Blue Toad Hard Cider, or Bold Rock Hard Cider. Like the hard stuff better. Head over to Silverback Distillery or Devils Backbone Distillery for a mixed drink and bring home a bottle of bourbon, vodka, whiskey, or gin. If you’re in Nelson celebrating Halloween, you’re in luck."
55,Virginia Distillery Co.,virginia-distillery-co,Distilleries,taste,Lovingston,"American single malt whisky campus in Lovingston offering guided production tours, a whisky museum, and tastings of Virginia Distillery Co.'s flagship and cask releases. Virginia Distillery Co. Showcases American single malt whisky in Lovingston, inviting guests on the Virginia Whisky Experience tour through the museum, production floor, and cask house before tasting limited releases. Lovingston is a great destination for history buffs as the Lovingston Historic District and the courthouse are both listed on the National Register of Historic Places. The original 30 acres was donated by Mr.",,https://ik.imagekit.io/OE/nelson-county/listings/virginia-distillery-co--image1_eCbxehNaH,"Stone gate entrance to a large white house, surrounded by trees and hills.",,,,,,,,https://vadistillery.com/,(434) 285-2900,"299 Eades Lane, Lovingston, VA 22949",josh,,,https://www.google.com/maps/dir/?api=1&destination=299%20Eades%20Lane%2C%20Lovingston%2C%20VA%2022949,Spirits; Museum; Tastings,false,https://www.google.com/maps/dir/?api=1&destination=299%20Eades%20Lane%2C%20Lovingston%2C%20VA%2022949,Menu & Offerings,"Lovingston is a great destination for history buffs as the Lovingston Historic District and the courthouse are both listed on the National Register of Historic Places. Lovingston was defined as a “courthouse town” after the Nelson County Courthouse was built. One claim to fame is that that town jail was designed by Thomas Jefferson. Lovingston’s most historic African-American landmark is Bright Hope Baptist Church, which was built in 1870 for the freedmen and women living in Nelson. Present-day.",Experience,"Lovingstown, Virginia, as it was first named, began with a land grant and a need to build a courthouse and a county seat for the newly created Nelson County in 1809. The original 30 acres was donated by Mr. James Loving that same year and thus began the construction of this charming historic village. There were 49 lots parceled off in nearly equal measure and then sold. The lots were numbered for identification and were thereby known as those lot numbers.",Contact & Location,"Bright Hope Baptist Church, a historic African-American landmark in Lovingston that overlooks the village. The church was built along with a school in 1870 to serve the freed men and women of Nelson. The kept area has over 100 marked graves. Dinner Options in Lovingston include Vito’s Pizza & Italian Grill for classic and specialty pizzas and Italian entrees. El Mariachi Mexican Restaurant offers over one hundred menu choices and has a gift shop on-site.",Information,"Than a meal, head to Wood Ridge Farm Brewery, where a food truck is usually available. It’s a family-friendly place with plenty of outdoor activities. Want to know something interesting. The brewery and the bar were built out of wood from the property. If you’re lucky enough to have stopped by on the weekend, Visitors can enjoy live music there as well. S Outback Brew House is further south on Route 29 and also has wood fired pizza and live music."
131,Montebello Fish Hatchery,montebello-fish-hatchery,Activities,culture,Montebello,"State trout hatchery near Crabtree Falls offering educational tours, pollinator plots, and a nature trail adjacent to mountain hiking hubs. Montebello Fish Hatchery hosts numerous visitors and school group tours throughout the year. In addition to trout, there is a nature trail and pollinator plots located on the property.",,https://ik.imagekit.io/OE/nelson-county/listings/montebello-fish-hatchery-image1_4Xa9lVMTCF,Sign for Montebello State Fish Hatchery amidst autumn trees by winding road.,,,,,,,,,(540) 377-2418,"359 Fish Hatchery Lane, Montebello, VA 24464",josh,,,https://www.google.com/maps/dir/?api=1&destination=359%20Fish%20Hatchery%20Lane%2C%20Montebello%2C%20VA%2024464,Hiking; Biking; Fishing,false,https://www.google.com/maps/dir/?api=1&destination=359%20Fish%20Hatchery%20Lane%2C%20Montebello%2C%20VA%2024464,,,,,,,,
144,One Forest,one-forest,Activities,experience,Nellysford,Proposed forest-based education and wellness space in Nellysford emphasizing nature play and outdoor learning; listing currently in development.,,https://ik.imagekit.io/OE/nelson-county/listings/one-forest-image1_SsMvpz8Qy,Tall white flowering plant in garden with wooden house and trees behind.,,,,,,,,,,"Nellysford, VA 22958",josh,,,https://www.google.com/maps/dir/?api=1&destination=Nellysford%2C%20VA%2022958,Outdoor Seating,false,https://www.google.com/maps/dir/?api=1&destination=Nellysford%2C%20VA%2022958,,,,,,,,
160,Oak Ridge Estate,oak-ridge-estate,Activities,culture,Arrington,"Oak Ridge Estate's 5,000-acre Gilded Age mansion hosts private events and weddings with Italian gardens, greenhouse, and railway station. The mansion on this 5,000-acre plantation estate was first built in 1802 and acquired at the turn of the 20th century by Thomas Fortune Ryan, a Nelson County native who had become one of the 10 wealthiest men in the nation. He made impressive alterations to the building and grounds-adding a formal Italian garden, rotunda greenhouse and railroad station, among other features.",,https://ik.imagekit.io/OE/nelson-county/listings/oak-ridge-estate-image1_AoSf5sg8m,"Large white mansion with columns, surrounded by green lawn and trimmed shrubs.",,,,,,,,,(434) 263-8676,"2300 Oak Ridge Road, Arrington, VA 22922",josh,,,https://www.google.com/maps/dir/?api=1&destination=2300%20Oak%20Ridge%20Road%2C%20Arrington%2C%20VA%2022922,Events,false,https://www.google.com/maps/dir/?api=1&destination=2300%20Oak%20Ridge%20Road%2C%20Arrington%2C%20VA%2022922,,,,,,,,
161,Swannanoa,swannanoa,Activities,culture,Afton,"Swannanoa, the 1911 marble villa atop Afton Mountain, opens select weekends for public tours showcasing Italianate architecture and gardens. Swannanoa was built in 1911 by Major James H. Dooley atop the Blue Ridge at Afton Mountain. There’s something to do in Afton every season of the year.",,https://ik.imagekit.io/OE/nelson-county/listings/swannanoa-image1_RcVj2PVkX,Vintage black car parked outside a large white mansion.,6930547d5c7cd75eb880dc49,,,693061a05c7cd75eb8d793f6,,,,,(540) 942-5201,"497 Swannanoa Lane, Afton, VA 22920",josh,,,https://www.google.com/maps/dir/?api=1&destination=497%20Swannanoa%20Lane%2C%20Afton%2C%20VA%2022920,Outdoor Seating; Scenic Views; Tours,true,https://www.google.com/maps/dir/?api=1&destination=497%20Swannanoa%20Lane%2C%20Afton%2C%20VA%2022920,Events & Activities,There’s something to do in Afton every season of the year.,Events & Activities,"And live music. Nelson 151’s wineries often include food pairing. If you’d like to do a little shopping, check out the Nelson 151 gift shops or take a short drive to the Rockfish Valley Community Center, a repurposed school building featuring local shops. Purchase a piece of Nelsonite, Virginia’s state rock, at The Virginia Rock Shop. If you’re into local art, check out the Rockfish Pottery Collective or the Rockfish River Gallery.",Events & Activities,"Live music performances, good food, and inventive, hand-crafted beverages. If you’re planning on spending a hot summer day in Afton, check out the Nelson Farmer’s Market Cooperative one Saturday. Local vendors gather there to sell fresh produce and hand-crafted goodies. Often, there’s live music. Nelson’s wineries make for an excellent day trip as well.",Events & Activities,"And enjoy great food at Blue Mountain. If your taste runs a bit sweeter, try a cider or two at Bryant’s Small Batch, Blue Toad Hard Cider, or Bold Rock Hard Cider. Like the hard stuff better. Head over to Silverback Distillery or Devils Backbone Distillery for a mixed drink and bring home a bottle of bourbon, vodka, whiskey, or gin. If you’re in Nelson celebrating Halloween, you’re in luck."
166,Blue Ridge Fruit Loop,blue-ridge-fruit-loop,Activities,outdoor,Tyro,"Blue Ridge Fruit Loop passport covering 11 orchards and farms across Nelson and Amherst counties for pick-your-own fruit May–December. From May until December, taste & tour the places that grow the freshest fruits and berries in Nelson and Amherst counties. Select from a wide variety of apples, Asian pears, blackberries, blueberries, cherries, nectarines, peaches, plums, strawberries, sweet cider, fruit jams, jellies, and more!",,https://ik.imagekit.io/OE/nelson-county/listings/blue-ridge-fruit-loop-image1_xveXoCybQ,"Clusters of ripe blackberries on bush, hand reaching in sunlight.",,,,,,,,,(434) 263-7015,"Blue Ridge Fruit Loop Trailhead, 56 Cabell Road, Tyro, VA 22976",josh,,,https://www.google.com/maps/dir/?api=1&destination=Blue%20Ridge%20Fruit%20Loop%20Trailhead%2C%2056%20Cabell%20Road%2C%20Tyro%2C%20VA%2022976,Cider; Farm; Seasonal Menu; Scenic Views; Biking; Tastings,false,https://www.google.com/maps/dir/?api=1&destination=Blue%20Ridge%20Fruit%20Loop%20Trailhead%2C%2056%20Cabell%20Road%2C%20Tyro%2C%20VA%2022976,,,,,,,,
386,Glass Hollow Studio & Gallery,glasshollow,Art & Artisans,culture,Afton,"Glass Hollow Studio & Gallery in the Rockfish Valley offers glassblowing demonstrations, handcrafted glass art, and 'Make Your Own Glass Pumpkin' workshops every Saturday in September. Glass Hollow Studio and Gallery Discover the art of glassmaking at Glass Hollow Studio and Gallery, nestled in the scenic Rockfish Valley. This unique destination offers visitors the opportunity to witness skilled artisans at work and explore beautiful handcrafted glass pieces in their gallery. There’s something to do in Afton every season of the year.",,https://ik.imagekit.io/OE/nelson-county/listings/glass-hollow-studio-gallery-image1_P9hwkSskV,Blue glass orb being shaped in bright orange flame.,,https://ik.imagekit.io/OE/nelson-county/listings/glass-hollow-studio-gallery-image2_xTwMG5Mnc,Circular logo with blue mountains and glassblowing tool. Text around edges.,,,,,,(434) 270-6104,"9080 Rockfish Valley Highway, Afton, VA 22920",Brittany Niemeyer,,,https://www.google.com/maps/dir/?api=1&destination=9080%20Rockfish%20Valley%20Highway%2C%20Afton%2C%20VA%2022920,Museum; Retail,true,https://www.google.com/maps/dir/?api=1&destination=9080%20Rockfish%20Valley%20Highway%2C%20Afton%2C%20VA%2022920,Events & Activities,There’s something to do in Afton every season of the year.,Events & Activities,"And live music. Nelson 151’s wineries often include food pairing. If you’d like to do a little shopping, check out the Nelson 151 gift shops or take a short drive to the Rockfish Valley Community Center, a repurposed school building featuring local shops. Purchase a piece of Nelsonite, Virginia’s state rock, at The Virginia Rock Shop. If you’re into local art, check out the Rockfish Pottery Collective or the Rockfish River Gallery.",Events & Activities,"Live music performances, good food, and inventive, hand-crafted beverages. If you’re planning on spending a hot summer day in Afton, check out the Nelson Farmer’s Market Cooperative one Saturday. Local vendors gather there to sell fresh produce and hand-crafted goodies. Often, there’s live music. Nelson’s wineries make for an excellent day trip as well.",Events & Activities,"And enjoy great food at Blue Mountain. If your taste runs a bit sweeter, try a cider or two at Bryant’s Small Batch, Blue Toad Hard Cider, or Bold Rock Hard Cider. Like the hard stuff better. Head over to Silverback Distillery or Devils Backbone Distillery for a mixed drink and bring home a bottle of bourbon, vodka, whiskey, or gin. If you’re in Nelson celebrating Halloween, you’re in luck."
95,Blue Ridge Parkway Loops,blue-ridge-parkway-loops,Biking,outdoor,Nelson County,"Scenic 22- or 40-mile Blue Ridge Parkway cycling loop starting near Love, Virginia, with sweeping Shenandoah Valley overlooks, Parkway climbs, and Route 76 tie-ins. Blue Ridge Parkway Loops highlight curated bike rides like the 22-mile Royal Oaks out-and-back, sending cyclists past overlooks, Route 250's long descent, and historic stops such as the former Cookie Lady's home in Afton.",,https://ik.imagekit.io/OE/nelson-county/listings/blue-ridge-parkway-loops-image1_ned_KWOT2,Sun setting over mountains with road and railing in foreground.,,,,,,,,,(434) 263-7015,"Milepost 16, Blue Ridge Parkway, Love, VA 22952",josh,,,https://www.google.com/maps/dir/?api=1&destination=Milepost%2016%2C%20Blue%20Ridge%20Parkway%2C%20Love%2C%20VA%2022952,Biking; Hiking; Scenic Views,false,https://www.google.com/maps/dir/?api=1&destination=Milepost%2016%2C%20Blue%20Ridge%20Parkway%2C%20Love%2C%20VA%2022952,,,,,,,,
96,Oak Ridge Loop,oak-ridge-loop,Biking,outdoor,Nelson County,"29-mile Oak Ridge cycling loop rolling through Route 56 and Rockfish Valley backroads with historic estate views and low-traffic farm lanes. The 29-mile Oak Ridge Loop mixes Route 56 farmland, country stores, and stretches along Route 29, rewarding cyclists with rolling hills and scenic estate views before returning to the Oak Ridge parking area.",,https://ik.imagekit.io/OE/nelson-county/listings/oak-ridge-loop-image1_C_eilCHEx,Stone cottage with green roof surrounded by trees and iron fence.,,https://ik.imagekit.io/OE/nelson-county/listings/oak-ridge-loop-image2__dpCyljnt,"Old wooden mill with waterwheel by pond, surrounded by lush green trees.",,,,,,(434) 263-7015,"1010 Oak Ridge Road, Arrington, VA 22922",josh,,,https://www.google.com/maps/dir/?api=1&destination=1010%20Oak%20Ridge%20Road%2C%20Arrington%2C%20VA%2022922,Biking; Retail; Farm; Fishing,false,https://www.google.com/maps/dir/?api=1&destination=1010%20Oak%20Ridge%20Road%2C%20Arrington%2C%20VA%2022922,,,,,,,,
97,Woodson's Mill Loop,woodsons-mill-loop,Biking,outdoor,Nelson County,"24-mile Woodson's Mill ride beginning at the historic gristmill in Lowesville and circling through Massies Mill and Route 680 countryside. Woodson's Mill Loop is a 24-mile ride beginning at the historic water-powered mill in Lowesville, linking quiet backroads, Nelson 151, Massies Mill, and orchards before returning to the restored 1790s landmark.",,https://ik.imagekit.io/OE/nelson-county/listings/woodson-s-mill-loop-image1_yiXWRoa0o,"Old wooden watermill surrounded by lush greenery, near a tranquil pond.",,,,,,,,,(434) 263-7015,"3211 Lowesville Road, Roseland, VA 22967",josh,,,https://www.google.com/maps/dir/?api=1&destination=3211%20Lowesville%20Road%2C%20Roseland%2C%20VA%2022967,Biking; Scenic Views; Farm; Water Sports,false,https://www.google.com/maps/dir/?api=1&destination=3211%20Lowesville%20Road%2C%20Roseland%2C%20VA%2022967,,,,,,,,
98,Walton's Mountain Museum Loop,waltons-mountain-museum-loop,Biking,outdoor,Nelson County,"31-mile Schuyler countryside loop from Walton's Mountain Museum past the James River and Esmont farms with plenty of quiet ridge lines. Walton's Mountain Museum Loop covers 31 miles of rural pavement from Schuyler past river overlooks, Esmont farm country, and back to the museum celebrating Earl Hamner Jr.'s famous TV family—perfect for heritage-minded cyclists.",,https://ik.imagekit.io/OE/nelson-county/listings/walton-s-mountain-museum-loop-image1_anr51axUp,"Red brick building with American flag, labeled Schuyler Elementary School.",,,,,,,,,(434) 263-7015,"6484 Rockfish River Road, Schuyler, VA 22969",josh,,,https://www.google.com/maps/dir/?api=1&destination=6484%20Rockfish%20River%20Road%2C%20Schuyler%2C%20VA%2022969,Biking; Hiking; Scenic Views; Museum; Farm; Water Sports,false,https://www.google.com/maps/dir/?api=1&destination=6484%20Rockfish%20River%20Road%2C%20Schuyler%2C%20VA%2022969,,,,,,,,
99,Virginia Blue Ridge Railway Trail,virginia-blue-ridge-railway-trail,Biking,outdoor,Piney River,"7-mile crushed-stone rail trail along the Piney and Tye rivers with dual trailheads, equestrian access, and seasonal wildflowers. The Virginia Blue Ridge Railway Trail follows seven crushed-stone miles along the Piney and Tye rivers for hiking, biking, and horseback riding, with trailheads at Piney River Depot and Roses Mill plus restrooms, wildflowers, and abundant wildlife.",,https://ik.imagekit.io/OE/nelson-county/listings/virginia-blue-ridge-railway-trail-image1_gb6HkVrGb,Trailhead sign and small building surrounded by trees under clear blue sky.,,,,,,,,,(434) 263-7130,"3124 Patrick Henry Highway, Piney River, VA 22964",josh,,,https://www.google.com/maps/dir/?api=1&destination=3124%20Patrick%20Henry%20Highway%2C%20Piney%20River%2C%20VA%2022964,Biking; Equestrian; Scenic Views; Hiking; Water Sports,false,https://www.google.com/maps/dir/?api=1&destination=3124%20Patrick%20Henry%20Highway%2C%20Piney%20River%2C%20VA%2022964,,,,,,,,
100,Nelson Scenic Loop,nelson-scenic-loop,Biking,outdoor,Tyro,"50-mile Nelson Scenic Loop combining Route 151, Route 664, the Blue Ridge Parkway, and Route 56 for mountain vistas, orchards, and craft beverages. The Nelson Scenic Loop strings together Routes 151, 664, the Blue Ridge Parkway, and 56 into a 50-mile auto or bike tour showcasing orchards, craft beverage stops, waterfalls, and mountaintop vistas from Piedmont foothills to ridge-top summits.",,https://ik.imagekit.io/OE/nelson-county/listings/nelson-scenic-loop-image1_RICn_P7cl8,Black butterfly on pale purple flowers with green leaves.,,,,,,,,,(434) 263-7015,"Route 151 & Route 664 Junction, Nellysford, VA 22958",josh,,,https://www.google.com/maps/dir/?api=1&destination=Route%20151%20%26%20Route%20664%20Junction%2C%20Nellysford%2C%20VA%2022958,Biking; Educational; Scenic Views; Farm; Water Sports,false,https://www.google.com/maps/dir/?api=1&destination=Route%20151%20%26%20Route%20664%20Junction%2C%20Nellysford%2C%20VA%2022958,,,,,,,,
101,Tye River,tye-river,Canoeing,outdoor,Tyro,"34-mile Blue Ridge stream offering Class I–II+ whitewater, mountain views, and seasonal paddling windows for experienced canoeists. The Tye River tumbles 34 miles from the Blue Ridge, serving up Class I–II+ whitewater, swimming holes, stocked trout runs, and stunning pastoral scenery—beloved by paddlers from the North and South Fork confluence to its James River meeting point.",,https://ik.imagekit.io/OE/nelson-county/listings/tye-river-image1_obd32khA6,Bridge over river surrounded by lush forest and distant hills.,,,,,,,,https://nelsoncounty.com/explore/tye-river/,(434) 263-7015,Tye River Main Access 2724 Patrick Henry Highway Piney River VA 22964,josh,,,https://www.google.com/maps/search/?api=1&query=Tye%20River%20Main%20Access%202724%20Patrick%20Henry%20Highway%20Piney%20River%20VA%2022964,Water Sports,false,https://www.google.com/maps/search/?api=1&query=Tye%20River%20Main%20Access%202724%20Patrick%20Henry%20Highway%20Piney%20River%20VA%2022964,,,,,,,,
102,James River,james-river,Canoeing,outdoor,Wingina,"James River corridor on Nelson's southeastern edge with multiple ramps, float trips, and access to the 64-mile Upper James River Water Trail. The James River forms Nelson County's southeastern border, offering endless canoe and kayak launches, johnboat access, and fishing for smallmouth, largemouth, catfish, and sunfish along Virginia's most storied waterway.",,https://ik.imagekit.io/OE/nelson-county/listings/james-river-image1_FejU6BN18,Serene river surrounded by lush green trees and distant mountains under clear sky.,,,,,,,,https://nelsoncounty.com/explore/james-river/,(434) 933-4355,947 James River Road Wingina VA 24599,josh,,,https://www.google.com/maps/search/?api=1&query=947%20James%20River%20Road%20Wingina%20VA%2024599,Biking; Hiking; Water Sports; Fishing,false,https://www.google.com/maps/search/?api=1&query=947%20James%20River%20Road%20Wingina%20VA%2024599,,,,,,,,
103,Rockfish River,rockfish-river,Canoeing,outdoor,Afton,"Rockfish River paddling routes tracing the confluence of its forks with gentle Class I–II water, winter flows, and Route 6 takeouts. The Rockfish River begins where its North and South forks meet in Nelson County, then slides southeast toward the James—providing scenic paddles, Class I riffles, and seasonal floats between Route 600, Route 6, and Scottsville. There’s something to do in Afton every season of the year.",,https://ik.imagekit.io/OE/nelson-county/listings/rockfish-river-image1_d1GnubdLD,Person kayaking with a dog in green kayak on a river.,,,,,,,,https://nelsoncounty.com/explore/rockfish-river/,(434) 263-7015,Rockfish River Access 5156 Rockfish Valley Highway Afton VA 22920,josh,,,https://www.google.com/maps/search/?api=1&query=Rockfish%20River%20Access%205156%20Rockfish%20Valley%20Highway%20Afton%20VA%2022920,Water Sports; Fishing,false,https://www.google.com/maps/search/?api=1&query=Rockfish%20River%20Access%205156%20Rockfish%20Valley%20Highway%20Afton%20VA%2022920,Events & Activities,There’s something to do in Afton every season of the year.,Events & Activities,"And live music. Nelson 151’s wineries often include food pairing. If you’d like to do a little shopping, check out the Nelson 151 gift shops or take a short drive to the Rockfish Valley Community Center, a repurposed school building featuring local shops. Purchase a piece of Nelsonite, Virginia’s state rock, at The Virginia Rock Shop. If you’re into local art, check out the Rockfish Pottery Collective or the Rockfish River Gallery.",Events & Activities,"Live music performances, good food, and inventive, hand-crafted beverages. If you’re planning on spending a hot summer day in Afton, check out the Nelson Farmer’s Market Cooperative one Saturday. Local vendors gather there to sell fresh produce and hand-crafted goodies. Often, there’s live music. Nelson’s wineries make for an excellent day trip as well.",Events & Activities,"And enjoy great food at Blue Mountain. If your taste runs a bit sweeter, try a cider or two at Bryant’s Small Batch, Blue Toad Hard Cider, or Bold Rock Hard Cider. Like the hard stuff better. Head over to Silverback Distillery or Devils Backbone Distillery for a mixed drink and bring home a bottle of bourbon, vodka, whiskey, or gin. If you’re in Nelson celebrating Halloween, you’re in luck."
104,Lake Nelson,lake-nelson,Canoeing,outdoor,Arrington,"40-acre DGIF lake with boat ramp, year-round bank fishing, electric-motor boating, and seasonal restrooms near Arrington. Lake Nelson is a 40-acre DGIF reservoir with a concrete boat ramp, 24/7 access, and electric-motor-only fishing for largemouth bass, crappie, channel cats, and sunfish just outside Arrington.",,https://ik.imagekit.io/OE/nelson-county/listings/lake-nelson-image1_ntx7GII0I,"Calm lake reflecting cloudy sky, surrounded by dense forest, distant mountains visible.",,,,,,,,https://nelsoncounty.com/explore/lake-nelson/,(434) 263-7015,801 Lake Nelson LaneArrington VA 22922,josh,,,https://www.google.com/maps/search/?api=1&query=801%20Lake%20Nelson%20LaneArrington%20VA%2022922,Water Sports; Fishing,false,https://www.google.com/maps/search/?api=1&query=801%20Lake%20Nelson%20LaneArrington%20VA%2022922,,,,,,,,
40,Dickie Brothers Orchard,dickie-brothers-orchard,Farms & Orchards,experience,Roseland,"Century Farm orchard growing heirloom apples alongside berries, pumpkins, cider, and farm-made goods with pick-your-own seasons from summer through fall. Dickie Brothers Orchard—one of Virginia's Century Farms—offers pick-your-own berries and apples, fresh-pressed cider, pumpkins, and farm goods, with varieties ripening from June raspberries through November harvest weekends.",,https://ik.imagekit.io/OE/nelson-county/listings/dickie-brothers-orchard-image1_mgGfsUOkW,"Child in dress standing by Dickie Bros Orchard sign, rustic background.",,https://ik.imagekit.io/OE/nelson-county/listings/dickie-brothers-orchard-image2_CzMZz9sVs,Pumpkins and colorful flowers displayed outside rustic wooden building with American flag.,,,,,https://dickiebrothers.com/,(434) 277-5516,"2685 Dickie Road, Roseland, VA 22967",josh,,,https://www.google.com/maps/dir/?api=1&destination=2685%20Dickie%20Road%2C%20Roseland%2C%20VA%2022967,Farm; Cider; Local Ingredients; Tastings,false,https://www.google.com/maps/dir/?api=1&destination=2685%20Dickie%20Road%2C%20Roseland%2C%20VA%2022967,,,,,,,,
41,Drumheller's Orchard,drumhellers-orchard,Farms & Orchards,experience,Lovingston,"Family orchard and bakery showcasing classic Virginia apple varieties, house cider, and fall festivals with hayrides, baked goods, and pet-friendly grounds. Drumheller's Orchard sells heirloom apples, cider, baked goods, and farm treats from its packing shed, hosts fall festivals, welcomes bus tours, and even lets well-behaved pets join the fun on pick-your-own days. Lovingston is a great destination for history buffs as the Lovingston Historic District and the courthouse are both listed on the National Register of Historic Places. The original 30 acres was donated by Mr.",,https://ik.imagekit.io/OE/nelson-county/listings/drumheller-s-orchard-image1_lGFwTv4Vd,Pink and white blossoms on a branch against a clear blue sky.,,,,,,,,https://www.drumhellersorchard.com/,(434) 263-5036,"1130 Drumheller Orchard Lane, Lovingston, VA 22949",josh,,,https://www.google.com/maps/dir/?api=1&destination=1130%20Drumheller%20Orchard%20Lane%2C%20Lovingston%2C%20VA%2022949,Bakery; Cider; Farm; Pet Friendly; Local Ingredients; Tastings,false,https://www.google.com/maps/dir/?api=1&destination=1130%20Drumheller%20Orchard%20Lane%2C%20Lovingston%2C%20VA%2022949,Menu & Offerings,"Lovingston is a great destination for history buffs as the Lovingston Historic District and the courthouse are both listed on the National Register of Historic Places. Lovingston was defined as a “courthouse town” after the Nelson County Courthouse was built. One claim to fame is that that town jail was designed by Thomas Jefferson. Lovingston’s most historic African-American landmark is Bright Hope Baptist Church, which was built in 1870 for the freedmen and women living in Nelson. Present-day.",Experience,"Lovingstown, Virginia, as it was first named, began with a land grant and a need to build a courthouse and a county seat for the newly created Nelson County in 1809. The original 30 acres was donated by Mr. James Loving that same year and thus began the construction of this charming historic village. There were 49 lots parceled off in nearly equal measure and then sold. The lots were numbered for identification and were thereby known as those lot numbers.",Contact & Location,"Bright Hope Baptist Church, a historic African-American landmark in Lovingston that overlooks the village. The church was built along with a school in 1870 to serve the freed men and women of Nelson. The kept area has over 100 marked graves. Dinner Options in Lovingston include Vito’s Pizza & Italian Grill for classic and specialty pizzas and Italian entrees. El Mariachi Mexican Restaurant offers over one hundred menu choices and has a gift shop on-site.",Information,"Than a meal, head to Wood Ridge Farm Brewery, where a food truck is usually available. It’s a family-friendly place with plenty of outdoor activities. Want to know something interesting. The brewery and the bar were built out of wood from the property. If you’re lucky enough to have stopped by on the weekend, Visitors can enjoy live music there as well. S Outback Brew House is further south on Route 29 and also has wood fired pizza and live music."
42,Saunders Brothers Farm Market,saunders-brothers-farm-market,Farms & Orchards,experience,Piney River,"Saunders Brothers' farm market pairs homegrown peaches, apples, and nursery stock with a country shop featuring meats, baked goods, peach ice cream, and weekend events. Saunders Brothers Farm Market in Piney River brims with peaches, Asian pears, shrubs, wreaths, Homestead Creamery peach ice cream, and locally raised meats, plus weekly events, live music, and a farm museum for families.",,https://ik.imagekit.io/OE/nelson-county/listings/saunders-brothers-farm-market-image1_f1AEM7MxN,American flag waves outside rustic store with produce sign and wooden facade.,,,,,,,,https://www.saundersbrothers.com/,(434) 277-5455,"2717 Tye Brook Highway, Piney River, VA 22964",josh,,,https://www.google.com/maps/dir/?api=1&destination=2717%20Tye%20Brook%20Highway%2C%20Piney%20River%2C%20VA%2022964,Farm; Market; Desserts; Bakery; Local Ingredients; Family Friendly; Museum; Water Sports,false,https://www.google.com/maps/dir/?api=1&destination=2717%20Tye%20Brook%20Highway%2C%20Piney%20River%2C%20VA%2022964,,,,,,,,
133,Big Arms Farm,big-arms-farm,Farms & Orchards,community,Lovingston,"Market farm known for cut flowers, heirloom produce, and grass-fed beef with bouquets and specialty goods at the Nelson Farmers Market. Sustainably Grown Cut Flowers, Vegetables, Fruits & Grass Fed Beef Come visit us at the Nelson Farmers Market, where you can design your own beautiful bouquet, try unusual foods such as native paw paws, hickory smoked peppers and seedless che fruit or order a custom-made dried flower wreath. Educating consumers, turning them on to new foods and giving them the opportunity to connect and contribute not only to our local economy, but to global efforts re-building war torn communities around the world is what Big Arms Farm is all about. Lovingston is a great destination for history buffs as the Lovingston Historic District and the courthouse are both listed on the National Register of Historic Places. The original 30 acres was donated by Mr.",,https://ik.imagekit.io/OE/nelson-county/listings/big-arms-farm-image1_i2J6RcEih,Smiling couple under canopy surrounded by colorful flowers.,,,,,,,,,(434) 263-7015,"Nelson Farmers Market Cooperative, 868 Front Street, Lovingston, VA 22949",josh,,,https://www.google.com/maps/dir/?api=1&destination=Nelson%20Farmers%20Market%20Cooperative%2C%20868%20Front%20Street%2C%20Lovingston%2C%20VA%2022949,Market; Farm; Local Ingredients,false,https://www.google.com/maps/dir/?api=1&destination=Nelson%20Farmers%20Market%20Cooperative%2C%20868%20Front%20Street%2C%20Lovingston%2C%20VA%2022949,Menu & Offerings,"Lovingston is a great destination for history buffs as the Lovingston Historic District and the courthouse are both listed on the National Register of Historic Places. Lovingston was defined as a “courthouse town” after the Nelson County Courthouse was built. One claim to fame is that that town jail was designed by Thomas Jefferson. Lovingston’s most historic African-American landmark is Bright Hope Baptist Church, which was built in 1870 for the freedmen and women living in Nelson. Present-day.",Experience,"Lovingstown, Virginia, as it was first named, began with a land grant and a need to build a courthouse and a county seat for the newly created Nelson County in 1809. The original 30 acres was donated by Mr. James Loving that same year and thus began the construction of this charming historic village. There were 49 lots parceled off in nearly equal measure and then sold. The lots were numbered for identification and were thereby known as those lot numbers.",Contact & Location,"Bright Hope Baptist Church, a historic African-American landmark in Lovingston that overlooks the village. The church was built along with a school in 1870 to serve the freed men and women of Nelson. The kept area has over 100 marked graves. Dinner Options in Lovingston include Vito’s Pizza & Italian Grill for classic and specialty pizzas and Italian entrees. El Mariachi Mexican Restaurant offers over one hundred menu choices and has a gift shop on-site.",Information,"Than a meal, head to Wood Ridge Farm Brewery, where a food truck is usually available. It’s a family-friendly place with plenty of outdoor activities. Want to know something interesting. The brewery and the bar were built out of wood from the property. If you’re lucky enough to have stopped by on the weekend, Visitors can enjoy live music there as well. S Outback Brew House is further south on Route 29 and also has wood fired pizza and live music."
134,Caldwell Farms,caldwell-farms,Farms & Orchards,experience,Lovingston,"Appointment-only U-pick flower farm in Stagebridge offering curated seasonal blooms with private design sessions. You pick flower farm in beautiful Nelson County, VA. Lovingston is a great destination for history buffs as the Lovingston Historic District and the courthouse are both listed on the National Register of Historic Places. The original 30 acres was donated by Mr.",,https://ik.imagekit.io/OE/nelson-county/listings/caldwell-farms-image1_FWxJVDAqM,Colorful bouquet of flowers with green fields in the background.,,,,,,,,,(770) 401-0390,"394 Stagebridge Road, Lovingston, VA 24590",josh,,,https://www.google.com/maps/dir/?api=1&destination=394%20Stagebridge%20Road%2C%20Lovingston%2C%20VA%2024590,Seasonal Menu; Retail; Farm; Local Ingredients,false,https://www.google.com/maps/dir/?api=1&destination=394%20Stagebridge%20Road%2C%20Lovingston%2C%20VA%2024590,Menu & Offerings,"Lovingston is a great destination for history buffs as the Lovingston Historic District and the courthouse are both listed on the National Register of Historic Places. Lovingston was defined as a “courthouse town” after the Nelson County Courthouse was built. One claim to fame is that that town jail was designed by Thomas Jefferson. Lovingston’s most historic African-American landmark is Bright Hope Baptist Church, which was built in 1870 for the freedmen and women living in Nelson. Present-day.",Experience,"Lovingstown, Virginia, as it was first named, began with a land grant and a need to build a courthouse and a county seat for the newly created Nelson County in 1809. The original 30 acres was donated by Mr. James Loving that same year and thus began the construction of this charming historic village. There were 49 lots parceled off in nearly equal measure and then sold. The lots were numbered for identification and were thereby known as those lot numbers.",Contact & Location,"Bright Hope Baptist Church, a historic African-American landmark in Lovingston that overlooks the village. The church was built along with a school in 1870 to serve the freed men and women of Nelson. The kept area has over 100 marked graves. Dinner Options in Lovingston include Vito’s Pizza & Italian Grill for classic and specialty pizzas and Italian entrees. El Mariachi Mexican Restaurant offers over one hundred menu choices and has a gift shop on-site.",Information,"Than a meal, head to Wood Ridge Farm Brewery, where a food truck is usually available. It’s a family-friendly place with plenty of outdoor activities. Want to know something interesting. The brewery and the bar were built out of wood from the property. If you’re lucky enough to have stopped by on the weekend, Visitors can enjoy live music there as well. S Outback Brew House is further south on Route 29 and also has wood fired pizza and live music."
135,Davis Creek Farm,davis-creek-farm,Farms & Orchards,experience,Lovingston,"Holistic Davis Creek Farm raises heritage livestock on 60 mountain acres with farm stays, workshops, and by-appointment experiences. Davis Creek Farm is a sixty-acre working family farm located in a pristine hollow in the Blue Ridge Mountains of Virginia. Since 2001, we have served as an ethical, ecological and spiritual alternative to the industrial factory farm model of animal husbandry. Lovingston is a great destination for history buffs as the Lovingston Historic District and the courthouse are both listed on the National Register of Historic Places. The original 30 acres was donated by Mr.",,https://ik.imagekit.io/OE/nelson-county/listings/davis-creek-farm-image1_lUORCOvoM,"Horses grazing in a lush, green pasture with a forest background.",,,,,,,,,(434) 249-4333,"4670 Davis Creek Lane, Lovingston, VA 22949",josh,,,https://www.google.com/maps/dir/?api=1&destination=4670%20Davis%20Creek%20Lane%2C%20Lovingston%2C%20VA%2022949,Farm; Local Ingredients,false,https://www.google.com/maps/dir/?api=1&destination=4670%20Davis%20Creek%20Lane%2C%20Lovingston%2C%20VA%2022949,Menu & Offerings,"Lovingston is a great destination for history buffs as the Lovingston Historic District and the courthouse are both listed on the National Register of Historic Places. Lovingston was defined as a “courthouse town” after the Nelson County Courthouse was built. One claim to fame is that that town jail was designed by Thomas Jefferson. Lovingston’s most historic African-American landmark is Bright Hope Baptist Church, which was built in 1870 for the freedmen and women living in Nelson. Present-day.",Experience,"Lovingstown, Virginia, as it was first named, began with a land grant and a need to build a courthouse and a county seat for the newly created Nelson County in 1809. The original 30 acres was donated by Mr. James Loving that same year and thus began the construction of this charming historic village. There were 49 lots parceled off in nearly equal measure and then sold. The lots were numbered for identification and were thereby known as those lot numbers.",Contact & Location,"Bright Hope Baptist Church, a historic African-American landmark in Lovingston that overlooks the village. The church was built along with a school in 1870 to serve the freed men and women of Nelson. The kept area has over 100 marked graves. Dinner Options in Lovingston include Vito’s Pizza & Italian Grill for classic and specialty pizzas and Italian entrees. El Mariachi Mexican Restaurant offers over one hundred menu choices and has a gift shop on-site.",Information,"Than a meal, head to Wood Ridge Farm Brewery, where a food truck is usually available. It’s a family-friendly place with plenty of outdoor activities. Want to know something interesting. The brewery and the bar were built out of wood from the property. If you’re lucky enough to have stopped by on the weekend, Visitors can enjoy live music there as well. S Outback Brew House is further south on Route 29 and also has wood fired pizza and live music."
136,Deer Creek Farm,deer-creek-farm,Farms & Orchards,experience,Roseland,"Family cattle and lamb farm in Lowesville providing custom beef and lamb shares by whole, half, or quarter.",,https://ik.imagekit.io/OE/nelson-county/listings/deer-creek-farm-image1_qTXfWgAfq,Grilled steak sizzling on open flame with rosemary garnish.,,,,,,,,,(434) 277-9104,"3764 Lowesville Road, Lowesville, VA 22967",josh,,,https://www.google.com/maps/dir/?api=1&destination=3764%20Lowesville%20Road%2C%20Lowesville%2C%20VA%2022967,Order Pickup; Farm; Local Ingredients,false,https://www.google.com/maps/dir/?api=1&destination=3764%20Lowesville%20Road%2C%20Lowesville%2C%20VA%2022967,,,,,,,,
137,Edible Landscaping,edible-landscaping,Farms & Orchards,experience,Afton,"Nursery specializing in edible landscaping plants—fruit trees, berries, vines, and herbs—grown without herbicides and shipped nationwide. Located high in the foothills of the Blue Ridge Mountains, you'll find plants and trees that produce edible food – berries, nuts, fruits, herbs; items that we distribute worldwide. We use no herbicides on our plants. There’s something to do in Afton every season of the year.",,https://ik.imagekit.io/OE/nelson-county/listings/edible-landscaping-image1_nVFTmhRf7,Hand picking ripe blackberries from bush with green leaves.,,,,,,,,,(434) 361-9134,"361 Spirit Ridge Lane, Afton, VA 22920",josh,,,https://www.google.com/maps/dir/?api=1&destination=361%20Spirit%20Ridge%20Lane%2C%20Afton%2C%20VA%2022920,Organic; Order Pickup; Farm; Local Ingredients,false,https://www.google.com/maps/dir/?api=1&destination=361%20Spirit%20Ridge%20Lane%2C%20Afton%2C%20VA%2022920,Events & Activities,There’s something to do in Afton every season of the year.,Events & Activities,"And live music. Nelson 151’s wineries often include food pairing. If you’d like to do a little shopping, check out the Nelson 151 gift shops or take a short drive to the Rockfish Valley Community Center, a repurposed school building featuring local shops. Purchase a piece of Nelsonite, Virginia’s state rock, at The Virginia Rock Shop. If you’re into local art, check out the Rockfish Pottery Collective or the Rockfish River Gallery.",Events & Activities,"Live music performances, good food, and inventive, hand-crafted beverages. If you’re planning on spending a hot summer day in Afton, check out the Nelson Farmer’s Market Cooperative one Saturday. Local vendors gather there to sell fresh produce and hand-crafted goodies. Often, there’s live music. Nelson’s wineries make for an excellent day trip as well.",Events & Activities,"And enjoy great food at Blue Mountain. If your taste runs a bit sweeter, try a cider or two at Bryant’s Small Batch, Blue Toad Hard Cider, or Bold Rock Hard Cider. Like the hard stuff better. Head over to Silverback Distillery or Devils Backbone Distillery for a mixed drink and bring home a bottle of bourbon, vodka, whiskey, or gin. If you’re in Nelson celebrating Halloween, you’re in luck."
138,Fitzgerald Farms,fitzgerald-farms,Farms & Orchards,experience,Arrington,"Fitzgerald Farms roadside stand offering summer sweet corn, fall pumpkin picking, and wholesale produce from the Rockfish Valley. Pick-Your-Own Pumpkins during the fall season and sweet corn during the summer. Also offering quality wholesale pumpkins, corn, soybeans and sod.",,https://ik.imagekit.io/OE/nelson-county/listings/fitzgerald-farms-image1_XtoAg2MWJ,"Child sitting among numerous bright orange pumpkins, wearing pink overalls.",,,,,,,,,(434) 277-8047,"4850 Tye Brook Highway, Arrington, VA 22922",josh,,,https://www.google.com/maps/dir/?api=1&destination=4850%20Tye%20Brook%20Highway%2C%20Arrington%2C%20VA%2022922,Farm; Desserts; Fishing,false,https://www.google.com/maps/dir/?api=1&destination=4850%20Tye%20Brook%20Highway%2C%20Arrington%2C%20VA%2022922,,,,,,,,
139,Fitzgerald's Orchard,fitzgeralds-orchard,Farms & Orchards,experience,Tyro,"Family orchard near Tyro selling bushels of classic Virginia apples including Fuji, Rome, and Pink Lady each harvest season. Red and Golden Delicious, Gala, Rome, Granny Smith, Fuji and Pink Lady's apples available in season.",,https://ik.imagekit.io/OE/nelson-county/listings/fitzgerald-s-orchard-image1_NO_6fucxa,Red and yellow apples on leafy tree branch under blue sky.,,,,,,,,,(434) 277-5798,"728 Harpers Creek Lane, Tyro, VA 22976",josh,,,https://www.google.com/maps/dir/?api=1&destination=728%20Harpers%20Creek%20Lane%2C%20Tyro%2C%20VA%2022976,Seasonal Menu; Farm; Scenic Views; Local Ingredients,false,https://www.google.com/maps/dir/?api=1&destination=728%20Harpers%20Creek%20Lane%2C%20Tyro%2C%20VA%2022976,,,,,,,,
141,Hungry Hill Farm,hungry-hill-farm,Farms & Orchards,experience,Shipman,"Honey-centric Hungry Hill Farm offering raw honey, bee supplies, mushroom workshops, and farm tours by appointment. Our farm is open year around for visitors and groups. Come learn about beekeeping or growing your own mushrooms.",,https://ik.imagekit.io/OE/nelson-county/listings/hungry-hill-farm-image1_N-4ZiI8f5,"Bee sipping liquid from glass rim, close-up, detailed, blurred background.",,,,,,,,,(434) 263-5336,"89 Williamstown Road, Shipman, VA 22971",josh,,,https://www.google.com/maps/dir/?api=1&destination=89%20Williamstown%20Road%2C%20Shipman%2C%20VA%2022971,Farm; Retail,false,https://www.google.com/maps/dir/?api=1&destination=89%20Williamstown%20Road%2C%20Shipman%2C%20VA%2022971,,,,,,,,
143,Lost Point Farm,lost-point-farm,Farms & Orchards,community,Arrington,Small herb and produce farm perched over the Tye River supplying chemical-free harvests to the Arrington community by appointment. All herbs and produce are grown without the use of synthetic fertilizers or pesticides for our friends and neighbors in Arrington and the close surrounding area.,,https://ik.imagekit.io/OE/nelson-county/listings/lost-point-farm-image1_ysMce9Xxm,White flowers in front of wooden cabin surrounded by lush greenery.,,,,,,,,,(434) 263-7015,"Arrington, VA 22922",josh,,,https://www.google.com/maps/dir/?api=1&destination=Arrington%2C%20VA%2022922,Order Pickup; Scenic Views; Farm; Local Ingredients; Water Sports,false,https://www.google.com/maps/dir/?api=1&destination=Arrington%2C%20VA%2022922,,,,,,,,
145,Pharsalia,pharsalia,Farms & Orchards,experience,Tyro,"Historic 1814 Pharsalia estate hosting weddings, group tours, and floral workshops amid working orchards at the foot of de Priest Mountain. Built in 1814 at the foot of de Priest Mountain in Nelson County, Virginia, by William Massie, Pharsalia commands stunning views and is surrounded by original outbuildings and lovely gardens. Pharsalia is rich in history with a picturesque setting like no other and is on the National Register of Historic Place and the Virginia Landmarks Register.",,https://ik.imagekit.io/OE/nelson-county/listings/pharsalia-image1_cVhWdTBSo,"White house surrounded by colorful trees, with mountains in the background.",,,,,,,,,(434) 277-5231,"2333 Pharsalia Road, Tyro, VA 22976",josh,,,https://www.google.com/maps/dir/?api=1&destination=2333%20Pharsalia%20Road%2C%20Tyro%2C%20VA%2022976,Events; Farm; Scenic Views; Retail; Local Ingredients,false,https://www.google.com/maps/dir/?api=1&destination=2333%20Pharsalia%20Road%2C%20Tyro%2C%20VA%2022976,,,,,,,,
146,Robinia Institute,robinia-institute,Farms & Orchards,experience,Wingina,"Robinia Institute at Timshel Wildland offers regenerative agriculture education, grazing intensives, and consulting on a 400-acre conservation site. FROM THE SOUL TO THE SOIL Reawakening the Wild Founded in 2017 as the educational and consulting center of Timshel Wildland, a 400-acre process-led & emergent conservation landscape in Virginia, Robinia's mission is to advocate, educate, and demonstrate the abundance, joy, and regenerative power of holistically managed and wild living systems.",,https://ik.imagekit.io/OE/nelson-county/listings/robinia-institute-image1_neYzCA4xW,Person in hat tending plants in a lush green field.,,,,,,,,,(330) 310-1475,"530 James River Road, Wingina, VA 24599",josh,,,https://www.google.com/maps/dir/?api=1&destination=530%20James%20River%20Road%2C%20Wingina%2C%20VA%2024599,Educational; Retail; Farm; Local Ingredients,false,https://www.google.com/maps/dir/?api=1&destination=530%20James%20River%20Road%2C%20Wingina%2C%20VA%2024599,,,,,,,,
147,Rose Isle Farm,rose-isle-farm,Farms & Orchards,experience,Roseland,"Rose Isle Farm partners with Blue Mountain Barrel House to raise 'beer-fed' beef on pasture, offering direct sales by appointment. At the foot of the Blue Ridge Mountains in Roseland, Virginia, Massie and Joyce Saunders of Rose Isle Farm raise beef with a difference – Beer Beef. The cattle at Rose Isle Farm are fed spent mash from Blue Mountain Barrel House Brewery, a perfect marriage of recycling and animal husbandry for Rose Isle Farm and this local Nelson County brewery.",,https://ik.imagekit.io/OE/nelson-county/listings/rose-isle-farm-image1_t283CgSR-,"Farm with silo, red roofs, green fields, and hazy mountains in the background.",,,,,,,,,(434) 277-8574,"329 Crabtree Falls Highway, Roseland, VA 22967",josh,,,https://www.google.com/maps/dir/?api=1&destination=329%20Crabtree%20Falls%20Highway%2C%20Roseland%2C%20VA%2022967,Beer; Farm; Local Ingredients; Tastings,false,https://www.google.com/maps/dir/?api=1&destination=329%20Crabtree%20Falls%20Highway%2C%20Roseland%2C%20VA%2022967,,,,,,,,
148,Seamans' Orchard,seamans-orchard,Farms & Orchards,experience,Roseland,"Fourth-generation Seamans' Orchard with pick-your-own strawberries, blueberries, cherries, and weekend fall apple events in Roseland. Nestled at the foot of the Blue Ridge Mountains, Seamans' Orchard is a fourth generation farm. The farm grows the finest apples, blueberries, cherries, and strawberries mother nature will allow.",,https://ik.imagekit.io/OE/nelson-county/listings/seamans-orchard-image1__NNqdOH0h,"Cherries, blueberries, strawberries in clear containers on a wooden table.",,,,,,,,,(434) 277-8130,"415 Dark Hollow Road, Roseland, VA 22967",josh,,,https://www.google.com/maps/dir/?api=1&destination=415%20Dark%20Hollow%20Road%2C%20Roseland%2C%20VA%2022967,Farm; Market; Scenic Views; Family Friendly,false,https://www.google.com/maps/dir/?api=1&destination=415%20Dark%20Hollow%20Road%2C%20Roseland%2C%20VA%2022967,,,,,,,,
149,Silver Creek and Seamans' Orchards,silver-creek-and-seamans-orchards,Farms & Orchards,experience,Roseland,"Silver Creek & Seamans' Orchards packing shed selling heirloom apple varieties plus cider, apple butter, honey, and pumpkins. The packing shed offers Empire, Gala, Jonathan, Red and Golden Delicious, York, Winesap, Red Rome, Stayman, Pippin, Jonagold and Pink Lady apples. Also apple butter, cider, honey, jellies, and pumpkins.",,https://ik.imagekit.io/OE/nelson-county/listings/silver-creek-and-seamans-orchards-image1_pv2iDWEdx,Crates of colorful apples displayed inside a rustic market setting.,,,,,,,,,(434) 277-5824,"5529 Crabtree Falls Highway, Tyro, VA 22976",josh,,,https://www.google.com/maps/dir/?api=1&destination=5529%20Crabtree%20Falls%20Highway%2C%20Tyro%2C%20VA%2022976,Cider; Local Ingredients; Events; Farm; Tastings,false,https://www.google.com/maps/dir/?api=1&destination=5529%20Crabtree%20Falls%20Highway%2C%20Tyro%2C%20VA%2022976,,,,,,,,
150,Silver Creek Orchards,silver-creek-orchards,Farms & Orchards,experience,Tyro,"Seventh-generation Silver Creek Orchards opens for pick-your-own apples on select weekends with more than 20 varieties and scenic mountain views. Silver Creek Orchards is a seventh generation family owned farm that offers over 20 varieties of apples, as well as wine grapes and beef cattle. Open for Pick-your-own on second weekend in September and second weekend in October.",,https://ik.imagekit.io/OE/nelson-county/listings/silver-creek-orchards-image1_jTNIexbgs,"Crates filled with red apples in sunlight, stacked outdoors.",,,,,,,,,(434) 277-5865,"3679 Pharsalia Road, Tyro, VA 22976",josh,,,https://www.google.com/maps/dir/?api=1&destination=3679%20Pharsalia%20Road%2C%20Tyro%2C%20VA%2022976,Farm; Family Friendly; Scenic Views; Events,false,https://www.google.com/maps/dir/?api=1&destination=3679%20Pharsalia%20Road%2C%20Tyro%2C%20VA%2022976,,,,,,,,
151,Silver Fox Lavender Farm,silver-fox-lavender-farm,Farms & Orchards,experience,Nellysford,"Silver Fox Lavender Farm hosts June lavender festival weekends, farm workshops, yoga, and a barn venue for micro weddings and events. Selling lavender products, as well as home & garden, handmade wooden farm tables, mantles, and benches. Our annual Lavender Festival will be held in June when our lavender field is in full bloom!",,https://ik.imagekit.io/OE/nelson-county/listings/silver-fox-lavender-farm-image1_OhRtsVHYZ,Barn and field under cloudy sky with mountain in background.,,,,,,,,,(540) 903-2750,"877 Glenthorne Loop, Nellysford, VA 22958",josh,,,https://www.google.com/maps/dir/?api=1&destination=877%20Glenthorne%20Loop%2C%20Nellysford%2C%20VA%2022958,Events; Farm; Retail,false,https://www.google.com/maps/dir/?api=1&destination=877%20Glenthorne%20Loop%2C%20Nellysford%2C%20VA%2022958,,,,,,,,
152,The Apple Shed,the-apple-shed,Farms & Orchards,experience,Lovingston,"Roadside Apple Shed market south of Lovingston selling apples, pumpkins, fruit butters, oysters, and holiday trees plus small chapel weddings. Get fresh, local apples and pumpkins. Fuji, old-fashioned Winesap, Stamens and many others. Lovingston is a great destination for history buffs as the Lovingston Historic District and the courthouse are both listed on the National Register of Historic Places. The original 30 acres was donated by Mr.",,https://ik.imagekit.io/OE/nelson-county/listings/the-apple-shed-image1_qF6IcNkNQ,"Red sign with white apple design, text reads 'The Apple Shed.'",,,,,,,,,(434) 263-8843,"14815 Thomas Nelson Highway, Lovingston, VA 22949",josh,,,https://www.google.com/maps/dir/?api=1&destination=14815%20Thomas%20Nelson%20Highway%2C%20Lovingston%2C%20VA%2022949,Market; Seasonal Menu; Local Ingredients; Farm,false,https://www.google.com/maps/dir/?api=1&destination=14815%20Thomas%20Nelson%20Highway%2C%20Lovingston%2C%20VA%2022949,Menu & Offerings,"Lovingston is a great destination for history buffs as the Lovingston Historic District and the courthouse are both listed on the National Register of Historic Places. Lovingston was defined as a “courthouse town” after the Nelson County Courthouse was built. One claim to fame is that that town jail was designed by Thomas Jefferson. Lovingston’s most historic African-American landmark is Bright Hope Baptist Church, which was built in 1870 for the freedmen and women living in Nelson. Present-day.",Experience,"Lovingstown, Virginia, as it was first named, began with a land grant and a need to build a courthouse and a county seat for the newly created Nelson County in 1809. The original 30 acres was donated by Mr. James Loving that same year and thus began the construction of this charming historic village. There were 49 lots parceled off in nearly equal measure and then sold. The lots were numbered for identification and were thereby known as those lot numbers.",Contact & Location,"Bright Hope Baptist Church, a historic African-American landmark in Lovingston that overlooks the village. The church was built along with a school in 1870 to serve the freed men and women of Nelson. The kept area has over 100 marked graves. Dinner Options in Lovingston include Vito’s Pizza & Italian Grill for classic and specialty pizzas and Italian entrees. El Mariachi Mexican Restaurant offers over one hundred menu choices and has a gift shop on-site.",Information,"Than a meal, head to Wood Ridge Farm Brewery, where a food truck is usually available. It’s a family-friendly place with plenty of outdoor activities. Want to know something interesting. The brewery and the bar were built out of wood from the property. If you’re lucky enough to have stopped by on the weekend, Visitors can enjoy live music there as well. S Outback Brew House is further south on Route 29 and also has wood fired pizza and live music."
153,Tinkerland Farm,tinkerland-farm,Farms & Orchards,experience,Roseland,"Chestnut-focused Tinkerland Farm sells pre-picked and pick-your-own chestnuts along Route 151 each October in Roseland. Tinkerland Farm is a family farm located across the road from Bryant Ln on Rt 151 in Nelson County, Virginia. It is named after the late Tinker Bryant(Frank George Jr.) who lived on Bryant Ln and worked as the rural letter carrier out of Roseland postoffice for many years.",,https://ik.imagekit.io/OE/nelson-county/listings/tinkerland-farm-image1_GJCn3JIgk,Roasted chestnuts with golden interior on blue background.,,,,,,,,,(434) 277-3600,"Bryant Lane & Route 151, Roseland, VA 22967",josh,,,https://www.google.com/maps/dir/?api=1&destination=Bryant%20Lane%20%26%20Route%20151%2C%20Roseland%2C%20VA%2022967,Farm; Seasonal Menu; Family Friendly; Local Ingredients,false,https://www.google.com/maps/dir/?api=1&destination=Bryant%20Lane%20%26%20Route%20151%2C%20Roseland%2C%20VA%2022967,,,,,,,,
154,Turnip the Beets Farm,turnip-the-beets-farm,Farms & Orchards,community,Gladstone,"Turnip the Beets Farm grows chemical-free flowers and produce, offering CSA deliveries, farmers market booths, and event florals. Our small farm business is owned and operated by Shane and Beverly Spanninger. A couple of love birds that decided to turn their dreams of sustainable farming and living into their reality.",,https://ik.imagekit.io/OE/nelson-county/listings/turnip-the-beets-farm-image1_V-DMMdF30q,Assorted colorful tomatoes in blue cartons at a market.,,,,,,,,,(434) 944-9467,"110 Boltons Place, Gladstone, VA 24553",josh,,,https://www.google.com/maps/dir/?api=1&destination=110%20Boltons%20Place%2C%20Gladstone%2C%20VA%2024553,Market; Events; Farm; Local Ingredients,false,https://www.google.com/maps/dir/?api=1&destination=110%20Boltons%20Place%2C%20Gladstone%2C%20VA%2024553,,,,,,,,
155,Virginia Chestnuts,virginia-chestnuts,Farms & Orchards,experience,Shipman,"Virginia Chestnuts orchard in Shipman producing locally grown nuts and value-added chestnut products for seasonal pickup. We're providers of quality, Virginia-grown chestnuts, located in beautiful Nelson County. Our orchard is maturing and so is our production.",,https://ik.imagekit.io/OE/nelson-county/listings/virginia-chestnuts-image1_ZMRjy4HK4,"Young trees in a grassy field, mountains in the background under blue sky.",,,,,,,,,(434) 277-3600,"5990 Wheeler Cove Road, Shipman, VA 22971",josh,,,https://www.google.com/maps/dir/?api=1&destination=5990%20Wheeler%20Cove%20Road%2C%20Shipman%2C%20VA%2022971,Farm; Seasonal Menu; Family Friendly; Local Ingredients,false,https://www.google.com/maps/dir/?api=1&destination=5990%20Wheeler%20Cove%20Road%2C%20Shipman%2C%20VA%2022971,,,,,,,,
171,Mars Knob Farm,marsknob,Farms & Orchards,experience,Roseland,"Mars Knob Farm produces small-batch, chemical-free pantry goods and apothecary items from a historic Roseland homestead. It was built in the 1800s and sits on 200+ acres in Roseland, VA.",,https://ik.imagekit.io/OE/nelson-county/listings/mars-knob-farm-image1_-aoc7JgX_,"Floral emblem with text 'MARS KNOB FARM, NATURE & BEAUTY' on beige background.",,,,,,,,,,"Roseland, VA 22967",WG,,,https://www.google.com/maps/dir/?api=1&destination=Roseland%2C%20VA%2022967,Farm; Family Friendly; Local Ingredients,false,https://www.google.com/maps/dir/?api=1&destination=Roseland%2C%20VA%2022967,,,,,,,,
271,Eventide Farm,eventidefarm,Farms & Orchards,experience,Afton,"Eventide Farm operates a farm stand in Afton offering seasonal flowers, produce, baked goods, eggs, herbs, soaps, and candles. Small farm and Farm Stand in Nelson County Virginia. Flowers, produce, plants, baked goods, farm fresh eggs, herbs, soap, candles. There’s something to do in Afton every season of the year.",,https://ik.imagekit.io/OE/nelson-county/listings/eventide-farm-image1_UJELFrlDR,Family at pumpkin stand with holiday candles under white tent.,,,,,,,,,(540) 705-3244,"11254 Rockfish Valley Highway, Afton, VA 22920",WG,,,https://www.google.com/maps/dir/?api=1&destination=11254%20Rockfish%20Valley%20Highway%2C%20Afton%2C%20VA%2022920,Farm; Market; Seasonal Menu; Bakery; Baked Goods; Local Ingredients,false,https://www.google.com/maps/dir/?api=1&destination=11254%20Rockfish%20Valley%20Highway%2C%20Afton%2C%20VA%2022920,Events & Activities,There’s something to do in Afton every season of the year.,Events & Activities,"And live music. Nelson 151’s wineries often include food pairing. If you’d like to do a little shopping, check out the Nelson 151 gift shops or take a short drive to the Rockfish Valley Community Center, a repurposed school building featuring local shops. Purchase a piece of Nelsonite, Virginia’s state rock, at The Virginia Rock Shop. If you’re into local art, check out the Rockfish Pottery Collective or the Rockfish River Gallery.",Events & Activities,"Live music performances, good food, and inventive, hand-crafted beverages. If you’re planning on spending a hot summer day in Afton, check out the Nelson Farmer’s Market Cooperative one Saturday. Local vendors gather there to sell fresh produce and hand-crafted goodies. Often, there’s live music. Nelson’s wineries make for an excellent day trip as well.",Events & Activities,"And enjoy great food at Blue Mountain. If your taste runs a bit sweeter, try a cider or two at Bryant’s Small Batch, Blue Toad Hard Cider, or Bold Rock Hard Cider. Like the hard stuff better. Head over to Silverback Distillery or Devils Backbone Distillery for a mixed drink and bring home a bottle of bourbon, vodka, whiskey, or gin. If you’re in Nelson celebrating Halloween, you’re in luck."
273,Deep Sea Pete's Creekside Farm,deep-sea-petes-creekside-farm,Farms & Orchards,experience,Roseland,"Deep Sea Pete's Creekside Farm cultivates culinary mushrooms on logs and raised beds, supplying fresh harvests from Lovingston's Perry Lane. Schedule a farm visit with Deep Sea Pete to see how log inoculation, shade houses, and raised beds turn oak bolts into fresh culinary mushrooms. Orders can be picked up right on Perry Lane, making it easy to take chef-ready harvests back to your Nelson County kitchen.",,https://ik.imagekit.io/OE/nelson-county/listings/deep-sea-pete-s-creekside-farm-image1_jdX269gOR,"Basket of mushrooms on wooden slats, stream in background.",,https://ik.imagekit.io/OE/nelson-county/listings/deep-sea-pete-s-creekside-farm-image2_L7RgwL-GO,Assorted mushrooms with herbs on woven basket and wooden surface.,,,,,,(757) 560-8996,"1219 Perry Lane, Lovingston, VA 22949",WG,,,https://www.google.com/maps/dir/?api=1&destination=1219%20Perry%20Lane%2C%20Lovingston%2C%20VA%2022949,Farm; Local Ingredients,false,https://www.google.com/maps/dir/?api=1&destination=1219%20Perry%20Lane%2C%20Lovingston%2C%20VA%2022949,,,,,,,,
276,Gathered Threads,gathered,Farms & Orchards,experience,Roseland,"Gathered Threads is a six-acre family farm growing sustainably raised flowers and botanicals without pesticides, supplying markets and workshops in Nelson County. Gathered Threads is a small family farm-based business located on 6 acres in Nelson County, Virginia. Though not yet certified organic, we are personally dedicated to growing all plants sustainably without the use of any pesticides, insecticides, or chemical fertilizers.",,https://ik.imagekit.io/OE/nelson-county/listings/gathered-threads-image1_FeSRjOoNK,Vegetable garden with rows of greenery and two greenhouses in the background.,,,,,,,,,,"1127 Jennys Creek Road, Roseland, VA 22967",WG,,,https://www.google.com/maps/dir/?api=1&destination=1127%20Jennys%20Creek%20Road%2C%20Roseland%2C%20VA%2022967,Market; Retail; Farm; Local Ingredients,false,https://www.google.com/maps/dir/?api=1&destination=1127%20Jennys%20Creek%20Road%2C%20Roseland%2C%20VA%2022967,,,,,,,,
283,Galleywinter Farm,galleywinter,Farms & Orchards,experience,Afton,"Galleywinter Farm in Afton hosts health retreats, equine therapy, horsemanship lessons, yoga, and creative residencies on a pastoral horse farm. Nutrition, fitness, stress management, communication and relationship-building, body-wise approaches to alignment, sovereignty and empowerment; horse-wise sessions to become more aware of your persona.",,https://ik.imagekit.io/OE/nelson-county/listings/galleywinter-farm-image1_RGBNG08oV,"Farm sign on rustic wooden post, surrounded by pink flowers and greenery.",,https://ik.imagekit.io/OE/nelson-county/listings/galleywinter-farm-image2_r9qXWOU9ke,"Bathtub with rose petals in forest, surrounded by green trees.",,https://ik.imagekit.io/OE/nelson-county/listings/galleywinter-farm-image3_CyJ4_PP99,"Wooden room with bed, rocking chairs, table, and natural light through large windows.",,,,"Afton, VA 22920",WG,,,https://www.google.com/maps/dir/?api=1&destination=Afton%2C%20VA%2022920,Farm; Equestrian; Local Ingredients,false,https://www.google.com/maps/dir/?api=1&destination=Afton%2C%20VA%2022920,Events & Activities,"Galleywinter Farm is a sanctuary for healing, horsemanship and creative process. At the base of the Blue Ridge Mountains in Afton, Virginia, this working horse farm provides private and pastoral surroundings so conducive to the health and nutrition counseling, lessons in horsemanship, equine therapy, and nature therapy that take place here. we're so pleased to provide beautiful workspaces, healthy meals and sleeping accommodations for your Restorative Stay, your Creative or Educational Retreats.",About,"Nutrition, fitness, stress management, communication and relationship-building, body-wise approaches to alignment, sovereignty and empowerment; horse-wise sessions to become more aware of your personal space, your influence within and around you, emotional states and co-regulating.",Events & Activities,*Lodging descriptions are provided by the host and not independently verified.,Contact & Location,"Gail Todter, Ph. D, gail@leadingforth. Com Staff on Site. No Pet-Friendly. No Find us at Afton."
383,Queen Oaks Farm,queenoaksfarm,Farms & Orchards,experience,Schuyler,"Queen Oaks Farm (L&B Farms) in Schuyler offers sourdough baked goods and handmade Nigerian Dwarf goat milk soaps from a small homestead. Thanks for visiting us here at L&B Farms. My name is Lauren Shifflett, and my husband and I manage our small farm here in Schuyler, Virginia. S during the Great Depression. Those who travel to Schuyler are encouraged to visit The Walton’s Mountain Museum. Schuyler’s forests bloom in the springtime; the rural roadways make for a gorgeous spring drive.",,https://ik.imagekit.io/OE/nelson-county/listings/queen-oaks-farm-image1_fuxgxACcR,"Pumpkin-shaped bread with a cinnamon stick stem, held in hand.",,,,,,,,,,"Schuyler, VA 22969",WG,,,https://www.google.com/maps/dir/?api=1&destination=Schuyler%2C%20VA%2022969,Bakery; Baked Goods; Farm; Local Ingredients; Market,false,https://www.google.com/maps/dir/?api=1&destination=Schuyler%2C%20VA%2022969,Information,S during the Great Depression. Those who travel to Schuyler are encouraged to visit The Walton’s Mountain Museum.,Menu & Offerings,"Schuyler’s forests bloom in the springtime; the rural roadways make for a gorgeous spring drive. If you’re traveling through Schuyler or want to plan a full day, start with The Walton’s Mountain Museum. The museum itself is in Hamner’s boyhood school. Displays include replicas of “The Walton’s” sets, hundreds of memorabilia items, and photographs. Next, check out Walton Hamner House, located across from the museum. Join the guided tour inside John-Boy Walton’s childhood home. The house has been.",About,"The history of Nelson County, check out The Walton’s Mountain Museum to learn more about the hit show,“The Waltons.” Another option for a history lesson stands in Arrington off Route 29. At the Oakland Museum, Visitors can view an exhibit on The Rural Electrification Act, part of Roosevelt’s New Deal. Traveling teachers and students will enjoy the exhibit depicting the history of the area schools.",Experience,"Every fall, visitors travel to Nelson County to take in the sight of the Blue Ridge Mountains. The gorgeous autumn colors reach their peak mid- to late October each year. Fall’s crisp mornings, pleasant daytime temperatures, and nearly-chilly nights make Nelson a perfect outdoor destination, but there are plenty of cozy indoor amenities as well. A fall day trip to the Schuyler area proves rewarding to the amateur geologist."
384,Three Trees Farm,threetreesfarm,Farms & Orchards,experience,Nelson 29,"Three Trees Farm cultivates organic vegetables and pasture-raised meats on Walkers Mountain, practicing regenerative agriculture and partnering with neighboring farms, orchards, and restaurants to deliver fresh, seasonal products to Nelson County markets. Our story is deeply rooted in our love for nature and sustainable farming practices. We are dedicated to providing the freshest and highest quality produce and meats to our customers. The county is conveniently located between Lynchburg and Charlottesville, so every year thousands of people pass through Nelson to rest. Luckily, there are plenty of things for visitors to do along Route 29 in Nelson.",,https://ik.imagekit.io/OE/nelson-county/listings/three-trees-farm-image1_fJWvUI8kJ,Silhouette of three trees and mountains on orange circular background.,,https://ik.imagekit.io/OE/nelson-county/listings/three-trees-farm-image2_O2cJxikgn,People sorting vegetables on tables against red wooden barn.,,,,,,(571) 268-0478,"Walkers Mountain, Arrington, VA",WG,,,https://www.google.com/maps/dir/?api=1&destination=Walkers%20Mountain%2C%20Arrington%2C%20VA,Organic; Scenic Views; Local Ingredients; Farm,false,https://www.google.com/maps/dir/?api=1&destination=Walkers%20Mountain%2C%20Arrington%2C%20VA,Experience,"The county is conveniently located between Lynchburg and Charlottesville, so every year thousands of people pass through Nelson to rest. Luckily, there are plenty of things for visitors to do along Route 29 in Nelson. The county’s newest craft beverage trail, Nelson 29 stretches 20 miles between Blue Mountain Barrel House in Arrington and Mountain and Vine Winery in Faber.",Menu & Offerings,"Nelson county is a patchwork of bright green and pastel flowers in the springtime. Driving through the county along Route 29 is beautiful any time of the year, but the pops of color along the highway make spring a special time to stop and stretch your legs in Nelson County. In fact, if you travel up 29 North, you could stop at the SPCA and adopt a friend on your way out of Nelson. Make an appointment and stop by the Nelson Heritage Center and explore the African-American history exhibit.",About,"The history of Nelson County, stop in at the Oakland Museum, home to the Hurricane Camille Resource Center. In 1969, more than 27 inches of rain fell in 6 hours and caused devastating flooding within the county. To further experience the history of Hurricane Camille, ask for the Points of Interest Map at the museum or at the Nelson County Visitors Center. The Oakland Museum also features exhibits on the New Deal Rural Electrification Project and an 18th century tavern room.",Events & Activities,"Every fall, and offers baked goods, honey, apple butter, hams, flowers, and of course- orchard fruits and fresh vegetables."
105,Fishing the Tye River,fishing-the-tye-river,Fishing,outdoor,Tyro,"Tye River fishery stocked with trout and home to smallmouth bass, offering roadside access along Route 56 and scenic Blue Ridge runs. Fishing the Tye River rewards anglers with smallmouth bass, bluegill, and stocked trout (October–May) along the 35-mile tributary fed by the Piney and Buffalo rivers—bring waders for fly fishing runs and check DWR trout schedules. Midway Concrete Ramp (In James River WMA off Rt.",,https://ik.imagekit.io/OE/nelson-county/listings/fishing-the-tye-river-image1_abPBDA5QU,"Person holding brown trout over water surface, visible scales and spots.",,,,,,,,,(434) 263-7015,"Route 56 River Access, Tyro, VA 22976",josh,,,https://www.google.com/maps/dir/?api=1&destination=Route%2056%20River%20Access%2C%20Tyro%2C%20VA%2022976,Scenic Views; Water Sports; Fishing,false,https://www.google.com/maps/dir/?api=1&destination=Route%2056%20River%20Access%2C%20Tyro%2C%20VA%2022976,James River - Nelson County Access Points,"Midway Concrete Ramp (In James River WMA off Rt. 743; Northeast of Wingina) Wingina Concrete Ramp (Rt. 56, South of Wingina) James River State Park Boat Ramp and also a Canoe/Livery Landing BENT CREEK TO WINGINA: Distance: 12. 4 miles 800-933-PARK Camping, Cabins, Boat Access, Hiking Trails, Fishing The concrete ramp at Bent Creek is best suited for canoes or small boats and is located just upstream from the Route 60 bridge.",Other Ponds & Lakes,Visit www. Dwr. Virginia. Gov for fishing rules and regulations for access and fishing in these ponds and lake areas. Permission may need to be obtained from private property owners in advance. Baldwin Pond (Waynesboro East) Davis Pond (Shipman area) Fish Pond (Lake) (Howardsville area) Hamilton Lake (Lovingston area) Ramsay Knox Pond (Howardsville area) Saunders Pond (Arrington area) Stevens Lake (Arrington area) The Montebello Fish Hatchery is a few minutes west of Crabtree Falls (off Rt.,Virginia Fishing Licenses & Access Permits,"License Fees, Information and Requirements The quickest and easiest way to obtain a fishing or hunting license or access permit is to PURCHASE IT ONLINE. Just select the license(s) you want, pay with your VISA™ or Master Card™, and you’re on your way. You print your licenses after you pay, so there’s no waiting.",Experience,"Options include the Tye River, the James River and the Rockfish River (Virginia Fish and Wildlife Licensing required). Visit the Department of Wildlife Resources for fishing rules & regulations."
106,Fishing the James River,fishing-the-james-river,Fishing,outdoor,Wingina,"James River angling stretches near Wingina with prime smallmouth runs, catfish hotspots, and ramps at Midway, Wingina, and the state park. Fishing the James River means chasing smallmouth bass, flathead and channel catfish, and panfish from Botetourt County through Nelson's border, with both mountain and Piedmont stretches producing year-round action. Midway Concrete Ramp (In James River WMA off Rt.",,https://ik.imagekit.io/OE/nelson-county/listings/fishing-the-james-river-image1_acFgJjgeQ,Hand holding largemouth bass with lake and trees in background.,,,,,,,,,(434) 933-4355,"Midway Boat Ramp, 106 Midway Lane, Wingina, VA 24599",josh,,,https://www.google.com/maps/dir/?api=1&destination=Midway%20Boat%20Ramp%2C%20106%20Midway%20Lane%2C%20Wingina%2C%20VA%2024599,Boating; Fishing; Water Sports,true,https://www.google.com/maps/dir/?api=1&destination=Midway%20Boat%20Ramp%2C%20106%20Midway%20Lane%2C%20Wingina%2C%20VA%2024599,James River - Nelson County Access Points,"Midway Concrete Ramp (In James River WMA off Rt. 743; Northeast of Wingina) Wingina Concrete Ramp (Rt. 56, South of Wingina) James River State Park Boat Ramp and also a Canoe/Livery Landing BENT CREEK TO WINGINA: Distance: 12. 4 miles 800-933-PARK Camping, Cabins, Boat Access, Hiking Trails, Fishing The concrete ramp at Bent Creek is best suited for canoes or small boats and is located just upstream from the Route 60 bridge.",Other Ponds & Lakes,Visit www. Dwr. Virginia. Gov for fishing rules and regulations for access and fishing in these ponds and lake areas. Permission may need to be obtained from private property owners in advance. Baldwin Pond (Waynesboro East) Davis Pond (Shipman area) Fish Pond (Lake) (Howardsville area) Hamilton Lake (Lovingston area) Ramsay Knox Pond (Howardsville area) Saunders Pond (Arrington area) Stevens Lake (Arrington area) The Montebello Fish Hatchery is a few minutes west of Crabtree Falls (off Rt.,Virginia Fishing Licenses & Access Permits,"License Fees, Information and Requirements The quickest and easiest way to obtain a fishing or hunting license or access permit is to PURCHASE IT ONLINE. Just select the license(s) you want, pay with your VISA™ or Master Card™, and you’re on your way. You print your licenses after you pay, so there’s no waiting.",Experience,"Options include the Tye River, the James River and the Rockfish River (Virginia Fish and Wildlife Licensing required). Visit the Department of Wildlife Resources for fishing rules & regulations."
107,Fishing the Little Piney River,fishing-the-little-piney-river,Fishing,outdoor,Lowesville,"Little Piney River access near Lowesville with bass and bluegill, plus proximity to Woodson's Mill and scenic Route 666 backroads. The Little Piney River near Lowesville hides bass and bluegill at the junction of Routes 666 and 778; verify access and licenses with DWR before casting into this quiet mountain stream. Midway Concrete Ramp (In James River WMA off Rt.",,https://ik.imagekit.io/OE/nelson-county/listings/fishing-the-little-piney-river-image1_r1x6cZxYB,Silhouette of person fishing against a sky backdrop with tall trees.,,,,,,,,,(434) 263-7015,"162 Woodson Road, Lowesville, VA 22967",josh,,,https://www.google.com/maps/dir/?api=1&destination=162%20Woodson%20Road%2C%20Lowesville%2C%20VA%2022967,Scenic Views; Parking; Water Sports; Fishing,false,https://www.google.com/maps/dir/?api=1&destination=162%20Woodson%20Road%2C%20Lowesville%2C%20VA%2022967,James River - Nelson County Access Points,"Midway Concrete Ramp (In James River WMA off Rt. 743; Northeast of Wingina) Wingina Concrete Ramp (Rt. 56, South of Wingina) James River State Park Boat Ramp and also a Canoe/Livery Landing BENT CREEK TO WINGINA: Distance: 12. 4 miles 800-933-PARK Camping, Cabins, Boat Access, Hiking Trails, Fishing The concrete ramp at Bent Creek is best suited for canoes or small boats and is located just upstream from the Route 60 bridge.",Other Ponds & Lakes,Visit www. Dwr. Virginia. Gov for fishing rules and regulations for access and fishing in these ponds and lake areas. Permission may need to be obtained from private property owners in advance. Baldwin Pond (Waynesboro East) Davis Pond (Shipman area) Fish Pond (Lake) (Howardsville area) Hamilton Lake (Lovingston area) Ramsay Knox Pond (Howardsville area) Saunders Pond (Arrington area) Stevens Lake (Arrington area) The Montebello Fish Hatchery is a few minutes west of Crabtree Falls (off Rt.,Virginia Fishing Licenses & Access Permits,"License Fees, Information and Requirements The quickest and easiest way to obtain a fishing or hunting license or access permit is to PURCHASE IT ONLINE. Just select the license(s) you want, pay with your VISA™ or Master Card™, and you’re on your way. You print your licenses after you pay, so there’s no waiting.",Experience,"Options include the Tye River, the James River and the Rockfish River (Virginia Fish and Wildlife Licensing required). Visit the Department of Wildlife Resources for fishing rules & regulations."
108,Fishing the South Rockfish River,fishing-the-south-rockfish-river,Fishing,outdoor,Afton,"South Fork Rockfish River stocked trout waters with Route 6 put-in, Rt. 29 take-out, and fall-through-spring fishing windows. The South Rockfish River is stocked with catchable trout from October through May—put in near Route 6 and take out at the Route 29 wayside, and be sure to carry both Virginia fishing and trout licenses in season. Midway Concrete Ramp (In James River WMA off Rt.",,https://ik.imagekit.io/OE/nelson-county/listings/fishing-the-south-rockfish-river-image1_kGBkHHzo1,Hand holding fish in net with water and leaves.,,,,,,,,,(434) 263-7015,"Rockfish River Wayside, 6759 Rockfish Valley Highway, Afton, VA 22920",josh,,,https://www.google.com/maps/dir/?api=1&destination=Rockfish%20River%20Wayside%2C%206759%20Rockfish%20Valley%20Highway%2C%20Afton%2C%20VA%2022920,Scenic Views; Water Sports; Fishing,false,https://www.google.com/maps/dir/?api=1&destination=Rockfish%20River%20Wayside%2C%206759%20Rockfish%20Valley%20Highway%2C%20Afton%2C%20VA%2022920,James River - Nelson County Access Points,"Midway Concrete Ramp (In James River WMA off Rt. 743; Northeast of Wingina) Wingina Concrete Ramp (Rt. 56, South of Wingina) James River State Park Boat Ramp and also a Canoe/Livery Landing BENT CREEK TO WINGINA: Distance: 12. 4 miles 800-933-PARK Camping, Cabins, Boat Access, Hiking Trails, Fishing The concrete ramp at Bent Creek is best suited for canoes or small boats and is located just upstream from the Route 60 bridge.",Other Ponds & Lakes,Visit www. Dwr. Virginia. Gov for fishing rules and regulations for access and fishing in these ponds and lake areas. Permission may need to be obtained from private property owners in advance. Baldwin Pond (Waynesboro East) Davis Pond (Shipman area) Fish Pond (Lake) (Howardsville area) Hamilton Lake (Lovingston area) Ramsay Knox Pond (Howardsville area) Saunders Pond (Arrington area) Stevens Lake (Arrington area) The Montebello Fish Hatchery is a few minutes west of Crabtree Falls (off Rt.,Virginia Fishing Licenses & Access Permits,"License Fees, Information and Requirements The quickest and easiest way to obtain a fishing or hunting license or access permit is to PURCHASE IT ONLINE. Just select the license(s) you want, pay with your VISA™ or Master Card™, and you’re on your way. You print your licenses after you pay, so there’s no waiting.",Experience,"Options include the Tye River, the James River and the Rockfish River (Virginia Fish and Wildlife Licensing required). Visit the Department of Wildlife Resources for fishing rules & regulations."
109,Fishing at Montebello,fishing-at-montebello,Fishing,outdoor,Montebello,"Fee-based Montebello trout ponds with gear rentals, country store, and family-friendly catch-and-keep fishing at the base of Crabtree Falls. Montebello Camping & Fishing sells passes, bait, and kids' poles for fee-based rainbow trout ponds, giving families an easy, license-free way to reel in dinner beside Crabtree Falls Highway. Midway Concrete Ramp (In James River WMA off Rt.",,https://ik.imagekit.io/OE/nelson-county/listings/fishing-at-montebello-image1_2qVcnapTN,"People fishing by a small pond, surrounded by green trees and hills.",,,,,,,,,(540) 377-2650,"15072 Crabtree Falls Highway, Montebello, VA 24464",josh,,,https://www.google.com/maps/dir/?api=1&destination=15072%20Crabtree%20Falls%20Highway%2C%20Montebello%2C%20VA%2024464,Retail; Family Friendly; Water Sports; Fishing,false,https://www.google.com/maps/dir/?api=1&destination=15072%20Crabtree%20Falls%20Highway%2C%20Montebello%2C%20VA%2024464,James River - Nelson County Access Points,"Midway Concrete Ramp (In James River WMA off Rt. 743; Northeast of Wingina) Wingina Concrete Ramp (Rt. 56, South of Wingina) James River State Park Boat Ramp and also a Canoe/Livery Landing BENT CREEK TO WINGINA: Distance: 12. 4 miles 800-933-PARK Camping, Cabins, Boat Access, Hiking Trails, Fishing The concrete ramp at Bent Creek is best suited for canoes or small boats and is located just upstream from the Route 60 bridge.",Other Ponds & Lakes,Visit www. Dwr. Virginia. Gov for fishing rules and regulations for access and fishing in these ponds and lake areas. Permission may need to be obtained from private property owners in advance. Baldwin Pond (Waynesboro East) Davis Pond (Shipman area) Fish Pond (Lake) (Howardsville area) Hamilton Lake (Lovingston area) Ramsay Knox Pond (Howardsville area) Saunders Pond (Arrington area) Stevens Lake (Arrington area) The Montebello Fish Hatchery is a few minutes west of Crabtree Falls (off Rt.,Virginia Fishing Licenses & Access Permits,"License Fees, Information and Requirements The quickest and easiest way to obtain a fishing or hunting license or access permit is to PURCHASE IT ONLINE. Just select the license(s) you want, pay with your VISA™ or Master Card™, and you’re on your way. You print your licenses after you pay, so there’s no waiting.",Experience,"Options include the Tye River, the James River and the Rockfish River (Virginia Fish and Wildlife Licensing required). Visit the Department of Wildlife Resources for fishing rules & regulations."
110,Fishing at Lake Monocan Park,fishing-at-lake-monacan-park,Fishing,outdoor,Wintergreen Resort,"20-acre Lake Monocan at Wintergreen with seasonal public access, rentals, beach amenities, and stocked fishing opportunities. Lake Monocan Park pairs a 20-acre lake with canoe, kayak, and paddleboat rentals, fishing gear, beach loungers, and grills; it's open Memorial Day–Labor Day with public access Sunday, Monday, and Wednesday–Friday (resort guests every day). Midway Concrete Ramp (In James River WMA off Rt.",,https://ik.imagekit.io/OE/nelson-county/listings/fishing-at-lake-monocan-park-image1_raTra86HT,"Aerial view of a lush green forest, lake, and rolling hills.",,,,,,,,,(434) 325-8180,"Lake Monocan Park, 239 Monocan Drive, Nellysford, VA 22958",josh,,,https://www.google.com/maps/dir/?api=1&destination=Lake%20Monocan%20Park%2C%20239%20Monocan%20Drive%2C%20Nellysford%2C%20VA%2022958,Boating; Picnic Area; Seasonal Menu; Water Sports; Fishing,false,https://www.google.com/maps/dir/?api=1&destination=Lake%20Monocan%20Park%2C%20239%20Monocan%20Drive%2C%20Nellysford%2C%20VA%2022958,James River - Nelson County Access Points,"Midway Concrete Ramp (In James River WMA off Rt. 743; Northeast of Wingina) Wingina Concrete Ramp (Rt. 56, South of Wingina) James River State Park Boat Ramp and also a Canoe/Livery Landing BENT CREEK TO WINGINA: Distance: 12. 4 miles 800-933-PARK Camping, Cabins, Boat Access, Hiking Trails, Fishing The concrete ramp at Bent Creek is best suited for canoes or small boats and is located just upstream from the Route 60 bridge.",Other Ponds & Lakes,Visit www. Dwr. Virginia. Gov for fishing rules and regulations for access and fishing in these ponds and lake areas. Permission may need to be obtained from private property owners in advance. Baldwin Pond (Waynesboro East) Davis Pond (Shipman area) Fish Pond (Lake) (Howardsville area) Hamilton Lake (Lovingston area) Ramsay Knox Pond (Howardsville area) Saunders Pond (Arrington area) Stevens Lake (Arrington area) The Montebello Fish Hatchery is a few minutes west of Crabtree Falls (off Rt.,Virginia Fishing Licenses & Access Permits,"License Fees, Information and Requirements The quickest and easiest way to obtain a fishing or hunting license or access permit is to PURCHASE IT ONLINE. Just select the license(s) you want, pay with your VISA™ or Master Card™, and you’re on your way. You print your licenses after you pay, so there’s no waiting.",Experience,"Options include the Tye River, the James River and the Rockfish River (Virginia Fish and Wildlife Licensing required). Visit the Department of Wildlife Resources for fishing rules & regulations."
111,Fishing at Lake Nelson,fishing-at-lake-nelson,Fishing,outdoor,Arrington,"State-managed 40-acre lake offering largemouth, catfish, and crappie with 24-hour shoreline access and electric-only boating. Lake Nelson's fishing access includes a boat ramp, parking, and portable toilets (March–September), with electric-motor boating and catches ranging from largemouth bass to redear sunfish in this 40-acre impoundment. Midway Concrete Ramp (In James River WMA off Rt.",,https://ik.imagekit.io/OE/nelson-county/listings/fishing-at-lake-nelson-image1_np2rZtH6Z,Person holding live fish by the mouth over blurred outdoor background.,,,,,,,,,(434) 263-7015,"801 Lake Nelson Lane, Arrington, VA 22922",josh,,,https://www.google.com/maps/dir/?api=1&destination=801%20Lake%20Nelson%20Lane%2C%20Arrington%2C%20VA%2022922,Boating; Water Sports; Fishing,false,https://www.google.com/maps/dir/?api=1&destination=801%20Lake%20Nelson%20Lane%2C%20Arrington%2C%20VA%2022922,James River - Nelson County Access Points,"Midway Concrete Ramp (In James River WMA off Rt. 743; Northeast of Wingina) Wingina Concrete Ramp (Rt. 56, South of Wingina) James River State Park Boat Ramp and also a Canoe/Livery Landing BENT CREEK TO WINGINA: Distance: 12. 4 miles 800-933-PARK Camping, Cabins, Boat Access, Hiking Trails, Fishing The concrete ramp at Bent Creek is best suited for canoes or small boats and is located just upstream from the Route 60 bridge.",Other Ponds & Lakes,Visit www. Dwr. Virginia. Gov for fishing rules and regulations for access and fishing in these ponds and lake areas. Permission may need to be obtained from private property owners in advance. Baldwin Pond (Waynesboro East) Davis Pond (Shipman area) Fish Pond (Lake) (Howardsville area) Hamilton Lake (Lovingston area) Ramsay Knox Pond (Howardsville area) Saunders Pond (Arrington area) Stevens Lake (Arrington area) The Montebello Fish Hatchery is a few minutes west of Crabtree Falls (off Rt.,Virginia Fishing Licenses & Access Permits,"License Fees, Information and Requirements The quickest and easiest way to obtain a fishing or hunting license or access permit is to PURCHASE IT ONLINE. Just select the license(s) you want, pay with your VISA™ or Master Card™, and you’re on your way. You print your licenses after you pay, so there’s no waiting.",Experience,"Options include the Tye River, the James River and the Rockfish River (Virginia Fish and Wildlife Licensing required). Visit the Department of Wildlife Resources for fishing rules & regulations."
112,Wintergreen Resort Fishing,wintergreen-resort-fishing,Fishing,outdoor,Wintergreen Resort,"Wintergreen Resort's Orvis-endorsed fly fishing school offering classes at Lake Monocan, guided trout trips, and James River floats. Wintergreen Resort's Orvis-endorsed fly-fishing program teaches casting on Lake Monocan, then guides guests to trout-filled mountain streams or smallmouth-rich James River floats—ideal for both first-timers and seasoned anglers. Midway Concrete Ramp (In James River WMA off Rt.",,https://ik.imagekit.io/OE/nelson-county/listings/wintergreen-resort-fishing-image1_p-qkftaFk,"Two men fishing by a river, one pointing ahead, surrounded by greenery.",,,,,,,,,(434) 325-8180,"Wintergreen Resort Outdoor Programs, 39 Mountain Inn Loop, Wintergreen, VA 22967",josh,,,https://www.google.com/maps/dir/?api=1&destination=Wintergreen%20Resort%20Outdoor%20Programs%2C%2039%20Mountain%20Inn%20Loop%2C%20Wintergreen%2C%20VA%2022967,Scenic Views; Water Sports; Fishing,false,https://www.google.com/maps/dir/?api=1&destination=Wintergreen%20Resort%20Outdoor%20Programs%2C%2039%20Mountain%20Inn%20Loop%2C%20Wintergreen%2C%20VA%2022967,James River - Nelson County Access Points,"Midway Concrete Ramp (In James River WMA off Rt. 743; Northeast of Wingina) Wingina Concrete Ramp (Rt. 56, South of Wingina) James River State Park Boat Ramp and also a Canoe/Livery Landing BENT CREEK TO WINGINA: Distance: 12. 4 miles 800-933-PARK Camping, Cabins, Boat Access, Hiking Trails, Fishing The concrete ramp at Bent Creek is best suited for canoes or small boats and is located just upstream from the Route 60 bridge.",Other Ponds & Lakes,Visit www. Dwr. Virginia. Gov for fishing rules and regulations for access and fishing in these ponds and lake areas. Permission may need to be obtained from private property owners in advance. Baldwin Pond (Waynesboro East) Davis Pond (Shipman area) Fish Pond (Lake) (Howardsville area) Hamilton Lake (Lovingston area) Ramsay Knox Pond (Howardsville area) Saunders Pond (Arrington area) Stevens Lake (Arrington area) The Montebello Fish Hatchery is a few minutes west of Crabtree Falls (off Rt.,Virginia Fishing Licenses & Access Permits,"License Fees, Information and Requirements The quickest and easiest way to obtain a fishing or hunting license or access permit is to PURCHASE IT ONLINE. Just select the license(s) you want, pay with your VISA™ or Master Card™, and you’re on your way. You print your licenses after you pay, so there’s no waiting.",Experience,"Options include the Tye River, the James River and the Rockfish River (Virginia Fish and Wildlife Licensing required). Visit the Department of Wildlife Resources for fishing rules & regulations."
113,Devils Knob Golf Course,devils-knob-golf-course,Golf,experience,Wintergreen Resort,"Elevation 3,800-foot Devils Knob Golf Course—Virginia's highest—featuring Ellis Maples design, narrow mountain fairways, and panoramic vistas. Devils Knob Golf Course sits 3,800 feet high, making it Virginia's coolest summer round; Ellis Maples carved narrow fairways, fast greens, and jaw-dropping Blue Ridge vistas into this 18-hole mountain test.",,https://ik.imagekit.io/OE/nelson-county/listings/devils-knob-golf-course-image1_-NwtvpV8L,Green golf course bordered by autumn-colored trees under clear blue sky.,,,,,,,,,(434) 325-8520,"Route 664, Wintergreen, VA 22958",josh,,,https://www.google.com/maps/dir/?api=1&destination=Route%20664%2C%20Wintergreen%2C%20VA%2022958,Scenic Views; Resort; Golf,false,https://www.google.com/maps/dir/?api=1&destination=Route%20664%2C%20Wintergreen%2C%20VA%2022958,Menu & Offerings,The Devils Knob and Stoney Creek Golf Courses offer exceptional variety and challenges in one of the world’s most beautiful areas.,,,,,,
114,Stoney Creek Golf Course,stoney-creek-golf-course,Golf,experience,Wintergreen Resort,"Rees Jones-designed 27-hole Stoney Creek Golf Course in the Rockfish Valley mixing meandering streams, wetlands, and year-round play. Stoney Creek Golf Course is Rees Jones' 27-hole design in the Rockfish River valley, playable year-round amid meandering streams, wetlands, and wildlife—so you can ski Wintergreen in the morning and chase birdies that afternoon.",,https://ik.imagekit.io/OE/nelson-county/listings/stoney-creek-golf-course-image1_4pzf3VTYQ,"Lush green golf course with autumn trees, mountain backdrop under cloudy sky.",,,,,,,,,(434) 325-8250,"135 Stoney Creek East, Nellysford, VA 22958",josh,,,https://www.google.com/maps/dir/?api=1&destination=135%20Stoney%20Creek%20East%2C%20Nellysford%2C%20VA%2022958,Resort; Golf; Water Sports; Fishing,false,https://www.google.com/maps/dir/?api=1&destination=135%20Stoney%20Creek%20East%2C%20Nellysford%2C%20VA%2022958,Menu & Offerings,The Devils Knob and Stoney Creek Golf Courses offer exceptional variety and challenges in one of the world’s most beautiful areas.,,,,,,
169,Indian Summer Guide Service,indian-summer-guide-service,Horseback Riding,experience,Nelson County,"Indian Summer Guide Service leads private vineyard horseback rides with post-ride tastings at Veritas and other Charlottesville-area wineries. Offering private vineyard horseback rides led by one of our knowledgeable guides, who will ensure your safety as well as your enjoyment. After the ride, make your way to the tasting room to enjoy locally crafted wine and stock up on your favorites.",,https://ik.imagekit.io/OE/nelson-county/listings/indian-summer-guide-service-image1_vrYc4oP7k,Three riders on horses overlooking green valley with mountains in background.,,,,,,,,,(434) 531-9679,"151 Veritas Lane, Afton, VA 22920",josh,,,https://www.google.com/maps/dir/?api=1&destination=151%20Veritas%20Lane%2C%20Afton%2C%20VA%2022920,Equestrian; Farm; Hiking; Tastings; Wine,true,https://www.google.com/maps/dir/?api=1&destination=151%20Veritas%20Lane%2C%20Afton%2C%20VA%2022920,,,,,,,,
56,Allen Creek Nature Preserve,allen-creek-nature-preserve,Hikes & Trails,outdoor,Wintergreen Resort,"0.7-mile family-friendly loop through a high-elevation wetland at Wintergreen featuring braided streams, rare northern plants, and interpretive guides at the trailhead. Allen Creek Nature Preserve is a 0.7-mile, family-friendly Wintergreen loop through a rare high-elevation wetland, complete with interpretive guides describing the braided streams and northern plant species that thrive there.",,https://ik.imagekit.io/OE/nelson-county/listings/allen-creek-nature-preserve-image1_hUFD6CEWI,Purple violets amidst green leaves and grass on forest floor.,,,,,,,,,(434) 263-7015,"8519 Thomas Nelson Hwy, Lovingston, VA 22949",josh,,,https://www.google.com/maps/dir/?api=1&destination=8519%20Thomas%20Nelson%20Hwy%2C%20Lovingston%2C%20VA%2022949,Tours; Family Friendly; Hiking; Biking,false,https://www.google.com/maps/dir/?api=1&destination=8519%20Thomas%20Nelson%20Hwy%2C%20Lovingston%2C%20VA%2022949,,,,,,,,
57,Appalachian Trail from Rt 56 to Harpers Creek,appalachian-trail-from-rt-56-to-harpers-creek,Hikes & Trails,outdoor,Tyro,"2.6-mile Appalachian Trail segment from VA Route 56 over the Tye River swinging bridge to Harpers Creek Shelter with laurel, rhododendron, and creekside campsites. The 2.6-mile Appalachian Trail segment from Route 56 to Harpers Creek crosses the Tye River via a swinging bridge, winds through mountain laurel, and ends at the Harper's Creek shelter with multiple campsites and a vault toilet.",,https://ik.imagekit.io/OE/nelson-county/listings/appalachian-trail-from-rt-56-to-harpers-creek-image1_zH8UGdn8C,Wooden suspension bridge through colorful autumn forest with rocky foreground.,,,,,,,,,(434) 263-7015,"8519 Thomas Nelson Hwy, Lovingston, VA 22949",josh,,,https://www.google.com/maps/dir/?api=1&destination=8519%20Thomas%20Nelson%20Hwy%2C%20Lovingston%2C%20VA%2022949,Scenic Views; Hiking; Biking; Appalachian Trail; Water Sports,false,https://www.google.com/maps/dir/?api=1&destination=8519%20Thomas%20Nelson%20Hwy%2C%20Lovingston%2C%20VA%2022949,,,,,,,,
58,Blackrock Trail,blackrock-trail,Hikes & Trails,outdoor,Wintergreen Resort,"0.8-mile red-blazed climb on a south-facing slope showcasing mountain laurel, rose azalea, and pedlar gneiss outcrops with connections to Pedlars Edge Trail. Blackrock Trail is a steep 0.8-mile red-blazed climb over pedlar gneiss outcrops where chestnut oak, mountain laurel, and table mountain pine cling to dry slopes—rewarding hikers with rugged views each June bloom season.",,https://ik.imagekit.io/OE/nelson-county/listings/blackrock-trail-image1_icsrDn5Xh,Forest trail with rocks and dense green foliage surrounding trees.,,,,,,,,,(434) 263-7015,"8519 Thomas Nelson Hwy, Lovingston, VA 22949",josh,,,https://www.google.com/maps/dir/?api=1&destination=8519%20Thomas%20Nelson%20Hwy%2C%20Lovingston%2C%20VA%2022949,Scenic Views; Biking; Hiking,false,https://www.google.com/maps/dir/?api=1&destination=8519%20Thomas%20Nelson%20Hwy%2C%20Lovingston%2C%20VA%2022949,,,,,,,,
59,Blue Ridge Tunnel,blue-ridge-tunnel,Hikes & Trails,outdoor,Afton,"Walk the restored 1850s Blue Ridge Railroad tunnel on a 2.25-mile crushed-gravel path with dramatic stone portals linking Afton and the Rockfish Valley. The Blue Ridge Tunnel, engineered by Claudius Crozet in the 1850s beneath Rockfish Gap, now lets hikers and cyclists travel nearly a mile through the historic rail bore between Skyline Drive and the Blue Ridge Parkway. French immigrant Claudius Crozet (1789–1864) designed the Blue Ridge Tunnel and was its chief engineer.",,https://ik.imagekit.io/OE/nelson-county/listings/blue-ridge-tunnel-image1_PrnI6PqE9,"Cyclist with headlight in dark tunnel, wet rocky walls.",,,,,,,,,(434) 263-7015,"215 Afton Depot Lane, Afton, VA 22920",josh,,,https://www.google.com/maps/dir/?api=1&destination=215%20Afton%20Depot%20Lane%2C%20Afton%2C%20VA%2022920,Biking; Educational; Hiking; Parking; Scenic Views,true,https://www.google.com/maps/dir/?api=1&destination=215%20Afton%20Depot%20Lane%2C%20Afton%2C%20VA%2022920,History,"French immigrant Claudius Crozet (1789–1864) designed the Blue Ridge Tunnel and was its chief engineer. He was a graduate of the École Polytechnique in Paris and served as an artillery officer during Napoleon’s invasion of Russia. Among his many accomplishments, he was a professor of engineering at the U. S. Military Academy in West Point, N. Y. He was also a founder of the Virginia Military Institute and first president of the Board of Visitors.",Trail & Park Rules,"We want your visit with us to be as relaxing and trouble-free as possible. Before you arrive, please become familiar with these few simple facts. Observe the rules and regulations while visiting the Blue Ridge Tunnel. The trail is open from sunrise to sunset. Please be cognizant inside the tunnel of other visitors and beware of uneven ground. BRING FLASHLIGHTS. The roadway and the land leading to the trailhead/park is privately owned and visitors should obey all parking signage.",What To Bring,"Walking at a comfortable pace, the hike to the western portal and back will take roughly 1. 5 hours. The trail is crushed gravel; there are some steep inclines. One way mileage is 2. 25 miles, and round trip from one trailhead to the other and back is 4. 5 miles. The tunnel does not have lighting and the tunnel is dark. The use of a high-powered flashlight or headlamp is recommended. Wear comfortable shoes. There will be puddles of water inside the tunnel.",FAQ,"Is the trail suitable for wheelchairs. The trail is crushed gravel. The east trail has little change in elevation. The tunnel does not have lighting. Headlamps and/or high powered flashlights are strongly recommended. It stays cool inside the tunnel at roughly 55-65 degrees Fahrenheit depending on the time of year. Please note that water drips from the top and sides of the tunnel interior constantly, creating ruts and puddles on the interior of the tunnel trail path and is a natural occurrence."
60,Brimstone Trail,brimstone-trail,Hikes & Trails,outdoor,Wintergreen Resort,"Steep 0.8-mile red-blazed climb skirting rocky cliffs with sweeping Three Ridges views, laurel thickets, and fern-covered 'rock gardens.' Brimstone Trail tackles 0.8 miles of rocky cliffs beneath Wintergreen's Plunge, mixing steep ups and downs, laurel thickets, and sweeping views toward Three Ridges—best tackled with care during icy months.",,https://ik.imagekit.io/OE/nelson-county/listings/brimstone-trail-image1_opRNVPbgI,"Rocky trail with hiker in distance, green leaves in foreground.",,https://ik.imagekit.io/OE/nelson-county/listings/brimstone-trail-image2_zX3Kal7WOD,"Wooden sign with red and yellow text, directions to trails, gravel road background.",,,,,,(434) 263-7015,"8519 Thomas Nelson Hwy, Lovingston, VA 22949",josh,,,https://www.google.com/maps/dir/?api=1&destination=8519%20Thomas%20Nelson%20Hwy%2C%20Lovingston%2C%20VA%2022949,Scenic Views; Biking; Hiking; Fishing,false,https://www.google.com/maps/dir/?api=1&destination=8519%20Thomas%20Nelson%20Hwy%2C%20Lovingston%2C%20VA%2022949,,,,,,,,
61,Cedar Ciffs North Trail,cedar-ciffs-north-trail,Hikes & Trails,outdoor,Wintergreen Resort,"Cool, damp 0.7-mile north-facing spur paralleling Cedar Cliffs with mossy boulders, ferny slopes, and connections to the primary overlook trail. Cedar Cliffs North Trail parallels the main Cedar Cliffs route on a cool, boulder-strewn north slope, offering 0.7 miles of mossy rock gardens and damp microclimates before connecting back to the overlook (closed in winter).",,https://ik.imagekit.io/OE/nelson-county/listings/cedar-ciffs-north-trail-image1_43xSez7xo,"Wooden trail sign with colored text and arrow, rocky background, and greenery.",,,,,,,,,(434) 263-7015,"8519 Thomas Nelson Hwy, Lovingston, VA 22949",josh,,,https://www.google.com/maps/dir/?api=1&destination=8519%20Thomas%20Nelson%20Hwy%2C%20Lovingston%2C%20VA%2022949,Scenic Views; Seasonal Menu; Biking; Hiking,false,https://www.google.com/maps/dir/?api=1&destination=8519%20Thomas%20Nelson%20Hwy%2C%20Lovingston%2C%20VA%2022949,,,,,,,,
119,Afton Mountain Vineyards,afton-mountain-vineyards,Vineyards & Wineries,taste,Afton,"One of Virginia's pioneer farm wineries with vines dating to 1978, crafting estate-grown vinifera on the sunrise side of Afton Mountain. Breezy patio tastings showcase small-lot bottlings framed by Blue Ridge views. Afton Mountain Vineyards, one of Virginia's earliest farm wineries, grows 11 grape varieties on 26 acres at 1,000 feet, producing estate wines cooled by ridge breezes and poured in a sunrise-side tasting room. There’s something to do in Afton every season of the year.",,https://ik.imagekit.io/OE/nelson-county/listings/afton-mountain-vineyards-image1_N7bTUqyJGf,Rows of vines in vineyard with mountains and buildings in background.,,,,,,,,https://www.aftonmountainvineyards.com/,(540) 456-8667,"234 Vineyard Lane, Afton, VA 22920",josh,,,https://www.google.com/maps/dir/?api=1&destination=234%20Vineyard%20Lane%2C%20Afton%2C%20VA%2022920,Farm; Meeting Planners; Outdoor Seating; Scenic Views; Tastings; Wine,false,https://www.google.com/maps/dir/?api=1&destination=234%20Vineyard%20Lane%2C%20Afton%2C%20VA%2022920,Events & Activities,There’s something to do in Afton every season of the year.,Events & Activities,"And live music. Nelson 151’s wineries often include food pairing. If you’d like to do a little shopping, check out the Nelson 151 gift shops or take a short drive to the Rockfish Valley Community Center, a repurposed school building featuring local shops. Purchase a piece of Nelsonite, Virginia’s state rock, at The Virginia Rock Shop. If you’re into local art, check out the Rockfish Pottery Collective or the Rockfish River Gallery.",Events & Activities,"Live music performances, good food, and inventive, hand-crafted beverages. If you’re planning on spending a hot summer day in Afton, check out the Nelson Farmer’s Market Cooperative one Saturday. Local vendors gather there to sell fresh produce and hand-crafted goodies. Often, there’s live music. Nelson’s wineries make for an excellent day trip as well.",Events & Activities,"And enjoy great food at Blue Mountain. If your taste runs a bit sweeter, try a cider or two at Bryant’s Small Batch, Blue Toad Hard Cider, or Bold Rock Hard Cider. Like the hard stuff better. Head over to Silverback Distillery or Devils Backbone Distillery for a mixed drink and bring home a bottle of bourbon, vodka, whiskey, or gin. If you’re in Nelson celebrating Halloween, you’re in luck."
120,Brent Manor Vineyards,brent-manor-vineyards,Vineyards & Wineries,taste,Faber,"Boutique hillside winery south of Charlottesville blending Virginia-grown wines with rotating Portuguese selections in an intimate tasting room. Weekend flights and inn-style hospitality overlook the Brent Manor grounds. Brent Manor Vineyards blends New World winemaking with Old World heritage, pouring estate bottles alongside curated Portuguese wines at its hillside tasting room south of Charlottesville.",,https://ik.imagekit.io/OE/nelson-county/listings/brent-manor-vineyards-image1_el5haOFHc,"Modern house with stone columns, metal roof, and cloudy sky background.",,,,,,,,https://www.brentmanorvineyards.com/,(434) 826-0722,"100 Brent Manor Lane, Faber, VA 22938",josh,,,https://www.google.com/maps/dir/?api=1&destination=100%20Brent%20Manor%20Lane%2C%20Faber%2C%20VA%2022938,Wine; Tastings; Retail; Events; Farm,false,https://www.google.com/maps/dir/?api=1&destination=100%20Brent%20Manor%20Lane%2C%20Faber%2C%20VA%2022938,,,,,,,,
121,Caihailian Vineyard,caihailian-vineyard,Vineyards & Wineries,taste,Roseland,"Family-run micro-vineyard along the road to Wintergreen producing Monticello AVA wines from 2.5 hillside acres. Tastings are offered when the flags are flying or by appointment for a quiet Roseland experience. Caihailian Vineyard is a boutique 2.5-acre Roseland site named for the owners' three children; when the flags fly, visitors can sample limited-production Monticello AVA wines crafted on the road to Wintergreen.",,https://ik.imagekit.io/OE/nelson-county/listings/caihailian-vineyard-image1_-u3-ITjD2,"Vineyard with green vines, trees, mountains under blue sky with clouds.",,,,,,,,,,"872 Beech Grove, Roseland, VA 22967",josh,,,https://www.google.com/maps/dir/?api=1&destination=872%20Beech%20Grove%2C%20Roseland%2C%20VA%2022967,Wine; Retail; Family Friendly; Farm; Tastings,false,https://www.google.com/maps/dir/?api=1&destination=872%20Beech%20Grove%2C%20Roseland%2C%20VA%2022967,,,,,,,,
122,Cardinal Point Winery,cardinal-point-winery,Vineyards & Wineries,taste,Afton,"Family-owned winery in the foothills of Afton Mountain inspired by the founders' time in Germany. Welcoming tasting room offers tours, Blue Ridge views, and seasonal events alongside expressive wines. Cardinal Point Winery remains family-owned, with Riesling roots in Germany inspiring today's foothill tasting room where you can tour vineyards beneath Afton Mountain and sip small-lot Virginia wines. There’s something to do in Afton every season of the year.",,https://ik.imagekit.io/OE/nelson-county/listings/cardinal-point-winery-image1_kGIpRRfXg,"Wine bottles and glass on barrel table, plant and book beside.",,,,,,,,https://www.cardinalpointwinery.com/,(540) 456-8400,"9423 Batesville Rd, Afton, VA 22920",josh,,,https://www.google.com/maps/dir/?api=1&destination=9423%20Batesville%20Rd%2C%20Afton%2C%20VA%2022920,Family Friendly; Farm; Live Music; Meeting Planners; Scenic Views; Tastings; Wine,false,https://www.google.com/maps/dir/?api=1&destination=9423%20Batesville%20Rd%2C%20Afton%2C%20VA%2022920,Events & Activities,There’s something to do in Afton every season of the year.,Events & Activities,"And live music. Nelson 151’s wineries often include food pairing. If you’d like to do a little shopping, check out the Nelson 151 gift shops or take a short drive to the Rockfish Valley Community Center, a repurposed school building featuring local shops. Purchase a piece of Nelsonite, Virginia’s state rock, at The Virginia Rock Shop. If you’re into local art, check out the Rockfish Pottery Collective or the Rockfish River Gallery.",Events & Activities,"Live music performances, good food, and inventive, hand-crafted beverages. If you’re planning on spending a hot summer day in Afton, check out the Nelson Farmer’s Market Cooperative one Saturday. Local vendors gather there to sell fresh produce and hand-crafted goodies. Often, there’s live music. Nelson’s wineries make for an excellent day trip as well.",Events & Activities,"And enjoy great food at Blue Mountain. If your taste runs a bit sweeter, try a cider or two at Bryant’s Small Batch, Blue Toad Hard Cider, or Bold Rock Hard Cider. Like the hard stuff better. Head over to Silverback Distillery or Devils Backbone Distillery for a mixed drink and bring home a bottle of bourbon, vodka, whiskey, or gin. If you’re in Nelson celebrating Halloween, you’re in luck."
123,Flying Fox Vineyards,flying-fox-vineyards,Vineyards & Wineries,taste,Afton,"Small-lot producer known for inventive wines and the Sly Fox vermouth line, letting each varietal speak for itself. Cozy tasting room and patio pour limited releases created by Flying Fox's winemaking family. Flying Fox Vineyards celebrates Virginia terroir while experimenting through its Sly Fox series and seasonal vermouths, offering eight core wines that let the fruit speak and limited releases that push boundaries. There’s something to do in Afton every season of the year.",,https://ik.imagekit.io/OE/nelson-county/listings/flying-fox-vineyards-image1_QyaP87PFD,Winery building facade with large mural and outdoor seating at night.,,,,,,,,https://www.flyingfoxvineyard.com/,(434) 361-1692,"10368 Critzer Shop Rd, Afton, VA 22920",josh,,,https://www.google.com/maps/dir/?api=1&destination=10368%20Critzer%20Shop%20Rd%2C%20Afton%2C%20VA%2022920,Tastings; Seasonal Menu; Outdoor Seating; Wine; Farm,false,https://www.google.com/maps/dir/?api=1&destination=10368%20Critzer%20Shop%20Rd%2C%20Afton%2C%20VA%2022920,Events & Activities,There’s something to do in Afton every season of the year.,Events & Activities,"And live music. Nelson 151’s wineries often include food pairing. If you’d like to do a little shopping, check out the Nelson 151 gift shops or take a short drive to the Rockfish Valley Community Center, a repurposed school building featuring local shops. Purchase a piece of Nelsonite, Virginia’s state rock, at The Virginia Rock Shop. If you’re into local art, check out the Rockfish Pottery Collective or the Rockfish River Gallery.",Events & Activities,"Live music performances, good food, and inventive, hand-crafted beverages. If you’re planning on spending a hot summer day in Afton, check out the Nelson Farmer’s Market Cooperative one Saturday. Local vendors gather there to sell fresh produce and hand-crafted goodies. Often, there’s live music. Nelson’s wineries make for an excellent day trip as well.",Events & Activities,"And enjoy great food at Blue Mountain. If your taste runs a bit sweeter, try a cider or two at Bryant’s Small Batch, Blue Toad Hard Cider, or Bold Rock Hard Cider. Like the hard stuff better. Head over to Silverback Distillery or Devils Backbone Distillery for a mixed drink and bring home a bottle of bourbon, vodka, whiskey, or gin. If you’re in Nelson celebrating Halloween, you’re in luck."
124,Hill Top Winery & Meadery,hill-top-winery-meadery,Vineyards & Wineries,taste,Nellysford,"Flights highlight berry, orchard, and dessert styles crafted in the hills above Nellysford. Hill Top Winery & Meadery has specialized in non-grape wines since 1998, crafting fruit-forward bottles and traditional honey meads that echo ancient fermentation styles from cultures worldwide.",,https://ik.imagekit.io/OE/nelson-county/listings/hill-top-winery-meadery-image1_ne-tv5TEE,"Wine bottle, strawberries, and wine glasses arranged on a wooden board with cheese knives.",,,,,,,,,(434) 361-1266,"2800 Berry Hill Road, Nellysford, VA 22958",josh,,,https://www.google.com/maps/dir/?api=1&destination=2800%20Berry%20Hill%20Road%2C%20Nellysford%2C%20VA%2022958,Desserts; Farm; Local Ingredients; Scenic Views; Tastings; Wine,false,https://www.google.com/maps/dir/?api=1&destination=2800%20Berry%20Hill%20Road%2C%20Nellysford%2C%20VA%2022958,,,,,,,,
125,Lovingston Winery,lovingston-winery,Vineyards & Wineries,taste,Lovingston,"Gravity-flow, small-batch estate winery on Josie's Knoll focusing on Bordeaux and South African varietals. The Lovingston family tends the vineyard and pours limited-production releases in the Blue Ridge countryside. Lovingston Winery, founded in 2003 on a 1906 family farm, remains a small-batch, estate-grown producer focused on Bordeaux varieties like Merlot and Cabernet Franc, with vineyards tucked into the rolling Blue Ridge foothills. Lovingston is a great destination for history buffs as the Lovingston Historic District and the courthouse are both listed on the National Register of Historic Places. The original 30 acres was donated by Mr.",,https://ik.imagekit.io/OE/nelson-county/listings/lovingston-winery-image1_fP7hZ7487,Two wine bottles on wooden table with red flowers in background.,,,,,,,,https://www.lovingstonwinery.com/,(434) 263-8467,"885 Freshwater Cove, Lovingston, VA 22949",josh,,,https://www.google.com/maps/dir/?api=1&destination=885%20Freshwater%20Cove%2C%20Lovingston%2C%20VA%2022949,Scenic Views; Wine; Farm; Tastings,false,https://www.google.com/maps/dir/?api=1&destination=885%20Freshwater%20Cove%2C%20Lovingston%2C%20VA%2022949,Menu & Offerings,"Lovingston is a great destination for history buffs as the Lovingston Historic District and the courthouse are both listed on the National Register of Historic Places. Lovingston was defined as a “courthouse town” after the Nelson County Courthouse was built. One claim to fame is that that town jail was designed by Thomas Jefferson. Lovingston’s most historic African-American landmark is Bright Hope Baptist Church, which was built in 1870 for the freedmen and women living in Nelson. Present-day.",Experience,"Lovingstown, Virginia, as it was first named, began with a land grant and a need to build a courthouse and a county seat for the newly created Nelson County in 1809. The original 30 acres was donated by Mr. James Loving that same year and thus began the construction of this charming historic village. There were 49 lots parceled off in nearly equal measure and then sold. The lots were numbered for identification and were thereby known as those lot numbers.",Contact & Location,"Bright Hope Baptist Church, a historic African-American landmark in Lovingston that overlooks the village. The church was built along with a school in 1870 to serve the freed men and women of Nelson. The kept area has over 100 marked graves. Dinner Options in Lovingston include Vito’s Pizza & Italian Grill for classic and specialty pizzas and Italian entrees. El Mariachi Mexican Restaurant offers over one hundred menu choices and has a gift shop on-site.",Information,"Than a meal, head to Wood Ridge Farm Brewery, where a food truck is usually available. It’s a family-friendly place with plenty of outdoor activities. Want to know something interesting. The brewery and the bar were built out of wood from the property. If you’re lucky enough to have stopped by on the weekend, Visitors can enjoy live music there as well. S Outback Brew House is further south on Route 29 and also has wood fired pizza and live music."
126,Mountain and Vine Winery,mountain-and-vine-winery,Vineyards & Wineries,taste,Faber,"Monticello AVA destination with terraced vineyards, a lakeside lawn, and panoramic tasting room. Mountain & Vine pairs estate wines with food events, tours, and family-friendly experiences minutes from Charlottesville. Mountain and Vine Vineyards & Winery is located in the Monticello AVA wine region. The location is exquisite, hugged between the hills, but with the elevation to guarantee not only flavorful wine but also breathtaking views.",,https://ik.imagekit.io/OE/nelson-county/listings/mountain-and-vine-winery-image1_YUi_3GXtY,"Lush green landscape with hills, house, pond, and cloudy sky backdrop.",,,,,,,,https://www.mountainandvine.com/,(434) 263-6100,"500 DelFosse Winery Lane, Faber, VA 22938",josh,,,https://www.google.com/maps/dir/?api=1&destination=500%20DelFosse%20Winery%20Lane%2C%20Faber%2C%20VA%2022938,Family Friendly; Farm; Meeting Planners; Tastings; Wine,false,https://www.google.com/maps/dir/?api=1&destination=500%20DelFosse%20Winery%20Lane%2C%20Faber%2C%20VA%2022938,,,,,,,,
127,Mountain Cove Vineyards & Winery,mountain-cove-vineyards-winery,Vineyards & Wineries,taste,Lovingston,"Virginia's oldest farm winery, established in 1973 in a forested hollow near Lovingston, producing heritage wines from estate and local fruit. Rustic tasting areas and picnic grounds invite relaxed afternoons in the Blue Ridge foothills. Mountain Cove Vineyards, Virginia's oldest continuously operating winery, has been growing grapes in Lovingston since the early 1970s and still pours estate-made wines amid forested hillsides. Lovingston is a great destination for history buffs as the Lovingston Historic District and the courthouse are both listed on the National Register of Historic Places. The original 30 acres was donated by Mr.",,https://ik.imagekit.io/OE/nelson-county/listings/mountain-cove-vineyards-winery-image1_nMIHMYkXF,"Wooden cabin with red roof, green vines, and empty chairs outside.",,,,,,,,https://www.facebook.com/MountainCoveVineyards/,(434) 263-5392,"1365 North Amherst Hwy, Lovingston, VA 22949",josh,,,https://www.google.com/maps/dir/?api=1&destination=1365%20North%20Amherst%20Hwy%2C%20Lovingston%2C%20VA%2022949,Family Friendly; Farm; Local Ingredients; Meeting Planners; Picnic Area; Scenic Views; Tastings; Wine,false,https://www.google.com/maps/dir/?api=1&destination=1365%20North%20Amherst%20Hwy%2C%20Lovingston%2C%20VA%2022949,Menu & Offerings,"Lovingston is a great destination for history buffs as the Lovingston Historic District and the courthouse are both listed on the National Register of Historic Places. Lovingston was defined as a “courthouse town” after the Nelson County Courthouse was built. One claim to fame is that that town jail was designed by Thomas Jefferson. Lovingston’s most historic African-American landmark is Bright Hope Baptist Church, which was built in 1870 for the freedmen and women living in Nelson. Present-day.",Experience,"Lovingstown, Virginia, as it was first named, began with a land grant and a need to build a courthouse and a county seat for the newly created Nelson County in 1809. The original 30 acres was donated by Mr. James Loving that same year and thus began the construction of this charming historic village. There were 49 lots parceled off in nearly equal measure and then sold. The lots were numbered for identification and were thereby known as those lot numbers.",Contact & Location,"Bright Hope Baptist Church, a historic African-American landmark in Lovingston that overlooks the village. The church was built along with a school in 1870 to serve the freed men and women of Nelson. The kept area has over 100 marked graves. Dinner Options in Lovingston include Vito’s Pizza & Italian Grill for classic and specialty pizzas and Italian entrees. El Mariachi Mexican Restaurant offers over one hundred menu choices and has a gift shop on-site.",Information,"Than a meal, head to Wood Ridge Farm Brewery, where a food truck is usually available. It’s a family-friendly place with plenty of outdoor activities. Want to know something interesting. The brewery and the bar were built out of wood from the property. If you’re lucky enough to have stopped by on the weekend, Visitors can enjoy live music there as well. S Outback Brew House is further south on Route 29 and also has wood fired pizza and live music."
128,Valley Road Vineyards,valley-road-vineyards,Vineyards & Wineries,taste,Afton,"Route 151 gateway winery founded by friends in 2015, featuring lawn seating, an events pavilion, and Rockfish Valley views. The tasting room pours approachable blends and guided flights at the base of Afton Mountain. Founded in 2015, Valley Road Vineyards was conceived by a group of friends who brought talents from successful careers in law, advertising, insurance, real estate development, and writing, among others. With their mutual love of Virginia and wine, a vineyard operation in the heart of the Monticello Viticulture Area seemed a good choice for a fun and rewarding business venture. There’s something to do in Afton every season of the year.",,https://ik.imagekit.io/OE/nelson-county/listings/valley-road-vineyards-image1_zzVQeEY7N,Green hills with scattered houses and red barns under a clear sky.,,,,,,,,https://www.valleyroadwines.com/,(540) 456-6350,"9264 Critzers Shop Road, Afton, VA 22920",josh,,,https://www.google.com/maps/dir/?api=1&destination=9264%20Critzers%20Shop%20Road%2C%20Afton%2C%20VA%2022920,Farm; Fishing; Tastings; Wine,true,https://www.google.com/maps/dir/?api=1&destination=9264%20Critzers%20Shop%20Road%2C%20Afton%2C%20VA%2022920,Events & Activities,There’s something to do in Afton every season of the year.,Events & Activities,"And live music. Nelson 151’s wineries often include food pairing. If you’d like to do a little shopping, check out the Nelson 151 gift shops or take a short drive to the Rockfish Valley Community Center, a repurposed school building featuring local shops. Purchase a piece of Nelsonite, Virginia’s state rock, at The Virginia Rock Shop. If you’re into local art, check out the Rockfish Pottery Collective or the Rockfish River Gallery.",Events & Activities,"Live music performances, good food, and inventive, hand-crafted beverages. If you’re planning on spending a hot summer day in Afton, check out the Nelson Farmer’s Market Cooperative one Saturday. Local vendors gather there to sell fresh produce and hand-crafted goodies. Often, there’s live music. Nelson’s wineries make for an excellent day trip as well.",Events & Activities,"And enjoy great food at Blue Mountain. If your taste runs a bit sweeter, try a cider or two at Bryant’s Small Batch, Blue Toad Hard Cider, or Bold Rock Hard Cider. Like the hard stuff better. Head over to Silverback Distillery or Devils Backbone Distillery for a mixed drink and bring home a bottle of bourbon, vodka, whiskey, or gin. If you’re in Nelson celebrating Halloween, you’re in luck."
129,Veritas Vineyards & Winery,veritas-vineyards-winery,Vineyards & Wineries,taste,Afton,"Family-run estate on the slopes of the Blue Ridge crafting classic Bordeaux-style and sparkling wines. Veritas pairs an elegant tasting room and lawn with weddings, concerts, and farm-to-table dining at The Farmhouse. Our philosophy is to make wine with the classic, old-world principles of viticulture and vinification, at the same time using state of the art technology to capture varietal and regional character. Our name derives from the Roman historian Pliny the Elder's observation 'In Vino Veritas' – 'In Wine there is Truth.' We believe that the truth in our wine comes straight from our vineyard as an expression of the land where we live and work. There’s something to do in Afton every season of the year.",,https://ik.imagekit.io/OE/nelson-county/listings/veritas-vineyards-winery-image1_nHivj3-nt,"Lush vineyards with white houses, mountains in background, under a clear blue sky.",,,,,,,,https://veritaswines.com/,(540) 456-8000,"151 Veritas Lane, Afton, VA 22920",josh,,,https://www.google.com/maps/dir/?api=1&destination=151%20Veritas%20Lane%2C%20Afton%2C%20VA%2022920,Farm; Meeting Planners; Outdoor Seating; Scenic Views; Tastings; Wine,false,https://www.google.com/maps/dir/?api=1&destination=151%20Veritas%20Lane%2C%20Afton%2C%20VA%2022920,Events & Activities,There’s something to do in Afton every season of the year.,Events & Activities,"And live music. Nelson 151’s wineries often include food pairing. If you’d like to do a little shopping, check out the Nelson 151 gift shops or take a short drive to the Rockfish Valley Community Center, a repurposed school building featuring local shops. Purchase a piece of Nelsonite, Virginia’s state rock, at The Virginia Rock Shop. If you’re into local art, check out the Rockfish Pottery Collective or the Rockfish River Gallery.",Events & Activities,"Live music performances, good food, and inventive, hand-crafted beverages. If you’re planning on spending a hot summer day in Afton, check out the Nelson Farmer’s Market Cooperative one Saturday. Local vendors gather there to sell fresh produce and hand-crafted goodies. Often, there’s live music. Nelson’s wineries make for an excellent day trip as well.",Events & Activities,"And enjoy great food at Blue Mountain. If your taste runs a bit sweeter, try a cider or two at Bryant’s Small Batch, Blue Toad Hard Cider, or Bold Rock Hard Cider. Like the hard stuff better. Head over to Silverback Distillery or Devils Backbone Distillery for a mixed drink and bring home a bottle of bourbon, vodka, whiskey, or gin. If you’re in Nelson celebrating Halloween, you’re in luck."
62,Chestnut Springs Trail,chestnut-springs-trail,Hikes & Trails,outdoor,Wintergreen Resort,"1.1-mile yellow-red loop leaving Shamokin Gorge to traverse oak-hickory ridges, spring wildflowers, and stream crossings near Wintergreen. Chestnut Springs Trail runs 1.1 miles from rhododendron-lined Shamokin Gorge to sunny oak-hickory slopes, revealing spring wildflowers like bloodroot and wild ginger—long pants recommended to avoid stinging nettle.",,https://ik.imagekit.io/OE/nelson-county/listings/chestnut-springs-trail-image1_QehjN4ktm,Wooden trail sign with engraved text surrounded by lush green foliage.,,,,,,,,,(434) 263-7015,"8519 Thomas Nelson Hwy, Lovingston, VA 22949",josh,,,https://www.google.com/maps/dir/?api=1&destination=8519%20Thomas%20Nelson%20Hwy%2C%20Lovingston%2C%20VA%2022949,Hiking; Biking,false,https://www.google.com/maps/dir/?api=1&destination=8519%20Thomas%20Nelson%20Hwy%2C%20Lovingston%2C%20VA%2022949,,,,,,,,
63,Crabtree Falls,crabtree-falls,Hikes & Trails,outdoor,Montebello,"Crabtree Falls features five major cascades dropping 1,200 feet—the highest vertical-drop waterfall east of the Mississippi—with paved lower overlook and a 3-mile trail to upper vistas. Crabtree Falls cascades 1,200 vertical feet across five major drops, with an accessible first overlook near the parking area and a 3-mile trail to additional viewpoints for hikers seeking panoramic Blue Ridge vistas. If you’re thinking of staying a night, there are nearby cabins, glamping and camping options. Spring in Nelson County is all misty skies and bright flower buds. Some regular visitors maintain that the season of spring is the best time to visit Crabtree Falls.",,https://ik.imagekit.io/OE/nelson-county/listings/crabtree-falls-image1_IXQ2lOEKu,Waterfall cascading over rocks surrounded by lush green foliage.,,,,,,,,,,"11581 Crabtree Falls Highway, Montebello, VA 24464",josh,,,https://www.google.com/maps/dir/?api=1&destination=11581%20Crabtree%20Falls%20Highway%2C%20Montebello%2C%20VA%2024464,Scenic Views; Parking; Biking; Hiking; Water Sports,false,https://www.google.com/maps/dir/?api=1&destination=11581%20Crabtree%20Falls%20Highway%2C%20Montebello%2C%20VA%2024464,Hours & Information,"For a round-trip hike. If you’re thinking of staying a night, there are nearby cabins, glamping and camping options.",Experience,"Spring in Nelson County is all misty skies and bright flower buds. Some regular visitors maintain that the season of spring is the best time to visit Crabtree Falls. The leaves have not yet returned, so the sound of the falls fills the forest. The springtime, the water is more forceful, adding to the sounds of the rushing water. Visitors to Crabtree Falls have reported seeing deer in the woods. The Dogwood blossoms are bright pink and stand out against the pale blue springtime sky.",Events & Activities,"For the family dog. Can’t tear yourself away from Nelson. Don’t worry- it happens to visitors all of the time. Stay the night at a nearby cabin, glamping or camping spot.",Menu & Offerings,"Fall is one of the most popular seasons to visit Nelson County. The peaceful county’s Blue Ridge Mountains burn bright with brilliant color, and small business owners offer up their coziest amenities. Photographers love immortalizing the spectacular colors of Nelson County in the fall. After the fall rains begin, the cascading waters of Crabtree Falls intensify, and the sound of the water reverberates along the wooded trail. One you reach the top, you’ll be rewarded with a dramatic view of fall."
64,Devils Knob Trail,devils-knob-trail,Hikes & Trails,outdoor,Wintergreen Resort,"0.6-mile stroll from the Blue Ridge Overlook across catoctin greenstone ledges with rock 'gardens,' birding, and views toward Pond Hollow. Devils Knob Trail begins at the Blue Ridge Overlook and winds 0.6 miles past catoctin greenstone outcrops blanketed in spring saxifrage, delivering birdwatching and sweeping views toward Pond Hollow and Fortunes Ridge.",,https://ik.imagekit.io/OE/nelson-county/listings/devils-knob-trail-image1_9-WjX9SyQ,Rocky forest trail with scattered sunlight filtering through green foliage.,,,,,,,,,(434) 263-7015,"8519 Thomas Nelson Hwy, Lovingston, VA 22949",josh,,,https://www.google.com/maps/dir/?api=1&destination=8519%20Thomas%20Nelson%20Hwy%2C%20Lovingston%2C%20VA%2022949,Scenic Views; Biking; Hiking,false,https://www.google.com/maps/dir/?api=1&destination=8519%20Thomas%20Nelson%20Hwy%2C%20Lovingston%2C%20VA%2022949,,,,,,,,
65,Fortune's Cove Nature Preserve,fortunes-cove-nature-preserve,Hikes & Trails,outdoor,Lovingston,"Strenuous 5.3-mile loop managed by The Nature Conservancy climbing 1,500 feet through rocky glades and intact forest to panoramic cove overlooks. Fortune's Cove Nature Preserve challenges hikers with a 5.3-mile loop that gains 1,500 feet before rewarding them with rocky glade vistas, rare plant communities, and a shorter lower loop option for quicker outings. Lovingston is a great destination for history buffs as the Lovingston Historic District and the courthouse are both listed on the National Register of Historic Places. The original 30 acres was donated by Mr.",,https://ik.imagekit.io/OE/nelson-county/listings/fortune-s-cove-nature-preserve-image1__i7ZniCv5,"Trail sign on curved tree, surrounded by dense green forest.",,,,,,,,,(434) 977-4837,"1920 Fortune's Cove Lane, Lovingston, VA 22949",josh,,,https://www.google.com/maps/dir/?api=1&destination=1920%20Fortune%E2%80%99s%20Cove%20Lane%2C%20Lovingston%2C%20VA%2022949,Hiking; Biking,false,https://www.google.com/maps/dir/?api=1&destination=1920%20Fortune%E2%80%99s%20Cove%20Lane%2C%20Lovingston%2C%20VA%2022949,Menu & Offerings,"Lovingston is a great destination for history buffs as the Lovingston Historic District and the courthouse are both listed on the National Register of Historic Places. Lovingston was defined as a “courthouse town” after the Nelson County Courthouse was built. One claim to fame is that that town jail was designed by Thomas Jefferson. Lovingston’s most historic African-American landmark is Bright Hope Baptist Church, which was built in 1870 for the freedmen and women living in Nelson. Present-day.",Experience,"Lovingstown, Virginia, as it was first named, began with a land grant and a need to build a courthouse and a county seat for the newly created Nelson County in 1809. The original 30 acres was donated by Mr. James Loving that same year and thus began the construction of this charming historic village. There were 49 lots parceled off in nearly equal measure and then sold. The lots were numbered for identification and were thereby known as those lot numbers.",Contact & Location,"Bright Hope Baptist Church, a historic African-American landmark in Lovingston that overlooks the village. The church was built along with a school in 1870 to serve the freed men and women of Nelson. The kept area has over 100 marked graves. Dinner Options in Lovingston include Vito’s Pizza & Italian Grill for classic and specialty pizzas and Italian entrees. El Mariachi Mexican Restaurant offers over one hundred menu choices and has a gift shop on-site.",Information,"Than a meal, head to Wood Ridge Farm Brewery, where a food truck is usually available. It’s a family-friendly place with plenty of outdoor activities. Want to know something interesting. The brewery and the bar were built out of wood from the property. If you’re lucky enough to have stopped by on the weekend, Visitors can enjoy live music there as well. S Outback Brew House is further south on Route 29 and also has wood fired pizza and live music."
66,Fortune's Ridge Trail,fortunes-ridge-trail,Hikes & Trails,outdoor,Wintergreen Resort,"1.1-mile red-blazed path following Fortunes Ridge stream with cascades, laurel blooms, and access points from Fortunes Ridge and Wintergreen Drive. Fortune's Ridge Trail follows a cold mountain stream over cascades and a small waterfall, with laurel thickets blooming pink each June and multiple access points from Fortunes Ridge Drive or Brimstone Trail.",,https://ik.imagekit.io/OE/nelson-county/listings/fortune-s-ridge-trail-image1_INFnASltm,Wooden trail sign reads 'Laurel Ridge Loop 3 Mile' in forest.,,,,,,,,,(434) 263-7015,"8519 Thomas Nelson Hwy, Lovingston, VA 22949",josh,,,https://www.google.com/maps/dir/?api=1&destination=8519%20Thomas%20Nelson%20Hwy%2C%20Lovingston%2C%20VA%2022949,Scenic Views; Biking; Hiking; Water Sports,false,https://www.google.com/maps/dir/?api=1&destination=8519%20Thomas%20Nelson%20Hwy%2C%20Lovingston%2C%20VA%2022949,,,,,,,,
67,Hemlock Springs Loop,hemlock-springs-loop,Hikes & Trails,outdoor,Wintergreen Resort,"0.8-mile yellow-red loop highlighting pink and yellow lady's-slipper habitat, old-growth hemlock remnants, and moderate climbs near Wintergreen. Hemlock Springs Loop is a 0.8-mile route known for pink and yellow lady's slippers and an old-growth hemlock stand impacted by woolly adelgid—offering a sensitive habitat best navigated with care.",,https://ik.imagekit.io/OE/nelson-county/listings/hemlock-springs-loop-image1_hX7dh-gSI,Person standing on large rock surrounded by green grass.,,,,,,,,,(434) 263-7015,"8519 Thomas Nelson Hwy, Lovingston, VA 22949",josh,,,https://www.google.com/maps/dir/?api=1&destination=8519%20Thomas%20Nelson%20Hwy%2C%20Lovingston%2C%20VA%2022949,Hiking; Biking,false,https://www.google.com/maps/dir/?api=1&destination=8519%20Thomas%20Nelson%20Hwy%2C%20Lovingston%2C%20VA%2022949,,,,,,,,
68,Highlands Leisure Trail,highlands-leisure-trail,Hikes & Trails,outdoor,Wintergreen Resort,"Half-mile connector between Blackrock Village and the Wintergarden with short climbs, older-growth forest, and an overlook of Highlands ski slopes. Highlands Leisure Trail connects Wintergreen's Blackrock Village to the Wintergarden via a 0.5-mile yellow-blazed path that dips through older-growth forest and includes an overlook of the Highlands ski slopes.",,https://ik.imagekit.io/OE/nelson-county/listings/highlands-leisure-trail-image1_14-OGVdVb,Wooded trail with steps surrounded by lush green foliage and sunlight.,,,,,,,,,(434) 263-7015,"8519 Thomas Nelson Hwy, Lovingston, VA 22949",josh,,,https://www.google.com/maps/dir/?api=1&destination=8519%20Thomas%20Nelson%20Hwy%2C%20Lovingston%2C%20VA%2022949,Scenic Views; Resort; Biking; Hiking,false,https://www.google.com/maps/dir/?api=1&destination=8519%20Thomas%20Nelson%20Hwy%2C%20Lovingston%2C%20VA%2022949,,,,,,,,
69,Humpback Rocks,humpback-rocks,Hikes & Trails,outdoor,Lyndhurst,"Popular 2-mile loop to the Humpback Rocks summit, ascending 740 feet for 360° Blue Ridge views near Parkway milepost 5.8. Humpback Rocks rewards a short but steep 2-mile loop climb with 360-degree Blue Ridge panoramas; start from the visitor center near Parkway milepost 5.8 and plan on about 45 minutes up, 20 down.",,https://ik.imagekit.io/OE/nelson-county/listings/humpback-rocks-image1_f_nN7bZ7z,Sunrise over misty valley with rocky foreground and scattered clouds.,,,,,,,,,(540) 943-4716,"Humpback Gap Parking Area, Milepost 5.8 Blue Ridge Parkway, Lyndhurst, VA 22952",josh,,,https://www.google.com/maps/dir/?api=1&destination=Humpback%20Gap%20Parking%20Area%2C%20Milepost%205.8%20Blue%20Ridge%20Parkway%2C%20Lyndhurst%2C%20VA%2022952,Scenic Views; Biking; Hiking,false,https://www.google.com/maps/dir/?api=1&destination=Humpback%20Gap%20Parking%20Area%2C%20Milepost%205.8%20Blue%20Ridge%20Parkway%2C%20Lyndhurst%2C%20VA%2022952,,,,,,,,
70,James River State Park,james-river-state-park,Hikes & Trails,outdoor,Gladstone,"State park along the James River with 15+ miles of multiuse trails, riverfront overlooks, boat launches, cabins, and full-service canoe livery. James River State Park spans 1,500 acres with 15 miles of multi-use trails, three miles of river frontage, boat launches, cabins, campsites, and a seasonal canoe livery delivering sweeping views of the James and Norwood across the water.",,https://ik.imagekit.io/OE/nelson-county/listings/james-river-state-park-image1_IdOJ0UXYE,Stone entrance sign reading 'James River Wildlife Management Area' among trees.,,,,,,,,,(434) 933-4355,"104 Green Hill Drive, Gladstone, VA 24553",josh,,,https://www.google.com/maps/dir/?api=1&destination=104%20Green%20Hill%20Drive%2C%20Gladstone%2C%20VA%2024553,Boating; Cabins; Water Sports; Biking; Hiking,false,https://www.google.com/maps/dir/?api=1&destination=104%20Green%20Hill%20Drive%2C%20Gladstone%2C%20VA%2024553,,,,,,,,
71,Kids in Parks: Virginia Blue Ridge Railway Trail,kids-in-parks-virginia-blue-ridge-railway-trail,Hikes & Trails,outdoor,Piney River,"Family-friendly TRACK Trail at Piney River Depot with self-guided nature activities, flat rail-trail mileage, and prizes through Kids in Parks. The Kids in Parks TRACK Trail on the Virginia Blue Ridge Railway Trail turns a family bike or hike into an educational scavenger hunt with self-guided brochures, prizes for logged adventures, and easy access from the Piney River depot.",,https://ik.imagekit.io/OE/nelson-county/listings/kids-in-parks-virginia-blue-ridge-railway-trail-image1_uPNIvt_fZ,Wooden covered bridge over forest path; red bicycle leaning nearby.,,,,,,,,,(434) 263-7130,"3124 Patrick Henry Highway, Piney River, VA 22964",josh,,,https://www.google.com/maps/dir/?api=1&destination=3124%20Patrick%20Henry%20Highway%2C%20Piney%20River%2C%20VA%2022964,Hiking; Adventure; Family Friendly; Parking; Biking; Water Sports; Hunting,false,https://www.google.com/maps/dir/?api=1&destination=3124%20Patrick%20Henry%20Highway%2C%20Piney%20River%2C%20VA%2022964,,,,,,,,
140,HeartRock Retreat & Homestead,heartrockretreat,Whole House Rentals,stay,Roseland,"Fifteen-acre Heart Rock homestead with lodging for up to 15, edible gardens, and retreat spaces minutes from breweries and river access. Located in Nelson County, Virginia, our fifteen acre homestead offers both rustic charm and modern comfort. Nelson County has something for everyone. Click on the badges below to explore options for your visit.",,https://ik.imagekit.io/OE/nelson-county/listings/heartrock-retreat-homestead-image1_mAMJ2A-kN,Lush green garden with various plants and trees in a forest setting.,,https://ik.imagekit.io/OE/nelson-county/listings/heartrock-retreat-homestead-image2_-41zacroR,"Lush vegetable garden with rows, greenhouses, surrounded by trees under cloudy sky.",,https://ik.imagekit.io/OE/nelson-county/listings/heartrock-retreat-homestead-image3_IUAyZgjGJ,Bee collecting nectar from honey on shiny surface.,,,(434) 263-7015,"2808 Glad Road, Schuyler, VA 22969",josh,,,https://www.google.com/maps/dir/?api=1&destination=2808%20Glad%20Road%2C%20Schuyler%2C%20VA%2022969,Outdoor Seating; Beer; Organic; Farm; Local Ingredients; Water Sports,false,https://www.google.com/maps/dir/?api=1&destination=2808%20Glad%20Road%2C%20Schuyler%2C%20VA%2022969,Experience,Nelson County has something for everyone. Click on the badges below to explore options for your visit.,,,,,,
72,Laurel Ridge Loop,laurel-ridge-loop,Hikes & Trails,outdoor,Wintergreen Resort,"1.6-mile yellow loop sampling mountain laurel, birch, and oak-hickory forest with rocky footing and parking at Wintergreen's Lot F. Laurel Ridge Loop covers 1.6 miles of moderate terrain over laurel thickets, yellow birch, and rocky sections, eventually circling back to Wintergreen's Parking Lot F for an accessible forest sampler.",,https://ik.imagekit.io/OE/nelson-county/listings/laurel-ridge-loop-image1_k_xUZ0XKg,Wooden trail sign with yellow and red text in forest setting.,,,,,,,,,(434) 263-7015,"8519 Thomas Nelson Hwy, Lovingston, VA 22949",josh,,,https://www.google.com/maps/dir/?api=1&destination=8519%20Thomas%20Nelson%20Hwy%2C%20Lovingston%2C%20VA%2022949,Hiking; Parking; Biking,false,https://www.google.com/maps/dir/?api=1&destination=8519%20Thomas%20Nelson%20Hwy%2C%20Lovingston%2C%20VA%2022949,,,,,,,,
142,Inglewood Fine Meats,inglewood-fine-meats,Restaurants,taste,Arrington,"Inglewood Fine Meats raises verified all-natural Black Angus beef and Dorset lamb on chemical-free pastures in Arrington. Nestled in Nelson County. We take pride in the fact that our Beef and Lamb is not only Verified All Natural, but our animals live a quality life in the foothills of the blue ridge mountains.",,https://ik.imagekit.io/OE/nelson-county/listings/inglewood-fine-meats-image1_KBCogmzSHU,"Raw meat on wooden board with garlic, chili, peppercorns, and rosemary.",,,,,,,,,(434) 365-0028,"4638 Variety Mills Road, Arrington, VA 22922",josh,,,https://www.google.com/maps/dir/?api=1&destination=4638%20Variety%20Mills%20Road%2C%20Arrington%2C%20VA%2022922,Farm; Local Ingredients,false,https://www.google.com/maps/dir/?api=1&destination=4638%20Variety%20Mills%20Road%2C%20Arrington%2C%20VA%2022922,,,,,,,,
73,Lower Shamokin Falls Trail,lower-shamokin-falls-trail,Hikes & Trails,outdoor,Wintergreen Resort,"1.7-mile blue-blazed trek ending at Lower Shamokin Falls, weaving through dense forest after a jeep-road approach from Old Stoney Creek Road. Lower Shamokin Falls Trail meanders 1.7 miles through dense forest to the base of a cascading waterfall below Upper Shamokin Falls, beginning on a jeep road at the end of Old Stoney Creek Road.",,https://ik.imagekit.io/OE/nelson-county/listings/lower-shamokin-falls-trail-image1_BIy5ezGql,Trail sign on tree reads 'Lower Shamokin Falls Trail' in lush forest.,,,,,,,,,(434) 263-7015,"8519 Thomas Nelson Hwy, Lovingston, VA 22949",josh,,,https://www.google.com/maps/dir/?api=1&destination=8519%20Thomas%20Nelson%20Hwy%2C%20Lovingston%2C%20VA%2022949,Hiking; Biking; Water Sports,false,https://www.google.com/maps/dir/?api=1&destination=8519%20Thomas%20Nelson%20Hwy%2C%20Lovingston%2C%20VA%2022949,,,,,,,,
74,Mau-Har Trail,mau-har-trail,Hikes & Trails,outdoor,Tyro,"Three-mile Mau-Har connector through the Three Ridges Wilderness linking with the Appalachian Trail past cascades, rock scrambles, and shelters. The blue-blazed Mau-Har Trail links with the Appalachian Trail to form the famed Three Ridges loop, adding waterfalls, campsites, and rugged terrain that backpackers consider one of Virginia's best circuits.",,https://ik.imagekit.io/OE/nelson-county/listings/mau-har-trail-image1_eNNMwbi1U,Small waterfall cascading over rocks surrounded by autumn foliage.,,,,,,,,,(434) 263-7015,"Blue Ridge Parkway Milepost 13.7, Roseland, VA 22967",josh,,,https://www.google.com/maps/dir/?api=1&destination=Blue%20Ridge%20Parkway%20Milepost%2013.7%2C%20Roseland%2C%20VA%2022967,Hiking; Biking; Appalachian Trail; Water Sports,false,https://www.google.com/maps/dir/?api=1&destination=Blue%20Ridge%20Parkway%20Milepost%2013.7%2C%20Roseland%2C%20VA%2022967,,,,,,,,
75,Montebello Nature Trail,montebello-nature-trail,Hikes & Trails,outdoor,Montebello,"Half-mile nature walk beside Montebello's former fish hatchery stream with fern-lined banks, benches, and steady bird activity.",,https://ik.imagekit.io/OE/nelson-county/listings/montebello-nature-trail-image1_Uvj7h3IC1,People walking on a sunny forest trail surrounded by green trees.,,,,,,,,,(540) 377-2650,"359 Fish Hatchery Lane, Montebello, VA 24464",josh,,,https://www.google.com/maps/dir/?api=1&destination=359%20Fish%20Hatchery%20Lane%2C%20Montebello%2C%20VA%2024464,Biking; Hiking; Water Sports; Fishing,false,https://www.google.com/maps/dir/?api=1&destination=359%20Fish%20Hatchery%20Lane%2C%20Montebello%2C%20VA%2024464,,,,,,,,
76,Nelson County Wilderness Area,nelson-county-wilderness-area,Hikes & Trails,outdoor,Montebello,"Protected wilderness spanning The Priest and Three Ridges with rugged Appalachian Trail miles, dramatic elevation changes, and backcountry solitude. Nelson County Wilderness Area protects nearly 10,000 rugged acres split between The Priest and Three Ridges, where the Appalachian Trail climbs from 1,000-foot river valleys to 4,000-foot summits. Backpackers find permanently protected forests, sweeping overlooks, and the wildest terrain in the Blue Ridge.",,https://ik.imagekit.io/OE/nelson-county/listings/nelson-county-wilderness-area-image1_kdVr3IMtp,Hiker with a green backpack walking through a forest.,,,,,,,,,(434) 263-7015,"George Washington National Forest, Montebello, VA 24464",josh,,,https://www.google.com/maps/dir/?api=1&destination=George%20Washington%20National%20Forest%2C%20Montebello%2C%20VA%2024464,Hiking; Biking; Appalachian Trail; Water Sports,false,https://www.google.com/maps/dir/?api=1&destination=George%20Washington%20National%20Forest%2C%20Montebello%2C%20VA%2024464,,,,,,,,
77,North Fork of the Piney River,north-fork-of-the-piney-river,Hikes & Trails,outdoor,Piney River,"Scenic drive and short riverside stroll showcasing Piney River cascades, stocked fishing holes, and swimming spots in Nelson County. The North Fork of the Piney River scenic drive hugs cascading water, stocked pools, and roadside pull-offs where you can cast, swim, or snap photos of the tumbling mountain stream. Follow Route 666 past Dickie Brothers Orchard and into George Washington National Forest for shady picnics beside the river.",,https://ik.imagekit.io/OE/nelson-county/listings/north-fork-of-the-piney-river-image1_-MuJGSrnG,Water cascading over mossy rocks surrounded by green leaves.,,,,,,,,,(434) 263-7015,"Piney River, VA 22964",josh,,,https://www.google.com/maps/dir/?api=1&destination=Piney%20River%2C%20VA%2022964,Water Sports; Biking; Hiking; Farm; Fishing; Swimming Pool,false,https://www.google.com/maps/dir/?api=1&destination=Piney%20River%2C%20VA%2022964,,,,,,,,
78,Old Appalachian Trail,old-appalachian-trail,Hikes & Trails,outdoor,Wintergreen Resort,"3.3-mile former Appalachian Trail alignment with greenstone ledges, Shenandoah Valley overlooks, and spring wildflowers across multiple access points. Once part of the official Appalachian Trail, the 3.3-mile Old Appalachian Trail winds past greenstone ledges, wildflower-filled slopes, and connectors to today's AT near Laurel Springs Drive. Moderate-to-difficult grades reward hikers with Shenandoah Valley vistas and quiet, historic tread.",,https://ik.imagekit.io/OE/nelson-county/listings/old-appalachian-trail-image1_mjlB71z_w,"Narrow dirt path with yellow moss, surrounded by trees in a forest.",,,,,,,,,(434) 263-7015,"8519 Thomas Nelson Hwy, Lovingston, VA 22949",josh,,,https://www.google.com/maps/dir/?api=1&destination=8519%20Thomas%20Nelson%20Hwy%2C%20Lovingston%2C%20VA%2022949,Hiking; Biking; Appalachian Trail,false,https://www.google.com/maps/dir/?api=1&destination=8519%20Thomas%20Nelson%20Hwy%2C%20Lovingston%2C%20VA%2022949,,,,,,,,
79,Paul's Creek Trail,pauls-creek-trail,Hikes & Trails,outdoor,Wintergreen Resort,0.6-mile blue-blazed valley hike culminating at Paul's Creek waterfalls with smooth rock slabs and family-friendly cascades near Wintergreen. Paul's Creek Trail is a 0.6-mile blue-blazed family favorite that follows a lush valley to smooth rock chutes and a series of cascading waterfalls near Crawford's Knob. Pack water shoes and a camera—the polished boulders and cool pools are irresistible on summer days.,,https://ik.imagekit.io/OE/nelson-county/listings/paul-s-creek-trail-image1_MwER-wYqT,Forest stream flowing over rocks surrounded by trees and autumn leaves.,,,,,,,,,(434) 263-7015,"8519 Thomas Nelson Hwy, Lovingston, VA 22949",josh,,,https://www.google.com/maps/dir/?api=1&destination=8519%20Thomas%20Nelson%20Hwy%2C%20Lovingston%2C%20VA%2022949,Family Friendly; Biking; Hiking; Water Sports; Swimming Pool,false,https://www.google.com/maps/dir/?api=1&destination=8519%20Thomas%20Nelson%20Hwy%2C%20Lovingston%2C%20VA%2022949,,,,,,,,
80,Pedlars Edge Trail,pedlars-edge-trail,Hikes & Trails,outdoor,Wintergreen Resort,"1.6-mile difficult red trail paralleling Blackrock with pedlar formation geology, open powerline birding, and wildflower-rich edge habitat. Pedlars Edge Trail climbs 1.6 red-blazed miles through the ancient pedlar rock formation, linking to Blackrock Trail and a power-line corridor prized by birders. Expect steep, exposed sections, wildflowers, and big-sky views—plus challenging footing when winter ice settles in.",,https://ik.imagekit.io/OE/nelson-county/listings/pedlars-edge-trail-image1_vnTLjWNB-,"Bird perched on icy branch, blue sky background.",,,,,,,,,(434) 263-7015,"8519 Thomas Nelson Hwy, Lovingston, VA 22949",josh,,,https://www.google.com/maps/dir/?api=1&destination=8519%20Thomas%20Nelson%20Hwy%2C%20Lovingston%2C%20VA%2022949,Biking; Hiking,false,https://www.google.com/maps/dir/?api=1&destination=8519%20Thomas%20Nelson%20Hwy%2C%20Lovingston%2C%20VA%2022949,,,,,,,,
81,Pond Hollow Trail,pond-hollow-trail,Hikes & Trails,outdoor,Wintergreen Resort,"One-mile red-blazed route along a geologic fault line with displaced boulders, varied plant communities, and bobcat-friendly habitat. Pond Hollow Trail is a demanding 1-mile route threaded through a geologic fault line littered with house-sized boulders and prime bobcat habitat. The red-blazed path's maze of displaced rock and steep pitches make it one of Wintergreen's most intriguing adventures.",,https://ik.imagekit.io/OE/nelson-county/listings/pond-hollow-trail-image1_Ej7WY6jiu,Group of people walking through lush green forest near rocky cliff.,,,,,,,,,(434) 263-7015,"8519 Thomas Nelson Hwy, Lovingston, VA 22949",josh,,,https://www.google.com/maps/dir/?api=1&destination=8519%20Thomas%20Nelson%20Hwy%2C%20Lovingston%2C%20VA%2022949,Biking; Hiking,false,https://www.google.com/maps/dir/?api=1&destination=8519%20Thomas%20Nelson%20Hwy%2C%20Lovingston%2C%20VA%2022949,,,,,,,,
82,Ravens Roost Park,ravens-roost-park,Hikes & Trails,outdoor,Wintergreen Resort,"0.5-mile yellow loop through mixed forest with wildflower displays, solitude, and access from White Oak Drive or Wintergreen Drive. Ravens Roost Park offers a half-mile yellow-blazed wander through deep forest to a favorite Skyline Drive overlook for sunrise, sunset, and wildflower spotting. Birdwatchers love the solitude, and hikers can link to White Oak Trail for a longer loop.",,https://ik.imagekit.io/OE/nelson-county/listings/ravens-roost-park-image1_1twDjr3Lr,Wooden deck overlooks vast green forest landscape and distant horizon.,,,,,,,,,(434) 263-7015,"8519 Thomas Nelson Hwy, Lovingston, VA 22949",josh,,,https://www.google.com/maps/dir/?api=1&destination=8519%20Thomas%20Nelson%20Hwy%2C%20Lovingston%2C%20VA%2022949,Seasonal Menu; Hiking; Biking,false,https://www.google.com/maps/dir/?api=1&destination=8519%20Thomas%20Nelson%20Hwy%2C%20Lovingston%2C%20VA%2022949,,,,,,,,
83,Shamokin Springs Nature Preserve,shamokin-springs-nature-preserve,Hikes & Trails,outdoor,Lovingston,"0.3-mile preserve loop protecting high-elevation wetlands with braided streams, northern plant species, and easy access for families. Shamokin Springs Nature Preserve protects a rare high-elevation wetland in the middle of Wintergreen, where braided streams nurture northern plant species on an easy 0.3-mile loop. Pick up a Nature Preserve Guide at Trillium House to learn about the ferns, mosses, and wildlife thriving here. Lovingston is a great destination for history buffs as the Lovingston Historic District and the courthouse are both listed on the National Register of Historic Places. The original 30 acres was donated by Mr.",,https://ik.imagekit.io/OE/nelson-county/listings/shamokin-springs-nature-preserve-image1_06TPiH1-t,Small waterfall cascading over rocks in a forest stream.,,https://ik.imagekit.io/OE/nelson-county/listings/shamokin-springs-nature-preserve-image2_sDnCAzjbr,Mountain landscape with distant green hills and scattered clouds beneath blue sky.,,,,,,(434) 263-7015,"8519 Thomas Nelson Hwy, Lovingston, VA 22949",josh,,,https://www.google.com/maps/dir/?api=1&destination=8519%20Thomas%20Nelson%20Hwy%2C%20Lovingston%2C%20VA%2022949,Educational; Family Friendly; Biking; Hiking,false,https://www.google.com/maps/dir/?api=1&destination=8519%20Thomas%20Nelson%20Hwy%2C%20Lovingston%2C%20VA%2022949,Menu & Offerings,"Lovingston is a great destination for history buffs as the Lovingston Historic District and the courthouse are both listed on the National Register of Historic Places. Lovingston was defined as a “courthouse town” after the Nelson County Courthouse was built. One claim to fame is that that town jail was designed by Thomas Jefferson. Lovingston’s most historic African-American landmark is Bright Hope Baptist Church, which was built in 1870 for the freedmen and women living in Nelson. Present-day.",Experience,"Lovingstown, Virginia, as it was first named, began with a land grant and a need to build a courthouse and a county seat for the newly created Nelson County in 1809. The original 30 acres was donated by Mr. James Loving that same year and thus began the construction of this charming historic village. There were 49 lots parceled off in nearly equal measure and then sold. The lots were numbered for identification and were thereby known as those lot numbers.",Contact & Location,"Bright Hope Baptist Church, a historic African-American landmark in Lovingston that overlooks the village. The church was built along with a school in 1870 to serve the freed men and women of Nelson. The kept area has over 100 marked graves. Dinner Options in Lovingston include Vito’s Pizza & Italian Grill for classic and specialty pizzas and Italian entrees. El Mariachi Mexican Restaurant offers over one hundred menu choices and has a gift shop on-site.",Information,"Than a meal, head to Wood Ridge Farm Brewery, where a food truck is usually available. It’s a family-friendly place with plenty of outdoor activities. Want to know something interesting. The brewery and the bar were built out of wood from the property. If you’re lucky enough to have stopped by on the weekend, Visitors can enjoy live music there as well. S Outback Brew House is further south on Route 29 and also has wood fired pizza and live music."
84,The Plunge,the-plunge,Hikes & Trails,outdoor,Wintergreen Resort,"Short yellow access spur to Blackrock featuring steep pedlar gneiss formations, panoramic overlooks, and a signature family photo spot. The Plunge is a short, steep 0.2-mile connector to Blackrock Trail that packs in pedlar gneiss rock formations, dramatic overlooks, and prime family photo spots. Take your time on the rocky steps—especially in winter—then soak up the sweeping views from both trailheads.",,https://ik.imagekit.io/OE/nelson-county/listings/the-plunge-image1_RX1pJhwfh,"Rocky viewpoint overlooking lush, green mountains under clear blue sky.",,,,,,,,,(434) 263-7015,"8519 Thomas Nelson Hwy, Lovingston, VA 22949",josh,,,https://www.google.com/maps/dir/?api=1&destination=8519%20Thomas%20Nelson%20Hwy%2C%20Lovingston%2C%20VA%2022949,Family Friendly; Biking; Hiking,false,https://www.google.com/maps/dir/?api=1&destination=8519%20Thomas%20Nelson%20Hwy%2C%20Lovingston%2C%20VA%2022949,,,,,,,,
85,Trillium Field,trillium-field,Hikes & Trails,outdoor,Wintergreen Resort,"Easy 0.1-mile stroll where thousands of trillium bloom each May along Wintergreen Drive and Devils Knob Loop, with wildflowers through summer. Trillium Field is a pocket-sized 0.1-mile stroll where thousands of white and pink trillium bloom in early May on the corner of Wintergreen Drive and Devils Knob Loop. Return throughout summer to spot successive waves of wildflowers dotting the forest floor.",,https://ik.imagekit.io/OE/nelson-county/listings/trillium-field-image1_7pHAG-Gk3,Pink and white flowers with green leaves in a forest setting.,,,,,,,,,(434) 263-7015,"8519 Thomas Nelson Hwy, Lovingston, VA 22949",josh,,,https://www.google.com/maps/dir/?api=1&destination=8519%20Thomas%20Nelson%20Hwy%2C%20Lovingston%2C%20VA%2022949,Seasonal Menu; Biking; Hiking,false,https://www.google.com/maps/dir/?api=1&destination=8519%20Thomas%20Nelson%20Hwy%2C%20Lovingston%2C%20VA%2022949,,,,,,,,
86,Upper Shamokin Falls Trail,upper-shamokin-falls-trail,Hikes & Trails,outdoor,Wintergreen Resort,"0.4-mile yellow trail to Upper Shamokin Falls with evergreen ferns, wildflowers, and camera-ready cascades near Wintergreen. Upper Shamokin Falls Trail is a gentle 0.4-mile walk that follows the sound of tumbling water to fern-draped cascades—perfect for all ages. Stay on the marked path and off the slick rock edges, but don't forget the camera for this signature Wintergreen scene.",,https://ik.imagekit.io/OE/nelson-county/listings/upper-shamokin-falls-trail-image1_ce-OXirm6,"Waterfall cascading over moss-covered rocks, surrounded by lush green forest.",,,,,,,,,(434) 263-7015,"8519 Thomas Nelson Hwy, Lovingston, VA 22949",josh,,,https://www.google.com/maps/dir/?api=1&destination=8519%20Thomas%20Nelson%20Hwy%2C%20Lovingston%2C%20VA%2022949,Family Friendly; Hiking; Biking; Water Sports,false,https://www.google.com/maps/dir/?api=1&destination=8519%20Thomas%20Nelson%20Hwy%2C%20Lovingston%2C%20VA%2022949,,,,,,,,
87,Upper Shamokin Gorge Trail,upper-shamokin-gorge-trail,Hikes & Trails,outdoor,Wintergreen Resort,"Challenging 0.8-mile red trail in the Upper Shamokin Gorge with stream crossings, lush understory, and links to the Appalachian Trail. Upper Shamokin Gorge Trail challenges hikers with 0.8 rugged miles along the headwaters of Stoney Creek, including rock-hopping stream crossings and lush plant life. The red-blazed path ties into the modern Appalachian Trail plus Laurel Springs Gap overlooks for expanded loops.",,https://ik.imagekit.io/OE/nelson-county/listings/upper-shamokin-gorge-trail-image1_tKh9Zdsqi,Flowing stream through forest with rocks and autumn foliage.,,,,,,,,,(434) 263-7015,"8519 Thomas Nelson Hwy, Lovingston, VA 22949",josh,,,https://www.google.com/maps/dir/?api=1&destination=8519%20Thomas%20Nelson%20Hwy%2C%20Lovingston%2C%20VA%2022949,Hiking; Biking; Appalachian Trail; Water Sports,false,https://www.google.com/maps/dir/?api=1&destination=8519%20Thomas%20Nelson%20Hwy%2C%20Lovingston%2C%20VA%2022949,,,,,,,,
88,White Oak Trail,white-oak-trail,Hikes & Trails,outdoor,Wintergreen Resort,"0.5-mile moderate yellow trail offering bird-friendly woods, wildflowers, and a quiet loop accessible from White Oak or Wintergreen drives. White Oak Trail serves up a half-mile of shady solitude, spring wildflowers, and birdwatching between White Oak Drive and Wintergreen Drive. Its moderate grade and dense forest make it a quick nature break any time of year.",,https://ik.imagekit.io/OE/nelson-county/listings/white-oak-trail-image1_X40JzxeuX,Trail sign surrounded by lush green foliage in misty forest.,,,,,,,,,(434) 263-7015,"8519 Thomas Nelson Hwy, Lovingston, VA 22949",josh,,,https://www.google.com/maps/dir/?api=1&destination=8519%20Thomas%20Nelson%20Hwy%2C%20Lovingston%2C%20VA%2022949,Seasonal Menu; Hiking; Biking,false,https://www.google.com/maps/dir/?api=1&destination=8519%20Thomas%20Nelson%20Hwy%2C%20Lovingston%2C%20VA%2022949,,,,,,,,
89,White Rock Falls,white-rock-falls,Hikes & Trails,outdoor,Montebello,"2.5-mile moderate waterfall hike with natural wading pools, gorge views, and options to extend via the Slacks Overlook loop on the Parkway. White Rock Falls is a 2.5-mile moderate hike along the Blue Ridge Parkway that showcases an impressive gorge, a wading-friendly waterfall, and northeast-facing mountain views on the climb out. Combine it with the Slacks Overlook Trail for a rewarding 5-mile loop.",,https://ik.imagekit.io/OE/nelson-county/listings/white-rock-falls-image1_t3PUF_tMy,Small waterfall flowing down rocky terrain surrounded by trees.,,,,,,,,,(434) 263-7015,"Blue Ridge Parkway Milepost 19, Montebello, VA 24464",josh,,,https://www.google.com/maps/dir/?api=1&destination=Blue%20Ridge%20Parkway%20Milepost%2019%2C%20Montebello%2C%20VA%2024464,Pool; Biking; Hiking; Water Sports,false,https://www.google.com/maps/dir/?api=1&destination=Blue%20Ridge%20Parkway%20Milepost%2019%2C%20Montebello%2C%20VA%2024464,,,,,,,,
90,Three Ridges,three-ridges,Hikes & Trails,outdoor,Tyro,"Difficult 13.3-mile Three Ridges loop combining the Appalachian Trail and Mau-Har for waterfalls, rugged ridgelines, and overnight backcountry camping. The 13.3-mile Three Ridges loop is one of Virginia's premier backpacking routes, delivering waterfalls, rocky knife-edge climbs, and big Appalachian vistas south of Wintergreen. Expect strenuous terrain, overnight camping zones, and bragging rights after tackling this rugged circuit.",,https://ik.imagekit.io/OE/nelson-county/listings/three-ridges-image1_FeDL-sZPk,"Small waterfall flowing over rocks, surrounded by autumn leaves and trees.",,,,,,,,,(434) 263-7015,"Reeds Gap Trailhead, Route 664, Roseland, VA 22967",josh,,,https://www.google.com/maps/dir/?api=1&destination=Reeds%20Gap%20Trailhead%2C%20Route%20664%2C%20Roseland%2C%20VA%2022967,Hiking; Biking; Appalachian Trail; Water Sports,false,https://www.google.com/maps/dir/?api=1&destination=Reeds%20Gap%20Trailhead%2C%20Route%20664%2C%20Roseland%2C%20VA%2022967,,,,,,,,
91,Stoney Creek Park,stoney-creek-park,Hikes & Trails,outdoor,Wintergreen Resort,"Community linear park in Stoney Creek with creekside walking path, new picnic areas, benches, and easy terrain for families. Stoney Creek Park threads an easy 0.3-mile yellow-blazed path along a restored stream corridor lined with benches, picnic tables, and new trailhead parking off Stoney Creek West. Families stroll shaded loops, dip toes in the creek, and enjoy the 2022 park expansion.",,https://ik.imagekit.io/OE/nelson-county/listings/stoney-creek-park-image1_Jb225aVyuc,White flowers blooming among lush green leaves in a forest setting.,,,,,,,,,(434) 263-7015,"Stoney Creek West Drive, Nellysford, VA 22958",josh,,,https://www.google.com/maps/dir/?api=1&destination=Stoney%20Creek%20West%20Drive%2C%20Nellysford%2C%20VA%2022958,Picnic Area; Family Friendly; Parking; Biking; Hiking,false,https://www.google.com/maps/dir/?api=1&destination=Stoney%20Creek%20West%20Drive%2C%20Nellysford%2C%20VA%2022958,,,,,,,,
92,Spy Rock,spy-rock,Hikes & Trails,outdoor,Montebello,"Alternative 6.5-mile round-trip route to Spy Rock via Meadows Lane featuring sustained climbs, rocky scrambles, and sweeping summit panoramas. Spy Rock's soaring granite dome remains open via a 6.5-mile round-trip hike from Meadows Lane (SR 826) after the fish hatchery lot closure. The route delivers 360° views over the Blue Ridge—just be prepared for limited blazes and a longer climb.",,https://ik.imagekit.io/OE/nelson-county/listings/spy-rock-image1_1KwRYk5CN,"Hikers standing on rocky summit under cloudy blue sky, overlooking green mountains.",,,,,,,,,(540) 265-5100,"Meadows Lane (SR 826) Trailhead, Montebello, VA 24464",josh,,,https://www.google.com/maps/dir/?api=1&destination=Meadows%20Lane%20%28SR%20826%29%20Trailhead%2C%20Montebello%2C%20VA%2024464,Biking; Fishing; Hiking; Scenic Views,true,https://www.google.com/maps/dir/?api=1&destination=Meadows%20Lane%20%28SR%20826%29%20Trailhead%2C%20Montebello%2C%20VA%2024464,,,,,,,,
93,Spruce Creek Park,spruce-creek-park,Hikes & Trails,outdoor,Nellysford,"Spruce Creek Park trail hub in Nellysford connecting multiple Rockfish Valley Foundation paths, native plant gardens, and the Natural History Center. Spruce Creek Park anchors the Rockfish Valley Loop Trail system at Route 151, offering sunrise-to-sunset access to TRACK trails, a native plant garden, butterfly walk, geology trail, and the Rockfish Valley Foundation Natural History Center.",,https://ik.imagekit.io/OE/nelson-county/listings/spruce-creek-park-image1_dQTxUZJOD,Tall green thistles with spiky leaves against dense forest backdrop.,,,,,,,,,(434) 361-0271,"1368 Rockfish Valley Highway, Nellysford, VA 22958",josh,,,https://www.google.com/maps/dir/?api=1&destination=1368%20Rockfish%20Valley%20Highway%2C%20Nellysford%2C%20VA%2022958,Hiking; Biking; Fishing,false,https://www.google.com/maps/dir/?api=1&destination=1368%20Rockfish%20Valley%20Highway%2C%20Nellysford%2C%20VA%2022958,,,,,,,,
94,Rockfish Valley Loop Trails,rockfish-valley-loop-trails,Hikes & Trails,outdoor,Nellysford,"Flat four-mile network skirting the Rockfish River and Reid's Creek with birding hotspots, interpretive signage, and farm-country views. Rockfish Valley Loop Trails span about four flat miles of mowed paths that trace the Rockfish River and Reid's Creek, blend history with birding, and frame constant Blue Ridge views. Park at Spruce Creek to explore multiple trail spurs sunrise to sunset.",,https://ik.imagekit.io/OE/nelson-county/listings/rockfish-valley-loop-trails-image1_pCdYf7Kn0,"Wooden footbridge crossing over rocky ground, surrounded by lush green trees.",,,,,,,,,(434) 361-0126,"Rockfish Valley Loop Trailhead, 1368 Rockfish Valley Highway, Nellysford, VA 22958",josh,,,https://www.google.com/maps/dir/?api=1&destination=Rockfish%20Valley%20Loop%20Trailhead%2C%201368%20Rockfish%20Valley%20Highway%2C%20Nellysford%2C%20VA%2022958,Hiking; Educational; Biking; Farm; Water Sports; Fishing,false,https://www.google.com/maps/dir/?api=1&destination=Rockfish%20Valley%20Loop%20Trailhead%2C%201368%20Rockfish%20Valley%20Highway%2C%20Nellysford%2C%20VA%2022958,,,,,,,,
130,Quarry Gardens at Schuyler,quarry-gardens-at-schuyler,Hikes & Trails,outdoor,Schuyler,"Restored soapstone quarries transformed into 40-acre native plant gardens with two miles of trails, habitat galleries, and guided ecology tours. Natural area and botanical garden for public education and enjoyment. Schuyler has been the soapstone capital of the world since 1880's. S during the Great Depression. Those who travel to Schuyler are encouraged to visit The Walton’s Mountain Museum. Schuyler’s forests bloom in the springtime; the rural roadways make for a gorgeous spring drive.",,https://ik.imagekit.io/OE/nelson-county/listings/quarry-gardens-at-schuyler-image1_jw6Y3UBV0,"Rocky cliffside and trees reflected in a calm, clear lake.",,,,,,,,,(434) 939-1005,"1643 Salem Road, Schuyler, VA 22969",josh,,,https://www.google.com/maps/dir/?api=1&destination=1643%20Salem%20Road%2C%20Schuyler%2C%20VA%2022969,Biking; Hiking,false,https://www.google.com/maps/dir/?api=1&destination=1643%20Salem%20Road%2C%20Schuyler%2C%20VA%2022969,Information,S during the Great Depression. Those who travel to Schuyler are encouraged to visit The Walton’s Mountain Museum.,Menu & Offerings,"Schuyler’s forests bloom in the springtime; the rural roadways make for a gorgeous spring drive. If you’re traveling through Schuyler or want to plan a full day, start with The Walton’s Mountain Museum. The museum itself is in Hamner’s boyhood school. Displays include replicas of “The Walton’s” sets, hundreds of memorabilia items, and photographs. Next, check out Walton Hamner House, located across from the museum. Join the guided tour inside John-Boy Walton’s childhood home. The house has been.",About,"The history of Nelson County, check out The Walton’s Mountain Museum to learn more about the hit show,“The Waltons.” Another option for a history lesson stands in Arrington off Route 29. At the Oakland Museum, Visitors can view an exhibit on The Rural Electrification Act, part of Roosevelt’s New Deal. Traveling teachers and students will enjoy the exhibit depicting the history of the area schools.",Experience,"Every fall, visitors travel to Nelson County to take in the sight of the Blue Ridge Mountains. The gorgeous autumn colors reach their peak mid- to late October each year. Fall’s crisp mornings, pleasant daytime temperatures, and nearly-chilly nights make Nelson a perfect outdoor destination, but there are plenty of cozy indoor amenities as well. A fall day trip to the Schuyler area proves rewarding to the amateur geologist."
156,Kids in Parks: Rockfish River Trailhead,kids-in-parks-rockfish-river-trailhead,Hikes & Trails,outdoor,Nellysford,"Kids in Parks TRACK Trail loop along the Rockfish River featuring story walk signage, riparian habitats, and a flat one-mile family route. The Rockfish Valley Kids in Parks Track Trail in Nellysford at the Rockfish Valley Foundation 's beautiful Rockfish River Trailhead on Route 151, 1.5 miles south of Nellysford. This is another of the Blue Ridge Parkway Foundation's Kids in Parks Track Trail programs of self guided outdoor opportunities for kids and families to connect with nature.",,https://ik.imagekit.io/OE/nelson-county/listings/kids-in-parks-rockfish-river-trailhead-image1_QtOY0MxuS,"Bare trees by a flowing stream, mountain and clear sky in background.",,,,,,,,,(434) 226-0446,"Rockfish River Trailhead, 1368 Rockfish Valley Highway, Nellysford, VA 22958",josh,,,https://www.google.com/maps/dir/?api=1&destination=Rockfish%20River%20Trailhead%2C%201368%20Rockfish%20Valley%20Highway%2C%20Nellysford%2C%20VA%2022958,Adventure; Hiking; Biking; Water Sports; Fishing,false,https://www.google.com/maps/dir/?api=1&destination=Rockfish%20River%20Trailhead%2C%201368%20Rockfish%20Valley%20Highway%2C%20Nellysford%2C%20VA%2022958,,,,,,,,
163,Brew Ridge Trail,brew-ridge-trail,Hikes & Trails,outdoor,Nelson County,"Brew Ridge Trail self-guided craft beer itinerary linking six breweries across Nelson County, Crozet, and Charlottesville. The Brew Ridge Trail is a self-guided tour featuring six of the nation's best craft breweries. With everything from lagers to stouts, there's something for everyone along the trail.",,https://ik.imagekit.io/OE/nelson-county/listings/brew-ridge-trail-image1_Ok2KK-HVc,"Circular logo with beer glasses, text: 'Brew Ridge Trail, Virginia's Original Beer Trail.'",,,,,,,,,(434) 263-7015,"Route 151 Craft Beverage Corridor, Nelson County, VA 22958",josh,,,https://www.google.com/maps/dir/?api=1&destination=Route%20151%20Craft%20Beverage%20Corridor%2C%20Nelson%20County%2C%20VA%2022958,Beer; Hiking; Tastings; Scenic Views; Biking,false,https://www.google.com/maps/dir/?api=1&destination=Route%20151%20Craft%20Beverage%20Corridor%2C%20Nelson%20County%2C%20VA%2022958,,,,,,,,
164,Nelson 151,nelson-151,Hikes & Trails,outdoor,Nellysford,"Nelson 151 craft beverage trail along Route 151 featuring wineries, breweries, cidery stops, farm markets, and mountain vistas. Located at the base of the Blue Ridge, Route 151 is Main Street for the Rockfish Valley. This northern part of Nelson County is home to 5 wineries, 3 breweries, 1 cidery, cozy Bed & Breakfasts, friendly farmers, spectacular views, and so much more.",,https://ik.imagekit.io/OE/nelson-county/listings/nelson-151-image1_pBBP3u1qZ,Mountain silhouette with text 'NELSON 151' on dark blue shield.,,,,,,,,,(434) 263-7015,"Route 151, Nellysford, VA 22958",josh,,,https://www.google.com/maps/dir/?api=1&destination=Route%20151%2C%20Nellysford%2C%20VA%2022958,Beer; Cider; Spirits; Hiking; Scenic Views; Biking; Farm; Tastings; Fishing,false,https://www.google.com/maps/dir/?api=1&destination=Route%20151%2C%20Nellysford%2C%20VA%2022958,Contact & Location,"Take the next step and sign up for the EAT. DRINK. LOVE. Pass – a mobile passport that will take you to the Nelson 151 producers of craft beverages and the places that sell them. When you check in at 7 locations, you are entered into a raffle for a $50 gift certificate to a local restaurant. Check in at all 15 locations, and you will receive a signature craft beverage glass. Supplies are limited. Visit Nelson is always sharing memories made on the Eat. Drink. Love Trail. Tag your favorites with.",,,,,,
165,Nelson 29,nelson-29,Hikes & Trails,outdoor,Lovingston,"Nelson 29 craft beverage route along U.S. 29 connecting breweries, wineries, and distilleries between Arrington and Faber. Nelson has a new craft beverage trail! Nelson 29 is named after the Route 29 corridor that travels through the middle of the county. Lovingston is a great destination for history buffs as the Lovingston Historic District and the courthouse are both listed on the National Register of Historic Places. The original 30 acres was donated by Mr.",,https://ik.imagekit.io/OE/nelson-county/listings/nelson-29-image1_U00mTb8Bmc,Green shield with 'Nelson 29 Craft Beverage Trail' text and mountain silhouette.,,,,,,,,,(434) 263-7015,"Route 29 Corridor, Lovingston, VA 22949",josh,,,https://www.google.com/maps/dir/?api=1&destination=Route%2029%20Corridor%2C%20Lovingston%2C%20VA%2022949,Wine; Spirits; Hiking; Scenic Views; Biking; Beer,false,https://www.google.com/maps/dir/?api=1&destination=Route%2029%20Corridor%2C%20Lovingston%2C%20VA%2022949,Menu & Offerings,"Lovingston is a great destination for history buffs as the Lovingston Historic District and the courthouse are both listed on the National Register of Historic Places. Lovingston was defined as a “courthouse town” after the Nelson County Courthouse was built. One claim to fame is that that town jail was designed by Thomas Jefferson. Lovingston’s most historic African-American landmark is Bright Hope Baptist Church, which was built in 1870 for the freedmen and women living in Nelson. Present-day.",Experience,"Lovingstown, Virginia, as it was first named, began with a land grant and a need to build a courthouse and a county seat for the newly created Nelson County in 1809. The original 30 acres was donated by Mr. James Loving that same year and thus began the construction of this charming historic village. There were 49 lots parceled off in nearly equal measure and then sold. The lots were numbered for identification and were thereby known as those lot numbers.",Contact & Location,"Bright Hope Baptist Church, a historic African-American landmark in Lovingston that overlooks the village. The church was built along with a school in 1870 to serve the freed men and women of Nelson. The kept area has over 100 marked graves. Dinner Options in Lovingston include Vito’s Pizza & Italian Grill for classic and specialty pizzas and Italian entrees. El Mariachi Mexican Restaurant offers over one hundred menu choices and has a gift shop on-site.",Information,"Than a meal, head to Wood Ridge Farm Brewery, where a food truck is usually available. It’s a family-friendly place with plenty of outdoor activities. Want to know something interesting. The brewery and the bar were built out of wood from the property. If you’re lucky enough to have stopped by on the weekend, Visitors can enjoy live music there as well. S Outback Brew House is further south on Route 29 and also has wood fired pizza and live music."
170,Nelson Scoops,nelsonscoops,Restaurants,taste,Lovingston,"Family-run Nelson Scoops scoops small-batch ice cream, shakes, and novelty treats made with local ingredients along Route 29 in Lovingston. At Nelson Scoops, we offer much more than just your average ice cream parlor experience. As a family-founded establishment, we have a passion for creating delectable treats that bring joy to our local community. Lovingston is a great destination for history buffs as the Lovingston Historic District and the courthouse are both listed on the National Register of Historic Places. The original 30 acres was donated by Mr.",,https://ik.imagekit.io/OE/nelson-county/listings/nelson-scoops-image1_uomigoG-v,"Three ice cream cones on dark surface, different flavors, garnished with chocolate shavings.",,,,,,,,,(434) 263-0003,"8203 Thomas Nelson Highway, Lovingston, VA 22949",WG,,,https://www.google.com/maps/dir/?api=1&destination=8203%20Thomas%20Nelson%20Highway%2C%20Lovingston%2C%20VA%2022949,Desserts; Family Friendly,true,https://www.google.com/maps/dir/?api=1&destination=8203%20Thomas%20Nelson%20Highway%2C%20Lovingston%2C%20VA%2022949,Menu & Offerings,"Lovingston is a great destination for history buffs as the Lovingston Historic District and the courthouse are both listed on the National Register of Historic Places. Lovingston was defined as a “courthouse town” after the Nelson County Courthouse was built. One claim to fame is that that town jail was designed by Thomas Jefferson. Lovingston’s most historic African-American landmark is Bright Hope Baptist Church, which was built in 1870 for the freedmen and women living in Nelson. Present-day.",Experience,"Lovingstown, Virginia, as it was first named, began with a land grant and a need to build a courthouse and a county seat for the newly created Nelson County in 1809. The original 30 acres was donated by Mr. James Loving that same year and thus began the construction of this charming historic village. There were 49 lots parceled off in nearly equal measure and then sold. The lots were numbered for identification and were thereby known as those lot numbers.",Contact & Location,"Bright Hope Baptist Church, a historic African-American landmark in Lovingston that overlooks the village. The church was built along with a school in 1870 to serve the freed men and women of Nelson. The kept area has over 100 marked graves. Dinner Options in Lovingston include Vito’s Pizza & Italian Grill for classic and specialty pizzas and Italian entrees. El Mariachi Mexican Restaurant offers over one hundred menu choices and has a gift shop on-site.",Information,"Than a meal, head to Wood Ridge Farm Brewery, where a food truck is usually available. It’s a family-friendly place with plenty of outdoor activities. Want to know something interesting. The brewery and the bar were built out of wood from the property. If you’re lucky enough to have stopped by on the weekend, Visitors can enjoy live music there as well. S Outback Brew House is further south on Route 29 and also has wood fired pizza and live music."
167,Virginia Spirits Trail,virginia-spirits-trail,Hikes & Trails,outdoor,Commonwealth of Virginia,"Virginia Spirits Trail passport connecting craft distilleries statewide with tasting rooms, tours, and collectible stamps. Here in Virginia, we take great pride in putting our souls into every bottle of distilled spirits because we know that small batches take time, heart, and spirit. We believe in farm to bottle, continuously focusing on the small batches.",,https://ik.imagekit.io/OE/nelson-county/listings/virginia-spirits-trail-image1_dZvNEofPr,White cursive text 'Virginia Spirits' on dark blue background.' (8 words),,,,,,,,,(804) 786-5120,"Virginia Spirits Trail, Commonwealth of Virginia",josh,,,https://www.google.com/maps/dir/?api=1&destination=Virginia%20Spirits%20Trail%2C%20Commonwealth%20of%20Virginia,Spirits; Tastings; Hiking; Farm; Scenic Views; Biking,false,https://www.google.com/maps/dir/?api=1&destination=Virginia%20Spirits%20Trail%2C%20Commonwealth%20of%20Virginia,,,,,,,,
172,Crestvue Cottage,crestvue-cottage,Cabins & Cottages,stay,Arrington,"Crestvue Cottage is a renovated 340 sq ft farm guest house with hiking trails, stargazing deck, and full kitchenette minutes from Route 29 wineries. Wake up to rolling pasture views, wander the farm's private hiking loops, then end the night on a dedicated stargazing deck with a Route 29 vintage in hand. The thoughtfully restored 340-square-foot guest house keeps everything within reach—a well-equipped kitchenette, lounge nook, and spa-like bath designed for cozy couple getaways.",,https://ik.imagekit.io/OE/nelson-county/listings/crestvue-cottage-image1_Mm7x0OQyf,"White house with balcony, surrounded by green lawn and trees under blue sky.",,https://ik.imagekit.io/OE/nelson-county/listings/crestvue-cottage-image2_yyVLXAeNY,"Cozy living room with kitchenette, TV, rug, and wooden stairs.",,,,,,,"Arrington, VA 22922",josh,,,https://www.google.com/maps/dir/?api=1&destination=Arrington%2C%20VA%2022922,Farm; Outdoor Seating; Full Kitchen; Cabins; Lodging,false,https://www.google.com/maps/dir/?api=1&destination=Arrington%2C%20VA%2022922,,,,,,,,
173,Sentosa Cabin,sentosa-cabin,Cabins & Cottages,stay,Schuyler,"Sentosa Cabin is a one-bedroom woodland retreat with mountain views, Wi-Fi, full kitchen, and two miles of private trails to the Rockfish River. Two miles of private woodland trail connect Sentosa Cabin to the Rockfish River, so you can hike to swimming holes before returning to the full kitchen for dinner. Mountain views pour through the windows, Wi-Fi keeps you connected, and the cabin's footprint is sized perfectly for a quiet workcation or off-grid reset.",,https://ik.imagekit.io/OE/nelson-county/listings/sentosa-cabin-image1_ffHRrfeUG-,"Wooden cabin with green metal roof, surrounded by lush trees and sunlight.",,https://ik.imagekit.io/OE/nelson-county/listings/sentosa-cabin-image2_tXL4mojV8,"Cozy wooden kitchen with white appliances, circular table, and sunlight through windows.",,,,,,,"Nellysford, VA 22958",josh,,,https://www.google.com/maps/dir/?api=1&destination=Nellysford%2C%20VA%2022958,Scenic Views; Cabins; Outdoor Seating; Wi-Fi; Full Kitchen; Lodging; Water Sports; Fishing,false,https://www.google.com/maps/dir/?api=1&destination=Nellysford%2C%20VA%2022958,Experience,"1 bedroom, 1 bath cabin with covered back porch, full kitchen and wifi. Mountain and woods views and 2 miles of woods nature trails for guests.",Contact & Location,"Sentosa Cabin is a remote haven for nature lovers. Ideal for couples or a single traveler looking for a quiet escape in the country. Find us at a serene location with beautiful mountain views from the back deck, it is tucked away in the woods for relaxation in nature. There are over 2 miles of hiking/nature trails on the property that connect to the Rockfish River, that are available for guests to use.",Events & Activities,*Lodging descriptions are provided by the host and not independently verified.,Contact & Location,"Sarah Ponton, samponton123@gmail. Com Staff on Site. No Pet-Friendly. No Find us at Schuyler."
174,Roudy's Retreat,roudys-retreat,Whole House Rentals,stay,Montebello,"Roudy's Retreat sleeps up to ten with a hot tub, private pond, fire pit, and fully stocked kitchen on a secluded Nelson County property. Gatherings at Roudy's Retreat revolve around the private pond, bubbling hot tub, and Adirondack-ringed fire pit, all tucked deep in Nelson County's countryside. Inside, the open kitchen and multiple sleep spaces comfortably host up to ten guests for winery weekends or fishing-focused family reunions. Escape to this spacious retreat with a hot tub and everything else you need to get away. Enjoy alone time in the loft reading a book or play a game with the family at the large table.",,https://ik.imagekit.io/OE/nelson-county/listings/roudy-s-retreat-image1_1WMwk-J25,"Cabin with green roof near a pond, surrounded by trees.",,https://ik.imagekit.io/OE/nelson-county/listings/roudy-s-retreat-image2_RMFc_3AWu,"Rustic living room with wood walls, cozy seating, and a red wood stove.",,,,,,,"Roseland, VA 22967",josh,,,https://www.google.com/maps/dir/?api=1&destination=Roseland%2C%20VA%2022967,Outdoor Seating; Full Kitchen; Pet Friendly; Cabins; Lodging; Tastings; Fishing,false,https://www.google.com/maps/dir/?api=1&destination=Roseland%2C%20VA%2022967,Experience,"Escape to this spacious retreat with a hot tub and everything else you need to get away. Enjoy alone time in the loft reading a book or play a game with the family at the large table. Gather around the fire pit, fish in the pond, or get cozy around the wood stove. Settle down on the large deck to enjoy the mountain air, watch the sunset over the trees, or just listen to the sounds of nature. Find yourself enjoying the beautiful mountains of Virginia while not missing the amenities of home.",Menu & Offerings,Guests will enjoy a large family room with enough seating for the whole crew. The wood burning stove is a lovely touch in the chilly weather (we'd be happy to start a fire prior to your arrival) and the large picture window overlooking the pond will allow for a beautiful view of nature. The kitchen is fully stocked with everything you need to cook and serve your family. There is a coffee/tea bar as well as a counter top ice maker.,Events & Activities,*Lodging descriptions are provided by the host and not independently verified.,Contact & Location,"Jaclyn Roudabush, roudys. Retreat@gmail. Com Staff on Site. No Pet-Friendly. Yes Find us at Montebello."
175,Pachi's Ridge,pachis-ridge,Cabins & Cottages,stay,Nellysford,"Pachi's Ridge is a modern three-bedroom cabin on 40 acres with Blue Ridge views, upgraded kitchen, and access to hiking trails and the Rockfish River. Pachi's Ridge crowns forty wooded acres with long-range Blue Ridge views, an upgraded chef's kitchen, and breezy decks that spill directly onto hiking trails. Follow the path to the Rockfish River for paddling or simply unplug in the modern three-bedroom cabin that balances contemporary finishes with full immersion in nature. Get your own little slice of wooded paradise at this Nellysford, VA, vacation rental near Wintergreen Resort. Enjoy beautiful seasonal views of the Blue Ridge. In winter, Visitors can see Wintergreen as you roast marshmallows over the fire pit.",,https://ik.imagekit.io/OE/nelson-county/listings/pachi-s-ridge-image1_DxNkYbmjVP,"Blue house with wraparound porch, surrounded by trees, overcast sky.",,https://ik.imagekit.io/OE/nelson-county/listings/pachi-s-ridge-image2_axMVH5UU0,"Cozy dining area with round table, chairs, and nearby stone fireplace in living room.",,,,,,,"Nellysford, VA 22958",josh,,,https://www.google.com/maps/dir/?api=1&destination=Nellysford%2C%20VA%2022958,Scenic Views; Seasonal Menu; Cabins; Full Kitchen; Lodging; Water Sports; Fishing,false,https://www.google.com/maps/dir/?api=1&destination=Nellysford%2C%20VA%2022958,Menu & Offerings,"Get your own little slice of wooded paradise at this Nellysford, VA, vacation rental near Wintergreen Resort. This 3-bedroom, 3-bathroom cabin offers unfettered access to more than 40 acres of forested land, including beautiful Blue Ridge Mountain views and access to both hiking trails and the Rockfish River. You don’t have to sacrifice comfort and style at ‘Pachi's Ridge’, a retreat that boasts an updated interior, new appliances, and tasteful decor from top to bottom.",Experience,"Enjoy beautiful seasonal views of the Blue Ridge. In winter, Visitors can see Wintergreen as you roast marshmallows over the fire pit. In summer, the cabin is quiet and cozy as the forests surround you in tranquility and wildlife abounds. Bring a float to dip into the Rockfish River and cool off. Or challenge your family to a game of corn hole. Well-appointed with everything you need for a memorable trip.",Events & Activities,*Lodging descriptions are provided by the host and not independently verified.,Contact & Location,"Susan Castaldo, szulcs@yahoo. Com Staff on Site. No Pet-Friendly. No Find us at Nellysford."
176,Boogie Nights Manor,boogie-nights-manor,Cabins & Cottages,stay,Afton,"Sleeping twelve with pet-friendly policies, the home lets your group hop between tasting rooms by day and host vinyl-listening parties or hot tub hangs by night. A custom home designed and built by the inventor of the hot dog conveyer machine.",,https://ik.imagekit.io/OE/nelson-county/listings/boogie-nights-manor-image1_CDb_i8QRg,"Modern two-story building with red frames, large windows, surrounded by greenery.",,https://ik.imagekit.io/OE/nelson-county/listings/boogie-nights-manor-image2_G1ZiQ4uBE,"Spacious living room with stone fireplace, elephant decor, and large windows.",,,,,,,"Afton, VA 22920",josh,,,https://www.google.com/maps/dir/?api=1&destination=Afton%2C%20VA%2022920,Pet Friendly; Cabins; Lodging; Tastings,false,https://www.google.com/maps/dir/?api=1&destination=Afton%2C%20VA%2022920,Contact & Location,"Looking for a unique pet-friendly stay that accommodates up to 12. You’ve found it in amenity-rich Boogie Nights Manor a wildly spacious, 4,000+-sq-ft home on 3+ acres where every room is a feast for the eyes, filled with art and artifacts. Whether you’re an outdoor enthusiast, fall-foliage viewer, or fan of craft beverages planning to visit wineries, breweries, and distilleries on the Brew Ridge Trail, you’re unlikely to ever find a rental like this one. You’ll love the Central-VA location.",Experience,A custom home designed and built by the inventor of the hot dog conveyer machine.,Events & Activities,*Lodging descriptions are provided by the host and not independently verified.,Contact & Location,"Jeremy Di Maio, jddimaio@yahoo. Com Staff on Site. No Pet-Friendly. Pets allowed, but approval required in advance Find us at Afton."
177,The Big Tiny House,the-big-tiny-house,Cabins & Cottages,stay,Afton,"The Big Tiny House is a luxury Escape Traveler XL tiny home with full kitchen, soaking tub, loft, and Brew Ridge Trail access. The Big Tiny House marries luxury finishes with the efficiency of an Escape Traveler XL: full kitchen, soaking tub, sleeping loft, and clever built-ins. Step outside to the Brew Ridge Trail or stay in for a quiet evening—the petite footprint still delivers every comfort needed for a chic countryside recharge. There’s something to do in Afton every season of the year.",,https://ik.imagekit.io/OE/nelson-county/listings/the-big-tiny-house-image1_NJ-bDVgrT,Wooden tiny house at night with string lights and colorful outdoor chairs.,,https://ik.imagekit.io/OE/nelson-county/listings/the-big-tiny-house-image2_4wefjR0NbD,"Wooden tiny home interior with large windows, sofa, table, and ceiling fan.",,,,,,,"Afton, VA 22920",josh,,,https://www.google.com/maps/dir/?api=1&destination=Afton%2C%20VA%2022920,Full Kitchen; Pet Friendly; Cabins; Lodging,false,https://www.google.com/maps/dir/?api=1&destination=Afton%2C%20VA%2022920,Events & Activities,There’s something to do in Afton every season of the year.,Events & Activities,"And live music. Nelson 151’s wineries often include food pairing. If you’d like to do a little shopping, check out the Nelson 151 gift shops or take a short drive to the Rockfish Valley Community Center, a repurposed school building featuring local shops. Purchase a piece of Nelsonite, Virginia’s state rock, at The Virginia Rock Shop. If you’re into local art, check out the Rockfish Pottery Collective or the Rockfish River Gallery.",Events & Activities,"Live music performances, good food, and inventive, hand-crafted beverages. If you’re planning on spending a hot summer day in Afton, check out the Nelson Farmer’s Market Cooperative one Saturday. Local vendors gather there to sell fresh produce and hand-crafted goodies. Often, there’s live music. Nelson’s wineries make for an excellent day trip as well.",Events & Activities,"And enjoy great food at Blue Mountain. If your taste runs a bit sweeter, try a cider or two at Bryant’s Small Batch, Blue Toad Hard Cider, or Bold Rock Hard Cider. Like the hard stuff better. Head over to Silverback Distillery or Devils Backbone Distillery for a mixed drink and bring home a bottle of bourbon, vodka, whiskey, or gin. If you’re in Nelson celebrating Halloween, you’re in luck."
178,Rusty's Retreat,rustys-retreat,Cabins & Cottages,stay,Afton,"Rusty's Retreat is a Brew Ridge Trail micro-cabin with queen bed, kitchenette, private fire pit, and donation support for animal rescue. Rusty's Retreat keeps things intentionally small—a micro-cabin with queen bed, kitchenette, and private fire pit along the Brew Ridge corridor. Feel-good stays also fund local animal rescues, so your unplugged weekend gives back to the four-legged community that inspired the cabin's name. Welcome to the cozy Rusty's Retreat, nestled in the Blue Ridge Mountains, where comfort meets charm and luxury. There’s something to do in Afton every season of the year.",,https://ik.imagekit.io/OE/nelson-county/listings/rusty-s-retreat-image1_lpTky49pW,"Tiny wooden house with garden, surrounded by trees and plants.",,https://ik.imagekit.io/OE/nelson-county/listings/rusty-s-retreat-image2_HT9XZp_S6,"Cozy wooden tiny house interior with kitchenette, bed, and large windows.",,,,,,,"Afton, VA 22920",josh,,,https://www.google.com/maps/dir/?api=1&destination=Afton%2C%20VA%2022920,Cabins; Outdoor Seating; Coffee; Bar; Tea; Full Kitchen; Lodging,false,https://www.google.com/maps/dir/?api=1&destination=Afton%2C%20VA%2022920,Menu & Offerings,"Welcome to the cozy Rusty's Retreat, nestled in the Blue Ridge Mountains, where comfort meets charm and luxury. This stylish retreat features a plush bed, a compact kitchen, and modern amenities. Relax in your very own private outdoor space and fire pit. You'll be in the epicenter of VA's""Brew Ridge Trail"" with more than 20 wineries, breweries and distilleries close by. Ideal for solo adventurers or couples seeking and memorable escape.",Events & Activities,*Lodging descriptions are provided by the host and not independently verified.,Contact & Location,"Jeremy Di Maio, jddimaio@yahoo. Com Staff on Site. No Pet-Friendly. No Find us at Afton.",Events & Activities,There’s something to do in Afton every season of the year.
179,Village Inn,village-inn,Motels & Inns,stay,Lovingston,"Village Inn is a 23-room motel on U.S. 29 north of Lovingston offering value accommodations and onsite staff. Village Inn sits directly on U.S. 29 north of Lovingston, offering 23 straightforward rooms, ample parking, and on-site staff for road-trippers, contractors, or wedding guests. It's an easy overnight between Charlottesville and Lynchburg with quick access to Nelson County wineries and trails. Lovingston is a great destination for history buffs as the Lovingston Historic District and the courthouse are both listed on the National Register of Historic Places. The original 30 acres was donated by Mr.",,https://ik.imagekit.io/OE/nelson-county/listings/village-inn-image1_65Nlj2gB-,Sign reads 'VILLAGE INN' against a wooded background.,,https://ik.imagekit.io/OE/nelson-county/listings/village-inn-image2_cCjQ-qI7m,Two double beds with patterned covers in a hotel room.,,,,,,(434) 295-2161,"79 Tanbark Plaza, Lovingston, VA 22949",josh,,,https://www.google.com/maps/dir/?api=1&destination=79%20Tanbark%20Plaza%2C%20Lovingston%2C%20VA%2022949,Lodging,false,https://www.google.com/maps/dir/?api=1&destination=79%20Tanbark%20Plaza%2C%20Lovingston%2C%20VA%2022949,Events & Activities,*Lodging descriptions are provided by the host and not independently verified.,Contact & Location,"Sundeep Madhiwala, smadhiwala@yahoo. Com Staff on Site. Yes Pet-Friendly. No Find us at Lovingston.",Menu & Offerings,"Lovingston is a great destination for history buffs as the Lovingston Historic District and the courthouse are both listed on the National Register of Historic Places. Lovingston was defined as a “courthouse town” after the Nelson County Courthouse was built. One claim to fame is that that town jail was designed by Thomas Jefferson. Lovingston’s most historic African-American landmark is Bright Hope Baptist Church, which was built in 1870 for the freedmen and women living in Nelson. Present-day.",Experience,"Lovingstown, Virginia, as it was first named, began with a land grant and a need to build a courthouse and a county seat for the newly created Nelson County in 1809. The original 30 acres was donated by Mr. James Loving that same year and thus began the construction of this charming historic village. There were 49 lots parceled off in nearly equal measure and then sold. The lots were numbered for identification and were thereby known as those lot numbers."
180,Cozy Mountain Cottage,cozy-mountain-cottage,Cabins & Cottages,stay,Nellysford,"Cozy Mountain Cottage is a family-friendly rental near Route 151 with wraparound views, porch seating, and proximity to Wintergreen and breweries. Cozy Mountain Cottage frames wraparound Blue Ridge views from its porches, giving families a relaxed home base between Wintergreen Resort and the Route 151 beverage trail. After day trips, settle in for board games by the fireplace or sunset drinks on the deck while kids play in the spacious yard.",,https://ik.imagekit.io/OE/nelson-county/listings/cozy-mountain-cottage-image1_rghxtSZT6,Firepit with wooden chairs surrounded by trees and cabin.,,https://ik.imagekit.io/OE/nelson-county/listings/cozy-mountain-cottage-image2_xB5E2f_w3,"Cozy living room with brown recliners, stairs, and a patterned rug.",,,,,,,"Roseland, VA 22967",josh,,,https://www.google.com/maps/dir/?api=1&destination=Roseland%2C%20VA%2022967,Scenic Views; Wi-Fi; Full Kitchen; Outdoor Seating; Family Friendly; Cabins; Lodging,false,https://www.google.com/maps/dir/?api=1&destination=Roseland%2C%20VA%2022967,,,,,,,,
181,Piedmont Grove Lodging,piedmont-grove-lodging,Motels & Inns,stay,Roseland,"Piedmont Grove Lodging offers ten hotel-style suites near Route 151 with nightly stays, Dream Cloud mattresses, and professional cleanings. Your ideal Nelson County escape starts here. Flexibility & Convenience: Single-night stays available year-round, perfect for spontaneous getaways or short trips. Exceptional Cleanliness: Every stay is followed by a professional cleaning, including fresh linens and duvets, ensuring a pristine and comfortable environment.",,https://ik.imagekit.io/OE/nelson-county/listings/piedmont-grove-lodging-image1_Pwo1n1wDJ,Children playing with autumn leaves near treehouses in a forest.,,https://ik.imagekit.io/OE/nelson-county/listings/piedmont-grove-lodging-image2_IR18dHCQ4,"Bed with white sheets, abstract wall art, and small bedside table.",,,,,,(434) 361-1100,"76 Rodes Farm Drive, Nellysford, VA 22958",josh,,,https://www.google.com/maps/dir/?api=1&destination=76%20Rodes%20Farm%20Drive%2C%20Nellysford%2C%20VA%2022958,Lodging,false,https://www.google.com/maps/dir/?api=1&destination=76%20Rodes%20Farm%20Drive%2C%20Nellysford%2C%20VA%2022958,Menu & Offerings,"Your ideal Nelson County escape starts here. Our ten hotel-style suites offer the perfect base for exploring all the region has to offer. Conveniently located near Rt 664 & Rt 151, you'll enjoy effortless access to top attractions. Imagine: skiing or hiking at Wintergreen Resort, scenic drives along the Blue Ridge Parkway, or embarking on a portion of the Appalachian Trail – all just five minutes from your door.",Experience,"Flexibility & Convenience: Single-night stays available year-round, perfect for spontaneous getaways or short trips. Exceptional Cleanliness: Every stay is followed by a professional cleaning, including fresh linens and duvets, ensuring a pristine and comfortable environment. Enhanced Comfort: Enjoy a luxurious night's sleep with four standard-size pillows and our Dream Cloud mattresses for optimal support and relaxation. A Touch of Hospitality: Start your day with a complimentary""Take me home"".",Events & Activities,*Lodging descriptions are provided by the host and not independently verified.,,
182,Beech Grove Farmhouse,beech-grove-farmhouse,Cabins & Cottages,stay,Roseland,"Beech Grove Farmhouse is a historic three-bedroom home across from Devils Backbone with modern updates, fire pit, and mountain views. Beech Grove Farmhouse pairs early-1900s character with modern comforts—renovated kitchen, fiber internet, and fire pit—directly across from Devils Backbone Basecamp. It's a natural fit for beer trail adventures or multi-generational trips that want pastoral views without giving up convenience. The Beech Grove Farmhouse is 3 bedroom, 2 bath, early century farmhouse situated in the foothills of the Blue Ridge mountains. There is a sprawling two acre private yard, fire pit, hammock and swing, with beautiful mountain views and is across from Devils Backbone Brewery and Distillery Listed on the National Register of Historic Places by the National Park Service and recognized as a Virginia Treasure, the home has been thoughtfully updated to provide modern amenities while preservi.",,https://ik.imagekit.io/OE/nelson-county/listings/beech-grove-farmhouse-image1_-tmmYsyRbM,"White house with porch, green lawn, trees, and blue sky in background.",,https://ik.imagekit.io/OE/nelson-county/listings/beech-grove-farmhouse-image2_NDEvWcXii,"Cozy living room with sofas, TV, and stairs. Neutral tones and natural light.",,,,,,,"9519 Critzers Shop Road, Afton, VA 22920",josh,,,https://www.google.com/maps/dir/?api=1&destination=9519%20Critzers%20Shop%20Road%2C%20Afton%2C%20VA%2022920,Wi-Fi; Full Kitchen; Scenic Views; Cabins; Lodging,false,https://www.google.com/maps/dir/?api=1&destination=9519%20Critzers%20Shop%20Road%2C%20Afton%2C%20VA%2022920,Experience,"The Beech Grove Farmhouse is 3 bedroom, 2 bath, early century farmhouse situated in the foothills of the Blue Ridge mountains. There is a sprawling two acre private yard, fire pit, hammock and swing, with beautiful mountain views and is across from Devils Backbone Brewery and Distillery. Located just five miles from the Wintergreen Resort, one mile from Bold Rock Cidery, Blue Toad Cidery and is along Nelson 151 Trails. The Appalachian Trail and other scenic trails are all around the area.",Experience,"Listed on the National Register of Historic Places by the National Park Service and recognized as a Virginia Treasure, the home has been thoughtfully updated to provide modern amenities while preserving its historic charm, including lower ceilings and cozy spaces.",Events & Activities,*Lodging descriptions are provided by the host and not independently verified.,Contact & Location,"Wendy & Jason Harris, harrisx4@icloud. Com Staff on Site. No Pet-Friendly. No Find us at Roseland."
183,Straw Bale House,straw-bale-house,Whole House Rentals,stay,Afton,"Straw Bale House is an eco-friendly custom home on 70 acres near breweries with farm animals, fresh eggs, and private hiking. The hand-built Straw Bale House stays cool in summer and cozy in winter, thanks to its eco-friendly construction on 70 acres of fields and woods. Meet the resident farm animals, collect fresh eggs, roam private trails, and then unwind in a roomy great room that was crafted for slow, sustainable living. Custom built private home on 70 acre property near vineyards and breweries. Suitable for all guests including solo or couples in private room with 2 additional rooms for more if larger groups.",,https://ik.imagekit.io/OE/nelson-county/listings/straw-bale-house-image1_uKxQeVydj,"Lush green valley with scattered houses, surrounded by blue mountains under clear sky.",,https://ik.imagekit.io/OE/nelson-county/listings/straw-bale-house-image2_EdnL-Ys70,"Cozy bedroom with iron bed, red bedding, wooden beams, and lit lamp.",,,,,,,"Nellysford, VA 22958",josh,,,https://www.google.com/maps/dir/?api=1&destination=Nellysford%2C%20VA%2022958,Farm; Breakfast; Lodging,false,https://www.google.com/maps/dir/?api=1&destination=Nellysford%2C%20VA%2022958,Experience,Custom built private home on 70 acre property near vineyards and breweries. Suitable for all guests including solo or couples in private room with 2 additional rooms for more if larger groups.,Menu & Offerings,"Chickens offering fresh eggs, private acres for hiking and communing with nature.",Events & Activities,*Lodging descriptions are provided by the host and not independently verified.,Contact & Location,"Mary Elizabeth Cunningham, mscsherpa@gmail. Com Staff on Site. Yes Pet-Friendly. N/A Find us at Afton."
184,Blue Ridge Bliss,blue-ridge-bliss,Whole House Rentals,stay,Roseland,"Blue Ridge Bliss is a renovated two-bedroom Ledges condo at Wintergreen with sunrise views, updated kitchen, and resort access. Blue Ridge Bliss is perched in The Ledges at Wintergreen, delivering sunrise vantage points, a renovated kitchen, and easy access to resort shuttles. Use it as a launch pad for skiing, mountain biking, or Nelson 151 tasting tours before returning to the quiet two-bedroom escape. 2 bed, 2 bath condo in the Ledges at Wintergreen Resort. Updated, well appointed and received consistent fiive star ratings.",,https://ik.imagekit.io/OE/nelson-county/listings/blue-ridge-bliss-image1_zEMtyl2hT,"Gray apartment building with balconies, surrounded by trees and stone landscaping.",,https://ik.imagekit.io/OE/nelson-county/listings/blue-ridge-bliss-image2_4y2T5WBnE,"Cozy living room with beige sofa, colorful cushions, and nature wall art.",,,,,,,"46 Ledges Lane, Wintergreen, VA 22958",josh,,,https://www.google.com/maps/dir/?api=1&destination=46%20Ledges%20Lane%2C%20Wintergreen%2C%20VA%2022958,Cabins; Full Kitchen; Lodging; Pet Friendly; Resort; Scenic Views; Tastings,false,https://www.google.com/maps/dir/?api=1&destination=46%20Ledges%20Lane%2C%20Wintergreen%2C%20VA%2022958,Experience,"2 bed, 2 bath condo in the Ledges at Wintergreen Resort. Updated, well appointed and received consistent fiive star ratings.",Events & Activities,*Lodging descriptions are provided by the host and not independently verified.,Contact & Location,"Mary Beth Cowardin, blueridgeblisswgn@gmail. Com Staff on Site. No Pet-Friendly. Yes Find us at Roseland.",,
185,Stays at Lovingston Winery,stays-at-lovingston-winery,Cabins & Cottages,stay,Lovingston,"Stays at Lovingston Winery include a renovated farmhouse and private cabin steps from the tasting room with fire pits, porches, and optional chef dinners. Book the farmhouse or private cabin at Lovingston Winery to stay mere steps from the tasting room while enjoying porches, fire pits, and optional chef-prepared dinners. Vineyard sunsets, barrel room tours, and catered pairings turn a simple overnight into an immersive wine-country experience. We're happy to curate a private multi-course dinner with wine pairings for you and your guests.",,https://ik.imagekit.io/OE/nelson-county/listings/stays-at-lovingston-winery-image1_B_V5brmYB,"White house with red door, surrounded by large green trees.",,https://ik.imagekit.io/OE/nelson-county/listings/stays-at-lovingston-winery-image2_VLF1AqscC,"Log cabin surrounded by lush trees, gravel path leading to porch.",,,,,,(434) 263-8467,"885 Freshwater Cove Lane, Lovingston, VA 22949",josh,,,https://www.google.com/maps/dir/?api=1&destination=885%20Freshwater%20Cove%20Lane%2C%20Lovingston%2C%20VA%2022949,Wine; Cabins; Lodging; Dinner; Tastings; Farm,false,https://www.google.com/maps/dir/?api=1&destination=885%20Freshwater%20Cove%20Lane%2C%20Lovingston%2C%20VA%2022949,Information,we're happy to curate a private multi-course dinner with wine pairings for you and your guests.,Information,"The magic of a winery up close. Our wines are produced from 100% estate grown grapes, which means we offer acres of bustling vineyards. we're also a farm so it is likely you will see horses grazing and our two farm dogs, Hank the Corgi and Arnie our beloved mutt.",Events & Activities,*Lodging descriptions are provided by the host and not independently verified.,Contact & Location,"Tessa Riley, tessa@lovingstonwinery. Com Staff on Site. Yes Pet-Friendly. N/A Find us at Lovingston."
186,The Cottage at Pines End,the-cottage-at-pines-end,Cabins & Cottages,stay,Arrington,"The Cottage at Pines End is a hot-tub-equipped cabin with wraparound deck, gas fireplace, and trails to the Tye River and Blue Ridge Railway Trail. The Cottage at Pines End wraps guests in mountain scenery via an elevated hot tub, wide decks, and wooded trails that lead toward the Tye River and the Blue Ridge Railway Trail. Inside, a gas fireplace and fully stocked kitchen make it simple to host friends after days on Nelson County backroads.",,https://ik.imagekit.io/OE/nelson-county/listings/the-cottage-at-pines-end-image1_IAgIW2t47,"House with solar panels, front porch, rocking chairs, surrounded by trees.",,https://ik.imagekit.io/OE/nelson-county/listings/the-cottage-at-pines-end-image2_cm3rgz8Vk,"Cozy living room with stone fireplace, leather sofas, wooden floors, and large windows.",,,,,,,"Arrington, VA 22922",josh,,,https://www.google.com/maps/dir/?api=1&destination=Arrington%2C%20VA%2022922,Outdoor Seating; Pet Friendly; Scenic Views; Water Sports,false,https://www.google.com/maps/dir/?api=1&destination=Arrington%2C%20VA%2022922,,,,,,,,
187,Woodson's Mill House,woodsons-mill-house,Whole House Rentals,stay,Roseland,"Woodson's Mill House is a craftsman retreat beside historic Woodson's Mill with lake access, wooded acreage, and convenient access to Charlottesville and Wintergreen. Woodson's Mill House backs up to the historic gristmill and a spring-fed lake, creating a storybook backdrop for a craftsman-style retreat. Unwind on the screened porch, explore the wooded acreage, or take day trips to Charlottesville, Wintergreen, and neighboring vineyards. Conveniently located near Charlottesville, Wintergreen, and the Blue Ridge Pkwy, this idyllic Craftsman style home offers the perfect opportunity for couples weekends filled with excursions to local wineries, breweries, and restaurants, or quiet family getaways spent exploring the property's woods, lake, and historic Woodson’s Mill. Woodson’s Mill, built in 1794, placed on the National Registry of Historic Places on December 17, 1992 is located on the property. It is an excellent example of a wood framed, water-powered grist mill that is not only structurally intact, but still in operation.",,https://ik.imagekit.io/OE/nelson-county/listings/woodson-s-mill-house-image1_4Inlp4G5X,Stone house with green roof surrounded by trees in autumn.,,https://ik.imagekit.io/OE/nelson-county/listings/woodson-s-mill-house-image2_vZTKxv4MMY,"Large wooden dining table, patterned rug, stone fireplace, chandelier, framed art on walls.",,,,,,,"3211 Lowesville Road, Roseland, VA 22967",josh,,,https://www.google.com/maps/dir/?api=1&destination=3211%20Lowesville%20Road%2C%20Roseland%2C%20VA%2022967,Scenic Views; Pet Friendly; Cabins; Lodging; Farm; Tastings,false,https://www.google.com/maps/dir/?api=1&destination=3211%20Lowesville%20Road%2C%20Roseland%2C%20VA%2022967,Menu & Offerings,"Conveniently located near Charlottesville, Wintergreen, and the Blue Ridge Pkwy, this idyllic Craftsman style home offers the perfect opportunity for couples weekends filled with excursions to local wineries, breweries, and restaurants, or quiet family getaways spent exploring the property's woods, lake, and historic Woodson’s Mill. This property offers the best of both worlds and is centrally located to all that the heart of the Blue Ridge Mountains has to offer.",Experience,"Woodson’s Mill, built in 1794, placed on the National Registry of Historic Places on December 17, 1992 is located on the property. It is an excellent example of a wood framed, water-powered grist mill that is not only structurally intact, but still in operation. Deep Roots Milling, a three man operation, rents the mill one week per month to grind local grains for their customers.",Events & Activities,*Lodging descriptions are provided by the host and not independently verified.,Contact & Location,"William & Charlene Chinworth, bandcchinworth@gmail. Com Staff on Site. No Pet-Friendly. Yes Find us at Roseland."
188,Harmony Hill Bed & Breakfast,harmony-hill-bed-and-breakfast,Bed and Breakfast,stay,Arrington,"Harmony Hill Bed & Breakfast offers six themed guest rooms with private baths, fireplaces, and country breakfasts near Route 29 wineries. Harmony Hill Bed & Breakfast blends six themed guest rooms—each with private bath and many with fireplaces—with hearty country breakfasts and porch swings overlooking Route 29 wine country. Hosts help guests map tasting itineraries, waterfall hikes, and scenic drives between meals. 6 Rooms with private baths Some have Jacuzzi tubs and fireplaces Rates include a full country breakfast.",,https://ik.imagekit.io/OE/nelson-county/listings/harmony-hill-bed-breakfast-image1_RKNENpGmn,"Brown wooden house with dormer windows, surrounded by trees and grassy lawn.",,https://ik.imagekit.io/OE/nelson-county/listings/harmony-hill-bed-breakfast-image2_3XvmHXiWy,"Cozy cabin living room with brown sofa, stone fireplace, and wooden accents.",,,,,,(434) 263-7750,"929 Wilson Hill Road, Arrington, VA 22922",josh,,,https://www.google.com/maps/dir/?api=1&destination=929%20Wilson%20Hill%20Road%2C%20Arrington%2C%20VA%2022922,Breakfast; Scenic Views; Lodging; Hiking; Tastings; Water Sports,false,https://www.google.com/maps/dir/?api=1&destination=929%20Wilson%20Hill%20Road%2C%20Arrington%2C%20VA%2022922,Experience,6 Rooms with private baths Some have Jacuzzi tubs and fireplaces Rates include a full country breakfast.,Events & Activities,*Lodging descriptions are provided by the host and not independently verified.,Contact & Location,"Mary Ten Hoopen, mtenhoopen@verizon. Net Staff on Site. Yes Pet-Friendly. N/A Find us at Arrington.",,
189,Spyrock Lodge,spyrock-lodge,Cabins & Cottages,stay,Montebello,"Spyrock Lodge is a secluded two-bedroom cabin on 11 acres bordering the Appalachian Trail with Wi-Fi, heat/AC, and optional micro cabin. Spyrock Lodge sits on 11 secluded acres bordering the Appalachian Trail, giving hikers immediate access to Spy Rock along with modern essentials like Wi-Fi and climate control. An optional micro-cabin expands the sleeping capacity for friends who want to share the adventure. Fully furnished secluded cabin on 11 acres of land next to George Washington National Forest/Appalachian Trail. At 3,000 feet elevation and direct hiking access to the AT trail.",,https://ik.imagekit.io/OE/nelson-county/listings/spyrock-lodge-image1_UEWaQhSJm,"Modern small cabin with gray walls, red door, and white railing, surrounded by trees.",,https://ik.imagekit.io/OE/nelson-county/listings/spyrock-lodge-image2_gdCdtVVjL,"Living room with wooden furniture, large windows, and vaulted ceiling.",,,,,,,"Montebello, VA 24464",josh,,,https://www.google.com/maps/dir/?api=1&destination=Montebello%2C%20VA%2024464,Cabins; Wi-Fi; Lodging; Appalachian Trail,false,https://www.google.com/maps/dir/?api=1&destination=Montebello%2C%20VA%2024464,Experience,"Fully furnished secluded cabin on 11 acres of land next to George Washington National Forest/Appalachian Trail. At 3,000 feet elevation and direct hiking access to the AT trail. Fully Finished two bedroom two bathrooms. Heat and AC along with high speed wifi internet. Sleeps 4 adults, a micro cabin is available for 5-6 adults.",Experience,Scenic and secluded cabin with direct hiking access to National Forest and AT trail.,Events & Activities,*Lodging descriptions are provided by the host and not independently verified.,Contact & Location,"Lilibeth Yankovich, spyrock@mac. Com Staff on Site. No Pet-Friendly. N/A Find us at Montebello."
190,The Retreat at Crabtree Falls,the-retreat-at-crabtree-falls,Cabins & Cottages,stay,Tyro,"The Retreat at Crabtree Falls spreads across cabins, glamping tents, and forthcoming lodge suites only minutes from Virginia's highest cascading waterfall. Each accommodation provides bedrooms, full kitchens, and generous living rooms for families and groups, while onsite trails connect directly to Crabtree Falls and mountain viewpoints. A dedicated hospitality team keeps spaces immaculate, arranges hikes, fishing, and winery excursions, and answers special requests so guests enjoy a secluded yet fully supported Blue Ridge escape. Stay a stone's throw from Virginia's tallest cascading waterfall at The Retreat at Crabtree Falls, where cabins, glamping tents, and lodge suites anchor a forested campus. Guides can connect you to trout streams, winery tours, or simply point out the trailheads that start on the property, keeping nature and comfort in perfect balance. If you’re thinking of staying a night, there are nearby cabins, glamping and camping options. Spring in Nelson County is all misty skies and bright flower buds. Some regular visitors maintain that the season of spring is the best time to visit Crabtree Falls.",,https://ik.imagekit.io/OE/nelson-county/listings/the-retreat-at-crabtree-falls-image1_0h8Rx4Mea,Rustic cabin with stone chimney surrounded by colorful autumn trees on hillside.,,https://ik.imagekit.io/OE/nelson-county/listings/the-retreat-at-crabtree-falls-image2_8JC6n6CHHy,"Cozy log cabin living room with stone fireplace, bookshelf, and rustic decor.",,,,,,(434) 207-2230,"10777 Crabtree Falls Highway, Tyro, VA 22976",josh,,,https://www.google.com/maps/dir/?api=1&destination=10777%20Crabtree%20Falls%20Highway%2C%20Tyro%2C%20VA%2022976,Lodging; Cabins; Scenic Views; Water Sports; Tastings; Fishing,false,https://www.google.com/maps/dir/?api=1&destination=10777%20Crabtree%20Falls%20Highway%2C%20Tyro%2C%20VA%2022976,Hours & Information,"For a round-trip hike. If you’re thinking of staying a night, there are nearby cabins, glamping and camping options.",Experience,"Spring in Nelson County is all misty skies and bright flower buds. Some regular visitors maintain that the season of spring is the best time to visit Crabtree Falls. The leaves have not yet returned, so the sound of the falls fills the forest. The springtime, the water is more forceful, adding to the sounds of the rushing water. Visitors to Crabtree Falls have reported seeing deer in the woods. The Dogwood blossoms are bright pink and stand out against the pale blue springtime sky.",Events & Activities,"For the family dog. Can’t tear yourself away from Nelson. Don’t worry- it happens to visitors all of the time. Stay the night at a nearby cabin, glamping or camping spot.",Menu & Offerings,"Fall is one of the most popular seasons to visit Nelson County. The peaceful county’s Blue Ridge Mountains burn bright with brilliant color, and small business owners offer up their coziest amenities. Photographers love immortalizing the spectacular colors of Nelson County in the fall. After the fall rains begin, the cascading waters of Crabtree Falls intensify, and the sound of the water reverberates along the wooded trail. One you reach the top, you’ll be rewarded with a dramatic view of fall."
191,Point of View,point-of-view,Cabins & Cottages,stay,Roseland,"Point of View is a five-bedroom, 5.5-bath Wintergreen resort home with panoramic mountain views, dual entertaining levels, hot tub, game room, and chef kitchen. Floor-to-ceiling glass in Point of View frames Wintergreen's ridgelines while two sprawling living levels, a hot tub, game room, and chef's kitchen make it effortless to host slope days or wine weekends with a crowd.",,https://ik.imagekit.io/OE/nelson-county/listings/point-of-view-image1_xsk3WSAG3,"Snow-covered landscape with bare trees, mountains, and blue sky with clouds.",,https://ik.imagekit.io/OE/nelson-county/listings/point-of-view-image2_F7HbHWOzm,"Spacious living room with high wooden ceiling and stone fireplace, cozy seating area.",,,,,,,"Wintergreen Resort, Roseland, VA 22967",josh,,,https://www.google.com/maps/dir/?api=1&destination=Wintergreen%20Resort%2C%20Roseland%2C%20VA%2022967,Scenic Views; Full Kitchen; Cabins; Lodging,false,https://www.google.com/maps/dir/?api=1&destination=Wintergreen%20Resort%2C%20Roseland%2C%20VA%2022967,Hours & Information,"Of entertainment. And enjoy the outdoors while relaxing on the many seating opportunities provided on the two-story deck. The expansive high-end chef's kitchen includes tons of storage and unique countertops (made from recycled paper. ), an induction cooktop, wall oven, microwave, refrigerator/freezer, beverage fridge, two sinks, two dishwashers (for easy clean up. ) and direct access to the gas grill on the connecting porch.",Events & Activities,*Lodging descriptions are provided by the host and not independently verified.,Contact & Location,"Andria Mc Clellan, andria. Mcclellan@gmail. Com Staff on Site. No Pet-Friendly. N/A Find us at Roseland.",,
192,The Inn at Blue Mountain Brewery,the-inn-at-blue-mountain-brewery,Cabins & Cottages,stay,Afton,"The Inn at Blue Mountain Brewery is a 4,000 sq ft Cape Cod home beside the brewery with wraparound porch, hot tub, fire pit, and private path to the taproom. Book the Inn at Blue Mountain Brewery when you want 4,000 square feet of private space yet a footpath straight to the taproom—wraparound porches, a hot tub, and fire pit keep the party going after last call. There’s something to do in Afton every season of the year.",,https://ik.imagekit.io/OE/nelson-county/listings/the-inn-at-blue-mountain-brewery-image1_iQ5F3SfRK,"White house with porch, surrounded by trees and manicured lawn under blue sky.",,https://ik.imagekit.io/OE/nelson-county/listings/the-inn-at-blue-mountain-brewery-image2_cvp8LorNA,"Living room with beige sofas, red rug, fireplace, and large windows.",,,,,,,"9519 Critzers Shop Road, Afton, VA 22920",josh,,,https://www.google.com/maps/dir/?api=1&destination=9519%20Critzers%20Shop%20Road%2C%20Afton%2C%20VA%2022920,Pool; Beer; Outdoor Seating; Cabins; Lodging; Tastings,false,https://www.google.com/maps/dir/?api=1&destination=9519%20Critzers%20Shop%20Road%2C%20Afton%2C%20VA%2022920,Events & Activities,There’s something to do in Afton every season of the year.,Events & Activities,"And live music. Nelson 151’s wineries often include food pairing. If you’d like to do a little shopping, check out the Nelson 151 gift shops or take a short drive to the Rockfish Valley Community Center, a repurposed school building featuring local shops. Purchase a piece of Nelsonite, Virginia’s state rock, at The Virginia Rock Shop. If you’re into local art, check out the Rockfish Pottery Collective or the Rockfish River Gallery.",Events & Activities,"Live music performances, good food, and inventive, hand-crafted beverages. If you’re planning on spending a hot summer day in Afton, check out the Nelson Farmer’s Market Cooperative one Saturday. Local vendors gather there to sell fresh produce and hand-crafted goodies. Often, there’s live music. Nelson’s wineries make for an excellent day trip as well.",Events & Activities,"And enjoy great food at Blue Mountain. If your taste runs a bit sweeter, try a cider or two at Bryant’s Small Batch, Blue Toad Hard Cider, or Bold Rock Hard Cider. Like the hard stuff better. Head over to Silverback Distillery or Devils Backbone Distillery for a mixed drink and bring home a bottle of bourbon, vodka, whiskey, or gin. If you’re in Nelson celebrating Halloween, you’re in luck."
193,Gracewood,gracewood,Cabins & Cottages,stay,Afton,"Gracewood is a modernized cottage tucked off Route 151 with two miles of private trails, quiet setting, and easy access to wineries and breweries. Gracewood hides just off Route 151, pairing a quiet modern cottage with two miles of private trails that drop you into wine-and-beer country in minutes. 5 miles hiking from the cottage brings you to the Appalachian Trail from the cottage.",,https://ik.imagekit.io/OE/nelson-county/listings/gracewood-image1_M-DOchOiM,Lush garden with green shrubs and small building in background.,,https://ik.imagekit.io/OE/nelson-county/listings/gracewood-image2_xJfVn-RK6k,"Modern kitchen with white cabinets, black countertops, and island with place settings.",,,,,,,"Nellysford, VA 22958",josh,,,https://www.google.com/maps/dir/?api=1&destination=Nellysford%2C%20VA%2022958,Cabins; Lodging,false,https://www.google.com/maps/dir/?api=1&destination=Nellysford%2C%20VA%2022958,About,3. 5 miles hiking from the cottage brings you to the Appalachian Trail from the cottage.,Experience,Very quiet. Close to hiking anywhere. Perfect balance between totally quiet and close to Route 151. Inexpensive.,Events & Activities,*Lodging descriptions are provided by the host and not independently verified.,Contact & Location,"Michael Penny, michael@savvyrest. Com Staff on Site. No Pet-Friendly. N/A Find us at Afton."
194,The Chimneys,the-chimneys,Cabins & Cottages,stay,Montebello,"The Chimneys is an 1800s hand-hewn log cabin for unplugged stays, ideal for guests seeking a rustic, off-grid Nelson County experience. Stays at The Chimneys feel like traveling back to the 1800s: a hand-hewn log cabin, no distractions, and pure Nelson County forest for an off-grid reset. This historic 1800s cabin remains much the same as when it was built. It is ideal for the adventurous soul looking to disconnect.",,https://ik.imagekit.io/OE/nelson-county/listings/the-chimneys-image1_u5cR87lJ9,Log cabin with stone chimney surrounded by lush green forest.,,https://ik.imagekit.io/OE/nelson-county/listings/the-chimneys-image2_sNFxu8Fy4p,"Modern kitchen with blue island, pendant light, and stainless appliances.",,,,,,,"Roseland, VA 22967",josh,,,https://www.google.com/maps/dir/?api=1&destination=Roseland%2C%20VA%2022967,Cabins; Adventure; Lodging,false,https://www.google.com/maps/dir/?api=1&destination=Roseland%2C%20VA%2022967,Experience,This historic 1800s cabin remains much the same as when it was built. It is ideal for the adventurous soul looking to disconnect.,Events & Activities,*Lodging descriptions are provided by the host and not independently verified.,Contact & Location,"Margaret Stahl, maggiestahl11@gmail. Com Staff on Site. No Pet-Friendly. N/A Find us at Montebello.",,
195,The Carriage House at Stagebridge Farm,the-carriage-house-at-stagebridge-farm,Bed and Breakfast,stay,Lovingston,"The Carriage House at Stagebridge Farm is an Airbnb studio above the farm's workshop with king bed, EV charging, balcony views, and fast Wi-Fi. The Carriage House at Stagebridge Farm stacks perks into its studio loft—king bed, EV charger, speedy Wi-Fi, and sunrise balcony views washed in fresh mountain air. Lovingston is a great destination for history buffs as the Lovingston Historic District and the courthouse are both listed on the National Register of Historic Places. The original 30 acres was donated by Mr.",,https://ik.imagekit.io/OE/nelson-county/listings/the-carriage-house-at-stagebridge-farm-image1_X0jZ1Dz6N,"Vineyard with rows of grapevines, house, mountain, under clear blue sky.",,https://ik.imagekit.io/OE/nelson-county/listings/the-carriage-house-at-stagebridge-farm-image2_ocUi_5vRa,"Spacious bedroom with large windows, wooden beams, and stylish furnishings.",,,,,,,"Stagebridge Farm, Lovingston, VA 22949",josh,,,https://www.google.com/maps/dir/?api=1&destination=Stagebridge%20Farm%2C%20Lovingston%2C%20VA%2022949,Lodging; Wine; Farm; EV Charging; Breakfast; Wi-Fi,false,https://www.google.com/maps/dir/?api=1&destination=Stagebridge%20Farm%2C%20Lovingston%2C%20VA%2022949,Menu & Offerings,"Lovingston is a great destination for history buffs as the Lovingston Historic District and the courthouse are both listed on the National Register of Historic Places. Lovingston was defined as a “courthouse town” after the Nelson County Courthouse was built. One claim to fame is that that town jail was designed by Thomas Jefferson. Lovingston’s most historic African-American landmark is Bright Hope Baptist Church, which was built in 1870 for the freedmen and women living in Nelson. Present-day.",Experience,"Lovingstown, Virginia, as it was first named, began with a land grant and a need to build a courthouse and a county seat for the newly created Nelson County in 1809. The original 30 acres was donated by Mr. James Loving that same year and thus began the construction of this charming historic village. There were 49 lots parceled off in nearly equal measure and then sold. The lots were numbered for identification and were thereby known as those lot numbers.",Contact & Location,"Bright Hope Baptist Church, a historic African-American landmark in Lovingston that overlooks the village. The church was built along with a school in 1870 to serve the freed men and women of Nelson. The kept area has over 100 marked graves. Dinner Options in Lovingston include Vito’s Pizza & Italian Grill for classic and specialty pizzas and Italian entrees. El Mariachi Mexican Restaurant offers over one hundred menu choices and has a gift shop on-site.",Information,"Than a meal, head to Wood Ridge Farm Brewery, where a food truck is usually available. It’s a family-friendly place with plenty of outdoor activities. Want to know something interesting. The brewery and the bar were built out of wood from the property. If you’re lucky enough to have stopped by on the weekend, Visitors can enjoy live music there as well. S Outback Brew House is further south on Route 29 and also has wood fired pizza and live music."
196,Indigo House Bed & Breakfast,indigo-house-bed-and-breakfast,Bed and Breakfast,stay,Afton,"Indigo House treats guests to four artfully curated, dog-friendly rooms plus chef-prepped breakfasts before they set off for Skyline Drive, Shenandoah National Park, or the Nelson 151 beverage trail. There’s something to do in Afton every season of the year.",,https://ik.imagekit.io/OE/nelson-county/listings/indigo-house-bed-breakfast-image1_Vw7sPK22H,"Cozy house with stone facade, surrounded by trees and mountain views.",,https://ik.imagekit.io/OE/nelson-county/listings/indigo-house-bed-breakfast-image2_-xbLE1vcJ,"Bedroom with blue wall, white bed, large window showcasing scenic outdoor view.",,,,,,(434) 989-6766,"451 Indigo Lane, Afton, VA 22920",josh,,,https://www.google.com/maps/dir/?api=1&destination=451%20Indigo%20Lane%2C%20Afton%2C%20VA%2022920,Pet Friendly; Breakfast; Scenic Views; Lodging,false,https://www.google.com/maps/dir/?api=1&destination=451%20Indigo%20Lane%2C%20Afton%2C%20VA%2022920,Information,"Earning them the reputation of""laid-back luxury"" from guests and publications such as Garden & Gun, The Washingtonian, and Virginia Living. Guests enjoy: An adults-only property. This boutique bed & breakfast was built in 2022 and purposefully designed as an intentional space to unwind for those 24 and up. Really delicious food. Farm-to-fork breakfast is served daily (with afternoon drinks and sweet treats too). A pet-friendly getaway.",Events & Activities,*Lodging descriptions are provided by the host and not independently verified.,Contact & Location,"Stephanie Thomas, info@indigohouseva. Com Staff on Site. Yes Pet-Friendly. Yes Find us at Afton.",Events & Activities,There’s something to do in Afton every season of the year.
197,Papa's Cottage,papas-cottage,Cabins & Cottages,stay,Afton,"Papa's Cottage is a mid-century two-bedroom bungalow with private hot tub, updated interiors, and valley views minutes from Route 151 wine country. Papa's Cottage proves mid-century bones can still wow, thanks to a new hot tub, designer interiors, and valley vistas just a few minutes from the wine trail. This charming Mid-Century Modern cottage includes a private HOT TUB for you. Tucked away in the heart of Nelson County wine country, this little bungalow is perfect for two couples or a small family There’s something to do in Afton every season of the year.",,https://ik.imagekit.io/OE/nelson-county/listings/papa-s-cottage-image1_iLmu3PQJn,"Covered patio with seating, hot tub, string lights, and decorative plants.",,https://ik.imagekit.io/OE/nelson-county/listings/papa-s-cottage-image2_c3F3XIbhl,"Cozy living room with brown sofa, pillows, and open kitchen in background.",,,,,,,"Afton, VA 22920",josh,,,https://www.google.com/maps/dir/?api=1&destination=Afton%2C%20VA%2022920,Scenic Views; Cabins; Lodging,false,https://www.google.com/maps/dir/?api=1&destination=Afton%2C%20VA%2022920,Experience,"This charming Mid-Century Modern cottage includes a private HOT TUB for you. Tucked away in the heart of Nelson County wine country, this little bungalow is perfect for two couples or a small family. This two bedroom, one bath freshly updated ranch is perched up on a small hill on the side of Afton Mountain, overlooking the valley. Here, you’re minutes from all the Route 151 activities yet enough in the country to feel like you’re on vacation.",Events & Activities,*Lodging descriptions are provided by the host and not independently verified.,Contact & Location,"Scott Koehler, scottlkoehler@yahoo. Com Staff on Site. No Pet-Friendly. N/A Find us at Afton.",Events & Activities,There’s something to do in Afton every season of the year.
198,Meme's Cottage,memes-cottage,Cabins & Cottages,stay,Afton,"Meme's Cottage is an updated mid-century getaway for two couples, tucked into woods near Route 151 with modern finishes and quiet deck space. Meme's Cottage is tailor-made for two couples or a small family seeking privacy—modernized 1950s architecture, wooded deck, and an easy hop to Route 151 tasting rooms. Close to so much, and reasonably-priced for a private, upscale, two bedroom house.",,https://ik.imagekit.io/OE/nelson-county/listings/meme-s-cottage-image1_WpucqZ33l,"White house with blue door, surrounded by green trees and grass, outdoor game nearby.",,https://ik.imagekit.io/OE/nelson-county/listings/meme-s-cottage-image2_VGkuXlmBC,Bright kitchen and dining area with white cabinets and wooden floor.,,,,,,,"Afton, VA 22920",josh,,,https://www.google.com/maps/dir/?api=1&destination=Afton%2C%20VA%2022920,Beer; Full Kitchen; Outdoor Seating; Cabins; Lodging; Tastings,false,https://www.google.com/maps/dir/?api=1&destination=Afton%2C%20VA%2022920,Experience,"Close to so much, and reasonably-priced for a private, upscale, two bedroom house.",Events & Activities,*Lodging descriptions are provided by the host and not independently verified.,Contact & Location,"Heather Koehler, scottlkoehler@yahoo. Com Staff on Site. No Pet-Friendly. N/A Find us at Afton.",,
199,Cheval Circle,cheval-circle,Cabins & Cottages,stay,Afton,"Cheval Circle is a rustic three-bedroom home on a meadow beside a horse farm, offering mountain views and easy drives to Afton attractions. Cheval Circle sits beside open pasture and a horse farm, giving the three-bedroom home meadow views, star-filled skies, and quick drives to Afton's trailheads and taprooms. Clean, charmingly rustic, well-appointed and in the heart of Virginia Wine Country,“Cheval Circle” is just a short drive from many of Nelson County’s most popular destinations, including dozens of wineries and breweries and the Afton Mountain Tunnel. Enjoy the beautiful mountain views and the quiet horse farm just across the meadow. The house feels remote and rural, yet is close to so much of what Nelson County has to offer.",,https://ik.imagekit.io/OE/nelson-county/listings/cheval-circle-image1_fOJj41ghsQ,"Hot tub under wooden gazebo, surrounded by trees and clear blue sky.",,https://ik.imagekit.io/OE/nelson-county/listings/cheval-circle-image2_lfF_LxYpL,"Cozy living room with gray sofa, fireplace, and large windows, wood floor.",,,,,,,"Afton, VA 22920",josh,,,https://www.google.com/maps/dir/?api=1&destination=Afton%2C%20VA%2022920,Scenic Views; Cabins; Lodging,false,https://www.google.com/maps/dir/?api=1&destination=Afton%2C%20VA%2022920,Experience,"Clean, charmingly rustic, well-appointed and in the heart of Virginia Wine Country,“Cheval Circle” is just a short drive from many of Nelson County’s most popular destinations, including dozens of wineries and breweries and the Afton Mountain Tunnel. Enjoy the beautiful mountain views and the quiet horse farm just across the meadow.",Menu & Offerings,"The house feels remote and rural, yet is close to so much of what Nelson County has to offer. There is also a fully functioning horse farm right next door.",Events & Activities,*Lodging descriptions are provided by the host and not independently verified.,Contact & Location,"Heather Koehler, scottlkoehler@yahoo. Com Staff on Site. No Pet-Friendly. N/A Find us at Afton."
200,The Wine Cottage,the-wine-cottage,Cabins & Cottages,stay,Afton,"The Wine Cottage is a mid-century ranch with updated interiors, mountain views, and a private fire pit minutes from Nelson 151 tasting rooms. The Wine Cottage pairs an updated ranch layout with mountain-facing fire pit lounges, making it a natural launch point for Nelson 151 tastings or Wintergreen adventures. There’s something to do in Afton every season of the year.",,https://ik.imagekit.io/OE/nelson-county/listings/the-wine-cottage-image1_XiGtHjWQI,Brick house with triangular roof and six blue chairs on lawn.,,https://ik.imagekit.io/OE/nelson-county/listings/the-wine-cottage-image2_CYT2yfryX,"Modern kitchen with island, bar stools, stainless appliances, wooden floor, warm lighting.",,,,,,,"Afton, VA 22920",josh,,,https://www.google.com/maps/dir/?api=1&destination=Afton%2C%20VA%2022920,Scenic Views; Tastings; Wine; Cabins; Lodging,false,https://www.google.com/maps/dir/?api=1&destination=Afton%2C%20VA%2022920,Events & Activities,There’s something to do in Afton every season of the year.,Events & Activities,"And live music. Nelson 151’s wineries often include food pairing. If you’d like to do a little shopping, check out the Nelson 151 gift shops or take a short drive to the Rockfish Valley Community Center, a repurposed school building featuring local shops. Purchase a piece of Nelsonite, Virginia’s state rock, at The Virginia Rock Shop. If you’re into local art, check out the Rockfish Pottery Collective or the Rockfish River Gallery.",Events & Activities,"Live music performances, good food, and inventive, hand-crafted beverages. If you’re planning on spending a hot summer day in Afton, check out the Nelson Farmer’s Market Cooperative one Saturday. Local vendors gather there to sell fresh produce and hand-crafted goodies. Often, there’s live music. Nelson’s wineries make for an excellent day trip as well.",Events & Activities,"And enjoy great food at Blue Mountain. If your taste runs a bit sweeter, try a cider or two at Bryant’s Small Batch, Blue Toad Hard Cider, or Bold Rock Hard Cider. Like the hard stuff better. Head over to Silverback Distillery or Devils Backbone Distillery for a mixed drink and bring home a bottle of bourbon, vodka, whiskey, or gin. If you’re in Nelson celebrating Halloween, you’re in luck."
201,Carter's Cottage,carters-cottage,Cabins & Cottages,stay,Afton,"Carter's Cottage is a modern farmhouse in downtown Nellysford within walking distance to Three Notch'd, featuring a hot tub and updated open floor plan. From Carter's Cottage you can stroll to downtown Nellysford and Three Notch'd, then return to a hot tub, modern kitchen, and airy open floor plan built for entertaining. This clean Modern Farmhouse style one story Cottage in the heart of the 151 corridor,“Carter’s Cottage” is WALKING DISTANCE from the new Three Notch’d distillery/brewery/pub, as well as several other local restaurants and shopping destinations in downtown Nellysford. Also just a short drive from many of Nelson County’s most popular destinations, including Devil’s Backbone, Bold Rock Cidery, and Wintergreen Visitors can walk to Three Notch'd. Then go home and sit in your own hot tub.",,https://ik.imagekit.io/OE/nelson-county/listings/carter-s-cottage-image1_ydn0TnyDb,Wooden chairs in circle around fire pit on gravel patio.,,https://ik.imagekit.io/OE/nelson-county/listings/carter-s-cottage-image2_VB2OzoF4k,"Modern kitchen with island, barstools, stainless steel appliances, and 'Gather' sign above.",,,,,,,"Nellysford, VA 22958",josh,,,https://www.google.com/maps/dir/?api=1&destination=Nellysford%2C%20VA%2022958,Cabins; Lodging; Farm,false,https://www.google.com/maps/dir/?api=1&destination=Nellysford%2C%20VA%2022958,Experience,"This clean Modern Farmhouse style one story Cottage in the heart of the 151 corridor,“Carter’s Cottage” is WALKING DISTANCE from the new Three Notch’d distillery/brewery/pub, as well as several other local restaurants and shopping destinations in downtown Nellysford. Also just a short drive from many of Nelson County’s most popular destinations, including Devil’s Backbone, Bold Rock Cidery, and Wintergreen. PLUS enjoy the Hot Tub.",Experience,Visitors can walk to Three Notch'd. Then go home and sit in your own hot tub.,Events & Activities,*Lodging descriptions are provided by the host and not independently verified.,Contact & Location,"Heather Koehler, scottlkoehler@yahoo. Com Staff on Site. No Pet-Friendly. N/A Find us at Afton."
202,Beech Grove Cottage,beech-grove-cottage,Cabins & Cottages,stay,Roseland,"Beech Grove Cottage is a renovated 1920s bungalow across from Devils Backbone with fiber internet, huge yard, and fire pit for six guests. Beech Grove Cottage is a lovingly restored 1920s bungalow across from Devils Backbone, now sporting fiber internet, a spacious yard, and a fire pit that seats the whole crew. The perfect cozy escape. Beautiful, thoughtfully and fully renovated 1920's bungalow in the heart of the best of Nelson County.",,https://ik.imagekit.io/OE/nelson-county/listings/beech-grove-cottage-image1_jL7Nd6cfH,Yellow daffodils in grassy yard before small house with blue roof.,,https://ik.imagekit.io/OE/nelson-county/listings/beech-grove-cottage-image2_C2qlV-tLb,"Spacious living room with large green sofa, colorful pillows, and wood accents.",,,,,,,"200 Mosbys Run, Roseland, VA 22967",josh,,,https://www.google.com/maps/dir/?api=1&destination=200%20Mosbys%20Run%2C%20Roseland%2C%20VA%2022967,Cabins; Lodging,false,https://www.google.com/maps/dir/?api=1&destination=200%20Mosbys%20Run%2C%20Roseland%2C%20VA%2022967,Experience,"The perfect cozy escape. Beautiful, thoughtfully and fully renovated 1920's bungalow in the heart of the best of Nelson County. Roomy, stylish, light filled. Sleeps 6. Across the road from Devils Backbone Brewery, at the base of Wintergreen Resort— in the middle of it all. Hike, ski, bike, dine, sample beer, cider, wine, apple and peach orchards, chestnut farms. Just off 151,“The Brew Ridge Trail” & backs up to acres of woods and nature. 7 min to Appalachian Trail.",Events & Activities,*Lodging descriptions are provided by the host and not independently verified.,Contact & Location,"Jill Averitt, jill@raveritt. Com Staff on Site. No Pet-Friendly. N/A Find us at Roseland.",,
203,Montebello Resort,montebello-resort,Cabins & Cottages,stay,Montebello,"Montebello Resort offers rustic cabins and cottages with onsite lake, trout pond, country store, and easy access to Crabtree Falls trails. Montebello Resort functions like a mountain playground—rustic cabins ring a private lake, trout pond, and country store, with Crabtree Falls trailheads only minutes away. Lake, trout pond, and unique country store all on site; close to historical sites and hiking; relax, unplug, and unwind.",,https://ik.imagekit.io/OE/nelson-county/listings/montebello-resort-image1_ghrMpW_B3,"Small wooden cabin with a porch, surrounded by green trees and sunlight.",,https://ik.imagekit.io/OE/nelson-county/listings/montebello-resort-image2_5p3CUVkbm,"Rustic wooden cabin interior with leather chairs, stone fireplace, and large windows.",,,,,,(540) 377-2650,"15090 Crabtree Falls Highway, Montebello, VA 24464",josh,,,https://www.google.com/maps/dir/?api=1&destination=15090%20Crabtree%20Falls%20Highway%2C%20Montebello%2C%20VA%2024464,Cafe; Retail; Cabins; Pet Friendly; Lodging,false,https://www.google.com/maps/dir/?api=1&destination=15090%20Crabtree%20Falls%20Highway%2C%20Montebello%2C%20VA%2024464,Experience,"Lake, trout pond, and unique country store all on site; close to historical sites and hiking; relax, unplug, and unwind.",Events & Activities,*Lodging descriptions are provided by the host and not independently verified.,Contact & Location,"Christy Humphreys, christy@montebellova. Com Staff on Site. Yes Pet-Friendly. Yes Find us at Montebello.",,
204,Freshwater Field Cabin,freshwater-field-cabin,Cabins & Cottages,stay,Lovingston,"Freshwater Field Cabin sits on a private farm hollow near Lovingston with hiking trails, horse pastures, and easy drives to Nelson attractions. Freshwater Field Cabin sits in its own little hollow near Lovingston, so guests can wander farm trails, watch horses graze, and still be within a short drive of wineries and hikes. It is rustic and secluded but comfortable Lovingston is a great destination for history buffs as the Lovingston Historic District and the courthouse are both listed on the National Register of Historic Places.",,https://ik.imagekit.io/OE/nelson-county/listings/freshwater-field-cabin-image1_GaffeUlSd,"Red two-story house with patio furniture, umbrella, and trees in background.",,https://ik.imagekit.io/OE/nelson-county/listings/freshwater-field-cabin-image2_Vvm1QAsB9,"Blue sofa in cozy room with fireplace, decorative rug, and wooden elements.",,,,,,,"Lovingston, VA 22949",josh,,,https://www.google.com/maps/dir/?api=1&destination=Lovingston%2C%20VA%2022949,Farm; Cabins; Equestrian; Lodging,false,https://www.google.com/maps/dir/?api=1&destination=Lovingston%2C%20VA%2022949,Experience,"The Freshwater Field Cabin is very private, located on a farm nestled in a mountain hollow, but only 5 miles from route 29. It is rustic and secluded but comfortable. Enjoy hiking the trails on the property, watching the horses in the fields, or visiting local attractions. An easy trip to Lynchburg, Charlottesville, Waynesboro or Wintergreen.",Events & Activities,*Lodging descriptions are provided by the host and not independently verified.,Contact & Location,"Kathy Bryant, kcjcbryant@hotmail. Com Staff on Site. No Pet-Friendly. No Find us at Lovingston.",Menu & Offerings,"Lovingston is a great destination for history buffs as the Lovingston Historic District and the courthouse are both listed on the National Register of Historic Places. Lovingston was defined as a “courthouse town” after the Nelson County Courthouse was built. One claim to fame is that that town jail was designed by Thomas Jefferson. Lovingston’s most historic African-American landmark is Bright Hope Baptist Church, which was built in 1870 for the freedmen and women living in Nelson. Present-day."
205,Four Elements Farm,four-elements-farm,Whole House Rentals,stay,Roseland,"Four Elements Farm is a 116-acre retreat with farmhouse lodging, hot tub, pond, friendly goats, and proximity to Devils Backbone and Wintergreen. Four Elements Farm stretches across 116 acres of pasture, pond, and woodland, offering farmhouse lodging, a hot tub, and friendly resident goats between Devils Backbone and Wintergreen. The joys of farm living with your family and friends. Secluded quiet home on 116 acres with goats and ducks guests can feed and pet. Peace and quiet but less than a mile to Devils Backbone and minutes to Wintergreen.",,https://ik.imagekit.io/OE/nelson-county/listings/four-elements-farm-image1_wcYZqjjij,Pond surrounded by trees with house in the background under blue sky.,,https://ik.imagekit.io/OE/nelson-county/listings/four-elements-farm-image2_bzJusRdqT,"Cozy living room with sofas, patterned rug, stone fireplace, and wood-paneled ceiling.",,,,,,,"Roseland, VA 22967",josh,,,https://www.google.com/maps/dir/?api=1&destination=Roseland%2C%20VA%2022967,Lodging; Farm; Pet Friendly; Cabins,false,https://www.google.com/maps/dir/?api=1&destination=Roseland%2C%20VA%2022967,Information,The joys of farm living with your family and friends.,Experience,Secluded quiet home on 116 acres with goats and ducks guests can feed and pet. Peace and quiet but less than a mile to Devils Backbone and minutes to Wintergreen. The best of both worlds. Perfect for extended family gatherings.,Events & Activities,*Lodging descriptions are provided by the host and not independently verified.,Contact & Location,"Craig Griffin, wiredbikecraig@gmail. Com Staff on Site. No Pet-Friendly. Yes Find us at Roseland."
206,Time to Wine Down,time-to-wine-down,Whole House Rentals,stay,Afton,"Time to Wine Down is a five-bedroom Afton retreat on two acres with dual living rooms, basement game space, air hockey, expansive fire pit, and string-lit outdoor dining near the Route 151 beverage trail. Game nights roll from the basement arcade to the oversized fire pit at Time to Wine Down, a five-bedroom Afton escape on two landscaped acres just minutes from the Route 151 beverage trail. Welcome to Time to Wine Down, your home away from home nestled in the rolling hills of Afton, VA. What makes Time to Wine Down truly unique is its perfect blend of vintage charm and modern amenities, all set on two peaceful acres in the heart of Virginia's wine country.",,https://ik.imagekit.io/OE/nelson-county/listings/time-to-wine-down-image1_fT10VW1Dd,"White house with black roof, driveway, surrounded by green trees and lawn.",,https://ik.imagekit.io/OE/nelson-county/listings/time-to-wine-down-image2_bBVJXZfT0,"Cozy living room with gray sofa, armchairs, fluffy ottoman, and ceiling fan.",,,,,,,"Afton, VA 22920",josh,,,https://www.google.com/maps/dir/?api=1&destination=Afton%2C%20VA%2022920,Outdoor Seating; Wine; Cabins; Lodging,false,https://www.google.com/maps/dir/?api=1&destination=Afton%2C%20VA%2022920,Menu & Offerings,"Welcome to Time to Wine Down, your home away from home nestled in the rolling hills of Afton, VA. Whether you’re a foodie, a wine enthusiast, or an outdoor adventurer, Afton offers it all. Explore nearby wineries and breweries like Hazy Mountain, King Family, Veritas, and Blue Mountain—all just minutes away. For outdoor lovers, Shenandoah National Park is a playground of hiking, fishing, biking, and horseback riding.",Menu & Offerings,"What makes Time to Wine Down truly unique is its perfect blend of vintage charm and modern amenities, all set on two peaceful acres in the heart of Virginia's wine country. This 5-bedroom home offers plenty of space, with two living rooms for relaxing and gathering. Outside, the expansive fire pit area with string lights creates a magical setting for evening conversations, while the grill and outdoor dining table make it easy to enjoy meals in the fresh air.",Events & Activities,*Lodging descriptions are provided by the host and not independently verified.,Contact & Location,"Pathway Properties, hello@pathwaypropertiesva. Com Staff on Site. No Pet-Friendly. No Find us at Afton."
207,Love Afton Cabin,love-afton-cabin,Cabins & Cottages,stay,Afton,"Love Afton Cabin sprawls across 11.5 private acres with multiple decks, a stocked pond, and lounge-ready common areas so big groups can fish, grill, and stargaze without ever leaving the property. Love Afton Cabin is a one-of-a-kind mountain retreat offering a blend of comfort, adventure, and relaxation.",,https://ik.imagekit.io/OE/nelson-county/listings/love-afton-cabin-image1_IwkNAdICu,Hot tub with bubbling water overlooking lush green forest and mountains.,,https://ik.imagekit.io/OE/nelson-county/listings/love-afton-cabin-image2_P9fzatXa5-,Spacious wooden living room with large windows and cozy furniture.,,,,,,,"5495 Mountain Road, Afton, VA 22920",josh,,,https://www.google.com/maps/dir/?api=1&destination=5495%20Mountain%20Road%2C%20Afton%2C%20VA%2022920,Outdoor Seating; Scenic Views; Cabins; Lodging; Water Sports; Fishing,false,https://www.google.com/maps/dir/?api=1&destination=5495%20Mountain%20Road%2C%20Afton%2C%20VA%2022920,Menu & Offerings,"Welcome to Love Afton Cabin. Escape to our secluded 11. 5-acre retreat with stunning mountain views, a private fishing pond, and endless space for relaxation. This home sleeps up to 16 guests and provides entertainment for all ages. The main level includes a fully equipped kitchen, dining room, cozy living room, and a primary bedroom (King bed) with an ensuite bath. Outside, enjoy a screened-in porch and a spacious deck with seating for 16.",Menu & Offerings,"Love Afton Cabin is a one-of-a-kind mountain retreat offering a blend of comfort, adventure, and relaxation. The 5-bedroom home features two spacious living rooms, a game-packed garage, and a basement filled with entertainment options, including a pool table and arcade games. The outdoor space is equally impressive, with a large firepit illuminated by string lights, a 7-person hot tub, a sauna, and a custom play set for children.",Events & Activities,*Lodging descriptions are provided by the host and not independently verified.,Contact & Location,"Pathway Properties, hello@pathwaypropertiesva. Com Staff on Site. No Pet-Friendly. No Find us at Afton."
208,Meili Mountain,meili-mountain,Whole House Rentals,stay,Nelson County,"Meili Mountain offers rustic creekside camping on private land for quiet, leave-no-trace stays near Nelson County trails. Meili Mountain keeps things elemental—creekside campsites, private land, and leave-no-trace expectations for travelers who want to pitch a tent near Nelson County trailheads.",,https://ik.imagekit.io/OE/nelson-county/listings/meili-mountain-image1_n3-A_-AKC,Small cabin in lush forest with sunlight filtering through trees.,,https://ik.imagekit.io/OE/nelson-county/listings/meili-mountain-image2_HMlw7x_vw,Blue cabin in lush green forest clearing with firepit and wooden deck.,,,,,,,"Nelson County, VA",josh,,,https://www.google.com/maps/dir/?api=1&destination=Nelson%20County%2C%20VA,Scenic Views; Pet Friendly,false,https://www.google.com/maps/dir/?api=1&destination=Nelson%20County%2C%20VA,Events & Activities,*Lodging descriptions are provided by the host and not independently verified.,Contact & Location,"Jim Mc Cullough, jim@meilimountain. Com Staff on Site. No Pet-Friendly. Yes Find us at Tyro.",,,,
209,Adventure Awaits,adventure-awaits,Whole House Rentals,stay,Roseland,"Adventure Awaits is a pet-friendly Wintergreen home two minutes from the slopes with hot tub, fire pit, multiple living areas, and five smart TVs. Adventure Awaits lives up to its name with a hot tub, multiple lounges, pet-friendly policies, and a location two minutes from Wintergreen's slopes and hiking shuttles. The private, oversized parking area and the convenience of being just a two-minute drive to the ski lifts and close to popular destinations like Devil’s Backbone Brewing Co.",,https://ik.imagekit.io/OE/nelson-county/listings/adventure-awaits-image1_OIGAS5SOy,"Dark house with warm lights, surrounded by trees, gravel driveway in foreground.",,https://ik.imagekit.io/OE/nelson-county/listings/adventure-awaits-image2_S-y5X3SnV,"Living room with staircase, colorful chairs, patterned furniture, large windows, wooden floor.",,,,,,,"Wintergreen Resort, Roseland, VA 22967",josh,,,https://www.google.com/maps/dir/?api=1&destination=Wintergreen%20Resort%2C%20Roseland%2C%20VA%2022967,Pet Friendly; Scenic Views; Skiing,false,https://www.google.com/maps/dir/?api=1&destination=Wintergreen%20Resort%2C%20Roseland%2C%20VA%2022967,Menu & Offerings,"Welcome to Adventure Awaits at Wintergreen Resort, where the charm of the Blue Ridge Mountains meets luxury, convenience, and adventure. Our pet-friendly home is perfectly located just two minutes from the ski lifts, offering an ideal retreat for adventurers, families, and relaxation seekers. Whether you’re savoring s’mores by the outdoor fire pit, unwinding in the hot tub, exploring nearby trails, or enjoying the cozy amenities of the home, your stay is designed to be unforgettable.",About,"The private, oversized parking area and the convenience of being just a two-minute drive to the ski lifts and close to popular destinations like Devil’s Backbone Brewing Co. And Crabtree Falls. Whether it’s the plush mattresses, five smart TVs, or nearby hiking and wineries, our home offers something special for every traveler (including your furry friends. ).",Events & Activities,*Lodging descriptions are provided by the host and not independently verified.,Contact & Location,"Pathway Properties, hello@pathwaypropertiesva. Com Staff on Site. No Pet-Friendly. Yes Find us at Roseland."
210,Wintergreen Ridge Retreat,wintergreen-ridge-retreat,Whole House Rentals,stay,Wintergreen Resort,"Wintergreen Ridge Retreat is a four-bedroom mountain home sleeping ten with expansive decks, hot tub, and easy access to Wintergreen lifts and trails. Wintergreen Ridge Retreat sleeps ten across four bedrooms, surrounding guests with wraparound decks, a bubbling hot tub, and instant access to resort lifts and trailheads. Welcome to Wintergreen Ridge Retreat, your perfect escape at Wintergreen Resort, VA. The retreat comfortably accommodates up to 10 guests across 3 well-appointed bedrooms and loft bedroom.",,https://ik.imagekit.io/OE/nelson-county/listings/wintergreen-ridge-retreat-image1_Po9HDslHo,"Spacious living room with brown leather sofas, large windows, and wooden ceiling.",,https://ik.imagekit.io/OE/nelson-county/listings/wintergreen-ridge-retreat-image2_CN_I0Hhgb,"Rustic house with peaked roof, surrounded by bare trees and autumn leaves.",,,,,,,"Wintergreen Resort, Nellysford, VA 22958",josh,,,https://www.google.com/maps/dir/?api=1&destination=Wintergreen%20Resort%2C%20Nellysford%2C%20VA%2022958,Outdoor Seating; Scenic Views; Pet Friendly,false,https://www.google.com/maps/dir/?api=1&destination=Wintergreen%20Resort%2C%20Nellysford%2C%20VA%2022958,Menu & Offerings,"Welcome to Wintergreen Ridge Retreat, your perfect escape at Wintergreen Resort, VA. Just 3 minutes from the ski slopes and snow tubing, our spacious and comfortable home offers a seamless blend of four seasons adventure. Whether you're carving down the slopes, exploring over 30 miles of hiking trails, or simply unwinding in the peaceful surroundings, this retreat has it all. This home is your gateway to both excitement and relaxation, making it the ideal base for your Wintergreen adventures.",Menu & Offerings,The retreat comfortably accommodates up to 10 guests across 3 well-appointed bedrooms and loft bedroom. The main level features 2 cozy bedrooms for easy access (Bedroom 2 King and Bedroom 3 two Queen Beds). While the upper level offers a private sanctuary the primary bedroom with attached bathroom (Bedroom 1 King). Loft is upstairs with twin bunk bed.,Events & Activities,*Lodging descriptions are provided by the host and not independently verified.,Contact & Location,"Pathway Properties, hello@pathwaypropertiesva. Com Staff on Site. No Pet-Friendly. Yes Find us at Wintergreen."
211,Maren Estate,maren-estate,Cabins & Cottages,stay,Afton,"Maren Estate is a 7,200-square-foot luxury home on a 50-acre farm with seasonal pool, year-round hot tub, bocce court, and beer garden. Maren Estate is a 7,200-square-foot showstopper on a 50-acre farm—think seasonal swimming pool, all-season hot tub, bocce court, beer garden, and endless mountain views. Luxury estate with 7,200 square feet house on a 50 acre farm. Maximum occupancy of 14 people Beautiful views of the Rockfish Valley and close proximity to vineyards, breweries, golf, etc.",,https://ik.imagekit.io/OE/nelson-county/listings/maren-estate-image1_XH7pGtdID,"Rolling hills with autumn trees, house, and small pond under clear sky.",,https://ik.imagekit.io/OE/nelson-county/listings/maren-estate-image2_pMkBseFcr,"Spacious living room with large windows, wooden beams, and elegant furniture.",,,,,,,"Afton, VA 22920",josh,,,https://www.google.com/maps/dir/?api=1&destination=Afton%2C%20VA%2022920,Pool; Seasonal Menu; Beer; Pet Friendly; Cabins; Lodging; Farm,false,https://www.google.com/maps/dir/?api=1&destination=Afton%2C%20VA%2022920,Experience,"Luxury estate with 7,200 square feet house on a 50 acre farm. Maximum occupancy of 14 people. Pool (seasonal) and hot tub (year round). Bocce ball court and beer garden on the grounds.",Experience,"Beautiful views of the Rockfish Valley and close proximity to vineyards, breweries, golf, etc.",Events & Activities,*Lodging descriptions are provided by the host and not independently verified.,Contact & Location,"Kevin Lee, blueheavenchalet@gmail. Com Staff on Site. No Pet-Friendly. Yes Find us at Afton."
212,The Blue Ridge Farm and Wedding Venue,the-blue-ridge-farm-and-wedding-venue,Cabins & Cottages,stay,Afton,"The Blue Ridge Farm & Farmhouse combines a six-acre event-ready property with renovated farmhouse lodging, vineyard views, and proximity to Brew Ridge Trail. The Blue Ridge Farm & Farmhouse doubles as a wedding-ready venue and a renovated lodging hub, offering vineyard vistas, six acres of event space, and quick hops to the Brew Ridge Trail. There’s something to do in Afton every season of the year.",,https://ik.imagekit.io/OE/nelson-county/listings/the-blue-ridge-farm-and-wedding-venue-image1_0AvR3Ceow,"Ornate design with text: 'The Blue Ridge Farm, Historic Afton, Virginia.'",,https://ik.imagekit.io/OE/nelson-county/listings/the-blue-ridge-farm-and-wedding-venue-image2_CfQ2xHiVQ,"Gray living room with sectional sofa, colorful pillows, and patterned rug.",,,,,,,"Afton, VA 22920",josh,,,https://www.google.com/maps/dir/?api=1&destination=Afton%2C%20VA%2022920,Lodging; Wine; Scenic Views; Events; Pet Friendly; Cabins,false,https://www.google.com/maps/dir/?api=1&destination=Afton%2C%20VA%2022920,Events & Activities,There’s something to do in Afton every season of the year.,Events & Activities,"And live music. Nelson 151’s wineries often include food pairing. If you’d like to do a little shopping, check out the Nelson 151 gift shops or take a short drive to the Rockfish Valley Community Center, a repurposed school building featuring local shops. Purchase a piece of Nelsonite, Virginia’s state rock, at The Virginia Rock Shop. If you’re into local art, check out the Rockfish Pottery Collective or the Rockfish River Gallery.",Events & Activities,"Live music performances, good food, and inventive, hand-crafted beverages. If you’re planning on spending a hot summer day in Afton, check out the Nelson Farmer’s Market Cooperative one Saturday. Local vendors gather there to sell fresh produce and hand-crafted goodies. Often, there’s live music. Nelson’s wineries make for an excellent day trip as well.",Events & Activities,"And enjoy great food at Blue Mountain. If your taste runs a bit sweeter, try a cider or two at Bryant’s Small Batch, Blue Toad Hard Cider, or Bold Rock Hard Cider. Like the hard stuff better. Head over to Silverback Distillery or Devils Backbone Distillery for a mixed drink and bring home a bottle of bourbon, vodka, whiskey, or gin. If you’re in Nelson celebrating Halloween, you’re in luck."
213,"Acorn Inn, Inc (Cottage, B&B and Group Retreat)",acorn-inn-inc-cottage-bb-and-group-retreat,Bed and Breakfast,stay,Faber,"Acorn Inn operates an inn, cottage, and farmhouse retreat with shared gathering spaces, kitchenettes, and wraparound porches for groups and cyclists. Acorn Inn caters to cyclists and group retreats with multiple lodging options, wraparound porches, communal kitchens, and flexible gathering rooms surrounded by Nelson County backroads. Acorn Inn, has three different structures on the property geared to hosting guests. Martin is a well-travelled cyclist from the Netherlands & Kathy is a photographer & printmaker.",,https://ik.imagekit.io/OE/nelson-county/listings/acorn-inn-inc-cottage-b-b-and-group-retreat--image1_sxiLMGTZT,Double rainbow over red house on grassy hill with trees.,,https://ik.imagekit.io/OE/nelson-county/listings/acorn-inn-inc-cottage-b-b-and-group-retreat--image2_IvbaTRLO3,"Cozy living room with colorful seating, fireplace, and decorative wall art.",,,,,,,"2131 Stagebridge Road, Lovingston, VA 22949",josh,,,https://www.google.com/maps/dir/?api=1&destination=2131%20Stagebridge%20Road%2C%20Lovingston%2C%20VA%2022949,Lodging; Outdoor Seating; Breakfast; Pet Friendly; Farm,false,https://www.google.com/maps/dir/?api=1&destination=2131%20Stagebridge%20Road%2C%20Lovingston%2C%20VA%2022949,Events & Activities,"Acorn Inn, has three different structures on the property geared to hosting guests. What we call""The Inn,"" was once a horse barn. There are 10 bedrooms (once stalls. ), men's & women's bathrooms & showers, several lovely gathering spaces, two kitchenettes, a wraparound deck, covered patio, an outdoor grill & more. (NO PETS at the Inn because it is a shared space.",Experience,"We've been running ACORN INN since 1987. Martin is a well-travelled cyclist from the Netherlands & Kathy is a photographer & printmaker. The Inn is full of art made by Kathy and from artisans around the world. Affordable, cozy & friendly.",Events & Activities,*Lodging descriptions are provided by the host and not independently verified.,Contact & Location,"Kathy & Martin Versluys, contact@acorninn. Com Staff on Site. Yes Pet-Friendly. Yes Find us at Faber."
214,Cottage at Old Stoney Creek,cottage-at-old-stoney-creek,Cabins & Cottages,stay,Nellysford,"Cottage at Old Stoney Creek is a two-bedroom hot tub retreat in Nellysford with creek views, fire pit, and deck seating near Route 151 breweries. Cottage at Old Stoney Creek blends hot tub soaks, creekside vistas, and deck-side fire pits into a two-bedroom retreat perfectly positioned for Route 151 tasting tours. The perfect outdoor adventure is waiting for you at this charming home in Nellysford. This 2-bedroom, 1-bathroom vacation rental is the ideal home base for anything on your itinerary.",,https://ik.imagekit.io/OE/nelson-county/listings/cottage-at-old-stoney-creek-image1_-cveHGW-G,Stone archway leading to cottage surrounded by trees.,,https://ik.imagekit.io/OE/nelson-county/listings/cottage-at-old-stoney-creek-image2_L5kBeLggY,"Rustic dining area with wooden walls, table setting, and wicker light fixture.",,,,,,,"Nellysford, VA 22958",josh,,,https://www.google.com/maps/dir/?api=1&destination=Nellysford%2C%20VA%2022958,Outdoor Seating; Cabins; Lodging; Tastings; Beer,false,https://www.google.com/maps/dir/?api=1&destination=Nellysford%2C%20VA%2022958,Experience,"The perfect outdoor adventure is waiting for you at this charming home in Nellysford. This 2-bedroom, 1-bathroom vacation rental is the ideal home base for anything on your itinerary. Spend your day sipping to your heart’s content at a local winery, hiking the local trails, hitting the slopes at Wintergreen, or enjoying the fresh air on the deck overlooking the surrounding forest. Let your stress melt away in the hot tub as the creek passes and leave feeling refreshed and replenished.",Events & Activities,"Hot Tub, Deck w/ outdoor seating, fire pit, outdoor dining area, and outdoor shower.",Events & Activities,*Lodging descriptions are provided by the host and not independently verified.,Contact & Location,"Graham Howe, howegraham@hotmail. Com Staff on Site. No Pet-Friendly. No Find us at Nellysford."
215,Blue Ridge Heaven,blue-ridge-heaven,Cabins & Cottages,stay,Roseland,"Blue Ridge Heaven is a 3,200-square-foot Wintergreen home at 3,800 feet with three decks, renovated interiors, and sweeping southern views. Blue Ridge Heaven rises to 3,200 square feet and 3,800 feet of elevation, gifting guests three expansive decks, refreshed interiors, and sweeping southern panoramas at Wintergreen. Amazing long range views of the Blue Ridge Mountains and beyond.",,https://ik.imagekit.io/OE/nelson-county/listings/blue-ridge-heaven-image1_nnjCOh4aN,"Two-story house with large windows, wooden decks, surrounded by autumn trees.",,https://ik.imagekit.io/OE/nelson-county/listings/blue-ridge-heaven-image2_ssf3n-xI5,"Pink armchair by large windows, overlooking mountains and trees, stone fireplace nearby.",,,,,,,"Wintergreen Resort, Roseland, VA 22967",josh,,,https://www.google.com/maps/dir/?api=1&destination=Wintergreen%20Resort%2C%20Roseland%2C%20VA%2022967,Outdoor Seating; Full Kitchen; Scenic Views; Cabins; Lodging,false,https://www.google.com/maps/dir/?api=1&destination=Wintergreen%20Resort%2C%20Roseland%2C%20VA%2022967,Menu & Offerings,"Blue Ridge Heaven, located atop Devils Knob – the highest point at Wintergreen Resort. Enjoy the best views in central Virginia from one of three decks or many picture windows. Blue Ridge Heaven is Find us at 3,800ft elevation, offering mountain, valley, and long-range southern views from the highest location for any Wintergreen home on the rental market, yet just minutes from the ski slopes, hiking trails, Appalachian Trail, Blue Ridge Parkway, and breweries/wineries/cideries on Route 151.",Experience,Amazing long range views of the Blue Ridge Mountains and beyond.,Events & Activities,*Lodging descriptions are provided by the host and not independently verified.,Contact & Location,"Vestal Tutterow, vestutt@gmail. Com Staff on Site. No Pet-Friendly. No Find us at Roseland."
216,Dancing Bear Lodge,dancing-bear-lodge,Cabins & Cottages,stay,Roseland,"Dancing Bear Lodge is a 2,000-square-foot cabin on 38 acres with sweeping mountain vistas, stone fireplace, and space for up to ten guests. Perched on 38 hilltop acres, Dancing Bear Lodge offers wall-to-wall windows, a massive stone fireplace, and bedding for up to ten guests chasing sunrise views.",,https://ik.imagekit.io/OE/nelson-county/listings/dancing-bear-lodge-image1_WfWOItua8,Wooden chairs around fire pit with mountain view and string lights overhead.,,https://ik.imagekit.io/OE/nelson-county/listings/dancing-bear-lodge-image2_4I1Ptj2TAz,"Cozy living room with stone fireplace, wooden beams, and large windows with mountain view.",,,,,,,"Roseland, VA 22967",josh,,,https://www.google.com/maps/dir/?api=1&destination=Roseland%2C%20VA%2022967,Scenic Views; Outdoor Seating; Cabins; Pet Friendly; Lodging,false,https://www.google.com/maps/dir/?api=1&destination=Roseland%2C%20VA%2022967,Information,"On 38 acres with a spectacular mountain view, this place is for you. The property is a nice balance of seclusion while still having the comfort of modern amenities and prime location. You will be close to lots of wonderful wineries, cideries, breweries, distilleries (Nelson 151), and outdoor adventure activities. we're about 20 minutes away from the notable Wintergreen Resort, with exciting winter skiing and tubing to enjoy.",Menu & Offerings,-Stunning mountain views (one of our most frequent compliments) -Secluded oasis on 38 acres -Fireplace built with stones from the old cobblestone streets of Norfolk -Wood floors in the main living area and other wood features throughout the property are crafted from timber harvested and milled on site -Wildlife abounds on the property.,Events & Activities,*Lodging descriptions are provided by the host and not independently verified.,Contact & Location,"Katie Mc Kay, maplecreekproperties@outlook. Com Staff on Site. No Pet-Friendly. Yes Find us at Roseland."
217,Windy Knoll,windy-knoll,Cabins & Cottages,stay,Afton,"Windy Knoll is a light-filled mountain home on 3.5 acres with large decks, full kitchen, and loft suite overlooking Afton greenery. Windy Knoll's light-filled living spaces spill onto broad decks overlooking 3.5 private acres, giving families a tranquil base camp close to Afton attractions. Windy Knoll invites you to come and relax and enjoy the stunning views of the Afton Mountain greenery.",,https://ik.imagekit.io/OE/nelson-county/listings/windy-knoll-image1_YMhCRi9RI,"A-frame house on grassy hill, surrounded by trees, with red chairs.",,https://ik.imagekit.io/OE/nelson-county/listings/windy-knoll-image2_ekh9xyCUA,"Cozy living room with fireplace, rustic decor, abstract table, and patterned armchairs.",,,,,,,"Afton, VA 22920",josh,,,https://www.google.com/maps/dir/?api=1&destination=Afton%2C%20VA%2022920,Lodging; Outdoor Seating; Full Kitchen; Wi-Fi; Pet Friendly; Cabins,false,https://www.google.com/maps/dir/?api=1&destination=Afton%2C%20VA%2022920,Events & Activities,Windy Knoll invites you to come and relax and enjoy the stunning views of the Afton Mountain greenery. Large A-Frame windows allow the sunlight to come through so Visitors can enjoy the birds and nature all around. The property sits on 3. 5 acres so it is very private. An expansive rolling lawn in the front to enjoy watching the deer in the morning while having a cup of coffee on the wide front porch. Forest areas on the side and back of the house.,Contact & Location,"The beautiful setting, view, deer in the yard. Peaceful and wonderful location.",Events & Activities,*Lodging descriptions are provided by the host and not independently verified.,Contact & Location,"Wendy Raubenheimer, wendywill12@gmail. Com Staff on Site. No Pet-Friendly. Yes Find us at Afton."
218,Creekside,creekside,Cabins & Cottages,stay,Afton,"Creekside is a modern cabin near Route 151 with private hot tub, EV charger, fire pit, and memory-foam beds for Blue Ridge getaways. Creekside caters to modern travelers with hot tub, EV charger, memory-foam beds, and a woodsy setting near Route 151 breweries and hiking trailheads. There’s something to do in Afton every season of the year.",,https://ik.imagekit.io/OE/nelson-county/listings/creekside-image1_aYCukyO2u,"Living room with gray sectional sofa, foosball table, and ceiling fan.",,https://ik.imagekit.io/OE/nelson-county/listings/creekside-image2_OqaqMlT4e,House beside large tree under clear blue sky with scattered clouds.,,,,,,,"Afton, VA 22920",josh,,,https://www.google.com/maps/dir/?api=1&destination=Afton%2C%20VA%2022920,EV Charging; Wi-Fi; Full Kitchen; Scenic Views; Cabins; Lodging,false,https://www.google.com/maps/dir/?api=1&destination=Afton%2C%20VA%2022920,Experience,"Welcome to Creekside. Just minutes from the best wineries and breweries, it’s the perfect getaway to explore the 151 Brew Trail, Wintergreen Resort and the Blue Ridge Parkway. Enjoy mountain views and privacy in the hot tub. Roast marshmallows around the huge fire pit. Cozy up on the large sectional sofa in front of the 65"" 4K TV. Cooks will enjoy the spacious and fully equipped kitchen. All beds have new memory foam mattresses. Fast Wi-Fi for remote work. Level 2 EV charger Find us at driveway.",Events & Activities,*Lodging descriptions are provided by the host and not independently verified.,Contact & Location,"Ashley Long, ashley@patterncap. Com Staff on Site. No Pet-Friendly. No Find us at Afton.",Events & Activities,There’s something to do in Afton every season of the year.
219,Cottage on Route 151,cottage-on-route-151,Cabins & Cottages,stay,Afton,"Cottage on Route 151—also known as Towler Cottage—is a one-bedroom getaway with hot tub, fire pit, and mountain views minutes from breweries and hikes. Towler Cottage—aka Cottage on Route 151—packs a hot tub, fire pit, and mountain-view patio into a romantic one-bedroom hideaway minutes from Nelson's craft beverage stops. Welcome to Towler Cottage, a getaway in the heart of Route 151 in Afton. The cottage is within minutes from the best wineries and breweries, great local trails, and the Blue Ridge Parkway There’s something to do in Afton every season of the year.",,https://ik.imagekit.io/OE/nelson-county/listings/cottage-on-route-151-image1_0fxNlKP6n,Two black rocking chairs on porch with white door and welcome mat.,,https://ik.imagekit.io/OE/nelson-county/listings/cottage-on-route-151-image2_33SDRIRPn,"Modern living room with gray sofa, green chairs, large windows, and abstract artwork.",,,,,,,"Afton, VA 22920",josh,,,https://www.google.com/maps/dir/?api=1&destination=Afton%2C%20VA%2022920,Scenic Views; Cabins; Lodging; Beer,false,https://www.google.com/maps/dir/?api=1&destination=Afton%2C%20VA%2022920,Experience,"Welcome to Towler Cottage, a getaway in the heart of Route 151 in Afton. The cottage is within minutes from the best wineries and breweries, great local trails, and the Blue Ridge Parkway. Relax in the hot tub on the rear deck, or sit out by the fire pit and gaze at the stars. Enjoy great mountain views from the front porch rocking chairs. With one bedroom with a queen bed, plus a pull-out couch in the living room, the cottage is perfect for couples. Located 25 minutes from Charlottesville.",Events & Activities,*Lodging descriptions are provided by the host and not independently verified.,Contact & Location,"Ashley Long, ashley@patterncap. Com Staff on Site. No Pet-Friendly. No Find us at Afton.",Events & Activities,There’s something to do in Afton every season of the year.
220,Farmhouse on Route 151,farmhouse-on-route-151,Cabins & Cottages,stay,Afton,"Farmhouse on Route 151 is a 1904 three-bedroom home with high-speed Wi-Fi, gas fireplace, two-acre yard, and stone fire pit near wine trail stops. Farmhouse on Route 151 dates to 1904 yet now features high-speed Wi-Fi, gas fireplace, and two acres of lawn with a stone fire pit for post-winery gatherings. Our two story, 1904 farmhouse is just off Route 151 and close to wineries, breweries, hiking trails, and the Blue Ridge Parkway. It's only 25 minutes from Wintergreen Resort, and 30 minutes from Charlottesville There’s something to do in Afton every season of the year.",,https://ik.imagekit.io/OE/nelson-county/listings/farmhouse-on-route-151-image1_tMNu0xtEQ,"White two-story house with dark shutters, porch, surrounded by trees.",,https://ik.imagekit.io/OE/nelson-county/listings/farmhouse-on-route-151-image2_fbyPbAxy3,"Cozy living room with wooden walls, fireplace, large windows, and gray sectional sofa.",,,,,,,"Afton, VA 22920",josh,,,https://www.google.com/maps/dir/?api=1&destination=Afton%2C%20VA%2022920,Wi-Fi; Scenic Views; Farm,false,https://www.google.com/maps/dir/?api=1&destination=Afton%2C%20VA%2022920,Experience,"Our two story, 1904 farmhouse is just off Route 151 and close to wineries, breweries, hiking trails, and the Blue Ridge Parkway. It's only 25 minutes from Wintergreen Resort, and 30 minutes from Charlottesville. we offer fast Wi-Fi, a desk, 2 acres to run and play, and plenty of indoor space to relax. Enjoy the view around the large stone fire pit. All three queen mattress are new high-end memory foam. we offer a gas fireplace with a remote control that is available for use in the cooler months.",Events & Activities,*Lodging descriptions are provided by the host and not independently verified.,Contact & Location,"Ashley Long, ashley@patterncap. Com Staff on Site. No Pet-Friendly. Yes Find us at Afton.",Events & Activities,There’s something to do in Afton every season of the year.
221,The Castor Cabin,the-castor-cabin,Cabins & Cottages,stay,Wintergreen Resort,"The Castor Cabin is a newly renovated, dog-friendly mountain cabin with modern amenities, fire pit, and easy access to Nelson County trails. Recently renovated Castor Cabin welcomes pups, lights up the night with a fire pit, and keeps hikers close to Nelson County's trails while still delivering modern conveniences.",,https://ik.imagekit.io/OE/nelson-county/listings/the-castor-cabin-image1_cqIt5sAan,"Modern grey house with wooden porch among trees, sunlight peeking through.",,https://ik.imagekit.io/OE/nelson-county/listings/the-castor-cabin-image2_4CZruqXbt,"Cozy living room with stone fireplace, large windows, and brown leather sofas.",,,,,,,"Roseland, VA 22967",josh,,,https://www.google.com/maps/dir/?api=1&destination=Roseland%2C%20VA%2022967,Scenic Views; Cabins; Family Friendly; Pet Friendly; Outdoor Seating; Full Kitchen; Lodging,false,https://www.google.com/maps/dir/?api=1&destination=Roseland%2C%20VA%2022967,,,,,,,,
222,Rocky Run Landing,rocky-run-landing,Cabins & Cottages,stay,Arrington,"Rocky Run Landing is a cozy riverside cabin on the Tye River offering fishing, paddling, and simple comforts for unplugged stays. Rocky Run Landing places you right on the Tye River, pairing simple comforts with private fishing, paddling put-ins, and hammock-worthy riverbank views. Wintergreen Resort we’re not, but if you’re looking for a cozy (800-900 sq. Ft Property is located on the beautiful Tye River, two miles upstream from its confluence with the James River.",,https://ik.imagekit.io/OE/nelson-county/listings/rocky-run-landing-image1_gINRNtOFt,Wooden cabin with chimney in snowy forested area under clear sky.,,https://ik.imagekit.io/OE/nelson-county/listings/rocky-run-landing-image2_7i02_HymO,"Cozy room with wood stove, patterned sofas, and dreamcatcher on wall.",,,,,,,"Tyro, VA 22976",josh,,,https://www.google.com/maps/dir/?api=1&destination=Tyro%2C%20VA%2022976,Cabins; Scenic Views; Pet Friendly; Lodging; Water Sports; Fishing,false,https://www.google.com/maps/dir/?api=1&destination=Tyro%2C%20VA%2022976,Experience,"Wintergreen Resort we’re not, but if you’re looking for a cozy (800-900 sq. Ft. ) mountain cabin with most of the comforts of home, Rocky Run Landing might be the place for you. Our motto is “You’re a long way away from it all before you ever get here.”.",Experience,"Property is located on the beautiful Tye River, two miles upstream from its confluence with the James River.",Events & Activities,*Lodging descriptions are provided by the host and not independently verified.,Contact & Location,"Charles Murphy, rockyrunlanding@gmail. Com Staff on Site. No Pet-Friendly. Yes Find us at Arrington."
223,Cottage on the Knoll,cottage-on-the-knoll,Cabins & Cottages,stay,Lovingston,"Cottage on the Knoll is a three-bedroom, two-bath home centrally located between Nelson 29 and 151 with updated kitchen and spacious living area. Cottage on the Knoll sits between the Nelson 29 and 151 corridors, offering three bedrooms, two baths, an updated kitchen, and a central living room for families on the go. Whole house centrally located with private hot tub and pool. 30 min away from Charlottesville, Lynchburg, Waynesboro and the top of Wintergreen Resort Grab a cup of coffee and take a morning stroll down one of our 3 out and back trails on the property. Take a picnic lunch in the meadow.",,https://ik.imagekit.io/OE/nelson-county/listings/cottage-on-the-knoll-image1_mv6ZTLPw7,House with wooden porch surrounded by lush green trees and grass.,,https://ik.imagekit.io/OE/nelson-county/listings/cottage-on-the-knoll-image2_DoS1nsCEV,"Living room with red ceiling, leather sofa, large windows, and wooden floors.",,,,,,,"Lovingston, VA 22949",josh,,,https://www.google.com/maps/dir/?api=1&destination=Lovingston%2C%20VA%2022949,Full Kitchen; Outdoor Seating; Cabins; Lodging,false,https://www.google.com/maps/dir/?api=1&destination=Lovingston%2C%20VA%2022949,Information,"The Blue Ridge Mountains and country life of central Virginia and enjoy everything Nelson County has to offer. The Cottage on the Knoll is a comfortable 3br/2bth that’s centrally Find us at Nelson County, offering the perfect mix of modern comfort and country charm. The Nelson 29 and Nelson 151 craft beverage trails await you, while plenty of hiking, fishing, and mountain views will appease any outdoor recreation lover or nature enthusiast, making it the perfect getaway.",Experience,"Whole house centrally located with private hot tub and pool. 30 min away from Charlottesville, Lynchburg, Waynesboro and the top of Wintergreen Resort. Minutes away from Oak Ridge and Lovingston Winery.",Experience,Grab a cup of coffee and take a morning stroll down one of our 3 out and back trails on the property. Take a picnic lunch in the meadow. And enjoy a glass of wine on your private 2nd floor deck after a day skiing in Wintergreen or hiking the Virginia Blue Ridge Railway Trail.,Events & Activities,*Lodging descriptions are provided by the host and not independently verified.
224,High Lonesome Cabin,high-lonesome-cabin,Cabins & Cottages,stay,Tyro,"High Lonesome Cabin sits on 20 secluded acres near Crabtree Falls with wraparound porch, woodstove, loft sleeping, and spiral staircase. High Lonesome Cabin spans twenty secluded acres near Crabtree Falls, complete with wraparound porch, woodstove, loft sleeping, and a spiral staircase straight from a storybook. High Lonesome Cabin was built in 2008 in the Virginia Blue Ridge Mountains. This rustic cabin sits on 20 secluded acres high on a steep finger of the Priest Mountain near the Appalachian Trail in Tyro Va The main attraction of the High Lonesome is definitely outdoors, but the inside is pretty cool, too.",,https://ik.imagekit.io/OE/nelson-county/listings/high-lonesome-cabin-image1_djDBX9367,"Rustic wooden cabin with antlers, surrounded by lush green forest.",,https://ik.imagekit.io/OE/nelson-county/listings/high-lonesome-cabin-image2_DLPUy876p,"Cozy wooden cabin with stone fireplace, TV, and rustic kitchen area.",,,,,,,"Tyro, VA 22976",josh,,,https://www.google.com/maps/dir/?api=1&destination=Tyro%2C%20VA%2022976,Scenic Views; Outdoor Seating; Pet Friendly; Cabins; Lodging,false,https://www.google.com/maps/dir/?api=1&destination=Tyro%2C%20VA%2022976,Experience,"High Lonesome Cabin was built in 2008 in the Virginia Blue Ridge Mountains. This rustic cabin sits on 20 secluded acres high on a steep finger of the Priest Mountain near the Appalachian Trail in Tyro Va. Minutes from Crabtree Falls. When you stay at High Lonesome you have a mountain all to yourself, and you may never feel the need to start the car again until you have to leave. But if you do venture out, wineries, orchards, stables, golf, rivers, antiques, lakes and trails are all within minut.",Events & Activities,"The main attraction of the High Lonesome is definitely outdoors, but the inside is pretty cool, too. There's a porch with a great view, picnic table, ceiling fan, rustic natural log columns, rocking chairs and outdoor speakers. Or just listen to the birds and the Tye river off in the distance. Moving inside, there's a small table for dining or cards, a dartboard, a wood stove/ fireplace, plenty of seating to watch a movie on the smart TV, gorgeous stonework with cedar and pine walls/floors, a.",Events & Activities,*Lodging descriptions are provided by the host and not independently verified.,Contact & Location,"Robb Torgler, highlonesomecabin@gmail. Com Staff on Site. No Pet-Friendly. Yes Find us at Tyro."
225,The Lewis Catherine House,the-lewis-catherine-house,Cabins & Cottages,stay,Afton,There’s something to do in Afton every season of the year.,,https://ik.imagekit.io/OE/nelson-county/listings/the-lewis-catherine-house-image1_S3LH8LdUZ,"White farmhouse with porch, surrounded by green grass and yellow flowers.",,https://ik.imagekit.io/OE/nelson-county/listings/the-lewis-catherine-house-image2_TXEGOJTqV,"Long wooden dining table with chandelier, chairs, and bright kitchen in background.",,,,,,,"1470 Afton Mountain Road, Afton, VA 22920",josh,,,https://www.google.com/maps/dir/?api=1&destination=1470%20Afton%20Mountain%20Road%2C%20Afton%2C%20VA%2022920,Full Kitchen; Pet Friendly; Cabins; Lodging; Farm,false,https://www.google.com/maps/dir/?api=1&destination=1470%20Afton%20Mountain%20Road%2C%20Afton%2C%20VA%2022920,Events & Activities,There’s something to do in Afton every season of the year.,Events & Activities,"And live music. Nelson 151’s wineries often include food pairing. If you’d like to do a little shopping, check out the Nelson 151 gift shops or take a short drive to the Rockfish Valley Community Center, a repurposed school building featuring local shops. Purchase a piece of Nelsonite, Virginia’s state rock, at The Virginia Rock Shop. If you’re into local art, check out the Rockfish Pottery Collective or the Rockfish River Gallery.",Events & Activities,"Live music performances, good food, and inventive, hand-crafted beverages. If you’re planning on spending a hot summer day in Afton, check out the Nelson Farmer’s Market Cooperative one Saturday. Local vendors gather there to sell fresh produce and hand-crafted goodies. Often, there’s live music. Nelson’s wineries make for an excellent day trip as well.",Events & Activities,"And enjoy great food at Blue Mountain. If your taste runs a bit sweeter, try a cider or two at Bryant’s Small Batch, Blue Toad Hard Cider, or Bold Rock Hard Cider. Like the hard stuff better. Head over to Silverback Distillery or Devils Backbone Distillery for a mixed drink and bring home a bottle of bourbon, vodka, whiskey, or gin. If you’re in Nelson celebrating Halloween, you’re in luck."
226,Glenbrae,glenbrae,Cabins & Cottages,stay,Afton,"Glenbrae is a designer five-bedroom home just off Route 151 with Peloton-equipped office, fenced yard, mountain views, and fire pit. Glenbrae is located just off the iconic Nelson 151 and 1 mile from Afton Mountain Vineyards. There’s something to do in Afton every season of the year.",,https://ik.imagekit.io/OE/nelson-county/listings/glenbrae-image1_6naMnjgzL,"Two-story house with porch, green lawn, and gravel driveway under blue sky.",,https://ik.imagekit.io/OE/nelson-county/listings/glenbrae-image2_TmxackGj9,"Modern living room with blue sofa, large windows, and monochrome decor.",,,,,,,"Afton, VA 22920",josh,,,https://www.google.com/maps/dir/?api=1&destination=Afton%2C%20VA%2022920,Scenic Views; Pet Friendly; Cabins; Lodging,false,https://www.google.com/maps/dir/?api=1&destination=Afton%2C%20VA%2022920,Events & Activities,"Glenbrae is located just off the iconic Nelson 151 and 1 mile from Afton Mountain Vineyards. This property was stylishly decorated by a local interior designer and is the perfect getaway for a group of friends, family, or couples traveling together. Along with its 5 spacious bedrooms, large living area, and Peloton, this property also has beautiful mountain views. Halfway between Wintergreen and Charlottesville Visitors can be at either in under 30 min.",Events & Activities,*Lodging descriptions are provided by the host and not independently verified.,Contact & Location,"Sydney Robertson, sydney@loringwoodriff. Com Staff on Site. No Pet-Friendly. Yes Find us at Afton.",Events & Activities,There’s something to do in Afton every season of the year.
227,Elk Mountain Overlook,elk-mountain-overlook,Whole House Rentals,stay,Afton,"Elk Mountain Overlook is a boutique chalet perched off the Blue Ridge Parkway with two king suites, soaker tub, dual-head shower, and expansive deck views. Mountaintop overlook with jaw dropping views and camp themed interior design.",,https://ik.imagekit.io/OE/nelson-county/listings/elk-mountain-overlook-image1_1DrelJ3ot,"House with mountains in background, surrounded by greenery under clear blue sky.",,https://ik.imagekit.io/OE/nelson-county/listings/elk-mountain-overlook-image2_rFVPHxnYR,"Spacious living room with leather sofa, armchair, and modern decor.",,,,,,,"Afton, VA 22920",josh,,,https://www.google.com/maps/dir/?api=1&destination=Afton%2C%20VA%2022920,Outdoor Seating; Scenic Views; Full Kitchen; Pet Friendly; Cabins; Lodging,false,https://www.google.com/maps/dir/?api=1&destination=Afton%2C%20VA%2022920,Hours & Information,"Mountaintop overlook with jaw dropping views and camp themed interior design. Perched upon Elk Mountain just off the Blue Ridge Parkway this petite chalet is under 30 min from Charlottesville, 10 min to 151 vineyards/breweries/cideries, and 10 min to Waynesboro. Relax in this natural retreat featuring 2 king bedrooms, 2 person soaker tub, double headed shower, and ample kitchen w/many extras. Take in the views from the large deck, firepit, under porch swing, or mountainside adirondack chairs.",Experience,Big mountain views Just off the Blue Ridge Parkway Inviting interior design.,Events & Activities,*Lodging descriptions are provided by the host and not independently verified.,Contact & Location,"Sydney Robertson, sydney@loringwoodriff. Com Staff on Site. No Pet-Friendly. Yes Find us at Afton."
228,Ethan's Den,ethans-den,Whole House Rentals,stay,Wintergreen Resort,"Ethan's Den is a stylish one-bedroom suite with live-edge breakfast bar, heated floors, fireplace, and luxe finishes for couples getaways. Step into a beautifully crafted retreat where a stunning live-edge oak breakfast bar with leather stools awaits. Ethan's Den has been decorated to compliment the beautiful setting it is in.",,https://ik.imagekit.io/OE/nelson-county/listings/ethan-s-den-image1_HVu8A1W40,"House surrounded by trees, stone stairs lead to entrance, overcast sky.",,https://ik.imagekit.io/OE/nelson-county/listings/ethan-s-den-image2_cmXPqoYQ1,"Two brown leather sofas, black ottoman, fireplace in cozy living room.",,,,,,,"Roseland, VA 22967",josh,,,https://www.google.com/maps/dir/?api=1&destination=Roseland%2C%20VA%2022967,Breakfast; Bar; Pet Friendly,false,https://www.google.com/maps/dir/?api=1&destination=Roseland%2C%20VA%2022967,Menu & Offerings,"Step into a beautifully crafted retreat where a stunning live-edge oak breakfast bar with leather stools awaits. Enjoy the elegance of granite countertops and sleek stainless steel appliances. The cozy living room, with its plush leather sofas and a warm fireplace, offers the perfect spot to relax. Accommodating up to 3 guests, you'll find a luxurious queen bed and a convenient twin pull-out sofa. Radiant heated floors add an extra touch of comfort throughout your stay.",Menu & Offerings,"Ethan's Den has been decorated to compliment the beautiful setting it is in. It is decorated in natural materials such as leather, wrought iron and wood. It features heated floors throughout and a beautiful oak live edge breakfast bar made by the owners. The owners have added extra touches throughout to make you feel at home.",Events & Activities,*Lodging descriptions are provided by the host and not independently verified.,Contact & Location,"Monica Barker, monica@celticscots. Com Staff on Site. No Pet-Friendly. Yes Find us at Wintergreen Resort."
229,The Mountain House INN,the-mountain-house-inn,Whole House Rentals,stay,Montebello,The Mountain House Inn is a remodeled two-story retreat on an 18-acre sunny mountain property offering quiet escapes near Montebello and Crabtree Falls.,,https://ik.imagekit.io/OE/nelson-county/listings/the-mountain-house-inn-image1_14xY4wm22,"White house with black shutters, front porch, surrounded by trees and bushes.",,https://ik.imagekit.io/OE/nelson-county/listings/the-mountain-house-inn-image2_sFnHTrV_p,"Glass doors with outside view; plaid chair, paintings, lamp, and water bottle inside.",,,,,,,"Montebello, VA 24464",josh,,,https://www.google.com/maps/dir/?api=1&destination=Montebello%2C%20VA%2024464,Scenic Views; Pet Friendly; Cabins; Lodging,false,https://www.google.com/maps/dir/?api=1&destination=Montebello%2C%20VA%2024464,,,,,,,,
230,Sweet Afton,sweet-afton,Cabins & Cottages,stay,Afton,"Sweet Afton is a historic two-bedroom cottage on 1.55 fenced acres with 1-gig fiber internet, fire pit, and sweeping mountain views near Veritas.",,https://ik.imagekit.io/OE/nelson-county/listings/sweet-afton-image1_m_yOnzFcR,"White house with metal roof, surrounded by green trees and landscaped garden.",,https://ik.imagekit.io/OE/nelson-county/listings/sweet-afton-image2_9785_Norw,"Bright living room with sofa, chairs, TV, plants, wooden floor.",,,,,,,"Afton, VA 22920",josh,,,https://www.google.com/maps/dir/?api=1&destination=Afton%2C%20VA%2022920,Scenic Views; Pet Friendly; Cabins; Lodging,false,https://www.google.com/maps/dir/?api=1&destination=Afton%2C%20VA%2022920,Contact & Location,"2 bed, 1 bath country cottage in the heart of wine and beer country Find us at Afton""proper"". This quaint cottage sits on 1. 55 fenced-in acres (bring the pups) with incredible mountain views and a location that is hard to beat. Whether you are coming for the wine/beer hopping, a vineyard wedding (Veritas is a 3 min drive), or to get outdoors (Blueridge Tunnel Trail- 3 min, Shenandoah National Park - 15 min), Sweet Afton is perfect retreat. High speed, 1gig internet in the rural country.",Contact & Location,"This quaint cottage sits on 1. 55 fenced-in acres (bring the pups) with incredible mountain views and a location that is hard to beat whether you are coming for the wine/beer hopping, a vineyard wedding (Veritas Winery is a 3 min drive), or to get outdoors (Blue Ridge Tunnel Trail - 3 min, Shenandoah National Park - 15 min). High speed, 1gig internet in the rural country.",Events & Activities,*Lodging descriptions are provided by the host and not independently verified.,Contact & Location,"Guest Houses, info@vaguesthouses. Com Staff on Site. No Pet-Friendly. Yes Find us at Afton."
231,Three Sisters Pre-Civil War Log Cabin,three-sisters-pre-civil-war-log-cabin,Cabins & Cottages,stay,Montebello,"Three Sisters Pre-Civil War Log Cabin is an 1840 two-story log home with queen loft skylight, twin beds, private sauna, and hot tub on a secluded Blue Ridge property.",,https://ik.imagekit.io/OE/nelson-county/listings/three-sisters-pre-civil-war-log-cabin-image1_nzuSv7NvJ,Log cabin with blooming flowers and lush green surroundings in sunlight.,,https://ik.imagekit.io/OE/nelson-county/listings/three-sisters-pre-civil-war-log-cabin-image2_7KHbMqFRu,Cozy log cabin living room with rustic furniture and wood stove.,,,,,,,"Roseland, VA 22967",josh,,,https://www.google.com/maps/dir/?api=1&destination=Roseland%2C%20VA%2022967,Cabins; Lodging; Scenic Views,true,https://www.google.com/maps/dir/?api=1&destination=Roseland%2C%20VA%2022967,,,,,,,,
232,Nine Ridges Retreat,nine-ridges-retreat,Whole House Rentals,stay,Montebello,"Nine Ridges Retreat is a six-guest mountain home on 20 acres with artisan furnishings, sweeping Three Ridges views, and close access to Crabtree Falls and the Parkway.",,https://ik.imagekit.io/OE/nelson-county/listings/nine-ridges-retreat-image1_ARsa0BTWa,"Wooden deck with wicker furniture, brick wall, and decorative metal gate.",,https://ik.imagekit.io/OE/nelson-county/listings/nine-ridges-retreat-image2_hw7Y6NpIq,"Spacious living room with leather couch, telescope, large windows, and high ceiling.",,,,,,,"Montebello, VA 24464",josh,,,https://www.google.com/maps/dir/?api=1&destination=Montebello%2C%20VA%2024464,Outdoor Seating; Scenic Views; Cabins; Lodging,false,https://www.google.com/maps/dir/?api=1&destination=Montebello%2C%20VA%2024464,Menu & Offerings,"Escape to Nine Ridges Retreat, a serene mountain retreat perfect for the whole family. Nestled on 20 private acres, it offers breathtaking views of Three Ridges, Chimney Rock, and Maintop Mountain. Enjoy peaceful sleep, the sounds of nature, and stargazing with a deluxe telescope. Just 2 miles from Crabtree Falls and 4 miles from the Blue Ridge Parkway, our home comfortably sleeps 6. Unwind and immerse yourself in nature—you deserve it.",Events & Activities,*Lodging descriptions are provided by the host and not independently verified.,Contact & Location,"Monica Barker, monica@celticscots. Com Staff on Site. No Pet-Friendly. No Find us at Montebello.",,
233,Grace's Place Petite Retreats,graces-place-petite-retreats,Whole House Rentals,stay,Roseland,"Grace's Place Petite Retreats offers four well-appointed tiny homes exclusively for registered guests, each with curated amenities for a boutique stay. We offer 4 well appointed tiny homes listed on Airbnb. Privacy Quiet Hiking trails Immediate proximity to route 151 corridor.",,https://ik.imagekit.io/OE/nelson-county/listings/grace-s-place-petite-retreats-image1_fQcv5Afd28,Three tiny white houses on green lawn with trees and mountains.,,https://ik.imagekit.io/OE/nelson-county/listings/grace-s-place-petite-retreats-image2_3X3Me3-iY,"Cozy living room with blue couch, kitchen, and wooden dining table, well-lit space.",,,,,,,"Wintergreen, VA 22958",josh,,,https://www.google.com/maps/dir/?api=1&destination=Wintergreen%2C%20VA%2022958,Retail; Cabins; Lodging,false,https://www.google.com/maps/dir/?api=1&destination=Wintergreen%2C%20VA%2022958,Menu & Offerings,We offer 4 well appointed tiny homes listed on Airbnb. Please check out our website for links to each one. Our property is for registered guests only.,Experience,Privacy Quiet Hiking trails Immediate proximity to route 151 corridor.,Events & Activities,*Lodging descriptions are provided by the host and not independently verified.,Contact & Location,"Jack Buni, jack@tinynelson. Com Staff on Site. Yes Pet-Friendly. No Find us at Roseland."
234,Cottage on the Trail,cottage-on-the-trail,Cabins & Cottages,stay,Afton,"Cottage on the Trail is a poolside suite on a private estate along the Rockfish River with pergola seating, fire pit, and easy Route 151 access. Wake to gorgeous Mountain views & rolling green meadows bordering the Rockfish River on our family estate. Private attached unit with built in pool (mid April-mid Sept)in the Blue Ridge mountains of Nelson County Virginia on the center of the 151 Brew Ridge Trail The Cottage includes: * Swimming pool outside the front door next to the patio with pergola sitting area and fire pit, loungers and tables open mid-April through mid-September.",,https://ik.imagekit.io/OE/nelson-county/listings/cottage-on-the-trail-image1_h7NQP2nxe,"Patio with white furniture, umbrella, plants, beside red brick house, surrounded by trees.",,https://ik.imagekit.io/OE/nelson-county/listings/cottage-on-the-trail-image2_t0vpxlZDh,"Cozy living room with sofas, TV, wooden floor, and decorative plants.",,,,,,,"Nellysford, VA 22958",josh,,,https://www.google.com/maps/dir/?api=1&destination=Nellysford%2C%20VA%2022958,Outdoor Seating; Pool; Seasonal Menu; Scenic Views; Pet Friendly; Cabins; Water Sports; Fishing,false,https://www.google.com/maps/dir/?api=1&destination=Nellysford%2C%20VA%2022958,Experience,"Wake to gorgeous Mountain views & rolling green meadows bordering the Rockfish River on our family estate. Private attached unit with built in pool (mid April-mid Sept)in the Blue Ridge mountains of Nelson County Virginia on the center of the 151 Brew Ridge Trail. Much preparation has gone into making your stay beautiful, convenient and comfy. No need to physically interact if that’s your desire. Enjoy swimming, hiking, kayaking, horse back riding, skiing, snowboarding, and more.",Hours & Information,"The Cottage includes: * Swimming pool outside the front door next to the patio with pergola sitting area and fire pit, loungers and tables open mid-April through mid-September. *Paved Parking for 2 or 3 cars near the front door. * ADA handicap accessible large doorways to master and large walk-in showers. * Private entrance with no steps. * 2 beautiful bedrooms, 1 king/ 1 Queen. * Double size futon and Sleeper sofa in living room.",Events & Activities,*Lodging descriptions are provided by the host and not independently verified.,Contact & Location,"Todd Hobson, blueridgeclassics@yahoo. Com Staff on Site. Yes Pet-Friendly. Yes Find us at Afton."
235,Rockfish Farmhouse,rockfish-farmhouse,Cabins & Cottages,stay,Afton,"Rockfish Farmhouse is a seven-guest home in the heart of Nelson 151 with mountain-view fire pit and farmhouse charm near wineries and breweries. Wineries, breweries, cideries and distilleries are within close proximity Stunning views can be enjoyed by a beautiful fire pit in back yard.",,https://ik.imagekit.io/OE/nelson-county/listings/rockfish-farmhouse-image1_wzu_Rq50n,"White two-story house with porch, surrounded by trees and green lawn.",,https://ik.imagekit.io/OE/nelson-county/listings/rockfish-farmhouse-image2_PVq4ctzq3,"Spacious kitchen with wooden beams, dining table, and large windows overlooking scenery.",,,,,,,"Afton, VA 22920",josh,,,https://www.google.com/maps/dir/?api=1&destination=Afton%2C%20VA%2022920,Scenic Views; Cabins; Lodging; Farm; Fishing; Beer,false,https://www.google.com/maps/dir/?api=1&destination=Afton%2C%20VA%2022920,Experience,"Quaint Destination with Farmhouse charm in the heart of 151. Wineries, breweries, cideries and distilleries are within close proximity. Farmhouse comfortably sleeps 7 people.",Events & Activities,Stunning views can be enjoyed by a beautiful fire pit in back yard. Host & Owner of this property lives in Nelson County.,Events & Activities,*Lodging descriptions are provided by the host and not independently verified.,Contact & Location,"Sarah Ferren, tulapropertiesva@gmail. Com Staff on Site. No Pet-Friendly. No Find us at Afton."
236,Fulton Belle Vue,fulton-belle-vue,Cabins & Cottages,stay,Afton,"Fulton Belle Vue is a renovated farmhouse with five bedrooms, screened porch, and fire pit overlooking Blue Ridge views along the Nelson 151 trail. Lovely outdoor spaces with a screened in porch, rockers on front porch as well as a fire pit to enjoy the amazing views of the Blue Ridge Mountains.",,https://ik.imagekit.io/OE/nelson-county/listings/fulton-belle-vue-image1_0k1CSckNN,"White house with red door, black windows, front porch, and rocking chairs.",,https://ik.imagekit.io/OE/nelson-county/listings/fulton-belle-vue-image2_nV9yBSaDG,"Modern kitchen with white cabinets, wood accents, stainless appliances, and central island.",,,,,,,"Afton, VA 22920",josh,,,https://www.google.com/maps/dir/?api=1&destination=Afton%2C%20VA%2022920,Scenic Views; Outdoor Seating; Cabins; Lodging; Farm,false,https://www.google.com/maps/dir/?api=1&destination=Afton%2C%20VA%2022920,Hours & Information,"Completely renovated Farmhouse conveniently Find us at the heart of the 151 Brew Trail. 5 spacious bedrooms, a large open kitchen and family room as well as 3 full baths.",Experience,"Lovely outdoor spaces with a screened in porch, rockers on front porch as well as a fire pit to enjoy the amazing views of the Blue Ridge Mountains.",Events & Activities,*Lodging descriptions are provided by the host and not independently verified.,Contact & Location,"Sarah Ferren, tulapropertiesva@gmail. Com Staff on Site. No Pet-Friendly. No Find us at Afton."
237,Spindle Hill Farm,spindle-hill-farm,Bed and Breakfast,stay,Nellysford,Spindle Hill Farm features a handcrafted cedar hot tub cottage and restored 1932 schoolhouse on a 50-acre family farm with private trails and ponds. Two extraordinary homes on one 50 acre family farm.,,https://ik.imagekit.io/OE/nelson-county/listings/spindle-hill-farm-image1_bR7IuBIDF,Red house surrounded by autumn trees and colorful leaves.,,https://ik.imagekit.io/OE/nelson-county/listings/spindle-hill-farm-image2_A3BcpVovb,"Bright living room with beige sofa, colorful pillows, and large sunny windows.",,,,,,,"Nellysford, VA 22958",josh,,,https://www.google.com/maps/dir/?api=1&destination=Nellysford%2C%20VA%2022958,Breakfast; Pet Friendly; Lodging; Farm,false,https://www.google.com/maps/dir/?api=1&destination=Nellysford%2C%20VA%2022958,Menu & Offerings,"Two extraordinary homes on one 50 acre family farm. Our handcrafted guest cottage has been one of Nelson County's most beloved rentals for more than a decade, and we're excited to be able to offer the historic 1932 Wintergreen School House as an additional rental on our 50 acre family homestead. Both spaces are extraordinary, carefully curated, rich in local history and art, and designed to be ecologically sensitive.",Events & Activities,*Lodging descriptions are provided by the host and not independently verified.,Contact & Location,"Elise Lauterbach, elise. Lauterbach@gmail. Com Staff on Site. Yes Pet-Friendly. Yes Find us at Nellysford.",,
238,Beech Grove Cabins,beech-grove-cabins,Cabins & Cottages,stay,Roseland,"Beech Grove Cabins offers four two-bedroom log cabins with full kitchens, gas fireplaces, Adirondack porches, and communal fire pit near Wintergreen. Four (4) two-bedroom/one-bathroom cabins with a full kitchen, separate living and dining areas with central heat and air conditioning. Each bedroom and the living room have a ceiling fan and for cozy nights in the late fall and winter, we offer a gas fireplace that turns on with the flip of a switch All our cabins are true log cabins, built with solid round logs.",,https://ik.imagekit.io/OE/nelson-county/listings/beech-grove-cabins-image1_A2-avjhQ3,Log cabin with porch surrounded by colorful autumn trees.,,https://ik.imagekit.io/OE/nelson-county/listings/beech-grove-cabins-image2_2BR_h4hG2,"Cozy log cabin interior with red sofa, wooden walls, and kitchen area.",,,,,,,"Roseland, VA 22967",josh,,,https://www.google.com/maps/dir/?api=1&destination=Roseland%2C%20VA%2022967,Fuel; Cabins; Pet Friendly; Lodging,false,https://www.google.com/maps/dir/?api=1&destination=Roseland%2C%20VA%2022967,Experience,"Four (4) two-bedroom/one-bathroom cabins with a full kitchen, separate living and dining areas with central heat and air conditioning. Each bedroom and the living room have a ceiling fan and for cozy nights in the late fall and winter, we offer a gas fireplace that turns on with the flip of a switch. All the amenities are included, full kitchen has all the pots and pans for cooking a regular meal or a Thanksgiving feast. Bed linens and plenty of towels are provided.",Menu & Offerings,"All our cabins are true log cabins, built with solid round logs. Our cleaning regimen is something we take seriously and are very proud of. All sheets and quilts (and blankets if used) are cleaned between every guest. We daresay you won't find many, if any, other accommodations where the quilts are washed every single time. we're wonderfully situated between Wintergreen and all the breweries, cideries and wineries in the Rockfish Valley. It's easy to access the fun activities offered at Winterg.",Events & Activities,*Lodging descriptions are provided by the host and not independently verified.,Contact & Location,"Becky Evans, beechgrovecabins@gmail. Com Staff on Site. Yes Pet-Friendly. Yes Find us at Roseland."
239,Slipper Slope,slipper-slope,Vacation Rentals,stay,Wintergreen Resort,"Slipper Slope is a four-bedroom ski-in/ski-out condo on Upper Diamond Hill with spacious layout and true ground-level slope access. Hard to find a bottom floor ski in ski out, especially with 4 bedroom, very spacious.",,https://ik.imagekit.io/OE/nelson-county/listings/slipper-slope-image1_KnYfEnts_,"Chairs and table in snow, skis standing nearby under clear blue sky.",,https://ik.imagekit.io/OE/nelson-county/listings/slipper-slope-image2_OZItoe3rJ,"Spacious living room with beige sofa, dining area, modern decor, and soft lighting.",,,,,,,"Wintergreen Resort, Roseland, VA 22967",josh,,,https://www.google.com/maps/dir/?api=1&destination=Wintergreen%20Resort%2C%20Roseland%2C%20VA%2022967,Scenic Views; Snow Sports; Pet Friendly,false,https://www.google.com/maps/dir/?api=1&destination=Wintergreen%20Resort%2C%20Roseland%2C%20VA%2022967,Experience,4 Bedroom Condo at the Resort and is a true ski in Ski out on Upper diamond hill slope.,Experience,"Hard to find a bottom floor ski in ski out, especially with 4 bedroom, very spacious.",Events & Activities,*Lodging descriptions are provided by the host and not independently verified.,Contact & Location,"Kevin Zachary, kzacharysonic@gmail. Com Staff on Site. No Pet-Friendly. Yes Find us at Wintergreen."
240,Wintergreen Resort,wintergreen-resort-2,Whole House Rentals,stay,Wintergreen Resort,"Wintergreen Resort offers professionally managed studios, condos, and private homes with exclusive guest access to Aquatics, Devils Knob golf, racquet sports, and on-mountain shuttles. All accommodations reserved through Wintergreen Resort offer the Wintergreen Advantage with access to exclusive guest amenities such as the Aquatics and Fitness Center, Devils Knob Golf and Racquet sports, and Devils Grill.",,https://ik.imagekit.io/OE/nelson-county/listings/wintergreen-resort-image1_DTQTx2-_k,"Hillside resort with lit buildings, surrounded by dense green forest under cloudy sky.",,https://ik.imagekit.io/OE/nelson-county/listings/wintergreen-resort-image2_f2LK270xS,"Modern living room with gray sofa, armchairs, and large window.",,,,,,(855) 699-1858,"39 Mountain Inn Loop, Wintergreen, VA 22967",josh,,,https://www.google.com/maps/dir/?api=1&destination=39%20Mountain%20Inn%20Loop%2C%20Wintergreen%2C%20VA%2022967,Full Service Resort; Golf; Lodging; Meeting Planners; Pet Friendly; Resort; Scenic Views,false,https://www.google.com/maps/dir/?api=1&destination=39%20Mountain%20Inn%20Loop%2C%20Wintergreen%2C%20VA%2022967,Information,"All accommodations reserved through Wintergreen Resort offer the Wintergreen Advantage with access to exclusive guest amenities such as the Aquatics and Fitness Center, Devils Knob Golf and Racquet sports and Devils Grill, and on-mountain shuttle service.",Menu & Offerings,"All accommodations reserved through Wintergreen Resort offer the Wintergreen Advantage with access to exclusive guest amenities such as the Aquatics and Fitness Center, Devils Knob Golf and Racquet sports, and Devils Grill. Resort lodging guests also have priority access to winter sports with guaranteed lift tickets and equipment rental and advance tubing reservations.",Events & Activities,*Lodging descriptions are provided by the host and not independently verified.,Contact & Location,"Stacey Dawkins, sdawkins@wintergreenresort. Com Staff on Site. Yes Pet-Friendly. Yes Find us at Wintergreen."
241,Camp Blue Ridge,camp-blue-ridge,Campgrounds & Glamping,stay,Montebello,"Camp Blue Ridge provides 22 two-bedroom cabins plus motel rooms, meeting spaces, and pet-friendly grounds for families and groups in the Blue Ridge Mountains. Camp Blue Ridge offers a total of 22 cabins of varying styles.",,https://ik.imagekit.io/OE/nelson-county/listings/camp-blue-ridge-image1_8a87ApjMt,Wooden cabins surrounded by trees with a gravel path in sunlight.,,https://ik.imagekit.io/OE/nelson-county/listings/camp-blue-ridge-image2_xMgxhhVvt,Rustic wooden bed with white pillows and folded towels in cozy room.,,,,,,(434) 760-0818,"355 Camp Blue Ridge Road, Montebello, VA 24464",josh,,,https://www.google.com/maps/dir/?api=1&destination=355%20Camp%20Blue%20Ridge%20Road%2C%20Montebello%2C%20VA%2024464,Events; Family Friendly; Pet Friendly; Cabins; Scenic Views,false,https://www.google.com/maps/dir/?api=1&destination=355%20Camp%20Blue%20Ridge%20Road%2C%20Montebello%2C%20VA%2024464,Menu & Offerings,"Camp Blue Ridge offers a total of 22 cabins of varying styles. we offer 9 Standard Cabins, 9 Family Style Cabins, 2 Deluxe Cabins, 2 Premier Cabins, a few motel rooms, and 1 cabin suite. All our housing units are 2 bed/2 bath with a shared center space. Each cabin has a mini split heat/air units in each bedroom.",Information,"The natural beauty of the Blue Ridge Mountains. With multiple housing options, meeting spaces and activities, we're certain to meet the needs of any guest.",Events & Activities,*Lodging descriptions are provided by the host and not independently verified.,Contact & Location,"Julie Minnick, cbroffice@pcsda. Org Staff on Site. Yes Pet-Friendly. Yes Find us at Montebello."
242,Devils Backbone Camp,devils-backbone-camp,Campgrounds & Glamping,stay,Roseland,"Devils Backbone Camp pairs RV and tent sites with craft beverage venues, live music, and easy access to hiking, Blue Ridge Parkway, and Nelson 151 attractions. In the heart of the Blue Ridge Mountains, combining a causal camp experience with world-class craft beverages and food.",,https://ik.imagekit.io/OE/nelson-county/listings/devils-backbone-camp-image1_pHe83b4NS,"Lush green landscape with mountains, clouds, and scattered buildings under blue sky.",,https://ik.imagekit.io/OE/nelson-county/listings/devils-backbone-camp-image2_KO8HGz9jI,"Wooden camper check-in booth with brochures and person inside, sunny day.",,,,,,(434) 361-1001,"200 Mosbys Run, Roseland, VA 22967",josh,,,https://www.google.com/maps/dir/?api=1&destination=200%20Mosbys%20Run%2C%20Roseland%2C%20VA%2022967,Beer; Live Music; Pet Friendly; Scenic Views; Hiking,false,https://www.google.com/maps/dir/?api=1&destination=200%20Mosbys%20Run%2C%20Roseland%2C%20VA%2022967,Information,"In the heart of the Blue Ridge Mountains, combining a causal camp experience with world-class craft beverages and food. With a range of sites, from full-hook-up RV to rustic wooded tent sites, we offer a range of camping options for every type of adventurer.",Events & Activities,*Lodging descriptions are provided by the host and not independently verified.,Contact & Location,"Jessica Carter, jessica. Carter@dbbrewingcompany. Com Staff on Site. Yes Pet-Friendly. Yes Find us at Roseland.",,
243,The Haven at Devils Backbone Camp,the-haven-at-devils-backbone-camp,Cabins & Cottages,stay,Roseland,"The Haven at Devils Backbone is a 3,750-square-foot Lindal Cedar home with luxury finishes, five bedrooms, and easy walkable access to Devils Backbone Basecamp.",,https://ik.imagekit.io/OE/nelson-county/listings/the-haven-at-devils-backbone-camp-image1_sTmmYqLUn,"Modern house with large windows, surrounded by green lawn and trees.",,https://ik.imagekit.io/OE/nelson-county/listings/the-haven-at-devils-backbone-camp-image2_oepz3JJge,"Spacious living room with large windows, wooden floors, and comfortable seating arrangement.",,,,,,,"200 Mosbys Run, Roseland, VA 22967",josh,,,https://www.google.com/maps/dir/?api=1&destination=200%20Mosbys%20Run%2C%20Roseland%2C%20VA%2022967,Beer; Scenic Views; Pet Friendly; Cabins; Lodging,false,https://www.google.com/maps/dir/?api=1&destination=200%20Mosbys%20Run%2C%20Roseland%2C%20VA%2022967,,,,,,,,
244,Relaxing 3 bedroom Mountain Cabin,relaxing-3-bedroom-mountain-cabin,Cabins & Cottages,stay,Roseland,"Relaxing 3 Bedroom Mountain Cabin is a tri-level Wintergreen home with wraparound decks, observation platform, wood fireplace, and firewood provided.",,https://ik.imagekit.io/OE/nelson-county/listings/relaxing-3-bedroom-mountain-cabin-image1_VkgnJV9cW,"Beige house with wooden accents, surrounded by leafless trees and stone steps.",,https://ik.imagekit.io/OE/nelson-county/listings/relaxing-3-bedroom-mountain-cabin-image2_tTW_FmdOS,"Cozy living room with stone fireplace, leather chairs, and a mounted TV.",,,,,,,"Wintergreen Resort, Roseland, VA 22967",josh,,,https://www.google.com/maps/dir/?api=1&destination=Wintergreen%20Resort%2C%20Roseland%2C%20VA%2022967,Outdoor Seating; Cabins; Lodging,false,https://www.google.com/maps/dir/?api=1&destination=Wintergreen%20Resort%2C%20Roseland%2C%20VA%2022967,Hours & Information,"Beautiful cabin in the woods. Welcome to our home. This beautiful mountain cabin is located on the top of Wintergreen Resort, and we're pleased to offer your family the same stress free, relaxing getaway we love to come enjoy. The house is a perfect for fit to enjoy Wintergreen with family and friends. It has a great open living and dining area on the middle floor where groups can spend their time together, as well as an upper and lower floor that offer quiet and privacy. There is wonderful woo.",Menu & Offerings,"Unique upper deck nestled in the forest. It overlooks the house and beyond, and is surrounded by natural ferns and trees. A split room layout offers privacy for groups traveling together.",Events & Activities,*Lodging descriptions are provided by the host and not independently verified.,Contact & Location,"Kirstyn Martin, kirstyn1215@gmail. Com Staff on Site. No Pet-Friendly. No Find us at Roseland."
245,Mountain Dacha,mountain-dacha,Whole House Rentals,stay,Roseland,"Mountain Dacha is a four-bedroom, three-bath home adjacent to a Wintergreen golf course with cozy interiors suited for year-round resort activities.",,https://ik.imagekit.io/OE/nelson-county/listings/mountain-dacha-image1_qFTjg3emv,Elevated gray house with wooden stilts and staircase against blue sky.,,https://ik.imagekit.io/OE/nelson-county/listings/mountain-dacha-image2_5omwzRo6V,"Modern living room with island, pendant lights, dining table, and cozy seating area.",,,,,,,"Wintergreen Resort, Roseland, VA 22967",josh,,,https://www.google.com/maps/dir/?api=1&destination=Wintergreen%20Resort%2C%20Roseland%2C%20VA%2022967,Golf; Scenic Views; Family Friendly; Pet Friendly,false,https://www.google.com/maps/dir/?api=1&destination=Wintergreen%20Resort%2C%20Roseland%2C%20VA%2022967,Events & Activities,*Lodging descriptions are provided by the host and not independently verified.,Contact & Location,"Sergey Zhitar, 67southforest@gmail. Com Staff on Site. No Pet-Friendly. Yes Find us at Roseland.",,,,
246,"Panoramic Peak - Vistas 1559, Wintergreen",panoramic-peak-vistas-1559-wintergreen,Whole House Rentals,stay,Wintergreen Resort,"Panoramic Peak is a renovated one-bedroom, two-bath Wintergreen condo with sweeping valley views, sleeper sofa, and summer access to resort pools. Panoramic Peak is situated in the heart of Wintergreen Resort and boasts stunning mountain views from every window. Whether you are coming for a summer getaway, or to enjoy winter skiing, tubing or snowboarding trip, Panoramic Peak is a great place to set up home base The condo's main features are as described: KITCHEN Fridge, dishwasher, oven, Berkey Water Filter, coffee pot, tea kettle, pantry, washer & dryer.",,https://ik.imagekit.io/OE/nelson-county/listings/panoramic-peak-vistas-1559-wintergreen-image1_0yAxafh3B,Snow-covered hills and trees under bright sun and clear blue sky.,,https://ik.imagekit.io/OE/nelson-county/listings/panoramic-peak-vistas-1559-wintergreen-image2_3dbe2CCc_,"Living room with large windows, balcony view of ocean and sky.",,,,,,,"Wintergreen Resort, Roseland, VA 22967",josh,,,https://www.google.com/maps/dir/?api=1&destination=Wintergreen%20Resort%2C%20Roseland%2C%20VA%2022967,Scenic Views; Pool; Seasonal Menu; Cabins; Lodging,false,https://www.google.com/maps/dir/?api=1&destination=Wintergreen%20Resort%2C%20Roseland%2C%20VA%2022967,Experience,"Panoramic Peak is situated in the heart of Wintergreen Resort and boasts stunning mountain views from every window. Whether you are coming for a summer getaway, or to enjoy winter skiing, tubing or snowboarding trip, Panoramic Peak is a great place to set up home base. From exploring Nelson 151, hiking, golfing, or swimming, you will never be at a loss for activities, regardless of the season.",Menu & Offerings,"The condo's main features are as described: KITCHEN Fridge, dishwasher, oven, Berkey Water Filter, coffee pot, tea kettle, pantry, washer & dryer. DINING/LIVING AREA Table and chairs with seating for 4, WFH space (desk and chair), pull-out sleeper sofa, armchair, wood-burning fireplace, games, access to balcony. BATHROOM 1 Full bathroom with shower/bath combo. BEDROOM Queen bed, dresser, tv with cable, armchair, bench, access to balcony. BATHROOM 2 En suite, full bathroom with shower/bath combo.",Events & Activities,*Lodging descriptions are provided by the host and not independently verified.,Contact & Location,"Jamie Inlow, hello@bestillgetaways. Com Staff on Site. No Pet-Friendly. No Find us at Wintergreen Resort."
247,Skis and Trees,skis-and-trees,Whole House Rentals,stay,Roseland,"Skis and Trees is a ski-in/ski-out Tyro slope chalet with two king master suites, kids loft, six-person hot tub, and renovated gourmet kitchen. Completely renovated, 3 BR/2BA chalet, located on Lower Tyro slope, just below Tequila.",,https://ik.imagekit.io/OE/nelson-county/listings/skis-and-trees-image1_uQ5JEwsyD,Elevated cabin in snowy forest surrounded by leafless trees under clear blue sky.,,https://ik.imagekit.io/OE/nelson-county/listings/skis-and-trees-image2_XL_YPnQw4,"Wooden kitchen with island, bar stools, pendant lights, stainless appliances, and vaulted ceiling.",,,,,,,"Wintergreen Resort, Roseland, VA 22967",josh,,,https://www.google.com/maps/dir/?api=1&destination=Wintergreen%20Resort%2C%20Roseland%2C%20VA%2022967,Skiing; Full Kitchen; Cabins; Lodging,false,https://www.google.com/maps/dir/?api=1&destination=Wintergreen%20Resort%2C%20Roseland%2C%20VA%2022967,Hours & Information,"Completely renovated, 3 BR/2BA chalet, located on Lower Tyro slope, just below Tequila. Rustic decor, fully stocked kitchen, high end appliances, granite counters. Open floor plan, walls of windows, mtn views. Beautiful stone fireplace, ample comfortable seating. 2 main floor Masters, each w/King bed, TV, luxurious bedding. Loft is a dedicated kids space: 2 sets of bunks, daybed w/trundle, TV & PS4. Gas grill, 6 person hot tub. Perfect ski home to host 2 Families, or a romantic couple's getaway.",Events & Activities,*Lodging descriptions are provided by the host and not independently verified.,Contact & Location,"Joseph Bauer, joebauer01@hotmail. Com Staff on Site. No Pet-Friendly. No Find us at Roseland.",,
248,Mountain Dreams Condo,mountain-dreams-condo,Whole House Rentals,stay,Roseland,"Mountain Dreams Condo at The Ledges offers two-story living with two bedrooms, dual fireplaces, redesigned king suite, and expansive views over the Rockfish Valley. A brand new Dream Cloud King size bed is in the lower suite with a queen and bunks in the guest room.",,https://ik.imagekit.io/OE/nelson-county/listings/mountain-dreams-condo-image1_5ySBVIX4i,"Sunset over mountains, vibrant sky, lush green trees in foreground.",,https://ik.imagekit.io/OE/nelson-county/listings/mountain-dreams-condo-image2_Eba2At3G7,"Cozy living room with fireplace, ocean view, and blue sofa.",,,,,,,"Wintergreen Resort, Nellysford, VA 22958",josh,,,https://www.google.com/maps/dir/?api=1&destination=Wintergreen%20Resort%2C%20Nellysford%2C%20VA%2022958,Lodging; Pet Friendly; Cabins; Fishing,false,https://www.google.com/maps/dir/?api=1&destination=Wintergreen%20Resort%2C%20Nellysford%2C%20VA%2022958,Menu & Offerings,"This unit is Find us at The Ledges, just a five minute drive to the Mountain Inn. Mountain Dreams is a newly designed, phenomenal condo with amazing 180 degree views of Charlottesville, Lake Monocan, the UVA observatory and ski slopes. This two story condo is Find us at the highest elevation — a great location – just 8 miles to Devils Backbone Brewery and Bold Rock Cider. Walk across the street for stone fired pizza and beer at Fire and Frost.",Information,A brand new Dream Cloud King size bed is in the lower suite with a queen and bunks in the guest room. Professionally cleaned hotel-quality linens and towels.,Events & Activities,*Lodging descriptions are provided by the host and not independently verified.,Contact & Location,"Rebecca Boyd, info@fourseasonvacationrentals. Com Staff on Site. Yes Pet-Friendly. Yes Find us at Roseland."
249,Wintergreen Vistas,wintergreen-vistas,Whole House Rentals,stay,Roseland,"Wintergreen Vistas comprises two ridge-line condos—one two-bedroom, one three-bedroom—each with full kitchens, decks, and standout Blue Ridge views. 2 condos along the""View Ridge"" at Wintergreen. One is a 2 bedroom, 2 bath unit, while the other is 3 bedroom, 3 bath The resort is found on the Sunrise Side of the Blue Ridge Mountains and is conveniently located close to Charlottesville, Staunton, Lynchburg, and Waynesboro. It’s only a three-hour drive from Washington, D.",,https://ik.imagekit.io/OE/nelson-county/listings/wintergreen-vistas-image1_eY_qdT5Qf,Buildings nestled in lush green hills with distant mountain view.,,https://ik.imagekit.io/OE/nelson-county/listings/wintergreen-vistas-image2_mWjjYi8o7,"Cozy living room with brown sofa, stone fireplace, and open kitchen area.",,,,,,,"Wintergreen Resort, Roseland, VA 22967",josh,,,https://www.google.com/maps/dir/?api=1&destination=Wintergreen%20Resort%2C%20Roseland%2C%20VA%2022967,Scenic Views; Cabins; Lodging,false,https://www.google.com/maps/dir/?api=1&destination=Wintergreen%20Resort%2C%20Roseland%2C%20VA%2022967,Experience,"2 condos along the""View Ridge"" at Wintergreen. One is a 2 bedroom, 2 bath unit, while the other is 3 bedroom, 3 bath. Both have fully-equipped kitchens, fireplaces, and decks with outstanding views of the Blue Ridge Mountains.",Events & Activities,*Lodging descriptions are provided by the host and not independently verified.,Contact & Location,"Lee Stocks, rleestocks@gmail. Com Staff on Site. No Pet-Friendly. No Find us at Roseland.",Experience,"The resort is found on the Sunrise Side of the Blue Ridge Mountains and is conveniently located close to Charlottesville, Staunton, Lynchburg, and Waynesboro. It’s only a three-hour drive from Washington, D. C. As well. Spend the day at and near Wintergreen Resort any time of the year. If you’re looking for an overnight trip, there are plenty of options. Spend the night at the resort, at one of Nelson’s many lodging options."
250,Clonmel Acres,clonmel-acres,Cabins & Cottages,stay,Afton,"This spot is perfect for family reunions, wine enthusiasts exploring local vineyards, or groups of friends looking for a quiet place to gather.",,https://ik.imagekit.io/OE/nelson-county/listings/clonmel-acres-image1_jGAgaj2cN,Two-story white house with green shutters and neat garden in sunlight.,,https://ik.imagekit.io/OE/nelson-county/listings/clonmel-acres-image2_Ca4p35kQ5,"Wooden staircase beside living room with fireplace, TV, and armchair.",,,,,,,"Afton, VA 22920",josh,,,https://www.google.com/maps/dir/?api=1&destination=Afton%2C%20VA%2022920,Scenic Views; Cabins; Lodging; Farm,false,https://www.google.com/maps/dir/?api=1&destination=Afton%2C%20VA%2022920,Information,"This spot is perfect for family reunions, wine enthusiasts exploring local vineyards, or groups of friends looking for a quiet place to gather.",Experience,"Beautiful mountain views, private pond, hot tub, large bedrooms.",Events & Activities,*Lodging descriptions are provided by the host and not independently verified.,Contact & Location,"Allison Harwood, allisonlharwood@gmail. Com Staff on Site. No Pet-Friendly. No Find us at Afton."
251,Cabin at Clonmel,cabin-at-clonmel,Cabins & Cottages,stay,Afton,"Cabin at Clonmel is a restored 1700s log cabin available for 31+ day stays with loft bedroom, modern comforts, and mountain views on the Clonmel estate. Come enjoy the peace and beauty of the Blue Ridge Mountains. Historic cabin from late 1700’s with beautiful restoration, beautiful mountain views, fire pit, peaceful area.",,https://ik.imagekit.io/OE/nelson-county/listings/cabin-at-clonmel-image1_xyO4Zu1Ot,"Log cabin with metal roof, surrounded by trees and gravel path.",,https://ik.imagekit.io/OE/nelson-county/listings/cabin-at-clonmel-image2_LOG93baRB,"Rustic living room with exposed beams, wooden door, and patterned armchair.",,,,,,,"Afton, VA 22920",josh,,,https://www.google.com/maps/dir/?api=1&destination=Afton%2C%20VA%2022920,Scenic Views; Cabins; Lodging,false,https://www.google.com/maps/dir/?api=1&destination=Afton%2C%20VA%2022920,Hours & Information,"Come enjoy the peace and beauty of the Blue Ridge Mountains. The Cabin at Clonmel is a historic cabin that has been lovingly restored to include modern comforts. Please note that the cabin is available for mid-term stays only (31+ days). The cabin is located just 25 minutes from Charlottesville and 15 minutes from Waynesboro, plus it is just minutes away from great hiking, wineries and breweries. The cabin is open concept with a lofted bedroom.",Experience,"Historic cabin from late 1700’s with beautiful restoration, beautiful mountain views, fire pit, peaceful area.",Events & Activities,*Lodging descriptions are provided by the host and not independently verified.,Contact & Location,"Allison Harwood, hello@bestillgetaways. Com Staff on Site. No Pet-Friendly. No Find us at Afton."
252,Sleepy Hollow Retreat Enjoy Your Stay,sleepy-hollow-retreat-enjoy-your-stay,Whole House Rentals,stay,Roseland,"Sleepy Hollow Retreat is an 1800s farmhouse along Nelson 151 with covered porch, large yard, and two-bedroom layout close to trails, rivers, and wineries. Our 1800's two story 2200 square farm house, once a log cabin, welcomes you. Sleepy Hollow is nestled in scenic rural Nelson County, Virginia.",,https://ik.imagekit.io/OE/nelson-county/listings/sleepy-hollow-retreat-enjoy-your-stay-image1_8mU5M7k8W,"House entrance with white columns, surrounded by blooming red flowers and green bushes.",,https://ik.imagekit.io/OE/nelson-county/listings/sleepy-hollow-retreat-enjoy-your-stay-image2_UEKG4vFSjT,"Cozy bedroom with twin beds, fireplace, floral chairs, and braided rug.",,,,,,,"Roseland, VA 22967",josh,,,https://www.google.com/maps/dir/?api=1&destination=Roseland%2C%20VA%2022967,Outdoor Seating; Wi-Fi; Pet Friendly; Cabins; Lodging; Farm; Water Sports,false,https://www.google.com/maps/dir/?api=1&destination=Roseland%2C%20VA%2022967,Experience,"Our 1800's two story 2200 square farm house, once a log cabin, welcomes you. Sleepy Hollow is nestled in scenic rural Nelson County, Virginia. Relax on the covered deck, dine in the renovated kitchen or dining room. Two bedrooms on the second floor can sleep 4. Full baths on each level. There is a barn and pastures. Located along the Nelson 151 winery and brewery trail, Wintergreen skiing, and many nearby Universities, festivals.",Hours & Information,"Sleepy Hollow is Find us at the foot of a mountain and offers a large yard with lots of space for relaxation. Our yard is not fenced in, keeping the rural ambience. The pasture is fenced. we offer areas for family and friends to gather inside or outdoors or on the covered back porch. The back porch has gliders and rockers if you are a porch sitter. The porch also has a gate Visitors can close or leave open. The patio also has seats for two.",Events & Activities,*Lodging descriptions are provided by the host and not independently verified.,Contact & Location,"Darlene Seay, Dolleen4@aol. Com Staff on Site. No Pet-Friendly. Yes Find us at Roseland."
253,Eagles Court Ski In/Ski Out Condo,eagles-court-ski-in-ski-out-condo,Vacation Rentals,stay,Wintergreen Resort,"Eagles Court Ski In/Ski Out Condo sits directly on Eagle's Swoop with designated parking, renovated kitchen, ski closet, and dog-friendly policy.",,https://ik.imagekit.io/OE/nelson-county/listings/eagles-court-ski-in-ski-out-condo-image1_IK6m9Pd6O,Covered patio with blue-cushioned chairs overlooking a forest and distant hills.,,https://ik.imagekit.io/OE/nelson-county/listings/eagles-court-ski-in-ski-out-condo-image2_kwfGDMJtE,Gray sectional sofa in living room with large window and patterned rug.,,,,,,,"Wintergreen Resort, Roseland, VA 22967",josh,,,https://www.google.com/maps/dir/?api=1&destination=Wintergreen%20Resort%2C%20Roseland%2C%20VA%2022967,Skiing; Parking; Pet Friendly; Full Kitchen,false,https://www.google.com/maps/dir/?api=1&destination=Wintergreen%20Resort%2C%20Roseland%2C%20VA%2022967,Information,"With mountain views. Park your car in our designated parking spot and walk to The Market at Wintergreen, the Skyline Pavilion (Ski Rental & Lift Ticket Office) and The Edge & Coppermine restaurants that overlook the slopes. The condo has 2 bedrooms with queen beds and one pullout sectional with a memory foam mattress in the living room. 1 and a half bathrooms. Fast Wi Fi and 3 TVs with streaming capabilities. Firewood is provided for our wood burning fireplace.",Contact & Location,"Location, Location, Location. we're directly on the slope of Eagle's Swoop and in walking distance to nearly everywhere you want to be.",Events & Activities,*Lodging descriptions are provided by the host and not independently verified.,Contact & Location,"Lindsay Klein, lindsayeckertklein@gmail. Com Staff on Site. No Pet-Friendly. Yes Find us at Wintergreen Resort."
254,Wren House,wren-house,Cabins & Cottages,stay,Afton,"Wren House is a five-bedroom country home on nearly five acres with hot tub, fire pit, remodeled kitchen, and sweeping pasture and sunset views. 95 rating on Air Bn B 6-7 seat hot tub / spa; Fire pit & Adirondack chairs; Inside fireplace; Recently remodeled kitchen and baths; Room for 12; Pet friendly; New farmhouse kitchen; Spotlessly clean; Luxury quality beds an.",,https://ik.imagekit.io/OE/nelson-county/listings/wren-house-image1_mfElcPQPJ,"Wooden deck house with star, surrounded by trees and grassy yard.",,https://ik.imagekit.io/OE/nelson-county/listings/wren-house-image2_8C5DMqnZS,"Bedroom with teal walls, large windows, bed, bedside tables, and red rug.",,,,,,,"Afton, VA 22920",josh,,,https://www.google.com/maps/dir/?api=1&destination=Afton%2C%20VA%2022920,Outdoor Seating; Pet Friendly; Full Kitchen; Cabins; Lodging,false,https://www.google.com/maps/dir/?api=1&destination=Afton%2C%20VA%2022920,Experience,"Wren House is a 5 bedroom 3 1/2 bath country home with a 4. 95 rating on Air Bn B. The house is very private with lawns, secluded wooded surroundings and views of pastures, sunsets and the mountains. You will have it all to yourself. Birds and nature abound at Wren House. we're close to 151 wineries, breweries, hiking and cultural sites. Charlottesville is only 35 minutes away and Wintergreen is a 20 minute drive up the mountain.",Experience,6-7 seat hot tub / spa; Fire pit & Adirondack chairs; Inside fireplace; Recently remodeled kitchen and baths; Room for 12; Pet friendly; New farmhouse kitchen; Spotlessly clean; Luxury quality beds and bedding; Large covered porch with view; Hammock in the oak grove; Large screen smart TV; Great vibes.,Events & Activities,*Lodging descriptions are provided by the host and not independently verified.,Contact & Location,"Tom Fisher, tom@environdc. Com Staff on Site. No Pet-Friendly. Yes Find us at Afton."
255,WildManDan B&B (Beer centric),wildmandan-bb-beer-centric,Bed and Breakfast,stay,Afton,"Wild Man Dan B&B is an 1870 farmhouse on the Wild Man Dan Brewery property sleeping twelve with wraparound porch, gazebo, fire pit swings, and optional beer classes. Is available to lodging guests (Terri is a chef) and the brewery has space to rent after daily business hours for events of 50-100 people.",,https://ik.imagekit.io/OE/nelson-county/listings/wildmandan-b-b-beer-centric--image1_JoNLwgtDjW,Brick house with white porch amidst lush greenery and blooming flowers.,6930547d5c7cd75eb880dc49,https://ik.imagekit.io/OE/nelson-county/listings/wildmandan-b-b-beer-centric--image2_HP9XWfGqVo,"White shampoo bottles, labeled 'WildManDan,' next to beer glass and soap.",693061a05c7cd75eb8d793f6,,,,,(540) 649-2233,"279 Avon Road, Afton, VA 22920",josh,,,https://www.google.com/maps/dir/?api=1&destination=279%20Avon%20Road%2C%20Afton%2C%20VA%2022920,Beer; Breakfast; Farm; Lodging; Outdoor Seating; Tastings,false,https://www.google.com/maps/dir/?api=1&destination=279%20Avon%20Road%2C%20Afton%2C%20VA%2022920,Events & Activities,"Or inviting outside guests. However, your group can book a 45 min beer class with our Brew Master during your stay - a plus for us Beer Nerds.",Menu & Offerings,"Is available to lodging guests (Terri is a chef) and the brewery has space to rent after daily business hours for events of 50-100 people. We supply a pound of locally roasted coffee and s'more ingredients for that fire pit along with beer shampoo and beer soap. Oh, and great beer is available at the brewery. Just walk over. we offer been hosting folks for 10 years and can't wait to share our love of Nelson County with you. Safe travels and Brew on, Terri and Wild Man Dan.",Events & Activities,*Lodging descriptions are provided by the host and not independently verified.,Contact & Location,"Terri Tatarka, terri@tatarka. Me Staff on Site. Yes Pet-Friendly. No Find us at Afton."
256,Fenton Inn,fenton-inn,Bed and Breakfast,stay,Roseland,"Fenton Inn is a handcrafted European-style village inn with artisan architecture, bakery breakfast buffet, and direct access to Blue Ridge Parkway adventures. And works of art that it requires a return visit to take it all in. Wake to a wholesome breakfast buffet in the bakery including Belgium waffles, sausage, eggs or lighter options of fresh fruits, granola and yogurt European elegance and spectacular views come together in the heart of the Blue Ridge Mountains. The Fenton Inn is surrounded by things to do, wineries, breweries, National Parks, the Appalachian Trail and the ski slopes of Wintergreen, but the most interesting attraction in the area is a stay at the Fenton Inn.",,https://ik.imagekit.io/OE/nelson-county/listings/fenton-inn-image1_QKOLmh9ddN,"Colorful European-style buildings with lit windows, cobblestone path, and trees.",,https://ik.imagekit.io/OE/nelson-county/listings/fenton-inn-image2_Gihyn3fDA,"Spacious living room with wooden beams, fireplace, sofas, and chandelier.",,,,,,(434) 361-3539,"29 Shelton Laurel Trail, Nellysford, VA 22958",josh,,,https://www.google.com/maps/dir/?api=1&destination=29%20Shelton%20Laurel%20Trail%2C%20Nellysford%2C%20VA%2022958,Bakery; Breakfast; Lodging; Scenic Views,true,https://www.google.com/maps/dir/?api=1&destination=29%20Shelton%20Laurel%20Trail%2C%20Nellysford%2C%20VA%2022958,About,"And works of art that it requires a return visit to take it all in. Wake to a wholesome breakfast buffet in the bakery including Belgium waffles, sausage, eggs or lighter options of fresh fruits, granola and yogurt. Take in the morning views of the National Forest as you plan your day. Hike from your room to the top of Three Ridges along the Appalachian Trail. Bike or drive on the scenic Blue Ridge Parkway, less than half mile away.",Experience,"European elegance and spectacular views come together in the heart of the Blue Ridge Mountains. The Fenton Inn is surrounded by things to do, wineries, breweries, National Parks, the Appalachian Trail and the ski slopes of Wintergreen, but the most interesting attraction in the area is a stay at the Fenton Inn. The Inn is not just a place to stay, but a must see destination for anyone interested in art, architecture and European history.",Events & Activities,*Lodging descriptions are provided by the host and not independently verified.,Contact & Location,"Lilia Fenton, innkeeper@fentoninn. Com Staff on Site. Yes Pet-Friendly. No Find us at Roseland."
257,Marley's Cabin,marleys-cabin,Cabins & Cottages,stay,Wintergreen Resort,"Marley's Cabin is a renovated Wintergreen mountain home with 180-degree sunrise views, designer interiors, and expansive decks for year-round relaxation.",,https://ik.imagekit.io/OE/nelson-county/listings/marley-s-cabin-image1_WNjFUweoL,"Wooden porch with stone pillars, leading to brown door, under clear sky.",,https://ik.imagekit.io/OE/nelson-county/listings/marley-s-cabin-image2_gNrnT-xGf,Mountain view from bright room with large windows and outdoor deck chairs.,,,,,,,"Wintergreen Resort, Roseland, VA 22967",josh,,,https://www.google.com/maps/dir/?api=1&destination=Wintergreen%20Resort%2C%20Roseland%2C%20VA%2022967,Scenic Views; Cabins; Lodging,false,https://www.google.com/maps/dir/?api=1&destination=Wintergreen%20Resort%2C%20Roseland%2C%20VA%2022967,Experience,"Marley's Cabin - a five star getaway on Wintergreen mountain Enjoy dramatic views of the Blue Ridge Mountains from Marley’s Cabin on Wintergreen Mountain, Find us at the heart of Central Virginia. This beautifully renovated home boasts 180-degree mountain and valley views in ultimate peace and quiet. Incredible sunrises and dramatic twilight scenes await year-round.",Menu & Offerings,"House Features 4 bedrooms 3½ bathrooms Hot tub (additional towels included) Well appointed, updated kitchen Keurig coffee maker Rokus with access to streaming content on each television (all four bedrooms, living room, and family room) Alexa-controlled, whole-house music Comfortable bed linens High-quality towels Heating/air conditioning throughout the home Washer and dryer 500ft to ski shuttle pickup at Wintergreen Vistas and High Ridge Place Condos ¼ mile to Chestnut Springs neighborhood pool.",Events & Activities,*Lodging descriptions are provided by the host and not independently verified.,Contact & Location,"John Crain, jmcrain@gmail. Com Staff on Site. No Pet-Friendly. No Find us at Wintergreen."
258,Cozy & Clean Wintergreen Condo (Tanners Ridge),cozy-clean-wintergreen-condo-tanners-ridge,Vacation Rentals,stay,Roseland,"Cozy & Clean Wintergreen Condo features a new king bed, plush linens, fireplace, smart TVs, and dog-friendly patio one mile from the resort core. Everything you need to make your getaway relaxing and convenient has been thought out in this tastefully decorated condo including new King Bed, Queen sofa pullout bed, plush linens, new spacious couch, 55"" & 28"" Smart TVs, Roku, Wi Fi, DVD player & movies, fully equipped kitchen, dining area for 4, wood burning fireplace, and private patio. This is a well-behaved dog friendly and non-smoking condo. We're nestled in the perfect spot in Wintergreen- convenient to the Resort yet 1 mile from the hustle and bustle of busy weekends. It's quiet and comfortable with all the conveniences of home.",,https://ik.imagekit.io/OE/nelson-county/listings/cozy-clean-wintergreen-condo-tanners-ridge--image1_ueMPwPu27,"Gray patio with glass doors, table, chairs, and a small grassy area.",,https://ik.imagekit.io/OE/nelson-county/listings/cozy-clean-wintergreen-condo-tanners-ridge--image2_y1P7Ednde,"Cozy living room with gray sofa, fireplace, ski decor, and wall-mounted snowshoes.",,,,,,,"Wintergreen Resort, Roseland, VA 22967",josh,,,https://www.google.com/maps/dir/?api=1&destination=Wintergreen%20Resort%2C%20Roseland%2C%20VA%2022967,Pet Friendly; Outdoor Seating,false,https://www.google.com/maps/dir/?api=1&destination=Wintergreen%20Resort%2C%20Roseland%2C%20VA%2022967,Experience,"Everything you need to make your getaway relaxing and convenient has been thought out in this tastefully decorated condo including new King Bed, Queen sofa pullout bed, plush linens, new spacious couch, 55"" & 28"" Smart TVs, Roku, Wi Fi, DVD player & movies, fully equipped kitchen, dining area for 4, wood burning fireplace, and private patio. This is a well-behaved dog friendly and non-smoking condo.",Experience,we're nestled in the perfect spot in Wintergreen- convenient to the Resort yet 1 mile from the hustle and bustle of busy weekends. It's quiet and comfortable with all the conveniences of home.,Events & Activities,*Lodging descriptions are provided by the host and not independently verified.,Contact & Location,"Ritta Cunningham, va4cunninghams@yahoo. Com Staff on Site. No Pet-Friendly. Yes Find us at Roseland."
259,Remodeled 3BR/2BA Ski Chalet off Tyro Slope,remodeled-3br-2ba-ski-chalet-off-tyro-slope,Whole House Rentals,stay,Wintergreen Resort,"Remodeled 3BR/2BA Ski Chalet off Tyro Slope offers ski-in/out access, gourmet kitchen, heated bathroom floors, wraparound deck, and parking for three. This quaint remodeled Austrian styled 3BR/2BA ski chalet just one row off the Tyro Slopes. The unit has been completely renovated inside and out including new siding, new insulation, new kitchen, new bathrooms with heated floors, all new flooring and paint throughout, new deck, and expanded parking.",,https://ik.imagekit.io/OE/nelson-county/listings/remodeled-3br-2ba-ski-chalet-off-tyro-slope-image1_LCLwq3hm9,Snow-covered houses and trees under clear blue sky seen from wooden balcony.,,https://ik.imagekit.io/OE/nelson-county/listings/remodeled-3br-2ba-ski-chalet-off-tyro-slope-image2_QCtdVvK3L,Blue sectional sofa with patterned cushions in a cozy living room.,,,,,,,"Wintergreen Resort, Roseland, VA 22967",josh,,,https://www.google.com/maps/dir/?api=1&destination=Wintergreen%20Resort%2C%20Roseland%2C%20VA%2022967,Skiing; Outdoor Seating; Scenic Views; Full Kitchen; Pet Friendly; Parking; Cabins; Lodging,false,https://www.google.com/maps/dir/?api=1&destination=Wintergreen%20Resort%2C%20Roseland%2C%20VA%2022967,Experience,"This quaint remodeled Austrian styled 3BR/2BA ski chalet just one row off the Tyro Slopes. The unit has been completely renovated inside and out including new siding, new insulation, new kitchen, new bathrooms with heated floors, all new flooring and paint throughout, new deck, and expanded parking. This house is extremely convenient to all of the amenities of Wintergreen, a Four Season resort nestled next to the Blue Ridge Parkway in Nelson County. The house is less than 1 minute from the main.",Contact & Location,"This home is in a prime location just off of Tyro slope, and an easy 1/4 mile walk to the resort. It is super functional and meticulously cared for. The kitchen is really easy to cook in.",Events & Activities,*Lodging descriptions are provided by the host and not independently verified.,Contact & Location,"Thomas Schaaf, Paddington RVA@hotmail. Com Staff on Site. No Pet-Friendly. Yes Find us at Wintergreen."
260,Three Springs Myndus,three-springs-myndus,Cabins & Cottages,stay,Lovingston,"Three Springs Myndus is a three-bedroom mountain home on a 100-acre property with high-speed internet, whirlpool tub, wildlife viewing, and EV charging along the Nelson craft beverage trail. Larger parties, see the Three Springs Plus listing. EV charging available for an additional charge.",,https://ik.imagekit.io/OE/nelson-county/listings/three-springs-myndus-image1_iRtwAxful,"House with gray siding, surrounded by trees, gravel driveway, and green hills.",,https://ik.imagekit.io/OE/nelson-county/listings/three-springs-myndus-image2_L3FPHzVZW,"Cozy living room with sofas, fireplace, TV, and round coffee table.",,,,,,,"Arrington, VA 22922",josh,,,https://www.google.com/maps/dir/?api=1&destination=Arrington%2C%20VA%2022922,Outdoor Seating; Parking; EV Charging; Breakfast; Cabins; Lodging; Swimming Pool,false,https://www.google.com/maps/dir/?api=1&destination=Arrington%2C%20VA%2022922,Events & Activities,"Larger parties, see the Three Springs Plus listing. EV charging available for an additional charge.",Experience,"EV charging available for an additional fee. Garage parking available. Located on 100 acres on quiet, dead-end road for walks, biking, etc. Quiet stream on property. Additional bedroom, living, laundry, kitchen and bathroom available with Three Springs Plus listing.",Events & Activities,*Lodging descriptions are provided by the host and not independently verified.,Contact & Location,"Deborah Harvey, threesprings. Myndus@gmail. Com Staff on Site. No Pet-Friendly. No Find us at Lovingston."
261,Lovingston Get-Away,lovingston-get-away,Cabins & Cottages,stay,Lovingston,"Lovingston Get-Away is a two-bedroom historic-district home with full kitchen and cozy living room just off Front Street, letting guests walk to shops, dining, and a self-guided village tour while staying central to wineries, Wintergreen adventures, and Blue Ridge landmarks. Lovingston is a great destination for history buffs as the Lovingston Historic District and the courthouse are both listed on the National Register of Historic Places. The original 30 acres was donated by Mr.",,https://ik.imagekit.io/OE/nelson-county/listings/lovingston-get-away-image1_S53B0Y9fZ,"Red umbrella on wooden deck, surrounded by leafy green trees, sunny day.",,https://ik.imagekit.io/OE/nelson-county/listings/lovingston-get-away-image2_j5M7fMRLj,"Blue couch with striped pillows, brown chair, lamp, and potted plant nearby.",,,,,,,"Lovingston, VA 22949",josh,,,https://www.google.com/maps/dir/?api=1&destination=Lovingston%2C%20VA%2022949,Tours; Full Kitchen; Scenic Views; Cabins; Lodging,false,https://www.google.com/maps/dir/?api=1&destination=Lovingston%2C%20VA%2022949,Menu & Offerings,"Lovingston is a great destination for history buffs as the Lovingston Historic District and the courthouse are both listed on the National Register of Historic Places. Lovingston was defined as a “courthouse town” after the Nelson County Courthouse was built. One claim to fame is that that town jail was designed by Thomas Jefferson. Lovingston’s most historic African-American landmark is Bright Hope Baptist Church, which was built in 1870 for the freedmen and women living in Nelson. Present-day.",Experience,"Lovingstown, Virginia, as it was first named, began with a land grant and a need to build a courthouse and a county seat for the newly created Nelson County in 1809. The original 30 acres was donated by Mr. James Loving that same year and thus began the construction of this charming historic village. There were 49 lots parceled off in nearly equal measure and then sold. The lots were numbered for identification and were thereby known as those lot numbers.",Contact & Location,"Bright Hope Baptist Church, a historic African-American landmark in Lovingston that overlooks the village. The church was built along with a school in 1870 to serve the freed men and women of Nelson. The kept area has over 100 marked graves. Dinner Options in Lovingston include Vito’s Pizza & Italian Grill for classic and specialty pizzas and Italian entrees. El Mariachi Mexican Restaurant offers over one hundred menu choices and has a gift shop on-site.",Information,"Than a meal, head to Wood Ridge Farm Brewery, where a food truck is usually available. It’s a family-friendly place with plenty of outdoor activities. Want to know something interesting. The brewery and the bar were built out of wood from the property. If you’re lucky enough to have stopped by on the weekend, Visitors can enjoy live music there as well. S Outback Brew House is further south on Route 29 and also has wood fired pizza and live music."
262,Rock-n-Creek Cabin,rock-n-creek-cabin,Cabins & Cottages,stay,Montebello,"Rock-n-Creek Cabin is a spacious log lodge atop Whetstone Ridge with multiple porches, stone fire pit, three bedrooms plus loft, and scenic river branches on-site. Rock-n-Creek Cabin offers the comforts of country living with all modern amenities. There are numerous things that make Rock-n-Creek Cabin unique. The cabin sits alone on its own property and you don’t have to share cabin or property with other guest.",,https://ik.imagekit.io/OE/nelson-county/listings/rock-n-creek-cabin-image1_wg6J4o7KB,"Wooden cabin porch with blue chairs, small plants, and log pile.",,https://ik.imagekit.io/OE/nelson-county/listings/rock-n-creek-cabin-image2_Kf2NxFyXJ,"Cozy living room with floral chair, armchair, and patterned rug.",,,,,,(434) 299-6143,"2307 Whetstone Ridge Road, Roseland, VA 22967",josh,,,https://www.google.com/maps/dir/?api=1&destination=2307%20Whetstone%20Ridge%20Road%2C%20Roseland%2C%20VA%2022967,Cabins; Scenic Views; Breakfast; Pet Friendly; Lodging; Water Sports,false,https://www.google.com/maps/dir/?api=1&destination=2307%20Whetstone%20Ridge%20Road%2C%20Roseland%2C%20VA%2022967,Hours & Information,"Rock-n-Creek Cabin offers the comforts of country living with all modern amenities. Nestled high on the pinnacle of Whetstone Ridge in the Blue Ridge Mountains of Virginia. Conveniently located near the BRP, Appalachian Trail & Crabtree Falls. Cabin offers three covered porches and a large open deck all which overlook manicured open fields with two branches of the Tye River and a large stone fire pit. Cabin decor is eclectic with a mixture of old and new collectibles.",Experience,"There are numerous things that make Rock-n-Creek Cabin unique. The cabin sits alone on its own property and you don’t have to share cabin or property with other guest. Secluded and Romantic Setting. Plenty of outdoor space to adventure in. Working artisan studio onsite making waterfowl decoys, Appalachian white oak baskets & kitchen wares. Cooking & Studio Classes available including stay. Unique packages for different occasions like our popular Chick’s Getaway.",Events & Activities,*Lodging descriptions are provided by the host and not independently verified.,Contact & Location,"Richard Christy, rchristy. 964@gmail. Com Staff on Site. Yes Pet-Friendly. Yes Find us at Montebello."
263,The Branch at Afton Mountain Retreat,the-branch-at-afton-mountain-retreat,Whole House Rentals,stay,Afton,"The Branch at Afton Mountain Retreat is a remodeled three-bedroom home with screened porch fireplace, pet-friendly policy for hypoallergenic dogs, and location across from Veritas. There’s something to do in Afton every season of the year.",,https://ik.imagekit.io/OE/nelson-county/listings/the-branch-at-afton-mountain-retreat-image1_2evspjhBj,"White house with porch, brown roof, green lawn, beside trees under clear sky.",,https://ik.imagekit.io/OE/nelson-county/listings/the-branch-at-afton-mountain-retreat-image2_rEDPzVQfA,"Modern living room with gray sofas, round wooden table, and patterned rug.",,,,,,,"1220 Fox Ridge Lane, Afton, VA 22920",josh,,,https://www.google.com/maps/dir/?api=1&destination=1220%20Fox%20Ridge%20Lane%2C%20Afton%2C%20VA%2022920,Wine; Outdoor Seating; Pet Friendly; Cabins; Lodging,false,https://www.google.com/maps/dir/?api=1&destination=1220%20Fox%20Ridge%20Lane%2C%20Afton%2C%20VA%2022920,Events & Activities,There’s something to do in Afton every season of the year.,Events & Activities,"And live music. Nelson 151’s wineries often include food pairing. If you’d like to do a little shopping, check out the Nelson 151 gift shops or take a short drive to the Rockfish Valley Community Center, a repurposed school building featuring local shops. Purchase a piece of Nelsonite, Virginia’s state rock, at The Virginia Rock Shop. If you’re into local art, check out the Rockfish Pottery Collective or the Rockfish River Gallery.",Events & Activities,"Live music performances, good food, and inventive, hand-crafted beverages. If you’re planning on spending a hot summer day in Afton, check out the Nelson Farmer’s Market Cooperative one Saturday. Local vendors gather there to sell fresh produce and hand-crafted goodies. Often, there’s live music. Nelson’s wineries make for an excellent day trip as well.",Events & Activities,"And enjoy great food at Blue Mountain. If your taste runs a bit sweeter, try a cider or two at Bryant’s Small Batch, Blue Toad Hard Cider, or Bold Rock Hard Cider. Like the hard stuff better. Head over to Silverback Distillery or Devils Backbone Distillery for a mixed drink and bring home a bottle of bourbon, vodka, whiskey, or gin. If you’re in Nelson celebrating Halloween, you’re in luck."
264,The Bungalow at Afton Mountain Retreat,the-bungalow-at-afton-mountain-retreat,Whole House Rentals,stay,Afton,"The Bungalow at Afton Mountain Retreat is a renovated 1930s Sears Roebuck home with open concept living, marble bath, kid playroom, and mountain views over Veritas. There’s something to do in Afton every season of the year.",,https://ik.imagekit.io/OE/nelson-county/listings/the-bungalow-at-afton-mountain-retreat-image1_KbFZ0ogMN,"House with blue siding, front porch, grassy yard, and surrounding trees.",,https://ik.imagekit.io/OE/nelson-county/listings/the-bungalow-at-afton-mountain-retreat-image2_Cx7Zyne7u,"Modern kitchen with island, pendant lights, and dining area in natural light.",,,,,,,"1230 Fox Ridge Lane, Afton, VA 22920",josh,,,https://www.google.com/maps/dir/?api=1&destination=1230%20Fox%20Ridge%20Lane%2C%20Afton%2C%20VA%2022920,Wine; Scenic Views; Full Kitchen; Cabins; Lodging,false,https://www.google.com/maps/dir/?api=1&destination=1230%20Fox%20Ridge%20Lane%2C%20Afton%2C%20VA%2022920,Events & Activities,There’s something to do in Afton every season of the year.,Events & Activities,"And live music. Nelson 151’s wineries often include food pairing. If you’d like to do a little shopping, check out the Nelson 151 gift shops or take a short drive to the Rockfish Valley Community Center, a repurposed school building featuring local shops. Purchase a piece of Nelsonite, Virginia’s state rock, at The Virginia Rock Shop. If you’re into local art, check out the Rockfish Pottery Collective or the Rockfish River Gallery.",Events & Activities,"Live music performances, good food, and inventive, hand-crafted beverages. If you’re planning on spending a hot summer day in Afton, check out the Nelson Farmer’s Market Cooperative one Saturday. Local vendors gather there to sell fresh produce and hand-crafted goodies. Often, there’s live music. Nelson’s wineries make for an excellent day trip as well.",Events & Activities,"And enjoy great food at Blue Mountain. If your taste runs a bit sweeter, try a cider or two at Bryant’s Small Batch, Blue Toad Hard Cider, or Bold Rock Hard Cider. Like the hard stuff better. Head over to Silverback Distillery or Devils Backbone Distillery for a mixed drink and bring home a bottle of bourbon, vodka, whiskey, or gin. If you’re in Nelson celebrating Halloween, you’re in luck."
265,Avon Hill,avon-hill,Whole House Rentals,stay,Howardsville,"Avon Hill is a 100-acre Rockfish River estate with multiple lodging buildings, boxwood gardens, pool, and Bruce's Barn event venue for weddings and retreats. For 150 and makes the perfect setting for your destination wedding.",,https://ik.imagekit.io/OE/nelson-county/listings/avon-hill-image1_rNbvnZUhM,"White house with brick chimney, black roof, garden, and blue sky backdrop.",,https://ik.imagekit.io/OE/nelson-county/listings/avon-hill-image2_Evb2hT3rc,"Living room with black sofas, brick fireplace, and dining area in background.",,,,,,(434) 361-2519,"289 Avon Road, Howardsville, VA 24562",josh,,,https://www.google.com/maps/dir/?api=1&destination=289%20Avon%20Road%2C%20Howardsville%2C%20VA%2024562,Lodging; Pool; Events; Pet Friendly; Cabins; Water Sports; Fishing,false,https://www.google.com/maps/dir/?api=1&destination=289%20Avon%20Road%2C%20Howardsville%2C%20VA%2024562,Events & Activities,"For 150 and makes the perfect setting for your destination wedding. Avon Hill offers unprecedented access to local Charlottesville attractions, while maintaining complete privacy in its serene and peaceful countryside setting. Avon Hill Lodge and Bruce’s Barn serves as a premier destination for weddings, rehearsal dinners, corporate retreats, group events, meetings, social gatherings, family reunions, and much more.",Events & Activities,*Lodging descriptions are provided by the host and not independently verified.,Contact & Location,"Joceyn O'Twitchell, jocelyn@avonhilllodge. Com Staff on Site. Yes Pet-Friendly. Yes Find us at Howardsville.",,
266,A Nellysford Nest,a-nellysford-nest,Cabins & Cottages,stay,Nellysford,"A Nellysford Nest is a four-bedroom eco-village home with new furnishings, two living rooms, screened patio, sunroom, game garage, and proximity to Bold Rock and Devils Backbone. For the 3 upstairs bedrooms: the first features a king bed, the second features 2 queen beds, and the third features a twin-over-full bunk bed.",,https://ik.imagekit.io/OE/nelson-county/listings/a-nellysford-nest-image1_YuP0qNW9W,"Blue house surrounded by forest, with gravel path and garden.",,https://ik.imagekit.io/OE/nelson-county/listings/a-nellysford-nest-image2_DsD58414v,"Spacious living room with leather sectional, wooden floor, and large wall-mounted TV.",,,,,,,"Nellysford, VA 22958",josh,,,https://www.google.com/maps/dir/?api=1&destination=Nellysford%2C%20VA%2022958,Outdoor Seating; Cabins; Lodging,false,https://www.google.com/maps/dir/?api=1&destination=Nellysford%2C%20VA%2022958,Experience,"One of Airbnb's favorites. 4BR/2. 5BA on 5 acres in the forest adjacent to 40 acres of private eco-village trails. Centrally located near Nelson County 151 attractions, with Bold Rock right at the top of our street and Devils Backbone 1. 5mi away. The PERFECT place for nature lovers, families, and friends to enjoy the best of the Blue Ridge Mountains along the Blue Ridge Parkway. All brand new furnishings. Enjoy our front porch, screened-in patio, sunroom,""playroom"" garage, and fire pit.",About,"Packing your own. For the 3 upstairs bedrooms: the first features a king bed, the second features 2 queen beds, and the third features a twin-over-full bunk bed. There's also a full bathroom. Outside, we offer a Weber grill on the back patio and, again, seating for 8 on our patio set with the red umbrella. We also offer a""playroom"" garage equipped with our third flat-screen TV, soundbar, ping pong table, darts board, cooler, and cornhole.",Events & Activities,*Lodging descriptions are provided by the host and not independently verified.,Contact & Location,"Jeff Smidt, jeff@stargazingllc. Com Staff on Site. No Pet-Friendly. No Find us at Nellysford."
267,Love Ridge Mountain Lodging,love-ridge-mountain-lodging,Cabins & Cottages,stay,Lyndhurst,"Love Ridge Mountain Lodging offers mountain cabins and wooded campsites at 2,800 feet with birding trails, hot tub, game shed, and Blue Ridge Parkway access. Escape to the heart of Virginia’s Blue Ridge Mountains and immerse yourself in nature.",,https://ik.imagekit.io/OE/nelson-county/listings/love-ridge-mountain-lodging-image1_aUavRAzUY,Two illuminated cabins on stilts surrounded by trees in twilight.,,https://ik.imagekit.io/OE/nelson-county/listings/love-ridge-mountain-lodging-image2_iYHKvRRV9,"Cozy living room with brown leather couch, wooden furniture, and kitchen area.",,https://ik.imagekit.io/OE/nelson-county/listings/love-ridge-mountain-lodging-image3_fVzOXzzh8,"Spacious living room with sunlight, large windows, and cozy beige sectional sofa.",,,(434) 299-5228,"31 Woodridge Trail, Lyndhurst, VA 22952",josh,,,https://www.google.com/maps/dir/?api=1&destination=31%20Woodridge%20Trail%2C%20Lyndhurst%2C%20VA%2022952,Cabins; Full Service Resort; Lodging; Meeting Planners; Pet Friendly; Scenic Views,false,https://www.google.com/maps/dir/?api=1&destination=31%20Woodridge%20Trail%2C%20Lyndhurst%2C%20VA%2022952,Menu & Offerings,"Escape to the heart of Virginia’s Blue Ridge Mountains and immerse yourself in nature. Hike along the scenic Appalachian Trail, take a refreshing dip in Sherando Lake, and savor the region’s renowned craft breweries, wineries, and farm-to-table dining. Then, retreat to your private mountain cabin or secluded campsite at Love Ridge Mountain Lodging, where relaxation meets adventure.",Information,"With pet-friendly accommodations, even four-legged companions can join the adventure. Onsite, visitors enjoy Virginia Birding and Wildlife Trails, peaceful outdoor spaces, the game shed and outdoor lawn games and starlit nights by the fire, all while being just minutes from Nelson 151’s craft breweries and wineries. Love Ridge is also perfect for groups who want to be together while still enjoying the comforts of their own space.",Events & Activities,*Lodging descriptions are provided by the host and not independently verified.,Contact & Location,"Natasha Sienitsky, loveridgeva@gmail. Com Staff on Site. Yes Pet-Friendly. Yes Find us at Lyndhurst."
268,Open Heart Inn,open-heart-inn,Cabins & Cottages,stay,Roseland,"Open Heart Inn is an 1840 farmhouse on ten acres offering whole-house or suite rentals, yoga studio, decks, and nature path minutes from Route 151 attractions. A historic property nestled on ten acres, Open Heart Inn offers boutique whole house or individual suite rentals in our 4 bedroom/4 bathroom farmhouse and charming cabin. Open Heart Inn is the ultimate space to unwind, and reconnect with yourself or your loved ones.",,https://ik.imagekit.io/OE/nelson-county/listings/open-heart-inn-image1_vbafle-Vg,"White farmhouse with red roof, surrounded by trees and bushes, gravel driveway.",,https://ik.imagekit.io/OE/nelson-county/listings/open-heart-inn-image2_Nw9TYm2NAw,"Yellow bathroom with white vanity, mirror, flowers, leading into bedroom.",,,,,,,"9731 Rockfish Valley Highway, Afton, VA 22920",josh,,,https://www.google.com/maps/dir/?api=1&destination=9731%20Rockfish%20Valley%20Highway%2C%20Afton%2C%20VA%2022920,Cabins; Lodging; Farm,false,https://www.google.com/maps/dir/?api=1&destination=9731%20Rockfish%20Valley%20Highway%2C%20Afton%2C%20VA%2022920,Hours & Information,"A historic property nestled on ten acres, Open Heart Inn offers boutique whole house or individual suite rentals in our 4 bedroom/4 bathroom farmhouse and charming cabin. Relax on the back deck, take in the mountain views, and get away from it all. we're tucked away and yet minutes from breweries, trails and more. Originally built in 1840, the farmhouse at Open Heart Inn features four bedrooms, four full bathrooms, a gorgeous kitchen with reclaimed barnwood cabinets, a cozy living room with a w.",Hours & Information,"Open Heart Inn is the ultimate space to unwind, and reconnect with yourself or your loved ones. We purposely do not provide TVs in the suites or cabin, and invite you instead to sit on our many decks, wander our nature path through the back field, or listen to the birds with your morning coffee.",Events & Activities,*Lodging descriptions are provided by the host and not independently verified.,Contact & Location,"Laura Thibault, openheartinn@gmail. Com Staff on Site. No Pet-Friendly. No Find us at Roseland."
269,Hillside Hideaway,hillside-hideaway,Cabins & Cottages,stay,Wintergreen Resort,"Hillside Hideaway is a three-bedroom Wintergreen cabin within walking distance of lifts featuring wraparound deck, fire pit, gas grill, and mountain seating areas. A peaceful mountain Wintergreen stay awaits at this 3-bedroom, 2-bath vacation rental. Just a short walk from the ski lifts and lodge, and boasting 2 spacious outdoor seating areas, this cabin ensures you make the most of your time in the Blue Ridge Mountains Large wraparound deck with ample seating, fire pit, and gas grill.",,https://ik.imagekit.io/OE/nelson-county/listings/hillside-hideaway-image1_FLMr9ko8O,"Wooden cabin with wrap-around deck, nestled amid tall green trees.",,https://ik.imagekit.io/OE/nelson-county/listings/hillside-hideaway-image2__cvRZ2F-5,"Modern living room with spiral staircase, large windows, and wooden beams.",,,,,,,"Wintergreen Resort, Roseland, VA 22967",josh,,,https://www.google.com/maps/dir/?api=1&destination=Wintergreen%20Resort%2C%20Roseland%2C%20VA%2022967,Outdoor Seating; Fuel; Lodging; Skiing; Cabins; Pet Friendly,false,https://www.google.com/maps/dir/?api=1&destination=Wintergreen%20Resort%2C%20Roseland%2C%20VA%2022967,Experience,"A peaceful mountain Wintergreen stay awaits at this 3-bedroom, 2-bath vacation rental. Just a short walk from the ski lifts and lodge, and boasting 2 spacious outdoor seating areas, this cabin ensures you make the most of your time in the Blue Ridge Mountains. Shenandoah National Park and Skyline Drive are just a scenic 30 miles away, while countless hiking trails, including the Appalachian Trail, are only minutes away. Golf, leaf-peeping, and blissful relaxation are nearby.",Experience,"Large wraparound deck with ample seating, fire pit, and gas grill.",Events & Activities,*Lodging descriptions are provided by the host and not independently verified.,Contact & Location,"Kailey Di Ferdinando, kailey. Watson19@gmail. Com Staff on Site. No Pet-Friendly. Yes Find us at Wintergreen."
270,Saddleback Sanctuary,saddleback-sanctuary,Cabins & Cottages,stay,Afton,"Saddleback Sanctuary is an architect-designed luxury home overlooking Veritas with indoor pool, three en-suite primary bedrooms, and panoramic Blue Ridge views. The convenience of premium toiletries provided for your pampering.",,https://ik.imagekit.io/OE/nelson-county/listings/saddleback-sanctuary-image1_SmI98BWB5,"Modern white house with black roofs, surrounded by trees and vineyard fields.",,https://ik.imagekit.io/OE/nelson-county/listings/saddleback-sanctuary-image2_O8Hp1u6xe,"Bright living room with white sofas, skylights, large windows, and scenic views.",,,,,,,"Afton, VA 22920",josh,,,https://www.google.com/maps/dir/?api=1&destination=Afton%2C%20VA%2022920,Cabins; Lodging; Pool; Scenic Views; Wine,true,https://www.google.com/maps/dir/?api=1&destination=Afton%2C%20VA%2022920,Information,"The house features three primary suites, each with their own private en-suite, as well as ample living and dining space to enjoy your secluded time away.",Information,The convenience of premium toiletries provided for your pampering.,Events & Activities,*Lodging descriptions are provided by the host and not independently verified.,Contact & Location,"Jamie Inlow, hello@bestillgetaways. Com Staff on Site. No Pet-Friendly. No Find us at Afton."
157,Appalachian Horse Adventures,appalachian-horse-adventures,Horseback Riding,experience,Nelson County,"Appalachian Horse Adventures in Montebello guides Blue Ridge trail rides and river crossings for ages six and up. Located in Montebello, Appalachian Horse Adventures offers a riding experience for everyone – from children as young as 6, who have dreamed of being on horseback, to experienced trail riders looking to explore the scenic Blue Ridge Mountains and ford the Tye River.",,https://ik.imagekit.io/OE/nelson-county/listings/appalachian-horse-adventures-image1_B6_FpaVfT,Three people horseback riding near a rustic cabin in the forest.,,,,,,,,,(540) 487-9235,"396 Fork Mountain Lane, Montebello, VA 24464",josh,,,https://www.google.com/maps/dir/?api=1&destination=396%20Fork%20Mountain%20Lane%2C%20Montebello%2C%20VA%2024464,Scenic Views; Family Friendly; Hiking; Equestrian; Biking; Water Sports,false,https://www.google.com/maps/dir/?api=1&destination=396%20Fork%20Mountain%20Lane%2C%20Montebello%2C%20VA%2024464,,,,,,,,
272,Nonny Cottage,nonny-cottage,Cabins & Cottages,stay,Vesuvius,"Nonny Cottage is a remote two-bedroom getaway off the Blue Ridge Parkway with full kitchen, washer/dryer, grill, and fire pit for quiet mountain stays.",,https://ik.imagekit.io/OE/nelson-county/listings/nonny-cottage-image1__YMAk87uO,"Single-story house with wooden deck, surrounded by trees and lush greenery.",,https://ik.imagekit.io/OE/nelson-county/listings/nonny-cottage-image2_T1hIUertm,"Cozy living room with sofa, lamp, and wooden floor leading to dining area.",,,,,,,"Love, VA 22920",josh,,,https://www.google.com/maps/dir/?api=1&destination=Love%2C%20VA%2022920,Full Kitchen; Outdoor Seating; Pet Friendly; Scenic Views; Cabins; Lodging,false,https://www.google.com/maps/dir/?api=1&destination=Love%2C%20VA%2022920,,,,,,,,
158,Rebel's Run at Afton Mountain,rebels-run-at-afton-mountain,Horseback Riding,experience,Afton,"Rebel's Run at Afton Mountain offers vineyard and mountain horseback rides plus English and Western lessons and kids' camps. Offering trail rides, English and Western lessons and summer camps. Mountain rides, vineyard rides for a few hours or all day let you see a side of Nelson County only seen on a trail ride. There’s something to do in Afton every season of the year.",,https://ik.imagekit.io/OE/nelson-county/listings/rebel-s-run-at-afton-mountain-image1_A6RPb2V4_,"Two people horseback riding on forest trail, wearing helmets, smiling back.",,,,,,,,,(703) 623-5243,"1020 Rockfish Valley Highway, Nellysford, VA 22958",josh,,,https://www.google.com/maps/dir/?api=1&destination=1020%20Rockfish%20Valley%20Highway%2C%20Nellysford%2C%20VA%2022958,Wine; Classes; Hiking; Equestrian; Biking; Farm; Tastings,false,https://www.google.com/maps/dir/?api=1&destination=1020%20Rockfish%20Valley%20Highway%2C%20Nellysford%2C%20VA%2022958,Events & Activities,There’s something to do in Afton every season of the year.,Events & Activities,"And live music. Nelson 151’s wineries often include food pairing. If you’d like to do a little shopping, check out the Nelson 151 gift shops or take a short drive to the Rockfish Valley Community Center, a repurposed school building featuring local shops. Purchase a piece of Nelsonite, Virginia’s state rock, at The Virginia Rock Shop. If you’re into local art, check out the Rockfish Pottery Collective or the Rockfish River Gallery.",Events & Activities,"Live music performances, good food, and inventive, hand-crafted beverages. If you’re planning on spending a hot summer day in Afton, check out the Nelson Farmer’s Market Cooperative one Saturday. Local vendors gather there to sell fresh produce and hand-crafted goodies. Often, there’s live music. Nelson’s wineries make for an excellent day trip as well.",Events & Activities,"And enjoy great food at Blue Mountain. If your taste runs a bit sweeter, try a cider or two at Bryant’s Small Batch, Blue Toad Hard Cider, or Bold Rock Hard Cider. Like the hard stuff better. Head over to Silverback Distillery or Devils Backbone Distillery for a mixed drink and bring home a bottle of bourbon, vodka, whiskey, or gin. If you’re in Nelson celebrating Halloween, you’re in luck."
274,Basecamp 151,basecamp-151,Motels & Inns,stay,Afton,"Basecamp 151 is a boutique motel on Route 151 with seven individual suites plus a three-bedroom house, offering memory foam beds, smart TVs, and high-speed Wi-Fi. There’s something to do in Afton every season of the year.",,https://ik.imagekit.io/OE/nelson-county/listings/basecamp-151-image1_ikQA2XFDb,"Building with gray siding, bright yellow door, and 'BASECAMP 151' sign.",,https://ik.imagekit.io/OE/nelson-county/listings/basecamp-151-image2_luooTicGU,"Modern living room with dark sofa, wooden walls, and geometric rug design.",,,,,,(434) 422-0015,"2904 Rockfish Valley Highway, Nellysford, VA 22958",josh,,,https://www.google.com/maps/dir/?api=1&destination=2904%20Rockfish%20Valley%20Highway%2C%20Nellysford%2C%20VA%2022958,Wi-Fi; Pet Friendly; Lodging,false,https://www.google.com/maps/dir/?api=1&destination=2904%20Rockfish%20Valley%20Highway%2C%20Nellysford%2C%20VA%2022958,Events & Activities,There’s something to do in Afton every season of the year.,Events & Activities,"And live music. Nelson 151’s wineries often include food pairing. If you’d like to do a little shopping, check out the Nelson 151 gift shops or take a short drive to the Rockfish Valley Community Center, a repurposed school building featuring local shops. Purchase a piece of Nelsonite, Virginia’s state rock, at The Virginia Rock Shop. If you’re into local art, check out the Rockfish Pottery Collective or the Rockfish River Gallery.",Events & Activities,"Live music performances, good food, and inventive, hand-crafted beverages. If you’re planning on spending a hot summer day in Afton, check out the Nelson Farmer’s Market Cooperative one Saturday. Local vendors gather there to sell fresh produce and hand-crafted goodies. Often, there’s live music. Nelson’s wineries make for an excellent day trip as well.",Events & Activities,"And enjoy great food at Blue Mountain. If your taste runs a bit sweeter, try a cider or two at Bryant’s Small Batch, Blue Toad Hard Cider, or Bold Rock Hard Cider. Like the hard stuff better. Head over to Silverback Distillery or Devils Backbone Distillery for a mixed drink and bring home a bottle of bourbon, vodka, whiskey, or gin. If you’re in Nelson celebrating Halloween, you’re in luck."
275,Oak Ledge,oak-ledge,Cabins & Cottages,stay,Wintergreen Resort,"Oak Ledge is a newly renovated three-bedroom Wintergreen cabin with fiber Wi-Fi, smart TVs, fully equipped kitchen, and sunset deck moments from trails and Nelson 151 attractions.",,https://ik.imagekit.io/OE/nelson-county/listings/oak-ledge-image1_z8yIdbe06,Cabin surrounded by vibrant autumn trees on sunny day.,,https://ik.imagekit.io/OE/nelson-county/listings/oak-ledge-image2_sA6TYYAI-,"Spacious living room with brown furniture, large windows, and a fireplace.",,,,,,,"Wintergreen Resort, Roseland, VA 22967",josh,,,https://www.google.com/maps/dir/?api=1&destination=Wintergreen%20Resort%2C%20Roseland%2C%20VA%2022967,Wi-Fi; Full Kitchen; Outdoor Seating; Cabins; Pet Friendly; Lodging,false,https://www.google.com/maps/dir/?api=1&destination=Wintergreen%20Resort%2C%20Roseland%2C%20VA%2022967,,,,,,,,
132,Walton's Mountain Museum,waltons-mountain-museum,Museums & Heritage,culture,Schuyler,"Museum honoring 'The Waltons' with recreated TV sets, memorabilia, and a short film inside the Schuyler schoolhouse that inspired the show. The Walton's Mountain Museum showcases the television show of the 1960s, 'The Waltons'. Earl Hamner, Jr. Creator of The Walton's, grew up in Schuyler and many of the scripts were based on life as a boy in Schuyler, VA. S during the Great Depression. Those who travel to Schuyler are encouraged to visit The Walton’s Mountain Museum. Schuyler’s forests bloom in the springtime; the rural roadways make for a gorgeous spring drive.",,https://ik.imagekit.io/OE/nelson-county/listings/walton-s-mountain-museum-image1_ENJGZOEIs,"Brick building labeled 'Walton's Mountain Museum' with nearby sign, trees, and sunlight.",,,,,,,,,(434) 831-2000,"6484 Rockfish River Road, Schuyler, VA 22969",josh,,,https://www.google.com/maps/dir/?api=1&destination=6484%20Rockfish%20River%20Road%2C%20Schuyler%2C%20VA%2022969,Retail; Seasonal Menu; Museum,false,https://www.google.com/maps/dir/?api=1&destination=6484%20Rockfish%20River%20Road%2C%20Schuyler%2C%20VA%2022969,Information,S during the Great Depression. Those who travel to Schuyler are encouraged to visit The Walton’s Mountain Museum.,Menu & Offerings,"Schuyler’s forests bloom in the springtime; the rural roadways make for a gorgeous spring drive. If you’re traveling through Schuyler or want to plan a full day, start with The Walton’s Mountain Museum. The museum itself is in Hamner’s boyhood school. Displays include replicas of “The Walton’s” sets, hundreds of memorabilia items, and photographs. Next, check out Walton Hamner House, located across from the museum. Join the guided tour inside John-Boy Walton’s childhood home. The house has been.",About,"The history of Nelson County, check out The Walton’s Mountain Museum to learn more about the hit show,“The Waltons.” Another option for a history lesson stands in Arrington off Route 29. At the Oakland Museum, Visitors can view an exhibit on The Rural Electrification Act, part of Roosevelt’s New Deal. Traveling teachers and students will enjoy the exhibit depicting the history of the area schools.",Experience,"Every fall, visitors travel to Nelson County to take in the sight of the Blue Ridge Mountains. The gorgeous autumn colors reach their peak mid- to late October each year. Fall’s crisp mornings, pleasant daytime temperatures, and nearly-chilly nights make Nelson a perfect outdoor destination, but there are plenty of cozy indoor amenities as well. A fall day trip to the Schuyler area proves rewarding to the amateur geologist."
277,Wintergreen Getaway for Families,wintergreen-getaway-for-families,Whole House Rentals,stay,Wintergreen Resort,"Wintergreen Getaway for Families is a pet-friendly mountain home with two outdoor seating areas, indoor fireplace, and pool/tennis access located minutes from Wintergreen slopes. The resort is found on the Sunrise Side of the Blue Ridge Mountains and is conveniently located close to Charlottesville, Staunton, Lynchburg, and Waynesboro. It’s only a three-hour drive from Washington, D If you’re lucky enough to be traveling in Nelson in the springtime, take the Nelson Scenic Loop on your way to Wintergreen Resort.",,https://ik.imagekit.io/OE/nelson-county/listings/wintergreen-getaway-for-families-image1_xRak2O25W,"Yellow house with snow-covered roof, surrounded by snow and evergreen trees.",,https://ik.imagekit.io/OE/nelson-county/listings/wintergreen-getaway-for-families-image2_eLXm2rYc6,"Spacious living room with colorful sofas, adjacent kitchen, and wooden flooring.",,,,,,,"Wintergreen Resort, Roseland, VA 22967",josh,,,https://www.google.com/maps/dir/?api=1&destination=Wintergreen%20Resort%2C%20Roseland%2C%20VA%2022967,Family Friendly; Pet Friendly; Outdoor Seating; Pool; Tennis; Seasonal Menu,false,https://www.google.com/maps/dir/?api=1&destination=Wintergreen%20Resort%2C%20Roseland%2C%20VA%2022967,Experience,"The resort is found on the Sunrise Side of the Blue Ridge Mountains and is conveniently located close to Charlottesville, Staunton, Lynchburg, and Waynesboro. It’s only a three-hour drive from Washington, D. C. As well. Spend the day at and near Wintergreen Resort any time of the year. If you’re looking for an overnight trip, there are plenty of options. Spend the night at the resort, at one of Nelson’s many lodging options.",Menu & Offerings,"If you’re lucky enough to be traveling in Nelson in the springtime, take the Nelson Scenic Loop on your way to Wintergreen Resort. Buds will bloom and light spring greens will seem to appear before your eyes as winter warms up and undergoes its yearly vanishing act. As you traverse the pleasant roadways of Nelson, you’ll notice historic, natural, and cultural attractions along the way. The Nelson Scenic Loop is 50 miles long and made up of Route 151, Route 664, the Blue Ridge Parkway, and Route.",Information,"Stop by Devils Backbone Brewing Company. If over a dozen taps and an extensive pub menu aren’t enough, remember Visitors can bring the family pet as long as he or she stays leashed in the designated pet area. Devils Backbone also offers campsites near the restaurant. The Devils Backbone Campground includes primitive tent sites and full RV hookup sites. A 24/7 bath house is on-site.",Information,"Cooler temperatures and brighter fall foliage than those in the valleys below. The clubhouse is spacious and offers fine dining, snacks, and high-quality merchandise. The view at The Edge restaurant cannot be matched. Wintergreen is a wonderful fall destination, with its 50-mile views of both the Rockfish and Shenandoah valleys. If you’re looking to maximize your views of the autumn-bright Blue Ridge Mountains, take a scenic drive along the Blue Ridge Parkway."
278,Wintergreen Resort Cabin,wintergreen-resort-cabin,Cabins & Cottages,stay,Wintergreen Resort,"Wintergreen Resort Cabin is a chic three-bedroom, 2.5-bath lodge with gas fireplace, game night space, and proximity to Appalachian Trail, Blue Ridge Parkway, and Route 151 breweries. 5-bath cabin nestled in the woods Tucked towards to back of the Resort Close to Shamokin Springs Trailhead Close to Chestnut Springs Pool.",,https://ik.imagekit.io/OE/nelson-county/listings/wintergreen-resort-cabin-image1_usN-BJKnP,"Two-story house with deck, surrounded by autumn trees, overcast sky.",,https://ik.imagekit.io/OE/nelson-county/listings/wintergreen-resort-cabin-image2_pTyogduKY,"Cozy living room with gray sectional sofa, wooden ceiling, stairs, and wall art.",,,,,,,"Wintergreen Resort, Roseland, VA 22967",josh,,,https://www.google.com/maps/dir/?api=1&destination=Wintergreen%20Resort%2C%20Roseland%2C%20VA%2022967,Fuel; Outdoor Seating; Adventure; Resort; Cabins; Scenic Views; Lodging; Appalachian Trail,false,https://www.google.com/maps/dir/?api=1&destination=Wintergreen%20Resort%2C%20Roseland%2C%20VA%2022967,Experience,"Get away with your adventure-loving friends or family and stay at this chic 3-bedroom, 2. 5-bath cabin nestled in the woods. The cabin is ideally located within the Wintergreen Resort, allowing easy access to ski slopes, the Appalachian Trail, Blue Ridge Parkway, and golf courses. After a busy day of outdoor recreation, grab a beer from a local brewery or sample from a winery. Cap off your evenings with a relaxing game night in by the gas fireplace, or fire up the gas grill for a barbecue.",Experience,Tucked towards to back of the Resort Close to Shamokin Springs Trailhead Close to Chestnut Springs Pool.,Events & Activities,*Lodging descriptions are provided by the host and not independently verified.,Contact & Location,"Scott & Keli Davis, wtgcabin@gmail. Com Staff on Site. No Pet-Friendly. No Find us at Wintergreen."
279,Bluebird Cottage,bluebird-cottage,Cabins & Cottages,stay,Roseland,"Bluebird Cottage is a cozy home less than a mile from Devils Backbone and Wintergreen's base, offering easy access to Route 151 wineries and hiking. Welcome to Bluebird Cottage. This house is less than a mile from Devil's Backbone Brewery; nestled at the bottom of Wintergreen Resort.",,https://ik.imagekit.io/OE/nelson-county/listings/bluebird-cottage-image1_oyrVGESN2,Blue house with red chimney surrounded by large green trees and mountains.,,https://ik.imagekit.io/OE/nelson-county/listings/bluebird-cottage-image2_f4Gyyn1fq,"Cozy living room with sofas, wooden table, ceiling fan, and brick fireplace.",,,,,,,"Roseland, VA 22967",josh,,,https://www.google.com/maps/dir/?api=1&destination=Roseland%2C%20VA%2022967,Scenic Views; Beer; Breakfast; Pet Friendly; Cabins; Lodging,false,https://www.google.com/maps/dir/?api=1&destination=Roseland%2C%20VA%2022967,Experience,"Welcome to Bluebird Cottage. This house is less than a mile from Devil's Backbone Brewery; nestled at the bottom of Wintergreen Resort. Located near several local wineries, breweries, and distilleries along 151 as well as the Appalachian Trail, it is the perfect spot to stay during a trip to Nelson County.",Events & Activities,*Lodging descriptions are provided by the host and not independently verified.,Contact & Location,"Ben Butler, caplerhomes@msn. Com Staff on Site. No Pet-Friendly. Yes Find us at Roseland.",,
280,Bear Tracks Cottage,bear-tracks-cottage,Cabins & Cottages,stay,Nellysford,"Bear Tracks Cottage is a three-story cabin with large deck, fire pit, and hot tub tucked near the Nelson 151 Trail for easy access to wineries and hikes.",,https://ik.imagekit.io/OE/nelson-county/listings/bear-tracks-cottage-image1_ao9s_vNaj,"Wooden cabin surrounded by lush green forest, with blue chairs outside.",,https://ik.imagekit.io/OE/nelson-county/listings/bear-tracks-cottage-image2_93gHVwAsE,"Rustic cabin interior with wooden walls, loft, and cozy seating area.",,,,,,,"Roseland, VA 22967",josh,,,https://www.google.com/maps/dir/?api=1&destination=Roseland%2C%20VA%2022967,Cabins; Outdoor Seating; Breakfast; Pet Friendly,false,https://www.google.com/maps/dir/?api=1&destination=Roseland%2C%20VA%2022967,Menu & Offerings,"Welcome to Bear Tracks Cottage. This beautiful cabin is tucked away, giving guests a private retreat in Nelson County, but still with easy accessibility to award wining wineries, breweries, and distilleries along the 151 Trail. This cabin features 3 floors, plus ample outdoor space featuring a fire pit, large deck with grill, and hot tub. Come explore the Blue Ridge Mountains in this newly restored cabin.",Events & Activities,*Lodging descriptions are provided by the host and not independently verified.,Contact & Location,"Ben Butler, caplerhomes@msn. Com Staff on Site. No Pet-Friendly. Yes Find us at Nellysford.",,
281,Faber Farmhouse,faber-farmhouse,Cabins & Cottages,stay,Faber,"Faber Farmhouse is a spacious four-bedroom home with dual living rooms, large deck, and open kitchen located across from Rock Spring Mountain Farm wedding venue.",,https://ik.imagekit.io/OE/nelson-county/listings/faber-farmhouse-image1_ijDX83k94,"White two-story house with black roof, deck, surrounded by bare trees.",,https://ik.imagekit.io/OE/nelson-county/listings/faber-farmhouse-image2_IEnn8lZNO,"Living room with brown sofa, striped chairs, wooden table, ceiling fan.",,,,,,,"Faber, VA 22938",josh,,,https://www.google.com/maps/dir/?api=1&destination=Faber%2C%20VA%2022938,Outdoor Seating; Full Kitchen; Events; Breakfast; Pet Friendly; Cabins; Lodging; Farm,false,https://www.google.com/maps/dir/?api=1&destination=Faber%2C%20VA%2022938,Hours & Information,"Welcome to Faber Farmhouse, conveniently Find us at Faber, VA with easy access to the Nelson 151 corridor, Charlottesville, and the quaint town of Scottsville. This house features ample space for quest, including 4 bedrooms, 2 living rooms, large deck and open concept kitchen and dining space. This house is located right across the street from Rock Spring Mountain Farm Wedding Venue and is just minutes from multiple wineries, breweries and distilleries.",Events & Activities,*Lodging descriptions are provided by the host and not independently verified.,Contact & Location,"Ben Butler, caplerhomes@msn. Com Staff on Site. No Pet-Friendly. Yes Find us at Faber.",,
282,Wintergreen - Fairway Woods,wintergreen-fairway-woods,Vacation Rentals,stay,Wintergreen Resort,"Wintergreen – Fairway Woods is a two-bedroom resort condo with cozy fireplace, balcony seating, and electric grill overlooking the Blue Ridge. Discover the beauty of Wintergreen Resort, VA, and indulge in a memorable stay at this 2-bedroom, 2-bathroom vacation rental condo. The resort is found on the Sunrise Side of the Blue Ridge Mountains and is conveniently located close to Charlottesville, Staunton, Lynchburg, and Waynesboro. It’s only a three-hour drive from Washington, D.",,https://ik.imagekit.io/OE/nelson-county/listings/wintergreen-fairway-woods-image1_M5rehxu4c,"Wooden deck with tables, surrounded by trees, adjacent to house with large windows.",,https://ik.imagekit.io/OE/nelson-county/listings/wintergreen-fairway-woods-image2_UFqwGpLGY,Cozy living room and dining area with large windows and wooden furniture.,,,,,,,"Wintergreen Resort, Roseland, VA 22967",josh,,,https://www.google.com/maps/dir/?api=1&destination=Wintergreen%20Resort%2C%20Roseland%2C%20VA%2022967,Scenic Views; Pet Friendly; Golf,false,https://www.google.com/maps/dir/?api=1&destination=Wintergreen%20Resort%2C%20Roseland%2C%20VA%2022967,Menu & Offerings,"Discover the beauty of Wintergreen Resort, VA, and indulge in a memorable stay at this 2-bedroom, 2-bathroom vacation rental condo. Featuring a cozy fireplace, outdoor seating, and an electric grill, this condo offers the perfect blend of comfort and convenience. Explore the nearby Blue Ridge Mountains for scenic hikes or hit the slopes on-site for some thrilling skiing. After a day of adventure, relax on the private balcony and take in the serene views. Your ultimate mountain getaway awaits.",Events & Activities,*Lodging descriptions are provided by the host and not independently verified.,Contact & Location,"Dan Ryan, dryan6460@yahoo. Com Staff on Site. No Pet-Friendly. Yes Find us at Wintergreen.",Experience,"The resort is found on the Sunrise Side of the Blue Ridge Mountains and is conveniently located close to Charlottesville, Staunton, Lynchburg, and Waynesboro. It’s only a three-hour drive from Washington, D. C. As well. Spend the day at and near Wintergreen Resort any time of the year. If you’re looking for an overnight trip, there are plenty of options. Spend the night at the resort, at one of Nelson’s many lodging options."
159,Oakland Museum,oakland-museum,Museums & Heritage,culture,Arrington,"Oakland Museum inside the historic 1800s tavern interprets rural electrification, Hurricane Camille, and Nelson County history. Oakland's exhibits were created to promote greater understanding of the county's history and of the connections between the county's history and that of the state of Virginia and the nation.",,https://ik.imagekit.io/OE/nelson-county/listings/oakland-museum-image1_yQz44DJPF,Red brick house with green roof and white stairs in sunlight.,,,,,,,,,(434) 263-8400,"5365 Thomas Nelson Highway, Arrington, VA 22922",josh,,,https://www.google.com/maps/dir/?api=1&destination=5365%20Thomas%20Nelson%20Highway%2C%20Arrington%2C%20VA%2022922,Seasonal Menu; Museum,false,https://www.google.com/maps/dir/?api=1&destination=5365%20Thomas%20Nelson%20Highway%2C%20Arrington%2C%20VA%2022922,,,,,,,,
284,Peaktime,peaktime,Whole House Rentals,stay,Roseland,"Peaktime is a one-bedroom apartment with kitchenette, ideal for couples seeking a simple base near Nelson 151 and Wintergreen.",,https://ik.imagekit.io/OE/nelson-county/listings/peaktime-image1_Bo91oWibu,"Wooden house with solar panels, surrounded by greenery, under clear blue sky.",,https://ik.imagekit.io/OE/nelson-county/listings/peaktime-image2_iELPAfFAd,"Living room with couches, colorful bear painting, and wooden wall.",,,,,,,"Afton, VA 22920",josh,,,https://www.google.com/maps/dir/?api=1&destination=Afton%2C%20VA%2022920,Scenic Views; Full Kitchen; Cabins; Lodging,false,https://www.google.com/maps/dir/?api=1&destination=Afton%2C%20VA%2022920,Events & Activities,*Lodging descriptions are provided by the host and not independently verified.,Contact & Location,"Leigh Houghland, lhoughland@gmail. Com Staff on Site. No Pet-Friendly. No Find us at Roseland.",,,,
285,Hawthorne,hawthorne,Cabins & Cottages,stay,Nellysford,"Hawthorne is a private guest cabin with wood-burning fireplace, outdoor hearth, and deck overlooking wooded acreage near Afton wineries. Entire small guest house/log cabin. Living room with wood burning fireplace, small kitchen, bedroom with queen bed and full bathroom.",,https://ik.imagekit.io/OE/nelson-county/listings/hawthorne-image1_ZabwDQhh2,Rustic cabin with stone chimney surrounded by lush trees and greenery.,,https://ik.imagekit.io/OE/nelson-county/listings/hawthorne-image2_ru72cyv12,"Cozy rustic cabin interior with kitchenette, fireplace, wooden shelves, and wicker baskets.",,,,,,,"Afton, VA 22920",josh,,,https://www.google.com/maps/dir/?api=1&destination=Afton%2C%20VA%2022920,Cabins; Outdoor Seating; Lodging,false,https://www.google.com/maps/dir/?api=1&destination=Afton%2C%20VA%2022920,Experience,"Entire small guest house/log cabin. Living room with wood burning fireplace, small kitchen, bedroom with queen bed and full bathroom. Outdoor fireplace and deck looking into the woods.",Contact & Location,Hand-built of locally-harvested cedar logs Secluded peaceful location just minutes from the 151 corridor Beautiful sunrise views.,Events & Activities,*Lodging descriptions are provided by the host and not independently verified.,Contact & Location,"Cathleen Coyle, coyleflowers@gmail. Com Staff on Site. Yes Pet-Friendly. No Find us at Nellysford."
286,Rockfish Tiny Home,rockfish-tiny-home,Whole House Rentals,stay,Schuyler,"Rockfish Tiny Home is a modern tiny retreat with hot tub, fire pit, hanging swing, and spacious interior central to Nelson 151 wineries. Nelson County has something for everyone. Click on the badges below to explore options for your visit.",,https://ik.imagekit.io/OE/nelson-county/listings/rockfish-tiny-home-image1_fBeoUJWL3,"Modern cabin with black trim, hot tub, and snow-covered yard under sunlight.",,https://ik.imagekit.io/OE/nelson-county/listings/rockfish-tiny-home-image2_ieLcxH-yFI,"Modern living room with loft, ladder, sofa, and nature view through glass doors.",,,,,,,"Schuyler, VA 22969",josh,,,https://www.google.com/maps/dir/?api=1&destination=Schuyler%2C%20VA%2022969,Outdoor Seating; Cabins; Lodging; Fishing,false,https://www.google.com/maps/dir/?api=1&destination=Schuyler%2C%20VA%2022969,Experience,"Modern tiny home central to many wineries and breweries. Includes a hot tub, firepit, outdoor hanging swing and spacious interior.",Events & Activities,*Lodging descriptions are provided by the host and not independently verified.,Contact & Location,"Daniel Urban, rockfishtinyhome@gmail. Com Staff on Site. No Pet-Friendly. No Find us at Schuyler.",Experience,Nelson County has something for everyone. Click on the badges below to explore options for your visit.
287,Tupelo,tupelo,Whole House Rentals,stay,Roseland,"Tupelo is a charming 1900 square foot Blue Ridge Bungalow nestled on one acre in the enchanting Rockfish River Valley. Tupelo is newly remodeled, featuring fresh carpets, recycled glass and concrete countertops and new appliances while maintaining it's rustic charm. With original and reclaimed wood flooring and tin roof.",,https://ik.imagekit.io/OE/nelson-county/listings/tupelo-image1_UQyvDRap6,"Small blue house with red door, surrounded by green grass and trees.",,https://ik.imagekit.io/OE/nelson-county/listings/tupelo-image2_YEMlCkGfY,"Cozy bedroom with white bedding, artwork, lamps, and a large window view.",,,,,,,"Nellysford, VA 22958",josh,,,https://www.google.com/maps/dir/?api=1&destination=Nellysford%2C%20VA%2022958,Fuel; Pet Friendly; Scenic Views,false,https://www.google.com/maps/dir/?api=1&destination=Nellysford%2C%20VA%2022958,Menu & Offerings,Tupelo is a charming 1900 square foot Blue Ridge Bungalow nestled on one acre in the enchanting Rockfish River Valley. Three bedrooms and two full baths host up to 8 guests comfortably. Enjoy the cozy gas woodstove or outdoor firepit. Each bedroom features black out curtains for a restful sleep. Remote workers and students will find a workstation in the primary bedroom. Tupelo offers highspeed internet to stay connected during your mountain stay. Pet and family friendly.,Experience,"Tupelo is newly remodeled, featuring fresh carpets, recycled glass and concrete countertops and new appliances while maintaining it's rustic charm. With original and reclaimed wood flooring and tin roof. A stay at Tupelo is just a stones throw from the Wintergreen Resort entrance, plus a straight shot to Rt. 151 for touring renowned breweries, cideries and vineyards. Tupelo sits just between the Blue Ridge Parkway and Rt. 151 in the heart of everything that Nelson County is known for.",Events & Activities,*Lodging descriptions are provided by the host and not independently verified.,Contact & Location,"Lauren Bishop, lauren. Lam@gmail. Com Staff on Site. No Pet-Friendly. Yes Find us at Roseland."
288,"The Vu, Afton",the-vu-afton,Cabins & Cottages,stay,Afton,"This spacious bright and airy home was just renovated to take full advantage of the jaw-dropping 360º views surrounding the property. Perched atop a grassy knoll of peaceful meadows with 360º views of the Blue Ridge Mountains, this newly renovated Afton home is the perfect retreat. Located just off the famous Route 151, the house is conveniently situated near everything you could ask for in your mountain getaway.",,https://ik.imagekit.io/OE/nelson-county/listings/the-vu-afton-image1_S5BCcnudC,Fire pit with chairs in front of illuminated house at night.,,https://ik.imagekit.io/OE/nelson-county/listings/the-vu-afton-image2_tWSkRspw9,"Cozy living room with armchairs, fireplace, large windows, and antler chandelier.",,,,,,,"Afton, VA 22920",josh,,,https://www.google.com/maps/dir/?api=1&destination=Afton%2C%20VA%2022920,Lodging; Scenic Views; Full Kitchen; Cabins,false,https://www.google.com/maps/dir/?api=1&destination=Afton%2C%20VA%2022920,Hours & Information,"This spacious bright and airy home was just renovated to take full advantage of the jaw-dropping 360º views surrounding the property. In fact, every room has a view including the main living room which captures breathtaking sunrises and sunsets — all from the same seat. The house has all the amenities of modern living with the comforts of home — and some added luxuries. All 3 bedrooms are suites with private bathrooms (and include white noise sound machines.",Experience,"Perched atop a grassy knoll of peaceful meadows with 360º views of the Blue Ridge Mountains, this newly renovated Afton home is the perfect retreat. Located just off the famous Route 151, the house is conveniently situated near everything you could ask for in your mountain getaway. Whether you want to be adventurous and hike or ski, or take in the region's award-winning wineries and breweries, everything is just a few miles away. But when you're here, leaving will be the hardest thing to do.",Events & Activities,*Lodging descriptions are provided by the host and not independently verified.,Contact & Location,"Emily Hutter, emilyhgreenwood@gmail. Com Staff on Site. No Pet-Friendly. No Find us at Afton."
289,Serenity Summit,serenity-summit,Whole House Rentals,stay,Wintergreen Resort,"Serenity Summit is a three-bedroom, 3.5-bath Wintergreen home sleeping eight with modern amenities, family-friendly layout, and serene wooded surroundings. Airy, open concept living space with vaulted ceiling and wood-burning stove-fireplace Exterior living with fire table Two living rooms High-speed fiber Wi-Fi, entertainment center Fully equipped kitchen Outdoor pool.",,https://ik.imagekit.io/OE/nelson-county/listings/serenity-summit-image1_cNQynxSjz,Brown house surrounded by vibrant autumn trees and foliage.,,https://ik.imagekit.io/OE/nelson-county/listings/serenity-summit-image2_RAnt8nyEV,"Spacious living room with fireplace, large windows, brown sofa, and wooden floor.",,,,,,,"Wintergreen Resort, Roseland, VA 22967",josh,,,https://www.google.com/maps/dir/?api=1&destination=Wintergreen%20Resort%2C%20Roseland%2C%20VA%2022967,Family Friendly; Lodging,false,https://www.google.com/maps/dir/?api=1&destination=Wintergreen%20Resort%2C%20Roseland%2C%20VA%2022967,Menu & Offerings,"Discover the perfect getaway at Serenity Summit a stunning 3BR, 3. 5 BA home nestled in the heart of Wintergreen Resort. Ideal for families and friends, this spacious retreat sleeps 8 and offers the perfect blend of comfort, modern amenities, and serene natural surroundings.",Hours & Information,"Airy, open concept living space with vaulted ceiling and wood-burning stove-fireplace Exterior living with fire table Two living rooms High-speed fiber Wi-Fi, entertainment center Fully equipped kitchen Outdoor pool. (seasonal availability).",Events & Activities,*Lodging descriptions are provided by the host and not independently verified.,Contact & Location,"Tyler & Meredith, hello@designspark. Properties Staff on Site. No Pet-Friendly. No Find us at Wintergreen Resort."
290,The Wooder House,the-wooder-house,Cabins & Cottages,stay,Nellysford,"The Wooder House is a 1,900-square-foot four-bedroom, pet-friendly home on a 38-acre forest property with huge windows, fire pit, and outdoor patio.",,https://ik.imagekit.io/OE/nelson-county/listings/the-wooder-house-image1_d3RyCyPHT,Wooden house surrounded by lush green forest and trees.,,https://ik.imagekit.io/OE/nelson-county/listings/the-wooder-house-image2_aqCMSRELO,"Cozy living room with large windows, green trees outside, and comfy sofa.",,,,,,,"Roseland, VA 22967",josh,,,https://www.google.com/maps/dir/?api=1&destination=Roseland%2C%20VA%2022967,Scenic Views; Outdoor Seating; Pet Friendly; Cabins; Lodging,false,https://www.google.com/maps/dir/?api=1&destination=Roseland%2C%20VA%2022967,,,,,,,,
291,The Ash House at Holland Hill,the-ash-house-at-holland-hill,Cabins & Cottages,stay,Faber,"The Ash House at Holland Hill is a modern cabin with hot tub, fireplace, and mountain views designed for stargazing and stylish Blue Ridge escapes.",,https://ik.imagekit.io/OE/nelson-county/listings/the-ash-house-at-holland-hill-image1_uMIyEQ7ty,Black wooden cabin surrounded by autumn foliage and sunlight on sloping hill.,,https://ik.imagekit.io/OE/nelson-county/listings/the-ash-house-at-holland-hill-image2_WEdUSCUn_,"Spacious living room with wooden beams, black accents, modern furniture, large windows.",,,,,,,"Nellysford, VA 22958",josh,,,https://www.google.com/maps/dir/?api=1&destination=Nellysford%2C%20VA%2022958,Cabins; Scenic Views; Lodging,false,https://www.google.com/maps/dir/?api=1&destination=Nellysford%2C%20VA%2022958,,,,,,,,
292,D & D's Mountain Home,d-ds-mountain-home,Whole House Rentals,stay,Wintergreen Resort,"D & D's Mountain Home is a renovated two-bedroom Stone Ridge condo with gas fireplace, patio, and views over Devils Knob Golf Course. Immaculate, newly renovated, 2 BR, 2 BA Condo in the Stone Ridge Area of Wintergreen Resort. We're located just above the 18th hole of Wintergreen Resorts Devil's Knob Golf Course.",,https://ik.imagekit.io/OE/nelson-county/listings/d-d-s-mountain-home-image1_PzXkSUD2Q,Wooden railing and stairway beside house with sloped roof surrounded by trees.,,https://ik.imagekit.io/OE/nelson-county/listings/d-d-s-mountain-home-image2_NTKDLMan4,"Cozy living room with sofa, lamps, and table by large glass doors.",,,,,,,"Wintergreen Resort, Roseland, VA 22967",josh,,,https://www.google.com/maps/dir/?api=1&destination=Wintergreen%20Resort%2C%20Roseland%2C%20VA%2022967,Fuel; Outdoor Seating; Scenic Views; Cabins; Lodging; Golf,false,https://www.google.com/maps/dir/?api=1&destination=Wintergreen%20Resort%2C%20Roseland%2C%20VA%2022967,Hours & Information,"Immaculate, newly renovated, 2 BR, 2 BA Condo in the Stone Ridge Area of Wintergreen Resort. 1100 square feet of private living space also includes open living/dining area, featuring gas fireplace lies next to galley kitchen, laundry area. Home is fully furnished with outdoor patio with living area.",Menu & Offerings,"we're located just above the 18th hole of Wintergreen Resorts Devil's Knob Golf Course. During the summer months our outdoor living space is the perfect spot to observe golfers below. We're close to restaurants, wineries, the Blue Ridge Parkway and various hiking trails along the Appalachian Trail. we're a four seasons home.",Events & Activities,*Lodging descriptions are provided by the host and not independently verified.,Contact & Location,"David Blackstock, debbstock@outlook. Com Staff on Site. No Pet-Friendly. No Find us at Wintergreen Resort."
293,Bear Creek Inn,bear-creek-inn,Cabins & Cottages,stay,Tyro,"Bear Creek Inn is a pet-friendly two- to three-bedroom cottage with fenced yard, trout stream, and proximity to Nelson 151, Crabtree Falls, and Wintergreen. 2-3 Bedroom Cottage with large fenced in yard for pets. Quiet, peaceful place with year round trout stream. Minutes from both Nelson 151, Crabtree Falls, Wintergreen and George Washington National Forest. Several minutes to Appalachian Trail access.",,https://ik.imagekit.io/OE/nelson-county/listings/bear-creek-inn-image1_Z8eqXrcOM,Creek flowing past tree and brick house with red roof.,,https://ik.imagekit.io/OE/nelson-county/listings/bear-creek-inn-image2_xQtRkgnIL,"Cozy sunroom with green walls, vintage rug, sofa, large windows, and hanging light.",,,,,,(434) 277-5305,"Tyro, VA 22976",josh,,,https://www.google.com/maps/dir/?api=1&destination=Tyro%2C%20VA%2022976,Pet Friendly; Outdoor Seating; Cabins; Lodging,false,https://www.google.com/maps/dir/?api=1&destination=Tyro%2C%20VA%2022976,Experience,"2-3 Bedroom Cottage with large fenced in yard for pets. Quiet, peaceful place with year round trout stream.",Experience,"Minutes from both Nelson 151, Crabtree Falls, Wintergreen and George Washington National Forest. Several minutes to Appalachian Trail access. Pet friendly.",Events & Activities,*Lodging descriptions are provided by the host and not independently verified.,Contact & Location,"Michael Sexton, msexton478@yahoo. Com Staff on Site. No Pet-Friendly. Yes Find us at Tyro."
294,"Cookie's Place, LLC",cookies-place-llc,Cabins & Cottages,stay,Afton,"Cookie's Place is a three-bedroom, two-bath home with private pool, mountain views, and convenient access to hiking, skiing, and Route 151 venues. Pool, mountain views, quiet yet close to everything, hiking, skiing, restaurants, wineries, breweries, distilleries, Waynesboro and Charlottesville. There’s something to do in Afton every season of the year.",,https://ik.imagekit.io/OE/nelson-county/listings/cookie-s-place-llc-image1_YqXSl7cuY,Black patio furniture set on wooden deck near grassy lawn and tennis court.,,https://ik.imagekit.io/OE/nelson-county/listings/cookie-s-place-llc-image2_ipVqKBcc4,"Modern living room with gray sectional sofa, wood table, and ceiling fan.",,,,,,,"Afton, VA 22920",josh,,,https://www.google.com/maps/dir/?api=1&destination=Afton%2C%20VA%2022920,Scenic Views; Pool; Pet Friendly; Cabins; Lodging; Hiking,false,https://www.google.com/maps/dir/?api=1&destination=Afton%2C%20VA%2022920,Experience,"Pool, mountain views, quiet yet close to everything, hiking, skiing, restaurants, wineries, breweries, distilleries, Waynesboro and Charlottesville.",Events & Activities,*Lodging descriptions are provided by the host and not independently verified.,Contact & Location,"Myra Brent-Mc Garry, mbrentmcgarry@gmail. Com Staff on Site. No Pet-Friendly. No Find us at Afton.",Events & Activities,There’s something to do in Afton every season of the year.
295,Bearfeet Retreat,bearfeet-retreat,Cabins & Cottages,stay,Wintergreen Resort,"Bearfeet Retreat is a quiet cul-de-sac cabin with cathedral ceilings that sleeps eight (king, queen, two bunk rooms) and features a wraparound deck, fireplace, fast Wi-Fi, and games just a quarter mile from Wintergreen slopes and minutes from valley breweries, orchards, and trails.",,https://ik.imagekit.io/OE/nelson-county/listings/bearfeet-retreat-image1_Bi1vj6inZ,Rustic cabin surrounded by trees and wooden fence in a green landscape.,,https://ik.imagekit.io/OE/nelson-county/listings/bearfeet-retreat-image2_a1pK4Hztg,"Fire pit on wooden table, surrounded by chairs on porch, with forest view.",,,,,,,"Wintergreen Resort, Roseland, VA 22967",josh,,,https://www.google.com/maps/dir/?api=1&destination=Wintergreen%20Resort%2C%20Roseland%2C%20VA%2022967,Outdoor Seating; Wi-Fi; Parking; Cabins; Lodging; Farm,false,https://www.google.com/maps/dir/?api=1&destination=Wintergreen%20Resort%2C%20Roseland%2C%20VA%2022967,,,,,,,,
296,Peaceful Mountain Getaway,peaceful-mountain-getaway,Whole House Rentals,stay,Nellysford,"Peaceful Mountain Getaway is a pet-friendly Wintergreen retreat with calming décor and hosts available to assist, perfect for families seeking quiet escapes. One story, three bedroom, two bath, well stocked house in Rodes Valley. A part of Wintergreen Very private with beautiful views Just off Rt 151 near vineyards and breweries.",,https://ik.imagekit.io/OE/nelson-county/listings/peaceful-mountain-getaway-image1_Ww7fTws2q,"Rustic wooden house surrounded by trees, with person sitting on front porch.",,https://ik.imagekit.io/OE/nelson-county/listings/peaceful-mountain-getaway-image2_TEA5EbfCs,"Wooden dining table with chairs, floral centerpiece, adjacent large windows.",,,,,,,"Wintergreen Resort, Nellysford, VA 22958",josh,,,https://www.google.com/maps/dir/?api=1&destination=Wintergreen%20Resort%2C%20Nellysford%2C%20VA%2022958,Scenic Views; Pet Friendly; Family Friendly,false,https://www.google.com/maps/dir/?api=1&destination=Wintergreen%20Resort%2C%20Nellysford%2C%20VA%2022958,Experience,"One story, three bedroom, two bath, well stocked house in Rodes Valley. A part of Wintergreen Very private with beautiful views Just off Rt 151 near vineyards and breweries.",Events & Activities,*Lodging descriptions are provided by the host and not independently verified.,Contact & Location,"Laurie Reilly, lblreilly@icloud. Com Staff on Site. No Pet-Friendly. Yes Find us at Nellysford.",,
297,The Afton House,the-afton-house,Whole House Rentals,stay,Afton,"The Afton House is a luxury mountain home with sweeping views, multiple gathering spaces, and accommodations for up to sixteen guests. There’s something to do in Afton every season of the year.",,https://ik.imagekit.io/OE/nelson-county/listings/the-afton-house-image1_BWCet3f9Y,"Modern house with large windows, lit interior, against sunset sky and bare trees.",,https://ik.imagekit.io/OE/nelson-county/listings/the-afton-house-image2_sGu2sep1w,"Cozy room with wooden table, chairs, blue shelves, and checkered curtains.",,,,,,,"Afton, VA 22920",josh,,,https://www.google.com/maps/dir/?api=1&destination=Afton%2C%20VA%2022920,Lodging; Scenic Views,true,https://www.google.com/maps/dir/?api=1&destination=Afton%2C%20VA%2022920,Events & Activities,There’s something to do in Afton every season of the year.,Events & Activities,"And live music. Nelson 151’s wineries often include food pairing. If you’d like to do a little shopping, check out the Nelson 151 gift shops or take a short drive to the Rockfish Valley Community Center, a repurposed school building featuring local shops. Purchase a piece of Nelsonite, Virginia’s state rock, at The Virginia Rock Shop. If you’re into local art, check out the Rockfish Pottery Collective or the Rockfish River Gallery.",Events & Activities,"Live music performances, good food, and inventive, hand-crafted beverages. If you’re planning on spending a hot summer day in Afton, check out the Nelson Farmer’s Market Cooperative one Saturday. Local vendors gather there to sell fresh produce and hand-crafted goodies. Often, there’s live music. Nelson’s wineries make for an excellent day trip as well.",Events & Activities,"And enjoy great food at Blue Mountain. If your taste runs a bit sweeter, try a cider or two at Bryant’s Small Batch, Blue Toad Hard Cider, or Bold Rock Hard Cider. Like the hard stuff better. Head over to Silverback Distillery or Devils Backbone Distillery for a mixed drink and bring home a bottle of bourbon, vodka, whiskey, or gin. If you’re in Nelson celebrating Halloween, you’re in luck."
298,THE LITTLE FARMHOUSE,thelittlefarmhouse,Cabins & Cottages,stay,Afton,"The Little Farmhouse, also known as Cheval Circle, is a rustic-modern home with multiple seating areas, dining for 10, large porch, and horse farm views. There’s something to do in Afton every season of the year.",,https://ik.imagekit.io/OE/nelson-county/listings/the-little-farmhouse-image1_HWH41F4Vf,"White house with front porch, green lawn, surrounded by trees in sunlight.",,https://ik.imagekit.io/OE/nelson-county/listings/the-little-farmhouse-image2_kht6S_C_a,"Modern living room with spiral staircase, large windows, brown sofa, green plants.",,,,,,,"Afton, VA 22920",josh,,,https://www.google.com/maps/dir/?api=1&destination=Afton%2C%20VA%2022920,Farm; Outdoor Seating; Cabins; Lodging,false,https://www.google.com/maps/dir/?api=1&destination=Afton%2C%20VA%2022920,Events & Activities,There’s something to do in Afton every season of the year.,Events & Activities,"And live music. Nelson 151’s wineries often include food pairing. If you’d like to do a little shopping, check out the Nelson 151 gift shops or take a short drive to the Rockfish Valley Community Center, a repurposed school building featuring local shops. Purchase a piece of Nelsonite, Virginia’s state rock, at The Virginia Rock Shop. If you’re into local art, check out the Rockfish Pottery Collective or the Rockfish River Gallery.",Events & Activities,"Live music performances, good food, and inventive, hand-crafted beverages. If you’re planning on spending a hot summer day in Afton, check out the Nelson Farmer’s Market Cooperative one Saturday. Local vendors gather there to sell fresh produce and hand-crafted goodies. Often, there’s live music. Nelson’s wineries make for an excellent day trip as well.",Events & Activities,"And enjoy great food at Blue Mountain. If your taste runs a bit sweeter, try a cider or two at Bryant’s Small Batch, Blue Toad Hard Cider, or Bold Rock Hard Cider. Like the hard stuff better. Head over to Silverback Distillery or Devils Backbone Distillery for a mixed drink and bring home a bottle of bourbon, vodka, whiskey, or gin. If you’re in Nelson celebrating Halloween, you’re in luck."
299,Mountaintop Overlook,mountaintop-overlook,Whole House Rentals,stay,Wintergreen Resort,"Mountaintop Overlook is a 1,237-square-foot Wintergreen condo with ground-level access, panoramic valley views, wood-burning fireplace, and newly renovated interiors. Unbeatable Panoramic Mountain Views.",,https://ik.imagekit.io/OE/nelson-county/listings/mountaintop-overlook-image1_h0B_F2eNe,"Veranda with metal chairs, overlooking hills and colorful sunset sky.",,https://ik.imagekit.io/OE/nelson-county/listings/mountaintop-overlook-image2_ITYn_sBZb,"Cozy living room with fireplace, wooden table, and large windows overlooking landscape.",,,,,,,"Wintergreen Resort, Roseland, VA 22967",josh,,,https://www.google.com/maps/dir/?api=1&destination=Wintergreen%20Resort%2C%20Roseland%2C%20VA%2022967,Scenic Views; Cabins; Lodging,false,https://www.google.com/maps/dir/?api=1&destination=Wintergreen%20Resort%2C%20Roseland%2C%20VA%2022967,Experience,"The Mountain Top Overlook- This 1237 sq. Ft, recently renovated, two bedroom(comfortable king size beds), two full bathroom condo with new sleeper sofa. This condo has two full size bathrooms, one Find us at the master suite. One level living, and located on the ground level with easy access to the grassy area out back overlooking the valley. It boasts panoramic window views of the Blue Ridge Mountains/Valley, while being Find us at sought after Wintergreen Resort.",Experience,Ground level. Unbeatable Panoramic Mountain Views. A wood burning fireplace makes our condo unique. I think you will find our place does not feel like a typical rental but a rather cozy mountain getaway home. We hope you make yourself at home.,Events & Activities,*Lodging descriptions are provided by the host and not independently verified.,Contact & Location,"Emily Bauslaugh, emilybauslaugh@gmail. Com Staff on Site. No Pet-Friendly. No Find us at Wintergreen."
300,Blue Ridge Mountain Retreat,blue-ridge-mountain-retreat,Whole House Rentals,stay,Wintergreen Resort,"Blue Ridge Mountain Retreat is a 4,800-square-foot Wintergreen luxury home sleeping 20 with four wood-burning fireplaces, gourmet kitchen, and game room. This home is an amazing 4800 square foot luxury home located just a short distance from Mountain Inn, ski areas, Founders Vision Overlook, Devil’s Knob Golf Course, Tennis Center, Spa, and Fitness Center.",,https://ik.imagekit.io/OE/nelson-county/listings/blue-ridge-mountain-retreat-image1_XiqNB2L3J,"Large house with deck, stone wall, surrounded by bare trees, under blue sky.",,https://ik.imagekit.io/OE/nelson-county/listings/blue-ridge-mountain-retreat-image2_fZnRkW9qP,"Wooden house porch with triangular roof, surrounded by windows.",,,,,,,"Wintergreen Resort, Roseland, VA 22967",josh,,,https://www.google.com/maps/dir/?api=1&destination=Wintergreen%20Resort%2C%20Roseland%2C%20VA%2022967,Full Kitchen; Scenic Views; Lodging,false,https://www.google.com/maps/dir/?api=1&destination=Wintergreen%20Resort%2C%20Roseland%2C%20VA%2022967,Events & Activities,"This home is an amazing 4800 square foot luxury home located just a short distance from Mountain Inn, ski areas, Founders Vision Overlook, Devil’s Knob Golf Course, Tennis Center, Spa, and Fitness Center. We provide you with 7 spacious bedrooms and 4. 5 baths, 2 of which are master suites and include a jetted tub in addition to showers. we're able to sleep 20 guests in beds.",Menu & Offerings,"Wintergreen Resort is a 4 season mountain resort Find us at the beautiful Blue Ridge Mountains. You are less than an hour from Charlottesville, home of UVA, Thomas Jefferson’s Monticello, and the amazing 33 member Monticello Wine Trail, as well as an hour from the city of Lynchburg. The famous Blue Ridge Parkway passes beside Wintergreen offering opportunities for scenic drives, hiking, and year round escapes.",Events & Activities,*Lodging descriptions are provided by the host and not independently verified.,Contact & Location,"Ashley Wind, windrentals@gmail. Com Staff on Site. No Pet-Friendly. No Find us at Wintergreen."
301,Mountain & Vine Farmhouse,mountain-vine-farmhouse,Whole House Rentals,stay,Faber,"Mountain & Vine Farmhouse is a 2,700-square-foot retreat overlooking Delfosse Vineyards with deck, gas grill, and four queen bedrooms for wine country gatherings. 5-bath vacation rental home overlooking Delfosse Vineyards and Winery 2,700 Sq Ft | Deck | Gas Grill | Free Wi Fi Relax, reset, and rejuvenate in this stunning Faber farmhouse - perfect for a peaceful weekend getaway with your best friends.",,https://ik.imagekit.io/OE/nelson-county/listings/mountain-vine-farmhouse-image1_nJkRWBHN5,"Sunny backyard with stone path, trees, and distant rolling hills.",,https://ik.imagekit.io/OE/nelson-county/listings/mountain-vine-farmhouse-image2_z0leCk8sr,"Cozy living room with leather sofas, glass coffee table, and wooden chairs.",,,,,,,"Faber, VA 22938",josh,,,https://www.google.com/maps/dir/?api=1&destination=Faber%2C%20VA%2022938,Outdoor Seating; Fuel; Wi-Fi; Wine; Cabins; Lodging; Farm; Tastings,false,https://www.google.com/maps/dir/?api=1&destination=Faber%2C%20VA%2022938,Experience,"Prepare your palette for a tasteful getaway at this 4-bedroom, 4. 5-bath vacation rental home overlooking Delfosse Vineyards and Winery. Sip and savor while enjoying the area’s best wine and beer, take in the breathtaking views from Blue Ridge Parkway, and cheer on the Cavaliers just a short drive away. When hunger strikes, fire up filets on the gas grill while sharing a bottle of Mountain and Vine with friends. End the day lounging on the porch with a front-row seat to the sunset.",Experience,"2,700 Sq Ft | Deck | Gas Grill | Free Wi Fi Relax, reset, and rejuvenate in this stunning Faber farmhouse - perfect for a peaceful weekend getaway with your best friends.",Events & Activities,*Lodging descriptions are provided by the host and not independently verified.,Contact & Location,"Michael Albers, mike@delfossewine. Com Staff on Site. No Pet-Friendly. No Find us at Faber."
302,Mountain & Vine Vineyards Log Cabin,mountain-vine-vineyards-log-cabin,Cabins & Cottages,stay,Faber,"Mountain & Vine Vineyards Log Cabin is a historic hilltop cabin with loft bedroom, panoramic vineyard vistas, and private tastings available nearby. This 1-bed, 1-bath vacation rental is calling - your next couple's retreat awaits. With panoramic vistas and private hilltop digs, this historic Faber cabin is well worth a visit.",,https://ik.imagekit.io/OE/nelson-county/listings/mountain-vine-vineyards-log-cabin-image1_YZLXDugsN,Rustic wooden cabin with porch surrounded by trees and outdoor seating.,,https://ik.imagekit.io/OE/nelson-county/listings/mountain-vine-vineyards-log-cabin-image2_N2UPizOy_,"Rustic living room with stone fireplace, leather sofa, and wooden ceiling beams.",,,,,,,"Faber, VA 22938",josh,,,https://www.google.com/maps/dir/?api=1&destination=Faber%2C%20VA%2022938,Cabins; Wine; Tastings; Lodging; Farm,false,https://www.google.com/maps/dir/?api=1&destination=Faber%2C%20VA%2022938,Experience,"This 1-bed, 1-bath vacation rental is calling - your next couple's retreat awaits. With panoramic vistas and private hilltop digs, this historic Faber cabin is well worth a visit. Enjoy a good night's rest in the private loft, then wake up to overlook acres of terraced vines. Explore the grounds at your leisure, or indulge a private tasting with a local sommelier at one of the many area wineries. You'll also find loads of countryside charm nearby, and a day trip away, Shenandoah National Park.",Events & Activities,*Lodging descriptions are provided by the host and not independently verified.,Contact & Location,"Michael Albers, mike@delfossewine. Com Staff on Site. No Pet-Friendly. No Find us at Faber.",,
303,The Fairway Chalet,the-fairway-chalet,Whole House Rentals,stay,Wintergreen Resort,"The Fairway Chalet is a 3,000-square-foot Wintergreen retreat with arcade game, ping pong, fire pit, and easy access to skiing, pools, and hiking.",,https://ik.imagekit.io/OE/nelson-county/listings/the-fairway-chalet-image1_OR_6iWhNB,Wooden patio set with two mugs and gray blanket in forest setting.,,https://ik.imagekit.io/OE/nelson-county/listings/the-fairway-chalet-image2_3oLQdDE_F,"Cozy living room with stone fireplace, brown sectional, and plaid red carpet.",,,,,,,"Wintergreen Resort, Roseland, VA 22967",josh,,,https://www.google.com/maps/dir/?api=1&destination=Wintergreen%20Resort%2C%20Roseland%2C%20VA%2022967,Cabins; Lodging; Golf; Swimming Pool,false,https://www.google.com/maps/dir/?api=1&destination=Wintergreen%20Resort%2C%20Roseland%2C%20VA%2022967,,,,,,,,
304,Spruce Creek Garden Cottage,spruce-creek-garden-cottage,Cabins & Cottages,stay,Nellysford,"Spruce Creek Garden Cottage is a 950-square-foot, two-bedroom hideaway in Nellysford featuring a shady back deck, blooming front porch, and quick 1–3 mile drives to Bold Rock, Three Notch'd, Devils Backbone, and Blue Toad. 950 square foot home- 2 Bedroom, 1 bath Parking for 2 cars. Maximum occupants - 4 people Located 1-3 miles from Bold Rock, Three Notch'd, Devils Backbone and Blue Toad breweries and cideries. Quiet country road with shady back deck over looking woods. Front porch with blooming flowers that attract butterflies and hummingbirds during the spring, summer and fall months.",,https://ik.imagekit.io/OE/nelson-county/listings/spruce-creek-garden-cottage-image1_DH3_z_VOl,"White house with metal roof, lush garden, and gravel path under clear sky.",,https://ik.imagekit.io/OE/nelson-county/listings/spruce-creek-garden-cottage-image2_SNYOLwX-E,"Cozy living room with wood floors, armchair, ceiling fan, and large windows.",,,,,,,"Nellysford, VA 22958",josh,,,https://www.google.com/maps/dir/?api=1&destination=Nellysford%2C%20VA%2022958,Outdoor Seating; Beer; Parking; Cabins; Lodging,false,https://www.google.com/maps/dir/?api=1&destination=Nellysford%2C%20VA%2022958,Experience,"950 square foot home- 2 Bedroom, 1 bath Parking for 2 cars. Maximum occupants - 4 people Located 1-3 miles from Bold Rock, Three Notch'd, Devils Backbone and Blue Toad breweries and cideries.",Experience,"Quiet country road with shady back deck over looking woods. Front porch with blooming flowers that attract butterflies and hummingbirds during the spring, summer and fall months.",Events & Activities,*Lodging descriptions are provided by the host and not independently verified.,Contact & Location,"Jennifer Arrendale, jmarrendale@gmail. Com Staff on Site. No Pet-Friendly. No Find us at Nellysford."
305,"Parrs Camp, Mountain Hollow",parrs-camp-mountain-hollow,Cabins & Cottages,stay,Wintergreen Resort,"Parrs Camp, Mountain Hollow is a craftsman-built ADU above a garage on a 70-acre Tye River property with king and double bedrooms, outdoor shower, foosball, and access to hammocks, fire pit, and nearby GW National Forest trails. With a short drive an abundance of outdoor activities awaits you: the Blue Ridge Parkway, hike the Appalachian Trail, Spy Rock and Crabtree Falls (highest falls east of the Mississippi River), fish the Tye River, skiing (Wintergreen), submerge in local swimming holes or visit local orchards, vineyards, wineries and breweries. Your host looks forward to your visit: responsive, helpful, informative and to offer any assistance needed.",,https://ik.imagekit.io/OE/nelson-county/listings/parrs-camp-mountain-hollow-image1_hE64II8eE,Wooden house surrounded by lush green trees and plants under sunlight.,,https://ik.imagekit.io/OE/nelson-county/listings/parrs-camp-mountain-hollow-image2_a18PmQIOk,"Cozy living room with armchairs, couch, and sunlight streaming through windows.",,,,,,,"Tyro, VA 22976",josh,,,https://www.google.com/maps/dir/?api=1&destination=Tyro%2C%20VA%2022976,Outdoor Seating; Cabins; Lodging; Water Sports,false,https://www.google.com/maps/dir/?api=1&destination=Tyro%2C%20VA%2022976,Events & Activities,"Service Dogs are allowed. Mountain Hollow ADU is a private dwelling above our seldom used large garage. It is craftsman built with wood floors, paneling, and ceilings. There are 2 bedrooms: 1 King, 1 double, 1. 5 baths with shower(also one outdoor shower), full kitchen and a comfortable living room with fireplace and foosball. Children's toys, games, VCR movies, internet and Sirius radio available.",About,"With a short drive an abundance of outdoor activities awaits you: the Blue Ridge Parkway, hike the Appalachian Trail, Spy Rock and Crabtree Falls (highest falls east of the Mississippi River), fish the Tye River, skiing (Wintergreen), submerge in local swimming holes or visit local orchards, vineyards, wineries and breweries. Your host looks forward to your visit: responsive, helpful, informative and to offer any assistance needed.",Events & Activities,*Lodging descriptions are provided by the host and not independently verified.,Contact & Location,"Beverly White, parrscamp@gmail. Com Staff on Site. Yes Pet-Friendly. No Find us at Tyro."
306,Parr's Camp,parrs-camp,Cabins & Cottages,stay,Wintergreen Resort,"Parr's Camp is a historic 1940s fishing cabin restored with original paneling, screened porch, pond, and space for seven guests on a 70-acre riverfront estate bordering the George Washington National Forest. With a short drive an abundance of outdoor activities await you; the Blue Ridge Parkway, hike the Appalachian Trail, Spy Rock and Crabtree Falls( highest falls east of the Mississippi River), fish the Tye River, skiing (Wintergreen), submerge in local swimming holes or visit local orchards, vineyards, wineries and breweries. Your host looks forward to your visit: responsive, helpful, informative and to offer any assistance needed.",,https://ik.imagekit.io/OE/nelson-county/listings/parr-s-camp-image1_wvauSKQj6,"Wooden house surrounded by trees and grass, black fence in foreground.",,https://ik.imagekit.io/OE/nelson-county/listings/parr-s-camp-image2_jeiLu3graS,"Cozy living room with stone fireplace, sofas, and wooden floor.",,,,,,,"Tyro, VA 22976",josh,,,https://www.google.com/maps/dir/?api=1&destination=Tyro%2C%20VA%2022976,Cabins; Outdoor Seating; Lodging; Water Sports; Fishing,false,https://www.google.com/maps/dir/?api=1&destination=Tyro%2C%20VA%2022976,Events & Activities,"Service animals allowed. Parrs Camp is a historical rustic fishing cabin restored by us surviving 3 hurricanes dating back to the 1940s. Sleeping 7 there are two bedrooms downstairs; 1Q, 1D and a bath with shower. Upstairs are 3 twin beds and a half bath with TV-VCR movies. The sitting room has original sawed paneling, fireplace, games, Sirius, children's toys and books. The full kitchen and dining room meet the screened porch for enjoying the views (scenery) or eating.",About,"With a short drive an abundance of outdoor activities await you; the Blue Ridge Parkway, hike the Appalachian Trail, Spy Rock and Crabtree Falls( highest falls east of the Mississippi River), fish the Tye River, skiing (Wintergreen), submerge in local swimming holes or visit local orchards, vineyards, wineries and breweries. Your host looks forward to your visit: responsive, helpful, informative and to offer any assistance needed.",Events & Activities,*Lodging descriptions are provided by the host and not independently verified.,Contact & Location,"Beverly White, parrscamp@gmail. Com Staff on Site. Yes Pet-Friendly. No Find us at Tyro."
307,Bella Vista,bella-vista,Cabins & Cottages,stay,Wintergreen Resort,"Bella Vista is a pet-friendly Wintergreen getaway with expansive deck, mountain views, and accommodations for couples seeking a quiet resort stay. 5 Bathroom home 7 Minutes walk or 4 minute drive to the slopes Spectacular views off of back deck.",,https://ik.imagekit.io/OE/nelson-county/listings/bella-vista-image1_O0YjaMWRU,Large beige house surrounded by trees and gravel driveway in sunlight.,,https://ik.imagekit.io/OE/nelson-county/listings/bella-vista-image2_P7prXtAdC,"Spacious living room with large windows, wooden ceiling, and cozy furniture.",,,,,,,"Wintergreen Resort, Roseland, VA 22967",josh,,,https://www.google.com/maps/dir/?api=1&destination=Wintergreen%20Resort%2C%20Roseland%2C%20VA%2022967,Scenic Views; Pet Friendly; Outdoor Seating; Cabins; Lodging,false,https://www.google.com/maps/dir/?api=1&destination=Wintergreen%20Resort%2C%20Roseland%2C%20VA%2022967,Experience,"4 Bedroom, 4. 5 Bathroom home 7 Minutes walk or 4 minute drive to the slopes Spectacular views off of back deck.",Events & Activities,*Lodging descriptions are provided by the host and not independently verified.,Contact & Location,"Megan Mac Cutcheon, megan. Maccutcheon@gmail. Com Staff on Site. No Pet-Friendly. Yes Find us at Wintergreen.",,
308,"Red, White and Wintergreen",red-white-and-wintergreen,Whole House Rentals,stay,Wintergreen Resort,"Red, White and Wintergreen is a five-bedroom Wintergreen property with large deck, porch hot tub, valley views, and office space for remote-friendly stays. Escape to this beautiful 5 bedroom property at Wintergreen Resort for year round fun. It is perfect for families and large groups with comfortable living areas and a great deck and porch with hot tub. Beautiful views of the Valley. Fun and friendly rooms.",,https://ik.imagekit.io/OE/nelson-county/listings/red-white-and-wintergreen-image1_k_S21orXm,Houses with warm lights nestled in wooded area at dusk.,,https://ik.imagekit.io/OE/nelson-county/listings/red-white-and-wintergreen-image2_9z7tXGR3K,"Cozy living room with red sofas, fireplace, large TV, and natural lighting.",,,,,,,"Wintergreen Resort, Roseland, VA 22967",josh,,,https://www.google.com/maps/dir/?api=1&destination=Wintergreen%20Resort%2C%20Roseland%2C%20VA%2022967,Scenic Views; Outdoor Seating; Family Friendly; Lodging,false,https://www.google.com/maps/dir/?api=1&destination=Wintergreen%20Resort%2C%20Roseland%2C%20VA%2022967,Experience,Escape to this beautiful 5 bedroom property at Wintergreen Resort for year round fun. It is perfect for families and large groups with comfortable living areas and a great deck and porch with hot tub.,Experience,Beautiful views of the Valley. Fun and friendly rooms. Great office space and brand new hot tub.,Events & Activities,*Lodging descriptions are provided by the host and not independently verified.,Contact & Location,Erin Penfold Staff on Site. No Pet-Friendly. No Find us at Wintergreen.
309,Mountain View Vista,mountain-view-vista,Whole House Rentals,stay,Wintergreen Resort,"Mountain View Vista is a one-bedroom, two-bath Wintergreen condo with spacious kitchen, large deck, and sweeping mountain vistas for couples getaways. 1 Bedroom/2 full baths/ large kitchen Large deck with scenic views.",,https://ik.imagekit.io/OE/nelson-county/listings/mountain-view-vista-image1_lHpoH-D2H,Deck with wooden chairs overlooking scenic mountain landscape under cloudy sky.,,https://ik.imagekit.io/OE/nelson-county/listings/mountain-view-vista-image2_mlKIvbY7B,"Modern living room, large windows, ocean view, gray sofa, fireplace, television.",,,,,,,"Wintergreen Resort, Roseland, VA 22967",josh,,,https://www.google.com/maps/dir/?api=1&destination=Wintergreen%20Resort%2C%20Roseland%2C%20VA%2022967,Full Kitchen; Outdoor Seating; Scenic Views; Cabins; Lodging,false,https://www.google.com/maps/dir/?api=1&destination=Wintergreen%20Resort%2C%20Roseland%2C%20VA%2022967,Experience,1 Bedroom/2 full baths/ large kitchen Large deck with scenic views.,Contact & Location,Location. Location. Amazing mountain views Completely renovated.,Events & Activities,*Lodging descriptions are provided by the host and not independently verified.,Contact & Location,"James Reynolds, jreynolds@findclarityvision. Com Staff on Site. No Pet-Friendly. No Find us at Wintergreen."
310,Art & Soul Guesthouse,art-soul-guesthouse,Whole House Rentals,stay,Roseland,"Art & Soul Guesthouse is a design-forward one-bedroom plus loft retreat with sauna, EV charger, and sunset views, steps from Nelson 151 adventures.",,https://ik.imagekit.io/OE/nelson-county/listings/art-soul-guesthouse-image1_-uTzD7Lq4,Modern wooden house with large windows surrounded by trees at dusk.,,https://ik.imagekit.io/OE/nelson-county/listings/art-soul-guesthouse-image2_1H122tsdB,"Spacious room with triangular windows, round table, easel, and modern light fixture.",,,,,,,"Roseland, VA 22967",josh,,,https://www.google.com/maps/dir/?api=1&destination=Roseland%2C%20VA%2022967,EV Charging; Cabins; Lodging,false,https://www.google.com/maps/dir/?api=1&destination=Roseland%2C%20VA%2022967,Information,"S. Art & Soul is designed to complement the landscape, lead you to stunning sunset views, and surprise you with the peace of a mountain laurel forest. From the luxury of your sauna with sunset view to EV charger, expect the unexpected and a relaxing retreat regardless of how hard you play in the mountains.",Menu & Offerings,"Art & Soul offers unexpected flexibility. Whether you are a solo traveler, a couple or an extended family or friends, Art & Soul is designed to accommodate you. The newly built Guest House has one bedroom and a loft. (1. 5 bathrooms) that can sleep up to four.",Events & Activities,*Lodging descriptions are provided by the host and not independently verified.,Contact & Location,"Karen Rucker, karenrucker59@gmail. Com Staff on Site. Yes Pet-Friendly. No Find us at Roseland."
311,Art & Soul Main House,art-soul-main-house,Whole House Rentals,stay,Wintergreen Resort,"Art & Soul Main House offers three en-suite bedrooms plus loft sleeping, gourmet kitchen, saltwater hot tub, dry sauna, and extensive decks for groups up to ten. And stunning landscapes and skies. Two luxurious bathroom and two additional high-end bathrooms serve the four bedrooms (three en suite).",,https://ik.imagekit.io/OE/nelson-county/listings/art-soul-main-house-image1_uQK2zI80u,"Cozy house with lit windows, surrounded by stone walls, steps, and trees.",,https://ik.imagekit.io/OE/nelson-county/listings/art-soul-main-house-image2_6BsnLLMKw,"Modern kitchen with large island, wooden cabinets, and stainless steel appliances.",,,,,,,"Roseland, VA 22967",josh,,,https://www.google.com/maps/dir/?api=1&destination=Roseland%2C%20VA%2022967,Scenic Views; Full Kitchen; Lodging; Water Sports,false,https://www.google.com/maps/dir/?api=1&destination=Roseland%2C%20VA%2022967,Information,"S. Art & Soul is designed to complement the landscape, lead you to stunning sunset views, and surprise you with the peace of a mountain laurel forest. From the luxury of your sauna with sunset view to EV charger, expect the unexpected and a relaxing retreat regardless of how hard you play in the mountains.",About,And stunning landscapes and skies. Two luxurious bathroom and two additional high-end bathrooms serve the four bedrooms (three en suite). A gourmet kitchen prepares meals served on a beautiful live edge dining table hand-made in Nelson County that seats 10 plus room for an additional four at the near-by kitchen island. Expansive windows and glass doors bring the outdoors in. Property wide networking and streaming provide connection and the best in video entertainment.,Events & Activities,*Lodging descriptions are provided by the host and not independently verified.,Contact & Location,"Karen Rucker, karenrucker59@gmail. Com Staff on Site. Yes Pet-Friendly. No Find us at Wintergreen."
312,The Cottage at River Circle Farm,the-cottage-at-river-circle-farm,Cabins & Cottages,stay,Wintergreen Resort,"The Cottage at River Circle Farm is a one-bedroom riverside retreat with private pool, on-site nature trails, and quiet grounds along the James River.",,https://ik.imagekit.io/OE/nelson-county/listings/the-cottage-at-river-circle-farm-image1_kI4pcscYm,Blue swimming pool in backyard with trees and house under clear sky.,,https://ik.imagekit.io/OE/nelson-county/listings/the-cottage-at-river-circle-farm-image2_KlDXHx3yF,"Cozy living room with a sofa, ceiling fan, and paintings, lit by sunlight.",,,,,,,"Scottsville, VA 24590",josh,,,https://www.google.com/maps/dir/?api=1&destination=Scottsville%2C%20VA%2024590,Pool; Cabins; Lodging; Water Sports,false,https://www.google.com/maps/dir/?api=1&destination=Scottsville%2C%20VA%2024590,,,,,,,,
313,Berry Hill Lake,berry-hill-lake,Cabins & Cottages,stay,Nellysford,"Berry Hill Lake is a modern-rustic four-bedroom, 3.5-bath home overlooking a private two-acre lake with indoor/outdoor fireplaces, bunk rooms, and movie room on 250 wooded acres.",,https://ik.imagekit.io/OE/nelson-county/listings/berry-hill-lake-image1_2Z8GdFy77,Rustic cottage with chimney surrounded by trees under a clear sky.,,https://ik.imagekit.io/OE/nelson-county/listings/berry-hill-lake-image2_8f_09seUw,"Cozy living room with stone fireplace, leather sofas, large windows, and rustic decor.",,,,,,,"Roseland, VA 22967",josh,,,https://www.google.com/maps/dir/?api=1&destination=Roseland%2C%20VA%2022967,Outdoor Seating; Pet Friendly; Cabins; Lodging,false,https://www.google.com/maps/dir/?api=1&destination=Roseland%2C%20VA%2022967,Menu & Offerings,"Berry Hill Lake is a mountain getaway featuring a new, modern-rustic 4 bedroom/3. 5 bath home overlooking a private, 2-acre lake and surrounded by 250 acres of beautiful wooded mountain land. The house features traditional board and batten siding, original stonework, hardwood floors throughout and two fireplaces, an indoor gas fire place and an outdoor wood burning fireplace.",Events & Activities,*Lodging descriptions are provided by the host and not independently verified.,Contact & Location,"Rich Daughtridge, rich@daughtridge. Com Staff on Site. No Pet-Friendly. Yes Find us at Nellysford.",,
314,Afton Awaits,afton-awaits,Cabins & Cottages,stay,Afton,"Afton Awaits is a luxury modern farmhouse with three bedrooms, pool, hot tub, and sweeping mountain views minutes from Nelson 151 wineries and Wintergreen. Nestled in the picturesque hills of Afton, Virginia, this luxury modern farmhouse offers the perfect blend of rustic charm and contemporary elegance. Step outside and enjoy a dip in the pool or hot tub while you soak in the stunning mountain views. The house is located right off Nelson 151 Brew Trail, just minutes from award-wining wineries, breweries, and distilleries, as well as Wintergreen Resort.",,https://ik.imagekit.io/OE/nelson-county/listings/afton-awaits-image1_cw5wL1FDQ,"Countryside house with green lawn, mountains, and colorful sunset sky.",,https://ik.imagekit.io/OE/nelson-county/listings/afton-awaits-image2_ZDpe6Zg-a,Open-concept living room and kitchen with wooden floors and modern decor.,,,,,,,"Afton, VA 22920",josh,,,https://www.google.com/maps/dir/?api=1&destination=Afton%2C%20VA%2022920,Cabins; Farm; Lodging; Outdoor Seating; Pool; Scenic Views,true,https://www.google.com/maps/dir/?api=1&destination=Afton%2C%20VA%2022920,Menu & Offerings,"Nestled in the picturesque hills of Afton, Virginia, this luxury modern farmhouse offers the perfect blend of rustic charm and contemporary elegance. Set on a tranquil estate, the home features 3 beautifully appointed bedrooms, each designed with comfort and style in mind.",Experience,"Step outside and enjoy a dip in the pool or hot tub while you soak in the stunning mountain views. The house is located right off Nelson 151 Brew Trail, just minutes from award-wining wineries, breweries, and distilleries, as well as Wintergreen Resort. The University of Virginia is just 30 minutes away.",Events & Activities,*Lodging descriptions are provided by the host and not independently verified.,Contact & Location,Hello@bestillgetaways. Com Staff on Site. No Pet-Friendly. No Find us at Afton.
315,Pilotview Hollow,pilotview-hollow,Whole House Rentals,stay,Nellysford,"Pilotview Hollow is a five-bedroom, 4.5-bath estate on 42 acres with hot tub, dual primary suites, game room, outdoor fire pit, and proximity to Route 151 and Wintergreen. Private space on 42 acres, game room, hot tub, 2 primary bedrooms with ensuite bathrooms. Outdoor firepit and wood burning fireplace.",,https://ik.imagekit.io/OE/nelson-county/listings/pilotview-hollow-image1_4hZKeDrC7,"Modern cabin with large windows, stone chimney, and wooden deck in forest setting.",,https://ik.imagekit.io/OE/nelson-county/listings/pilotview-hollow-image2_6Cs4l6yWl,"Modern living room with beige sofa, wooden ceiling, and black staircase.",,,,,,,"Nellysford, VA 22958",josh,,,https://www.google.com/maps/dir/?api=1&destination=Nellysford%2C%20VA%2022958,Parking; Lodging,false,https://www.google.com/maps/dir/?api=1&destination=Nellysford%2C%20VA%2022958,Experience,"Private space on 42 acres, game room, hot tub, 2 primary bedrooms with ensuite bathrooms. Outdoor firepit and wood burning fireplace.",Events & Activities,*Lodging descriptions are provided by the host and not independently verified.,Contact & Location,"Katherine Shields, pilotviewhollow@gmail. Com Staff on Site. No Pet-Friendly. No Find us at Nellysford.",,
316,Nelson Cozy Cabin,nelson-cozy-cabin,Cabins & Cottages,stay,Nellysford,"Nelson Cozy Cabin is a renovated three-bedroom, two-bath cabin on four wooded acres in Stoney Creek with deck, fire pit, and access to Wintergreen POA pools and fishing. Perfectly renovated cabin on 4 wooded acres in Stoney Creek/Wintergreen. 3 Bedrooms, 2 Full baths with deck and firepit.",,https://ik.imagekit.io/OE/nelson-county/listings/nelson-cozy-cabin-image1_Ill0EU3Eo,Gray cabin in a forest with bare trees and wooden deck.,,https://ik.imagekit.io/OE/nelson-county/listings/nelson-cozy-cabin-image2_9xPS2w_t4,"Cozy living room with stone fireplace, wooden furniture, and large windows.",,,,,,,"Nellysford, VA 22958",josh,,,https://www.google.com/maps/dir/?api=1&destination=Nellysford%2C%20VA%2022958,Outdoor Seating; Cabins; Pet Friendly; Lodging; Water Sports; Fishing; Swimming Pool,false,https://www.google.com/maps/dir/?api=1&destination=Nellysford%2C%20VA%2022958,Experience,"Perfectly renovated cabin on 4 wooded acres in Stoney Creek/Wintergreen. 3 Bedrooms, 2 Full baths with deck and firepit. Great for families & small groups.",Events & Activities,*Lodging descriptions are provided by the host and not independently verified.,Contact & Location,"Klara Reilly, klarareilly@gmail. Com Staff on Site. No Pet-Friendly. Yes Find us at Nellysford.",,
317,Kneeling Shepherd,kneeling-shepherd,Cabins & Cottages,stay,Roseland,"Kneeling Shepherd is a new-construction farmhouse on 12 acres with hot tub, fire pit, mountain views, and easy access to the Tye River, Wintergreen, and Appalachian Trail. Relax with the family on 12 private acres at our peaceful new construction farmhouse. We're just 12 miles to Wintergreen Ski Resort and Stoney Creek golf, breweries and wineries Come enjoy family, friends and God's creation.",,https://ik.imagekit.io/OE/nelson-county/listings/kneeling-shepherd-image1_Uw6uGu8lr,"White farmhouse with porch, evening lighting, cloudy sky, surrounded by trees.",,https://ik.imagekit.io/OE/nelson-county/listings/kneeling-shepherd-image2_kQtAmT1tE,"Living room with brown leather sofas, fireplace, and large windows.",,,,,,,"Roseland, VA 22967",josh,,,https://www.google.com/maps/dir/?api=1&destination=Roseland%2C%20VA%2022967,Scenic Views; Cabins; Lodging; Appalachian Trail; Farm; Water Sports,false,https://www.google.com/maps/dir/?api=1&destination=Roseland%2C%20VA%2022967,Experience,"Relax with the family on 12 private acres at our peaceful new construction farmhouse. We're just 12 miles to Wintergreen Ski Resort and Stoney Creek golf, breweries and wineries. Three bedroom, tow and half bath with full kitchen and family room. Sleeps 8 (K,K,Q + daybed with trundle. ).",Menu & Offerings,"Come enjoy family, friends and God's creation. Magnificent views of Three Ridge, The Priest and the entire Religious Range. Relax in the hot tub around the fire pit or take in the views for the comfort of the farmhouse. Stargazing is outstanding. The 12 acre grounds will become the Kneeling Shepherd Christmas Tree Farm with the first planting in 24-25. Walk 1/2 mile down the country lane to the trout filled Tye River or drive 3 miles to the Appalachian Trail.",Events & Activities,*Lodging descriptions are provided by the host and not independently verified.,Contact & Location,"David Duncan, davideduncan84@hotmail. Com Staff on Site. No Pet-Friendly. No Find us at Roseland."
318,Kremer Cabin,kremer-cabin,Cabins & Cottages,stay,Faber,"Kremer Cabin is a Cape Cod on six acres with screened porch swings, two porch swings, and room for up to 12 guests surrounded by mountain views. Lovely Cape Cod surrounded by mountains on 6 acres. Spend time on the huge front porch (partially screened in) watching the deer while sitting on one of the two porch swings.",,https://ik.imagekit.io/OE/nelson-county/listings/kremer-cabin-image1_ZWFmIrxZP,Brown wooden house surrounded by trees behind a rustic wooden fence.,,https://ik.imagekit.io/OE/nelson-county/listings/kremer-cabin-image2_7bnrIxMzK,"Outdoor patio with fire pit, wicker furniture, swing, and lush greenery outside.",,,,,,,"Faber, VA 22938",josh,,,https://www.google.com/maps/dir/?api=1&destination=Faber%2C%20VA%2022938,Cabins; Scenic Views; Outdoor Seating; Lodging,false,https://www.google.com/maps/dir/?api=1&destination=Faber%2C%20VA%2022938,Experience,Lovely Cape Cod surrounded by mountains on 6 acres. Spend time on the huge front porch (partially screened in) watching the deer while sitting on one of the two porch swings.,Experience,Room for the whole family with accommodations up to 12 guests.,Events & Activities,*Lodging descriptions are provided by the host and not independently verified.,Contact & Location,"Mike Kremer, mike@mykremer. Com Staff on Site. No Pet-Friendly. No Find us at Faber."
319,Stewart's Place,stewarts-place,Whole House Rentals,stay,Faber,"Stewart's Place is a rustic, private retreat with spacious yard and homey comforts—ideal for guests seeking a quiet Faber getaway.",,https://ik.imagekit.io/OE/nelson-county/listings/stewart-s-place-image1_TIJ0wB_xf,"Small white house with black roof, porch, surrounded by trees.",,https://ik.imagekit.io/OE/nelson-county/listings/stewart-s-place-image2_2S4PBVrjx,"Gray sofa in cozy living room with rug, plants, and desk.",,,,,,,"Faber, VA 22938",josh,,,https://www.google.com/maps/dir/?api=1&destination=Faber%2C%20VA%2022938,Scenic Views; Cabins; Lodging,false,https://www.google.com/maps/dir/?api=1&destination=Faber%2C%20VA%2022938,Events & Activities,*Lodging descriptions are provided by the host and not independently verified.,Contact & Location,"Shedana Esdaile, stewartsplace422@gmail. Com Staff on Site. No Pet-Friendly. No Find us at Faber.",,,,
320,Boho Cliff House Retreat,boho-cliff-house-retreat,Whole House Rentals,stay,Wintergreen Resort,Boho Cliff House Retreat offers dramatic Blue Ridge views in a design-forward setting—ideal for couples or friends seeking a stylish mountain escape.,,https://ik.imagekit.io/OE/nelson-county/listings/boho-cliff-house-retreat-image1_L3zCUtUrE,"Outdoor deck with cozy seating and string lights, surrounded by trees.",,https://ik.imagekit.io/OE/nelson-county/listings/boho-cliff-house-retreat-image2_GsbtJb4yQ,"Spacious living room with large windows, brown furniture, and fireplace. Bright natural light.",,,,,,,"Roseland, VA 22967",josh,,,https://www.google.com/maps/dir/?api=1&destination=Roseland%2C%20VA%2022967,Retail; Scenic Views; Cabins; Lodging,false,https://www.google.com/maps/dir/?api=1&destination=Roseland%2C%20VA%2022967,Events & Activities,*Lodging descriptions are provided by the host and not independently verified.,Contact & Location,"Michael Hodges, hello@designsparkproperties. Com Staff on Site. No Pet-Friendly. No Find us at Wintergreen.",,,,
321,Airkey Boutique Rentals,airkey,Cabins & Cottages,stay,Afton,"Airkey Boutique Rentals curates charming nature-centric stays near Nelson 151 breweries, wineries, and hiking trails—visit myairkey.com for available suites. Looking for a cozy mountain hideaway. We offer the perfect getaway for adventure seekers and serenity lovers alike There’s something to do in Afton every season of the year.",,https://ik.imagekit.io/OE/nelson-county/listings/airkey-boutique-rentals-image1_cmGf9y1jA,"Modern kitchen with wooden beams, island, chairs, and stainless steel appliances.",,https://ik.imagekit.io/OE/nelson-county/listings/airkey-boutique-rentals-image2__RwGQDmNm6,"Wooden patio with metal furniture, open view of mountains and sky.",,,,,,(434) 466-6942,"Afton, VA 22920",WG,,,https://www.google.com/maps/dir/?api=1&destination=Afton%2C%20VA%2022920,Retail; Beer; Cabins; Lodging,false,https://www.google.com/maps/dir/?api=1&destination=Afton%2C%20VA%2022920,Experience,"Looking for a cozy mountain hideaway. we offer the perfect getaway for adventure seekers and serenity lovers alike. Whether you're hiking, climbing, kayaking or vineyard hopping let us be your home base for mountain magic.",Menu & Offerings,"*Lodging descriptions are provided by the host and not independently verified. Perfect for nature lovers and city explorers alike, our charming retreats offer a peaceful stay just minutes from local breweries, wineries, and hiking trails. Relax, unwind, and let the beauty of Virginia surround you. Wwwmyairkey. Com.",Contact & Location,Airkey +14344666942 Staff on Site. No Pet-Friendly. No Find us at Afton.,Events & Activities,There’s something to do in Afton every season of the year.
322,Three Ridge Retreat,three-ridge-retreat,Vacation Rentals,stay,Wintergreen Resort,"Three Ridge Retreat is a two-bedroom, two-bath dog-friendly Wintergreen condo within walking distance of slopes, restaurants, and resort trails.",,https://ik.imagekit.io/OE/nelson-county/listings/three-ridge-retreat-image1_nWA5bIf41j,"Cozy living room with white armchairs, fireplace, and decorative items on shelves.",,https://ik.imagekit.io/OE/nelson-county/listings/three-ridge-retreat-image2_5zTu74E-i,Stacked firewood beside a black fireplace on a gray stone mantel.,,,,,,,"Wintergreen Resort, Roseland, VA 22967",josh,,,https://www.google.com/maps/dir/?api=1&destination=Wintergreen%20Resort%2C%20Roseland%2C%20VA%2022967,Pet Friendly; Skiing; Resort,false,https://www.google.com/maps/dir/?api=1&destination=Wintergreen%20Resort%2C%20Roseland%2C%20VA%2022967,Experience,"Three Ridge Retreat is within walking distance to most amenities at the Resort including the ski slopes, restaurants, the Lodge and many of the trails.",Events & Activities,*Lodging descriptions are provided by the host and not independently verified.,Contact & Location,Justin Muchard Staff on Site. No Pet-Friendly. Yes Find us at Wintergreen.,,
323,Sunset Vista Villa,sunset-vista-villa,Whole House Rentals,stay,Roseland,"Sunset Vista Villa is a two-bedroom, two-bath Wintergreen condo with elevated first-floor views, ideal for sunset watching and family getaways. Welcome to Sunset Vista Villa, this stunning 2 bedroom, 2 bathroom retreat offers breathtaking views that stretch for miles.",,https://ik.imagekit.io/OE/nelson-county/listings/sunset-vista-villa-image1_1BgIsS1S4,Large house surrounded by bare trees and rocks under clear blue sky.,,https://ik.imagekit.io/OE/nelson-county/listings/sunset-vista-villa-image2_sR8bwvtW0X,"Cozy living room with fireplace, couches, TV, art, and warm lighting.",,,,,,,"Wintergreen Resort, Roseland, VA 22967",josh,,,https://www.google.com/maps/dir/?api=1&destination=Wintergreen%20Resort%2C%20Roseland%2C%20VA%2022967,Resort; Parking; Cabins; Lodging,false,https://www.google.com/maps/dir/?api=1&destination=Wintergreen%20Resort%2C%20Roseland%2C%20VA%2022967,Menu & Offerings,"Welcome to Sunset Vista Villa, this stunning 2 bedroom, 2 bathroom retreat offers breathtaking views that stretch for miles. Though located on the first floor, the Villa boast elevated second story views giving you the perfect vantage point to take in unforgettable sunsets.",Menu & Offerings,Unparalleled views. Despite being a first-floor unit. Sunset Vista Villa offers impressive second story views. Comfort and space with two bedrooms and two bathrooms the Villa is perfect for families and couples.,Events & Activities,*Lodging descriptions are provided by the host and not independently verified.,Contact & Location,Rebecca Precious Staff on Site. No Pet-Friendly. No Find us at Wintergreen Resort.
324,Arrowwood Lane,arrowwood-lane,Whole House Rentals,stay,Wintergreen Resort,"Arrowwood Lane is a four-bedroom Wintergreen home sleeping 10 with covered hot tub, dual living areas with fireplaces, deck, and central HVAC. There are two separate living areas, each with a fire place.",,https://ik.imagekit.io/OE/nelson-county/listings/arrowwood-lane-image1_danFDpnJe,"A-frame house with stone facade, surrounded by trees, gravel driveway.",,https://ik.imagekit.io/OE/nelson-county/listings/arrowwood-lane-image2_CnDTS-x1G,"Wooden kitchen interior with stainless steel appliances, black countertops, and ceiling beams.",,,,,,,"Wintergreen Resort, Roseland, VA 22967",josh,,,https://www.google.com/maps/dir/?api=1&destination=Wintergreen%20Resort%2C%20Roseland%2C%20VA%2022967,Outdoor Seating; Pet Friendly,false,https://www.google.com/maps/dir/?api=1&destination=Wintergreen%20Resort%2C%20Roseland%2C%20VA%2022967,Contact & Location,This is a 4 bedroom/Living Room/Dining/Kitchen house Sleeps 10. 3. 5 Baths. 1 Bath has a tub. Internet. Land phone line. Deck with covered hot tub. 2 Fireplaces Central HVAC.,Experience,"There are two separate living areas, each with a fire place.",Events & Activities,*Lodging descriptions are provided by the host and not independently verified.,Contact & Location,Joe Jernigan Staff on Site. No Pet-Friendly. Yes Find us at Wintergreen.
325,Winterhaven,winterhaven,Whole House Rentals,stay,Wintergreen Resort,"Winterhaven is a five-bedroom, 4.5-bath Wintergreen house half a mile from the lodge with updated interiors for large groups.",,https://ik.imagekit.io/OE/nelson-county/listings/winterhaven-image1_2nWZeI-Ga,"Wooden house surrounded by autumn trees, lit by bright sunlight.",,https://ik.imagekit.io/OE/nelson-county/listings/winterhaven-image2_yuq8VtqX-,"Cozy bedroom with quilted bedspread, wooden furniture, and ceiling fan.",,,,,,,"Wintergreen Resort, Roseland, VA 22967",josh,,,https://www.google.com/maps/dir/?api=1&destination=Wintergreen%20Resort%2C%20Roseland%2C%20VA%2022967,Scenic Views; Lodging,false,https://www.google.com/maps/dir/?api=1&destination=Wintergreen%20Resort%2C%20Roseland%2C%20VA%2022967,Experience,This is a 5 Bedroom/4. 5 Bath home. It is. 5 mile from the Lodge.,Events & Activities,*Lodging descriptions are provided by the host and not independently verified.,Contact & Location,Neal Beggan Staff on Site. No Pet-Friendly. No Find us at Wintergreen.,,
326,779 Blue Ridge Drive,779-blue-ridge-drive,Whole House Rentals,stay,Wintergreen Resort,"779 Blue Ridge Drive is a four-bedroom, 4.5-bath mountain home with hot tub, gas fireplace, and king beds in every suite, located four minutes from skiing. Four king suites, a bubbling hot tub, and a great room anchored by a stone fireplace make 779 Blue Ridge Drive a go-to for families who want to be on the slopes in under five minutes.",,https://ik.imagekit.io/OE/nelson-county/listings/779-blue-ridge-drive-image1_xIPDm9uIl,Wooden house surrounded by lush green trees and wooden railing.,,https://ik.imagekit.io/OE/nelson-county/listings/779-blue-ridge-drive-image2_-yIXfhkXl,"Cozy living room with brown sofas, stone fireplace, large windows, and TV.",,,,,,,"Wintergreen Resort, Roseland, VA 22967",josh,,,https://www.google.com/maps/dir/?api=1&destination=Wintergreen%20Resort%2C%20Roseland%2C%20VA%2022967,Seasonal Menu; Skiing; Scenic Views; Fuel; Pet Friendly,false,https://www.google.com/maps/dir/?api=1&destination=Wintergreen%20Resort%2C%20Roseland%2C%20VA%2022967,Experience,Beautiful 4 Bedroom/4. 5 Bath house. All the bedrooms have king size beds and TV's.,Experience,Hot tub. Sleeps 13. Seasonal Views. In the middle of 4 acres. 4 min to skiing. 2 Story fireplace with gas logs.,Events & Activities,*Lodging descriptions are provided by the host and not independently verified.,Contact & Location,779 Blue Ridge Drive Staff on Site. No Pet-Friendly. Yes Find us at Wintergreen.
327,Belties,belties,Coffee Shops,taste,Nellysford,"Belties is a farmhouse café pouring handcrafted coffee, 18-layer scratch biscuits, and seasonal fare with Blue Ridge views and grazing Belted Galloway cows. Escape the ordinary and enjoy the extraordinary. At Belties, we offer more than just hand-crafted coffee and 18-layer scratch biscuits—we offer an experience.",,https://ik.imagekit.io/OE/nelson-county/listings/belties-image1_KkVKcuyY5,"Red barn with white lettering, surrounded by green grass and blue sky.",,https://ik.imagekit.io/OE/nelson-county/listings/belties-image2_XwoNmwbjX,"Dessert with pastry, whipped cream, strawberries, and mint on wooden board.",,https://ik.imagekit.io/OE/nelson-county/listings/belties-image3_d4641Q6LvL,"Wooden bench with pillows, lantern, and sign on white shiplap wall.",,,(703) 989-0556,"2884 Rockfish Valley Highway, Nellysford, VA 22958",WG,,,https://www.google.com/maps/dir/?api=1&destination=2884%20Rockfish%20Valley%20Highway%2C%20Nellysford%2C%20VA%2022958,Bar; Cafe; Coffee; Farm; Scenic Views; Seasonal Menu; Tea,true,https://www.google.com/maps/dir/?api=1&destination=2884%20Rockfish%20Valley%20Highway%2C%20Nellysford%2C%20VA%2022958,,,,,,,,
328,Ski in Style At Sapphire Squirrel,ski-in-style-at-sapphire-squirrel,Whole House Rentals,stay,Wintergreen Resort,"Ski in Style at Sapphire Squirrel is a three-bedroom Wintergreen home steps from the slopes with fully equipped kitchen, dedicated workspace, deck, and gas grill for up to six guests. Sapphire Squirrel keeps skiers close to the action with a slope-side address, stocked kitchen, deck seating, and a dedicated workspace so you can sneak in remote hours between runs. Comfort, convenience and stunning mountain views.",,https://ik.imagekit.io/OE/nelson-county/listings/ski-in-style-at-sapphire-squirrel-image1_WUGk-MjNJ,Elevated white cabin surrounded by dense green forest trees.,,https://ik.imagekit.io/OE/nelson-county/listings/ski-in-style-at-sapphire-squirrel-image2_EK-9dLGZt,"Cozy living room with leather sofa, large windows, and decorative rug.",,,,,,,"Wintergreen Resort, Roseland, VA 22967",josh,,,https://www.google.com/maps/dir/?api=1&destination=Wintergreen%20Resort%2C%20Roseland%2C%20VA%2022967,Scenic Views; Fuel; Full Kitchen; Outdoor Seating; Parking; Lodging,false,https://www.google.com/maps/dir/?api=1&destination=Wintergreen%20Resort%2C%20Roseland%2C%20VA%2022967,Menu & Offerings,"Adventure awaits at The Sapphire Squirrel in Wintergreen Resort. Located on Squirrel Tree Lane our cozy 3 bedroom home is just steps from the slopes and offers space for up to 6 guests. Enjoy a fully equipped kitchen dedicated workspace, gas grill, and deck for outdoor relaxation. Whether you're here for skiing, hiking, golfing, or enjoying local craft beverages, adventure is right outside your door.",Information,"Comfort, convenience and stunning mountain views. Book your stay today.",Events & Activities,*Lodging descriptions are provided by the host and not independently verified.,Contact & Location,Sherri-Lyn Whitfield Staff on Site. No Pet-Friendly. No Find us at Wintergreen.
329,The Retreat at Three Ridges,the-retreat-at-three-ridges,Whole House Rentals,stay,Wintergreen Resort,"The Retreat at Three Ridges is a Scandinavian-inspired Wintergreen condo just a three-minute walk from the slopes, featuring a modern aesthetic, cozy fireplace with provided wood, well-stocked kitchen, and relaxing outdoor space. Scandi style meets mountain coziness at The Retreat at Three Ridges, where wood-burning fires, a sleek kitchen, and a quick three-minute stroll deliver you to Wintergreen's lifts.",,https://ik.imagekit.io/OE/nelson-county/listings/the-retreat-at-three-ridges-image1_jm1zHFdXu,"Modern kitchen with white cabinets, island, and black stools, overlooking balcony.",,https://ik.imagekit.io/OE/nelson-county/listings/the-retreat-at-three-ridges-image2_MvonG0ZX_J,"Cozy living room with fireplace, gray sofa, light wood floor, minimal decor.",,,,,,,"Wintergreen Resort, Roseland, VA 22967",josh,,,https://www.google.com/maps/dir/?api=1&destination=Wintergreen%20Resort%2C%20Roseland%2C%20VA%2022967,Scenic Views; Lodging; Outdoor Seating; Full Kitchen; Parking; Cabins,false,https://www.google.com/maps/dir/?api=1&destination=Wintergreen%20Resort%2C%20Roseland%2C%20VA%2022967,,,,,,,,
330,Wintergreen Condo 1437 Highlands,wintergreen-condo-1437-highlands,Whole House Rentals,stay,Wintergreen Resort,"Wintergreen Condo 1437 Highlands is a ski-in/ski-out Highlands building condo showcasing incredible views and modern finishes steps from resort amenities. Highlands 1437 offers true ski-in/ski-out access plus sweeping valley vistas, making the refreshed condo a smart pick for guests who want modern finishes right above the slopes. The resort is found on the Sunrise Side of the Blue Ridge Mountains and is conveniently located close to Charlottesville, Staunton, Lynchburg, and Waynesboro. It’s only a three-hour drive from Washington, D If you’re lucky enough to be traveling in Nelson in the springtime, take the Nelson Scenic Loop on your way to Wintergreen Resort.",,https://ik.imagekit.io/OE/nelson-county/listings/wintergreen-condo-1437-highlands-image1_B9we_8sYO,"Cozy living room with brown sofa, wooden table, large windows showing scenic view.",,https://ik.imagekit.io/OE/nelson-county/listings/wintergreen-condo-1437-highlands-image2_shyvdLeQR,"Bedroom with blue bed, wooden floor, fireplace, and large window.",,,,,,,"Wintergreen Resort, Roseland, VA 22967",josh,,,https://www.google.com/maps/dir/?api=1&destination=Wintergreen%20Resort%2C%20Roseland%2C%20VA%2022967,Skiing; Scenic Views; Cabins; Lodging,false,https://www.google.com/maps/dir/?api=1&destination=Wintergreen%20Resort%2C%20Roseland%2C%20VA%2022967,Events & Activities,*Lodging descriptions are provided by the host and not independently verified.,Contact & Location,Chad Barbour Staff on Site. Yes Pet-Friendly. No Find us at Wintergreen.,Experience,"The resort is found on the Sunrise Side of the Blue Ridge Mountains and is conveniently located close to Charlottesville, Staunton, Lynchburg, and Waynesboro. It’s only a three-hour drive from Washington, D. C. As well. Spend the day at and near Wintergreen Resort any time of the year. If you’re looking for an overnight trip, there are plenty of options. Spend the night at the resort, at one of Nelson’s many lodging options.",Menu & Offerings,"If you’re lucky enough to be traveling in Nelson in the springtime, take the Nelson Scenic Loop on your way to Wintergreen Resort. Buds will bloom and light spring greens will seem to appear before your eyes as winter warms up and undergoes its yearly vanishing act. As you traverse the pleasant roadways of Nelson, you’ll notice historic, natural, and cultural attractions along the way. The Nelson Scenic Loop is 50 miles long and made up of Route 151, Route 664, the Blue Ridge Parkway, and Route."
331,Time Out,time-out,Whole House Rentals,stay,Wintergreen Resort,"Time Out is a pet-friendly Wintergreen escape sleeping seven with hot tub, fast Wi-Fi, smart TVs, and three queen bedrooms plus single sofa bed. Time Out combines hot tub soaks, fiber Wi-Fi, and three queen suites with pet-friendly policies, creating a flexible Wintergreen base for blended work-and-play trips. ★Comfortably sleeps 7: Q, Q, Q, single sofa ★Hot Tub ★FAST Wi-Fi ★Smart TVs ★Ms. PAC-MAN arcade ★Deck ★Grill ★Pack n'play ★Highchair. Activities are endless: apple picking, breweries/wineries, hiking, lake, horseback riding, golf, tennis, skiiing.",,https://ik.imagekit.io/OE/nelson-county/listings/time-out-image1_WA5ToIiMM,Cabin with red chairs on porch surrounded by autumn trees and fallen leaves.,,https://ik.imagekit.io/OE/nelson-county/listings/time-out-image2_hNPstmersg,"Wooden kitchen with stainless steel appliances, granite countertops, and bright overhead lighting.",,,,,,,"Wintergreen Resort, Roseland, VA 22967",josh,,,https://www.google.com/maps/dir/?api=1&destination=Wintergreen%20Resort%2C%20Roseland%2C%20VA%2022967,Wi-Fi; Scenic Views; Pet Friendly,false,https://www.google.com/maps/dir/?api=1&destination=Wintergreen%20Resort%2C%20Roseland%2C%20VA%2022967,Experience,"★Comfortably sleeps 7: Q, Q, Q, single sofa ★Hot Tub ★FAST Wi-Fi ★Smart TVs ★Ms. PAC-MAN arcade ★Deck ★Grill ★Pack n'play ★Highchair.",Experience,"Walk to trails. Activities are endless: apple picking, breweries/wineries, hiking, lake, horseback riding, golf, tennis, skiiing. Take a peaceful morning walk on path across the street from the cabin. One mile to Founder's Overlook and amazing sunrises.",Events & Activities,*Lodging descriptions are provided by the host and not independently verified.,Contact & Location,Nancy Oates Staff on Site. No Pet-Friendly. Yes Find us at Wintergreen.
332,Cub Creek Cabin,cub-creek-cabin,Cabins & Cottages,stay,Roseland,"Cub Creek Cabin is a secluded two-bedroom rustic retreat minutes from Devils Backbone, Wintergreen Ski Resort, Appalachian Trail, and Blue Ridge Parkway with porch views of Three Ridges and a spring-fed creek soundtrack. Fall asleep to the sound of a spring-fed creek at Cub Creek Cabin, a two-bedroom hideaway perfectly positioned between Devils Backbone, the Appalachian Trail, and the Parkway.",,https://ik.imagekit.io/OE/nelson-county/listings/cub-creek-cabin-image1_h6q1evBln,Wooden cabin with porch surrounded by dense green forest. Sunlit exterior.,,https://ik.imagekit.io/OE/nelson-county/listings/cub-creek-cabin-image2_bRRxtVEEsJ,"Cozy living room with fireplace, wooden table, chairs, bookshelves, and large window.",,,,,,,"Roseland, VA 22967",josh,,,https://www.google.com/maps/dir/?api=1&destination=Roseland%2C%20VA%2022967,Cabins; Outdoor Seating; Scenic Views; Lodging; Appalachian Trail,false,https://www.google.com/maps/dir/?api=1&destination=Roseland%2C%20VA%2022967,Experience,"Secluded cozy cabin located only minutes away from Devils Backbone, Wintergreen Ski Resort, the Appalachian Trail, and the Blue Ridge Parkway. This two bedroom cabin is a perfect rustic retreat at the end of a day spent exploring Nelson County.",Experience,Views of Three Ridges from the porch. Spring water. Sounds of spring fed creek from the porch.,Events & Activities,*Lodging descriptions are provided by the host and not independently verified.,Contact & Location,Jacob Keeler Staff on Site. No Pet-Friendly. No Find us at Roseland.
333,Tyebello Cabins,tyebello-cabins,Cabins & Cottages,stay,Montebello,"Tyebello Cabins offer pet-friendly lodging with kitchen, free Wi-Fi, and air conditioning for Blue Ridge travelers seeking simple comforts near Tyro. Simple, pet-friendly stays define Tyebello Cabins—each unit comes with Wi-Fi, full kitchen, and AC, giving Blue Ridge travelers a comfortable launch point near Tyro. Kitchen Free Wi-Fi Pet friendly Air conditioning Mountain views. Great hiking off Blue Ridge Parkway, Appalachian Trail and on our property itself.",,https://ik.imagekit.io/OE/nelson-county/listings/tyebello-cabins-image1_v7ATLrmSv,"Two green chairs by fire pit, overlooking stream and trees.",,https://ik.imagekit.io/OE/nelson-county/listings/tyebello-cabins-image2_5RkKGEK6p,"Glass shower enclosure reflecting wood-paneled wall, mirror, and sink with faucet.",,,,,,,"Tyro, VA 22976",josh,,,https://www.google.com/maps/dir/?api=1&destination=Tyro%2C%20VA%2022976,Wi-Fi; Pet Friendly; Lodging; Cabins; Full Kitchen; Scenic Views,false,https://www.google.com/maps/dir/?api=1&destination=Tyro%2C%20VA%2022976,Experience,Kitchen Free Wi-Fi Pet friendly Air conditioning Mountain views.,Information,"Great hiking off Blue Ridge Parkway, Appalachian Trail and on our property itself. Wineries, breweries, distilleries, Crabtree Falls all nearby. Piney River biking trail 25 minutes away. Peaceful rural setting right on North Fork of Tye River. Sit by the fire pit and grill your foot right there. Away from everything bi5 high speed internet and streaming services at your fingertips. Pets permitted.",Events & Activities,*Lodging descriptions are provided by the host and not independently verified.,Contact & Location,Jerry Bowman Staff on Site. Yes Pet-Friendly. Yes Find us at Montebello.
334,Glass & Pine,glass-pine,Cabins & Cottages,stay,Nellysford,"Glass & Pine is a modern two-bedroom, two-bath home on five acres in Nellysford featuring mountain views, wood stove, loft, and close proximity to Bold Rock and Devils Backbone. Glass & Pine sits on five open acres near Nellysford, wrapping guests in mountain panoramas, a cozy woodstove, and a lofted design moments from Bold Rock and Devils Backbone. The house is located on 5 acres in a neighborhood with homes spaciously set apart from another and very wooded. Nestled in the breathtaking Blue Ridge Mountains of Nellysford, VA, this newly built contemporary home is perfect for nature lovers, families, and friends.",,https://ik.imagekit.io/OE/nelson-county/listings/glass-pine-image1_cAuZONr-w,"Modern cabin with large windows in snowy woodland setting, clear blue sky.",,https://ik.imagekit.io/OE/nelson-county/listings/glass-pine-image2_RB2rG0JRn7,"Spacious living room with couch, wooden table, and large windows with scenic views.",,,,,,,"Nellysford, VA 22958",josh,,,https://www.google.com/maps/dir/?api=1&destination=Nellysford%2C%20VA%2022958,Scenic Views; Beer; Cabins; Lodging,false,https://www.google.com/maps/dir/?api=1&destination=Nellysford%2C%20VA%2022958,About,4' high. The house is located on 5 acres in a neighborhood with homes spaciously set apart from another and very wooded.,Menu & Offerings,"Nestled in the breathtaking Blue Ridge Mountains of Nellysford, VA, this newly built contemporary home is perfect for nature lovers, families, and friends. Just one mile from Bold Rock Cidery and Devils Backbone Brewery, and central to Wintergreen Resort and local wineries, it offers easy access to outdoor adventures. Relax on the deck with stunning mountain views or cozy up by the wood stove. Glass & Pine is the ideal retreat for making lasting memories.",Events & Activities,*Lodging descriptions are provided by the host and not independently verified.,Contact & Location,Mark Jeschke Staff on Site. No Pet-Friendly. No Find us at Nellysford.
335,Wintergreen 19 Ivy Glen Lane,wintergreen-19-ivy-glen-lane,Vacation Rentals,stay,Wintergreen Resort,"Wintergreen 19 Ivy Glen Lane is a four-bedroom, 3.5-bath end-unit townhouse with two-car garage, steps from shuttle stop, spa, pools, golf, tennis, and hiking. 19 Ivy Glen Lane brings townhouse convenience to Wintergreen—four bedrooms, 3.5 baths, two-car garage, and front-door access to shuttles, spa amenities, pools, golf, and tennis. Lovingly-maintained furnished 4BR/3. 5BA end-unit townhouse with 2-car garage in the four-seasons Wintergreen Resort. Close to the spa, pools and hot tubs; tennis, golf, and great hikes. Shuttle stop to lifts is 40 steps away.",,https://ik.imagekit.io/OE/nelson-county/listings/wintergreen-19-ivy-glen-lane-image1_M8YMHOmi7N,"Modern brown house with large windows, driveway, and white SUV parked outside.",,https://ik.imagekit.io/OE/nelson-county/listings/wintergreen-19-ivy-glen-lane-image2_Lirrcwn4D,"Modern kitchen with granite countertops, stainless steel appliances, and two bar stools.",,,,,,,"Wintergreen Resort, Roseland, VA 22967",josh,,,https://www.google.com/maps/dir/?api=1&destination=Wintergreen%20Resort%2C%20Roseland%2C%20VA%2022967,Resort; Pool; Pet Friendly; Spa; Golf,false,https://www.google.com/maps/dir/?api=1&destination=Wintergreen%20Resort%2C%20Roseland%2C%20VA%2022967,Experience,Lovingly-maintained furnished 4BR/3. 5BA end-unit townhouse with 2-car garage in the four-seasons Wintergreen Resort.,Experience,"Close to the spa, pools and hot tubs; tennis, golf, and great hikes. Shuttle stop to lifts is 40 steps away.",Events & Activities,*Lodging descriptions are provided by the host and not independently verified.,Contact & Location,Christine Baker Staff on Site. No Pet-Friendly. Yes Find us at Wintergreen.
336,The Brown Bear Lodge,the-brown-bear-lodge,Whole House Rentals,stay,Wintergreen Resort,"The Brown Bear Lodge is a renovated three-bedroom, 2.5-bath Wintergreen house within walking distance of resort core, featuring bunk room, original stone fireplace, gas fireplace, grill, and fire pit. The Brown Bear Lodge blends classic and contemporary with its original stone fireplace, bunk room, gas stove, and outdoor fire pit all within walking distance of the resort core.",,https://ik.imagekit.io/OE/nelson-county/listings/the-brown-bear-lodge-image1_MNgHSMy6u,"Green house with wooden deck in forest, surrounded by leafless trees.",,https://ik.imagekit.io/OE/nelson-county/listings/the-brown-bear-lodge-image2_WFvplR59eU,"Modern kitchen with white cabinets, wooden island, stools, and stainless steel appliances.",,,,,,,"Wintergreen Resort, Roseland, VA 22967",josh,,,https://www.google.com/maps/dir/?api=1&destination=Wintergreen%20Resort%2C%20Roseland%2C%20VA%2022967,Family Friendly; Fuel; Resort; Lodging,false,https://www.google.com/maps/dir/?api=1&destination=Wintergreen%20Resort%2C%20Roseland%2C%20VA%2022967,,,,,,,,
337,Mountain Home in Nelson County,mountain-home-in-nelson-county,Cabins & Cottages,stay,Faber,"Mountain Home in Nelson County offers quiet mountain views 10 minutes from Pippin Hill Winery and 30 minutes to Wintergreen, ideal for Charlottesville-area wine getaways. This Nelson County mountain home keeps wine lovers close to Pippin Hill and Charlottesville while promising peaceful deck views and a private setting for recovery days. Nelson County has something for everyone. Click on the badges below to explore options for your visit.",,https://ik.imagekit.io/OE/nelson-county/listings/mountain-home-in-nelson-county-image1_IxXLR3b9jm,"Wooden stairs and black door entrance, white walls, brown shutters, potted plants.",,https://ik.imagekit.io/OE/nelson-county/listings/mountain-home-in-nelson-county-image2_FTxe4AMlvU,"Modern kitchen with island, wooden beams, barstools, pendant lights, and outdoor view.",,,,,,,"North Garden, VA 22959",josh,,,https://www.google.com/maps/dir/?api=1&destination=North%20Garden%2C%20VA%2022959,Scenic Views; Wine; Cabins; Lodging; Tastings,false,https://www.google.com/maps/dir/?api=1&destination=North%20Garden%2C%20VA%2022959,Events & Activities,*Lodging descriptions are provided by the host and not independently verified.,Contact & Location,Carl Breiner Staff on Site. No Pet-Friendly. No Find us at Faber.,Experience,Nelson County has something for everyone. Click on the badges below to explore options for your visit.,,
338,Spy Run Hideaway,spy-run-hideaway,Cabins & Cottages,stay,Wintergreen Resort,"Spy Run Hideaway is a secluded three-bedroom, two-bath cabin on 17 acres that sleeps eight, providing a quiet base for Blue Ridge exploration. Spy Run Hideaway spreads out over 17 wooded acres, giving the three-bedroom, two-bath cabin room for hammocks, wildlife watching, and unplugged evenings after Blue Ridge adventures. 3 bedroom, 2 full bath, sleeps 8, on 17 acres. Secluded quiet and relaxing area.",,https://ik.imagekit.io/OE/nelson-county/listings/spy-run-hideaway-image1_SR1H-tiDB,House with wooden porch surrounded by green lawn and trees.,,https://ik.imagekit.io/OE/nelson-county/listings/spy-run-hideaway-image2_QnJSRmXM0,"Cozy living room with gray couches, wooden table, and maroon accent wall.",,,,,,,"Roseland, VA 22967",josh,,,https://www.google.com/maps/dir/?api=1&destination=Roseland%2C%20VA%2022967,Scenic Views; Pet Friendly; Full Kitchen,false,https://www.google.com/maps/dir/?api=1&destination=Roseland%2C%20VA%2022967,Experience,"3 bedroom, 2 full bath, sleeps 8, on 17 acres. Secluded quiet and relaxing area.",Events & Activities,*Lodging descriptions are provided by the host and not independently verified.,Contact & Location,Frank Lehner Staff on Site. Yes Pet-Friendly. Yes Find us at Vesuvius.,,
339,Love of Mountains Oh Fill My Cup,love-of-mountains-oh-fill-my-cup,Whole House Rentals,stay,Wintergreen Resort,"Love of Mountains Oh Fill My Cup is a modern third-floor two-bedroom condo with upgraded kitchen, private golf course views, and access to public/community pools at Wintergreen. Relax with the whole family at this peaceful place to stay. Let the mountains fill your cup and the fire warm your heart.",,https://ik.imagekit.io/OE/nelson-county/listings/love-of-mountains-oh-fill-my-cup-image1_IeSxTT1aBT,"Tall beige house with multiple balconies, surrounded by trees and greenery.",,https://ik.imagekit.io/OE/nelson-county/listings/love-of-mountains-oh-fill-my-cup-image2_7bJGndeuCM,"Modern living room with fireplace, kitchen island, and sliding glass doors to balcony.",,,,,,,"Wintergreen Resort, Roseland, VA 22967",josh,,,https://www.google.com/maps/dir/?api=1&destination=Wintergreen%20Resort%2C%20Roseland%2C%20VA%2022967,Golf; Full Kitchen; Cabins; Lodging; Swimming Pool,false,https://www.google.com/maps/dir/?api=1&destination=Wintergreen%20Resort%2C%20Roseland%2C%20VA%2022967,Experience,Relax with the whole family at this peaceful place to stay. Let the mountains fill your cup and the fire warm your heart. Both beds are queen size. The Condo is less than 5 minutes by car to the ski lodge parking lot. (Wintergreen Club amenities are not transferrable to airbnb guests. ).,Experience,"Modern and spacious third-floor condominium with upgraded kitchen. Private golf course views. Guests have access to two public/community pools: Chestnut Springs (upper Wintergreen) and also Rhodes Farm (lower Wintergreen/Nellysford, as well as nearby Lake Sherando.",Events & Activities,*Lodging descriptions are provided by the host and not independently verified.,Contact & Location,J. Crain Staff on Site. No Pet-Friendly. No Find us at Wintergreen.
340,Marigold on the Mountain,marigold-on-the-mountain,Whole House Rentals,stay,Wintergreen Resort,"Marigold on the Mountain is a five-bedroom, four-bath Wintergreen home sleeping 14 with hot tub, cedar barrel sauna, two-tier deck with fire pit, and separate game room. Marigold on the Mountain was built for big groups—five bedrooms, four baths, a hot tub, cedar barrel sauna, two-tier deck with fire pit, and a separate game room handle up to 14 guests in style.",,https://ik.imagekit.io/OE/nelson-county/listings/marigold-on-the-mountain-image1_yac4pWcIy,Outdoor hot tub with bubbles and glowing lights under a wooden canopy.,,https://ik.imagekit.io/OE/nelson-county/listings/marigold-on-the-mountain-image2_THfCTqEMZ,"Spacious living room with stone fireplace, large windows, and modern furniture.",,,,,,,"Wintergreen Resort, Roseland, VA 22967",josh,,,https://www.google.com/maps/dir/?api=1&destination=Wintergreen%20Resort%2C%20Roseland%2C%20VA%2022967,Outdoor Seating; Pet Friendly,false,https://www.google.com/maps/dir/?api=1&destination=Wintergreen%20Resort%2C%20Roseland%2C%20VA%2022967,Hours & Information,"The house has 5 bedrooms, 4 bath, and sleeps 14. Marigold features a hot tub and cedar barrel sauna on the lower deck, and a propane fire pit plus dining for 10 on the upper deck. Inside, you'll love the soaring ceiling with a light-drenched open concept living room / dining / kitchen. A separate living room / game room downstairs can double as a 6th bedroom. Plus, pet friendly.",Experience,"Marigold is Find us at the heart of beautiful Wintergreen in Virginia, which has tons to do for all ages, year-round. we're just a few minutes’ drive to the slopes and all the dining and entertainment at Wintergreen. Some of the best hiking trails in the state are off the Blue Ridge Parkway (15 minutes from the home), plus there are other great trails just down the street. Also nearby are two sandy-beach-entrance lakes plus a community pool for swimming, and over dozen wineries, breweries, and.",Events & Activities,*Lodging descriptions are provided by the host and not independently verified.,Contact & Location,Crystal Allen Staff on Site. No Pet-Friendly. Yes Find us at Wintergreen.
341,Top of The Mountain Hideaway,top-of-the-mountain-hideaway,Whole House Rentals,stay,Wintergreen Resort,"Top of The Mountain Hideaway is a three-bedroom, three-bath Wintergreen home near the Mountain Inn featuring hot tub, shuffleboard table, and easy access to wineries and breweries. Top of The Mountain Hideaway places you near the Mountain Inn yet still feels private, thanks to a hot tub deck, shuffleboard lounge, and three bedrooms with en-suite baths.",,https://ik.imagekit.io/OE/nelson-county/listings/top-of-the-mountain-hideaway-image1_Zf0QHLEUu,Wooden A-frame house surrounded by lush green trees and mist.,,https://ik.imagekit.io/OE/nelson-county/listings/top-of-the-mountain-hideaway-image2_AQER_PUCe5,"Rustic living room with wooden ceiling, floral couch, large windows, and chandelier.",,,,,,,"Wintergreen Resort, Roseland, VA 22967",josh,,,https://www.google.com/maps/dir/?api=1&destination=Wintergreen%20Resort%2C%20Roseland%2C%20VA%2022967,Scenic Views; Lodging; Pet Friendly; Beer,false,https://www.google.com/maps/dir/?api=1&destination=Wintergreen%20Resort%2C%20Roseland%2C%20VA%2022967,Experience,Private beautiful house near the top of Wintergreen with a hot tub. Located one mile from the Mountain Inn. Enjoy the shuffleboard table after skiing or hiking. Very close to multiple wineries and breweries. House has 3 bedrooms and 3 bathx.,Events & Activities,*Lodging descriptions are provided by the host and not independently verified.,Contact & Location,Jill Sandoval Staff on Site. No Pet-Friendly. Yes Find us at Wintergreen.,,
342,On The Rocks,on-the-rocks,Cabins & Cottages,stay,Wintergreen Resort,"On The Rocks is a three-bedroom, two-bath A-frame less than two miles from Wintergreen Ski Lodge with flat driveway access and dog-friendly policies. On The Rocks brings A-frame charm to the Wintergreen corridor, delivering dog-friendly stays, flat driveway access, and a location less than two miles from the ski lodge.",,https://ik.imagekit.io/OE/nelson-county/listings/on-the-rocks-image1_TKRsUl-HN,Warmly lit cabin porch nestled in dark forest setting at dusk.,,https://ik.imagekit.io/OE/nelson-county/listings/on-the-rocks-image2_mlZZPZ20e,"Cozy living room, black sofa, colorful rug, wood stove, large windows.",,,,,,,"Wintergreen Resort, Roseland, VA 22967",josh,,,https://www.google.com/maps/dir/?api=1&destination=Wintergreen%20Resort%2C%20Roseland%2C%20VA%2022967,Pet Friendly; Parking; Full Kitchen,false,https://www.google.com/maps/dir/?api=1&destination=Wintergreen%20Resort%2C%20Roseland%2C%20VA%2022967,Experience,3 BR/ 2 BA - A frame less than 2 miles from the Ski Lodge in Wintergreen.,Events & Activities,*Lodging descriptions are provided by the host and not independently verified.,Contact & Location,Elise Dunton Staff on Site. No Pet-Friendly. Yes Find us at Wintergreen.,,
343,Our Mountain Getaway,our-mountain-getaway,Whole House Rentals,stay,Wintergreen Resort,"Our Mountain Getaway is a six-bedroom, 5.5-bath Wintergreen home overlooking the 12th hole with expansive views, ideal for large groups. Our Mountain Getaway overlooks the 12th hole and packs six bedrooms plus 5.5 baths, giving large families plenty of elbow room and panoramic valley views. Great view on the 12th hole of the golf course at Wintergreen Resort.",,https://ik.imagekit.io/OE/nelson-county/listings/our-mountain-getaway-image1_QQ7tsWytv,"Large house with steep gables, surrounded by trees, sunny day.",,https://ik.imagekit.io/OE/nelson-county/listings/our-mountain-getaway-image2_QjleEHkdu,"Spacious living room with stone fireplace, leather couch, and large windows showing trees.",,,,,,,"Wintergreen Resort, Roseland, VA 22967",josh,,,https://www.google.com/maps/dir/?api=1&destination=Wintergreen%20Resort%2C%20Roseland%2C%20VA%2022967,Golf; Lodging,false,https://www.google.com/maps/dir/?api=1&destination=Wintergreen%20Resort%2C%20Roseland%2C%20VA%2022967,Experience,Great view on the 12th hole of the golf course at Wintergreen Resort.,Events & Activities,*Lodging descriptions are provided by the host and not independently verified.,Contact & Location,Craig Zeigler Staff on Site. No Pet-Friendly. No Find us at Wintergreen.,,
344,Rockfish Cabin,rockfish-cabin,Cabins & Cottages,stay,Faber,"Rockfish Cabin is a three-level post-and-beam retreat on 13 wooded acres with granite kitchen, wraparound porch, and a riverside clearing with Adirondack chairs and fire pit. Rockfish Cabin layers a granite chef's kitchen, wraparound porch, and riverside clearing with fire pit across 13 wooded acres—ideal for guests who want privacy without sacrificing comfort. Main level boasts sliding glass doors to generous porch, well-stocked kitchen (granite countertops, gas stove), gas fireplace, comfortable seating, farm table, twin bedroom and luxurious bath. Beautiful cabin -13 acre wooded hillside along Rockfish River. Home provides a wonderful blend of modern comfort (high speed internet, updated kitchen) in a rustic exposed post and beam cabin; 3 floors of living spaces allow options for gathering, working, playing together but also apart.",,https://ik.imagekit.io/OE/nelson-county/listings/rockfish-cabin-image1_84_d29dwaB,"Wooden cabin with green roof, surrounded by trees and lush greenery.",,https://ik.imagekit.io/OE/nelson-county/listings/rockfish-cabin-image2_X0BibehzI,"Cozy wooden cabin interior with leather couch, staircase, and kitchen area.",,,,,,,"Afton, VA 22920",josh,,,https://www.google.com/maps/dir/?api=1&destination=Afton%2C%20VA%2022920,Cabins; Fuel; Full Kitchen; Outdoor Seating; Lodging; Water Sports; Fishing,false,https://www.google.com/maps/dir/?api=1&destination=Afton%2C%20VA%2022920,Hours & Information,"Main level boasts sliding glass doors to generous porch, well-stocked kitchen (granite countertops, gas stove), gas fireplace, comfortable seating, farm table, twin bedroom and luxurious bath. Top level has its own living space - perfect for reading, game playing, or even cocktails. Master bedroom with upscale full bath and Juliet balcony. Bottom level has its own entrance and two large bedrooms - one with queen bed, the other with bunk beds, sofa and large TV with DVD and gaming system.",Experience,"Beautiful cabin -13 acre wooded hillside along Rockfish River. Home provides a wonderful blend of modern comfort (high speed internet, updated kitchen) in a rustic exposed post and beam cabin; 3 floors of living spaces allow options for gathering, working, playing together but also apart. Sliding glass doors lead to a large wrap around porch with gas grill, dining table, plenty of seating and a tree level view of the natural setting and wildlife. So much to explore on the property and nearby.",Events & Activities,*Lodging descriptions are provided by the host and not independently verified.,Contact & Location,Mary Battle Staff on Site. No Pet-Friendly. No Find us at Faber.
345,Blue Ridge Cabin,blue-ridge-cabin,Cabins & Cottages,stay,Roseland,"Blue Ridge Cabin is a four-bedroom mountain escape on two private acres at the base of Route 151 with two kitchens, 2 king beds, and quick access to breweries, hikes, and Wintergreen. Blue Ridge Cabin stretches across two private acres at the base of Route 151, offering two kitchens, dual king suites, and instant access to breweries, hiking, and Wintergreen. Enjoy a memorable getaway at this cabin with mountain views with 3 floors of living & entertaining space, 4 bedrooms, 6 beds ( 2 kings), 3 bathrooms & 2 kitchens at the base of the mountain on the “Rt. 151 Brew Ridge Trail” A mountain vaca in this fun bear-themed cabin on 2 private acres, tucked away yet close to it all.",,https://ik.imagekit.io/OE/nelson-county/listings/blue-ridge-cabin-image1_rQ-5AuQor,"Wooden cabin with deck, surrounded by trees, chairs, and firepit in yard.",,https://ik.imagekit.io/OE/nelson-county/listings/blue-ridge-cabin-image2_FjLMY_7oV,"Wooden cabin interior with plush seats, stairway, round table, and chandelier lighting.",,,,,,,"Roseland, VA 22967",josh,,,https://www.google.com/maps/dir/?api=1&destination=Roseland%2C%20VA%2022967,Scenic Views; Cabins; Lodging; Hiking; Beer,false,https://www.google.com/maps/dir/?api=1&destination=Roseland%2C%20VA%2022967,Experience,"Enjoy a memorable getaway at this cabin with mountain views with 3 floors of living & entertaining space, 4 bedrooms, 6 beds ( 2 kings), 3 bathrooms & 2 kitchens at the base of the mountain on the “Rt. 151 Brew Ridge Trail”. You’ll be able to soak in the natural beauty of the Blue Ridge Mountains on 2 private acres while being close to all the fun.",Information,"A mountain vaca in this fun bear-themed cabin on 2 private acres, tucked away yet close to it all. Enjoy 12+ wineries & breweries just 15mins away, 1/2 mi to Devils Backbone Brewery, 1 mi to Bold Rock Cider, 10 mins to the App Trail, Shenandoah Nat. Park & Wintergreen Ski Resort. The must see spots are so close that Visitors can see it all.",Events & Activities,*Lodging descriptions are provided by the host and not independently verified.,Contact & Location,Daniel Mais Staff on Site. No Pet-Friendly. No Find us at Roseland.
346,Wintergreen Duplex,wintergreen-duplex,Whole House Rentals,stay,Wintergreen Resort,"Wintergreen Duplex is a three-floor, four-bedroom, 3.5-bath townhome with wood-burning fireplace, back deck, laundry, and shuttle access across from the spa. Across from the Wintergreen Spa, Wintergreen Duplex stacks three floors, four bedrooms, and 3.5 baths into a townhome with a wood-burning hearth, back deck, laundry, and front-door shuttle access.",,https://ik.imagekit.io/OE/nelson-county/listings/wintergreen-duplex-image1_s8r0SUoXj,Gray house with wooden stairs surrounded by colorful autumn trees.,,https://ik.imagekit.io/OE/nelson-county/listings/wintergreen-duplex-image2_Ohf82pn4p,"Cozy living room with leather furniture, large windows, and a fireplace.",,,,,,,"Wintergreen Resort, Roseland, VA 22967",josh,,,https://www.google.com/maps/dir/?api=1&destination=Wintergreen%20Resort%2C%20Roseland%2C%20VA%2022967,Outdoor Seating; Scenic Views; Spa; Lodging,false,https://www.google.com/maps/dir/?api=1&destination=Wintergreen%20Resort%2C%20Roseland%2C%20VA%2022967,Experience,"Duplex with 3 floors with 4 BR & 3. 5 BA. Wood Burning fireplace, back deck, full size washer and dryer. Close to everything. Short walk to either overlook for magnificent sunsets and sunrises & great hiking trails. Across the street from the Spa & Fitness Center and free shuttle to the base & Mountain Inn.",Contact & Location,"2 full size couches in the living room, foosball table upstairs. Great location. Great floor plan.",Events & Activities,*Lodging descriptions are provided by the host and not independently verified.,Contact & Location,Emily Piacentino Staff on Site. No Pet-Friendly. No Find us at Wintergreen.
347,Sunrise on the Trail,sunrise-on-the-trail,Cabins & Cottages,stay,Afton,"Sunrise on the Trail is a renovated home with modern kitchen, coffee bar, smart HDTV, washer/dryer, fire pit, gazebo, and queen bedrooms with wireless charging. Sunrise on the Trail treats guests to a barista-worthy coffee station, smart HDTV, gazebo, and fire pit—everything you need to relax between hikes, especially with wireless-charging queen suites at day's end. This newly renovated home features a well appointed kitchen with modern appliances, dining area and coffee bar. Centrally located on the brew trail, this home is a short drive to all the local wineries, breweries and distilleries, as well as the abundance of hiking and outdoor activities in the area. Despite being in the middle everything, the home is set back off the main road and still maintains a quiet family friendly atmosphere.",,https://ik.imagekit.io/OE/nelson-county/listings/sunrise-on-the-trail-image1_3XqAqmEtB,"Small tan house with front yard, large tree, and mountains in background.",,https://ik.imagekit.io/OE/nelson-county/listings/sunrise-on-the-trail-image2_FQx0N8B4R,"Beige living room with sectional sofa, wooden tables, and decorative wall accents.",,,,,,,"Afton, VA 22920",josh,,,https://www.google.com/maps/dir/?api=1&destination=Afton%2C%20VA%2022920,Coffee; Bar; Outdoor Seating; Tea; Full Kitchen; Cabins; Lodging,false,https://www.google.com/maps/dir/?api=1&destination=Afton%2C%20VA%2022920,Menu & Offerings,"This newly renovated home features a well appointed kitchen with modern appliances, dining area and coffee bar. The home also features a full size washer/dryer, Keurig Duo coffee maker and a 50 inch Smart HDTV. Each bedroom features queen bedding and wireless phone charging. Linens and towels are provided free of charge. The outdoor area includes a gazebo, firepit and chairs as well as a charcoal grill. Please be sure to bring your own charcoal, if desired.",Experience,"Centrally located on the brew trail, this home is a short drive to all the local wineries, breweries and distilleries, as well as the abundance of hiking and outdoor activities in the area. Despite being in the middle everything, the home is set back off the main road and still maintains a quiet family friendly atmosphere.",Events & Activities,*Lodging descriptions are provided by the host and not independently verified.,Contact & Location,James Boyer Staff on Site. No Pet-Friendly. No Find us at Afton.
348,Mima's Mountain House,mimas-mountain-house,Whole House Rentals,stay,Massies Mill,"Mima's Mountain House is a five-bedroom, three-bath creekside retreat sleeping ten with porch views of The Priest and easy access to Route 56 adventures. Mima's Mountain House sleeps ten beside a burbling creek, with porch views of The Priest, five bedrooms, and a Route 56 address that makes waterfall hikes and fly-fishing days simple. Sleeps 10 Mima's Mountain House with Mountain View/ Creekside. Relax with family and friends a this peaceful creekside mountain retreat.",,https://ik.imagekit.io/OE/nelson-county/listings/mima-s-mountain-house-image1_EsyoRLgzz,"House surrounded by green forest, with distant mountains under clear blue sky.",,https://ik.imagekit.io/OE/nelson-county/listings/mima-s-mountain-house-image2_c8qZTjZZu,"Spacious kitchen with island, pendant lights, wood flooring, and large stainless steel fridge.",,,,,,,"Massies Mill, VA 22943",josh,,,https://www.google.com/maps/dir/?api=1&destination=Massies%20Mill%2C%20VA%2022943,Outdoor Seating; Wi-Fi; Pet Friendly; Full Kitchen; Lodging; Hiking; Water Sports; Fishing,false,https://www.google.com/maps/dir/?api=1&destination=Massies%20Mill%2C%20VA%2022943,Experience,5 BR/ 3 BA house. Sleeps 10 Mima's Mountain House with Mountain View/ Creekside.,Menu & Offerings,"Relax with family and friends a this peaceful creekside mountain retreat. The summit of The Priest can be viewed from the front porch. We start our day here with a cup of coffee. This beautiful stretch of the Appalachians offers so much to do with a short scenic drive. Hiking trails, skiing at Wintergreen Resort, local farmers markets and unique shops. There are 5 breweries, 3 cideries and 10 wineries within a 25 mile radius.",Events & Activities,*Lodging descriptions are provided by the host and not independently verified.,Contact & Location,Anne Panas Staff on Site. No Pet-Friendly. Yes Find us at Massies Mill.
349,Village Antiques,villageantiques,Restaurants,taste,Lovingston,"Village Antiques café and antiques shop in downtown Lovingston serves brunch, homemade quiche, sandwiches, fresh-baked breads, Trager Brothers coffee, and teas. Conveniently located on the corner of Main and Front Sts in the heart of Lovingston. Serving brunch and lunch, homemade quiche and sandwiches. Lovingston is a great destination for history buffs as the Lovingston Historic District and the courthouse are both listed on the National Register of Historic Places. The original 30 acres was donated by Mr.",,https://ik.imagekit.io/OE/nelson-county/listings/village-antiques-image1_pMNc-IvgF,"Turquoise umbrella and door, black awning, outside brick storefront with tables.",,,,,,,,,(434) 263-4800,"605 Front Street, Lovingston, VA 22949",WG,,,https://www.google.com/maps/dir/?api=1&destination=605%20Front%20Street%2C%20Lovingston%2C%20VA%2022949,Coffee; Bakery; Baked Goods; Tea; Brunch,false,https://www.google.com/maps/dir/?api=1&destination=605%20Front%20Street%2C%20Lovingston%2C%20VA%2022949,Menu & Offerings,"Lovingston is a great destination for history buffs as the Lovingston Historic District and the courthouse are both listed on the National Register of Historic Places. Lovingston was defined as a “courthouse town” after the Nelson County Courthouse was built. One claim to fame is that that town jail was designed by Thomas Jefferson. Lovingston’s most historic African-American landmark is Bright Hope Baptist Church, which was built in 1870 for the freedmen and women living in Nelson. Present-day.",Experience,"Lovingstown, Virginia, as it was first named, began with a land grant and a need to build a courthouse and a county seat for the newly created Nelson County in 1809. The original 30 acres was donated by Mr. James Loving that same year and thus began the construction of this charming historic village. There were 49 lots parceled off in nearly equal measure and then sold. The lots were numbered for identification and were thereby known as those lot numbers.",Contact & Location,"Bright Hope Baptist Church, a historic African-American landmark in Lovingston that overlooks the village. The church was built along with a school in 1870 to serve the freed men and women of Nelson. The kept area has over 100 marked graves. Dinner Options in Lovingston include Vito’s Pizza & Italian Grill for classic and specialty pizzas and Italian entrees. El Mariachi Mexican Restaurant offers over one hundred menu choices and has a gift shop on-site.",Information,"Than a meal, head to Wood Ridge Farm Brewery, where a food truck is usually available. It’s a family-friendly place with plenty of outdoor activities. Want to know something interesting. The brewery and the bar were built out of wood from the property. If you’re lucky enough to have stopped by on the weekend, Visitors can enjoy live music there as well. S Outback Brew House is further south on Route 29 and also has wood fired pizza and live music."
350,Cliffs Edge,cliffs-edge,Whole House Rentals,stay,Wintergreen Resort,"Cliffs Edge is a Southern Living-featured contemporary mountain home with floor-to-ceiling windows, cantilevered decks, shoji screens, and dramatic Crawford's Knob views. Architectural fans flock to Cliffs Edge for its floor-to-ceiling glass, shoji screens, and cantilevered decks gazing toward Crawford's Knob—a Southern Living-featured gem built for dramatic sunsets. An open floor plan with high ceilings and large skylights, this amazingly engineered home will stun you with its incredible mountain views. The beautiful shoji screens are designed to give the loft elegant privacy.",,https://ik.imagekit.io/OE/nelson-county/listings/cliffs-edge-image1_PghL6fozc,"Beige house with sloped roof, surrounded by trees and rocks.",,https://ik.imagekit.io/OE/nelson-county/listings/cliffs-edge-image2_swMItGy72,"Spacious living room with large windows, two sofas, and outdoor forest view.",,,,,,,"Wintergreen Resort, Roseland, VA 22967",josh,,,https://www.google.com/maps/dir/?api=1&destination=Wintergreen%20Resort%2C%20Roseland%2C%20VA%2022967,Scenic Views; Lodging,false,https://www.google.com/maps/dir/?api=1&destination=Wintergreen%20Resort%2C%20Roseland%2C%20VA%2022967,Hours & Information,"An open floor plan with high ceilings and large skylights, this amazingly engineered home will stun you with its incredible mountain views. This spacious three bedroom, three bathroom home with its cantilevered decks, makes this perfect for any family. The large upstairs loft, adjacent to the upstairs bedrooms, offers movies, games, puzzles, and comfortable seating. Multiple TV's give plenty of entertainment options. The spacious living area and dining room have abundant seating for all.",Information,"The beautiful shoji screens are designed to give the loft elegant privacy. This is truly a four-season home where Visitors can enjoy vistas of the Blue Ridge Parkway and watch the seasons change from spring to summer to the beautiful fall foliage of Autumn, then snow and skiing of Winter.",Events & Activities,*Lodging descriptions are provided by the host and not independently verified.,Contact & Location,Karen Brown Staff on Site. No Pet-Friendly. No Find us at Wintergreen.
351,Slopes At Tyro,slopes-at-tyro,Whole House Rentals,stay,Wintergreen Resort,"Slopes at Tyro is a slope-side four-bedroom Wintergreen home with hot tub and wood-burning fireplace providing direct ski-in/ski-out access, including night skiing. Slopes at Tyro puts you directly on the ski run, offering ski-in/ski-out convenience, hot tub therapy, and wood-burning fires that glow long after the night-skiing lights turn off. Slope slide 4 bedroom home with hot tub and wood burning fireplace. Our property manager at Wintergreen is Julie Fitzgerald.",,https://ik.imagekit.io/OE/nelson-county/listings/slopes-at-tyro-image1_SkMvBj_Gr,Wooden house surrounded by dense green forest and sunlight.,,https://ik.imagekit.io/OE/nelson-county/listings/slopes-at-tyro-image2_RcjJmJPTw2,"Cozy living room with black leather sofa, wooden table, and large windows.",,,,,,,"Wintergreen Resort, Roseland, VA 22967",josh,,,https://www.google.com/maps/dir/?api=1&destination=Wintergreen%20Resort%2C%20Roseland%2C%20VA%2022967,Skiing; Snow Sports; Pet Friendly,false,https://www.google.com/maps/dir/?api=1&destination=Wintergreen%20Resort%2C%20Roseland%2C%20VA%2022967,Experience,Slope slide 4 bedroom home with hot tub and wood burning fireplace. Our property manager at Wintergreen is Julie Fitzgerald.,Experience,we're one of the few ski-in/ski-out homes at Wintergreen with access to night skiing.,Events & Activities,*Lodging descriptions are provided by the host and not independently verified.,Contact & Location,Julie Fitzgerald Staff on Site. Yes Pet-Friendly. Yes Find us at Wintergreen.
352,Home on the Ridge,home-on-the-ridge,Whole House Rentals,stay,Wintergreen Resort,"Home on the Ridge is a two-bedroom, two-bath condo overlooking the 18th hole at Devils Knob with kitchen, balcony, and easy access to golf, tennis, and skiing. Home on the Ridge overlooks Devils Knob's 18th hole, giving condo guests a balcony for post-round drinks, full kitchen for easy meals, and immediate access to golf, tennis, and skiing. Easy access to golf, tennis or skiing. Great view of golf course.",,https://ik.imagekit.io/OE/nelson-county/listings/home-on-the-ridge-image1_FIqU4391T,"Patio with metal chairs, table, surrounded by trees, sunlight filtering through branches.",,https://ik.imagekit.io/OE/nelson-county/listings/home-on-the-ridge-image2_qnVMO-7qU,"Cozy living room with armchair, fireplace, lamp, and coffee table.",,,,,,,"Wintergreen Resort, Roseland, VA 22967",josh,,,https://www.google.com/maps/dir/?api=1&destination=Wintergreen%20Resort%2C%20Roseland%2C%20VA%2022967,Resort; Golf; Tennis; Full Kitchen; Wi-Fi; Parking; Cabins; Lodging,false,https://www.google.com/maps/dir/?api=1&destination=Wintergreen%20Resort%2C%20Roseland%2C%20VA%2022967,Experience,"Condo with 2 Bedrooms 2 full baths, kitchen, living room; balcony overlooking 18th hole on Devils Knob Golf Course. Beautifully decorated.",Experience,"Easy access to golf, tennis or skiing. Great view of golf course.",Events & Activities,*Lodging descriptions are provided by the host and not independently verified.,Contact & Location,Marilyn Alphin Staff on Site. No Pet-Friendly. No Find us at Wintergreen.
353,Peppers Mountain Pad,peppers-mountain-pad,Vacation Rentals,stay,Wintergreen Resort,"Pepper's Mountain Pad is a two-bedroom Wintergreen condo walking distance to The Market, village, and Laurelwood pool with wood-burning fireplace, smart TVs, stocked kitchen, and private patio. Peppers Mountain Pad feels like your own village pied-à-terre—walk to The Market or Laurelwood pool, then settle in by the wood-burning fireplace or stream a movie on the smart TVs. Welcome to Pepper’s Mountain Pad, nestled in the Blue Ridge Mountains at Wintergreen Resort.",,https://ik.imagekit.io/OE/nelson-county/listings/peppers-mountain-pad-image1_IcQF5f6FJ,Wooden bridge leads to two-story brown cabin surrounded by leafless trees.,,https://ik.imagekit.io/OE/nelson-county/listings/peppers-mountain-pad-image2_UIJfSEJGvn,"Cozy living room with stone fireplace, wall-mounted TV, and patterned chairs.",,,,,,,"Wintergreen Resort, Roseland, VA 22967",josh,,,https://www.google.com/maps/dir/?api=1&destination=Wintergreen%20Resort%2C%20Roseland%2C%20VA%2022967,Wi-Fi; Market; Pool; Pet Friendly; Full Kitchen; Outdoor Seating,false,https://www.google.com/maps/dir/?api=1&destination=Wintergreen%20Resort%2C%20Roseland%2C%20VA%2022967,Menu & Offerings,"Welcome to Pepper’s Mountain Pad, nestled in the Blue Ridge Mountains at Wintergreen Resort. Within walking distance to all the resort attractions; this 2-bedroom, 2-bathroom mountain condo has so much to offer.",Menu & Offerings,"Just a 3 min. Walk to The Market, The Village, and Laurelwood private pool. The master bedroom features a king bed, Bedroom 2 features a queen bed, and the living room has a queen sleeper sofa. Two full bathrooms. Cozy wood-burning fireplace w/firewood. Three Smart TV’s for streaming/no cable. Fully stocked kitchen. Keurig or coffee drip machine. Washer/dryer. Private parking and a parking pass. Secluded outdoor patio around back with a seasonal mountain view. End unit offers added privacy.",Events & Activities,*Lodging descriptions are provided by the host and not independently verified.,Contact & Location,Cindy Torres Staff on Site. No Pet-Friendly. Yes Find us at Wintergreen.
354,Rockfish Valley Retreat,rockfish-valley-retreat,Whole House Rentals,stay,Nellysford,"Rockfish Valley Retreat is a three-bedroom, two-bath valley home sleeping nine with outdoor space, horse farm views, and short drives to trails, wineries, and breweries. Rockfish Valley Retreat frames horse farm vistas from its decks, sleeps nine guests, and keeps wineries, breweries, and trailheads just a short country drive away. Well behaved Pets/Dogs considered, additional fee and certain restrictions/guidelines Rockfish Valley Retreat is a 3 bedroom, 2 bathroom home, perfect for families and friends looking for a peaceful retreat that feels away from it all, but that is close to all the local attractions. We offer a wonderful outdoor space with beautiful views and a horse farm across the street.",,https://ik.imagekit.io/OE/nelson-county/listings/rockfish-valley-retreat-image1_9uA2hVVt0,Wooden house with porch beneath a faint rainbow in overcast sky.,,https://ik.imagekit.io/OE/nelson-county/listings/rockfish-valley-retreat-image2_R0PJrMdQU,"Cozy wooden cabin interior with large windows, fireplace, and comfortable seating.",,,,,,,"Nellysford, VA 22958",josh,,,https://www.google.com/maps/dir/?api=1&destination=Nellysford%2C%20VA%2022958,Farm; Outdoor Seating; Pet Friendly; Fishing,false,https://www.google.com/maps/dir/?api=1&destination=Nellysford%2C%20VA%2022958,Experience,"Well behaved Pets/Dogs considered, additional fee and certain restrictions/guidelines Rockfish Valley Retreat is a 3 bedroom, 2 bathroom home, perfect for families and friends looking for a peaceful retreat that feels away from it all, but that is close to all the local attractions. we offer a wonderful outdoor space with beautiful views and a horse farm across the street. Max occupancy of 9 people.",Experience,"Find us at the valley area of Wintergreen. we're close to some of the area's most popular hiking and outdoor destinations, including Crabtree Falls, Blue Ridge Tunnel hike and more than 30 miles of trails at Wintergreen Resort. we're also a short drive from many wineries and breweries. We love exploring the area with our families and friends. We look forward to helping you plan the perfect stay.",Events & Activities,*Lodging descriptions are provided by the host and not independently verified.,Contact & Location,Stacey Newton Staff on Site. No Pet-Friendly. Yes Find us at Nellysford.
355,Dobie Condo 323 at Wintergreen,dobie-condo-323-at-wintergreen,Whole House Rentals,stay,Wintergreen Resort,"Dobie Condo 323 is a two-bedroom, two-bath Wintergreen condo with fireplace and immediate access to resort entertainment for ski weekends or quiet retreats. Dobie 323 delivers a classic Wintergreen experience with a fireplace-centered living room, two bedrooms, two baths, and a perch right above the village entertainment corridor. The resort is found on the Sunrise Side of the Blue Ridge Mountains and is conveniently located close to Charlottesville, Staunton, Lynchburg, and Waynesboro. It’s only a three-hour drive from Washington, D.",,https://ik.imagekit.io/OE/nelson-county/listings/dobie-condo-323-at-wintergreen-image1_hQp6Rs-TR,"Outdoor patio with round table, chairs, string lights, and greenery.",,https://ik.imagekit.io/OE/nelson-county/listings/dobie-condo-323-at-wintergreen-image2_QrFqSkZCh,"Cozy room with fireplace, large windows, and wooden ceiling.",,,,,,,"Wintergreen Resort, Roseland, VA 22967",josh,,,https://www.google.com/maps/dir/?api=1&destination=Wintergreen%20Resort%2C%20Roseland%2C%20VA%2022967,Resort; Cabins; Lodging,false,https://www.google.com/maps/dir/?api=1&destination=Wintergreen%20Resort%2C%20Roseland%2C%20VA%2022967,Experience,Find us at the Wintergreen Resort with lots of options for entertainment and as a quiet weekend getaway.,Events & Activities,*Lodging descriptions are provided by the host and not independently verified.,Contact & Location,Gioia Niquita Staff on Site. Yes Pet-Friendly. No Find us at Wintergreen.,Experience,"The resort is found on the Sunrise Side of the Blue Ridge Mountains and is conveniently located close to Charlottesville, Staunton, Lynchburg, and Waynesboro. It’s only a three-hour drive from Washington, D. C. As well. Spend the day at and near Wintergreen Resort any time of the year. If you’re looking for an overnight trip, there are plenty of options. Spend the night at the resort, at one of Nelson’s many lodging options."
356,Highlands 1426 Condo,highlands-1426-condo,Whole House Rentals,stay,Wintergreen Resort,"Highlands 1426 Condo is a renovated two-bedroom, two-bath ski-front condo with sunrise vistas, easy entry, and property manager nearby for Wintergreen stays. Highlands 1426 condenses sunrise views, ski-front access, and fresh renovations into a two-bedroom condo, backed by a nearby property manager for worry-free Wintergreen stays. Enjoy breathtaking mountain, valley and sunrise views from this beautifully renovated 2 BR, 2 BA condo. Highlands is a ski front neighborhood and the Wintergraden Spa & Aquatics is just across the street. Very easy access from the parking to the condo entry.",,https://ik.imagekit.io/OE/nelson-county/listings/highlands-1426-condo-image1_zKMwuE_gb,Wooden walkway leading to a snow-covered building entrance with green trees.,,https://ik.imagekit.io/OE/nelson-county/listings/highlands-1426-condo-image2_jPHrYJBsj,"Modern living room with brown sofa, dining table, shelves, and mountain view.",,,,,,,"Wintergreen Resort, Roseland, VA 22967",josh,,,https://www.google.com/maps/dir/?api=1&destination=Wintergreen%20Resort%2C%20Roseland%2C%20VA%2022967,Skiing; Scenic Views; Local Ingredients; Cabins; Lodging,false,https://www.google.com/maps/dir/?api=1&destination=Wintergreen%20Resort%2C%20Roseland%2C%20VA%2022967,Hours & Information,"Enjoy breathtaking mountain, valley and sunrise views from this beautifully renovated 2 BR, 2 BA condo. Open and bright floor plan on one level. Beautifully decorated. Property manager lives close by.",Experience,Highlands is a ski front neighborhood and the Wintergraden Spa & Aquatics is just across the street. Very easy access from the parking to the condo entry.,Events & Activities,*Lodging descriptions are provided by the host and not independently verified.,Contact & Location,Niquita Gioia Staff on Site. Yes Pet-Friendly. No Find us at Wintergreen.
357,Gumtree Drive 134,gumtree-drive-134,Cabins & Cottages,stay,Wintergreen Resort,"Gumtree Drive 134 is a four-bedroom, four-bath Wintergreen home with game room, hot tub, and direct access to Laurel Ridge hiking trail on the property. Gumtree Drive 134 gives hikers literal backyard access to the Laurel Ridge Trail, plus four bedrooms, four baths, a hot tub, and a lower-level game room for rainy days. 4 Bedroom, 4 Bath house with game room with 2 big screen TV's Hot Tub.",,https://ik.imagekit.io/OE/nelson-county/listings/gumtree-drive-134-image1_PmgjY0N-m,Wooden house in forest with American flag and surrounding trees.,,https://ik.imagekit.io/OE/nelson-county/listings/gumtree-drive-134-image2_wbhEDYpwz,"Cozy kitchen with hanging pots, green walls, and sunlight streaming through windows.",,,,,,,"Wintergreen Resort, Roseland, VA 22967",josh,,,https://www.google.com/maps/dir/?api=1&destination=Wintergreen%20Resort%2C%20Roseland%2C%20VA%2022967,Pet Friendly; Cabins; Lodging,false,https://www.google.com/maps/dir/?api=1&destination=Wintergreen%20Resort%2C%20Roseland%2C%20VA%2022967,Experience,"4 Bedroom, 4 Bath house with game room with 2 big screen TV's Hot Tub.",Events & Activities,*Lodging descriptions are provided by the host and not independently verified.,Contact & Location,Scott Hartwick Staff on Site. No Pet-Friendly. Yes Find us at Wintergreen.,,
358,Wake In The Clouds,wake-in-the-clouds,Whole House Rentals,stay,Wintergreen Resort,"Wake in the Clouds is a renovated one-bedroom, two-bath condo with spectacular sunrises, modern finishes, and resort convenience. Wake in the Clouds is aptly named—this renovated one-bedroom, two-bath condo faces the sunrise, offering modern finishes and instant access to Wintergreen amenities. Wake up to spectacular sunrises in this completely renovated mountain condo.",,https://ik.imagekit.io/OE/nelson-county/listings/wake-in-the-clouds-image1_wf-ReZDWi,Wooden ramp leading to house entrance beneath leafy green trees.,,https://ik.imagekit.io/OE/nelson-county/listings/wake-in-the-clouds-image2_tL-VlvIQu,"Cozy bedroom with large bed, scenic window view, neutral decor accents.",,,,,,,"Wintergreen Resort, Roseland, VA 22967",josh,,,https://www.google.com/maps/dir/?api=1&destination=Wintergreen%20Resort%2C%20Roseland%2C%20VA%2022967,Scenic Views; Wi-Fi; Full Kitchen; Cabins; Lodging,false,https://www.google.com/maps/dir/?api=1&destination=Wintergreen%20Resort%2C%20Roseland%2C%20VA%2022967,Experience,Wake up to spectacular sunrises in this completely renovated mountain condo.,Events & Activities,*Lodging descriptions are provided by the host and not independently verified.,Contact & Location,John Mandryk Staff on Site. No Pet-Friendly. No Find us at Wintergreen.,,
359,Nectar Landing,nectar-landing,Whole House Rentals,stay,Roseland,"Nectar Landing is a three-bedroom, 2.5-bath ranch sleeping ten with game room, Wi-Fi, front porch, back deck hot tub, and open-concept kitchen perfect for multi-family trips. Nectar Landing mixes indoor-outdoor fun via a game room, open kitchen, front porch rockers, and a back-deck hot tub, sleeping up to ten guests in a single-level layout. 5 Bath Ranch style home, sleeps 10 Large game room, wifi, front porch, back deck with hot tub.",,https://ik.imagekit.io/OE/nelson-county/listings/nectar-landing-image1_6Tn_5IKLo,"Snow-covered hill, house, bare trees, colorful sunset sky.",,https://ik.imagekit.io/OE/nelson-county/listings/nectar-landing-image2_WbZSWw4gD,"Modern living room with grey sofa, wooden furniture, and wall-mounted TV.",,,,,,,"Nellysford, VA 22958",josh,,,https://www.google.com/maps/dir/?api=1&destination=Nellysford%2C%20VA%2022958,Wi-Fi; Outdoor Seating; Full Kitchen; Pet Friendly; Parking,false,https://www.google.com/maps/dir/?api=1&destination=Nellysford%2C%20VA%2022958,Experience,"3BR/2. 5 Bath Ranch style home, sleeps 10 Large game room, wifi, front porch, back deck with hot tub.",Hours & Information,"Nectar Landing is a vacation home designed for multi-family or multi generational trips. The home is open concept with dining table and breakfast bar, fully stocked kitchen with SS appliances. There are quiet corners throughout this cozy home, but the game room on the far end is where the party's at, with ping pong, foosball, and shelves of puzzles and board games.",Events & Activities,*Lodging descriptions are provided by the host and not independently verified.,Contact & Location,Katherine Currin Staff on Site. No Pet-Friendly. Yes Find us at Roseland.
360,Nelson 151 Views and Brews,nelson-151-views-and-brews,Whole House Rentals,stay,Afton,"Nelson 151 Views and Brews is a one-bedroom apartment with full kitchen and washer/dryer, offering Humpback Rock views and proximity to the Route 151 craft beverage trail. Charming 1-bedroom apartment in beautiful Afton close to wineries, breweries, and trails. Property has a nice view of Humpback Rock and surrounding Blue Ridge Mountain Range. Full kitchen with washing machine and dryer Close proximity to gas station and 151 Centrally located between Staunton and Charlottesville Close to Blue Ridge Parkway and Shenandoah National Park Close.",,https://ik.imagekit.io/OE/nelson-county/listings/nelson-151-views-and-brews-image1_y8zi1-2K8,Three-car garage under sunny sky with brick and siding exterior.,,https://ik.imagekit.io/OE/nelson-county/listings/nelson-151-views-and-brews-image2_X0_Ohw004,"Cozy living space with kitchen, dining table, and brown sofa. Bright natural light.",,,,,,,"Afton, VA 22920",josh,,,https://www.google.com/maps/dir/?api=1&destination=Afton%2C%20VA%2022920,Full Kitchen; Scenic Views; Parking; Cabins; Lodging,false,https://www.google.com/maps/dir/?api=1&destination=Afton%2C%20VA%2022920,Experience,"Charming 1-bedroom apartment in beautiful Afton close to wineries, breweries, and trails. Property has a nice view of Humpback Rock and surrounding Blue Ridge Mountain Range.",Experience,Full kitchen with washing machine and dryer Close proximity to gas station and 151 Centrally located between Staunton and Charlottesville Close to Blue Ridge Parkway and Shenandoah National Park Close to Appalachian Trail Very Clean and comfortable.,Events & Activities,*Lodging descriptions are provided by the host and not independently verified.,Contact & Location,Amy Randolph Staff on Site. Yes Pet-Friendly. No Find us at Afton.
361,Woodland Hideaway,woodland-hideaway,Whole House Rentals,stay,Shipman,"Woodland Hideaway is a one-bedroom apartment with separate entrance, full kitchen, dining area, and access to forest trails and Dutch Creek on a secluded property. Woodland Hideaway gives guests their own private apartment—full kitchen, dining nook, and forest-trail access to Dutch Creek—tucked within a larger wooded property.",,https://ik.imagekit.io/OE/nelson-county/listings/woodland-hideaway-image1_UfzqzNiCm,Rustic wooden cabin surrounded by lush green trees and potted plants.,,https://ik.imagekit.io/OE/nelson-county/listings/woodland-hideaway-image2_xPFD6spfm,"Cozy bedroom with wooden bed and furniture, blue walls, and warm lighting.",,,,,,,"Afton, VA 22920",josh,,,https://www.google.com/maps/dir/?api=1&destination=Afton%2C%20VA%2022920,Full Kitchen; Wi-Fi; Cabins; Lodging,false,https://www.google.com/maps/dir/?api=1&destination=Afton%2C%20VA%2022920,Experience,One bedroom apartment with full kitchen and dining area. Separate entrance.,Experience,Secluded in forested property with trails and access to Dutch Creek.,Events & Activities,*Lodging descriptions are provided by the host and not independently verified.,Contact & Location,Barbara Fiske Staff on Site. Yes Pet-Friendly. No Find us at Shipman.
362,Cuatro Climas At 130 Pedlars Point,cuatro-climas-at-130-pedlars-point,Whole House Rentals,stay,Wintergreen Resort,"Cuatro Climas at 130 Pedlars Point is a four-bedroom, 3.5-bath Wintergreen house five minutes from resort amenities, with wood-burning fireplace, mountain views, and multiple levels. Cuatro Climas spans multiple levels with a wood-burning hearth, mountain vistas, and four bedrooms just five minutes from Wintergreen's core amenities. 5 minute drive to Wintergreen Wood burning fireplace Mountain views Hot Tub.",,https://ik.imagekit.io/OE/nelson-county/listings/cuatro-climas-at-130-pedlars-point-image1_X8M5LDqHUn,"Wooden cabin in lush forest, dappled sunlight, surrounded by green trees.",,https://ik.imagekit.io/OE/nelson-county/listings/cuatro-climas-at-130-pedlars-point-image2_ySF0_Ziku,"Living room with stone fireplace, plaid sofas, and large television.",,,,,,,"Wintergreen Resort, Roseland, VA 22967",josh,,,https://www.google.com/maps/dir/?api=1&destination=Wintergreen%20Resort%2C%20Roseland%2C%20VA%2022967,Family Friendly; Scenic Views; Parking; Lodging,false,https://www.google.com/maps/dir/?api=1&destination=Wintergreen%20Resort%2C%20Roseland%2C%20VA%2022967,Experience,"Four bedroom, 3. 5 bath single family house. Find us at Wintergreen Resort.",Experience,5 minute drive to Wintergreen Wood burning fireplace Mountain views Hot Tub.,Events & Activities,*Lodging descriptions are provided by the host and not independently verified.,Contact & Location,Jennifer Hernandez Staff on Site. No Pet-Friendly. No Find us at Wintergreen.
363,Rockfish River Ranch Guest House,rockfish-river-ranch-guest-house,Bed and Breakfast,stay,Shipman,"Rockfish River Ranch Guest House sits on a 100-acre ranch with private trails, creek, bunk beds, high chairs, and family-friendly amenities near breweries and Wintergreen. Families love Rockfish River Ranch Guest House for its 100-acre setting—private trails, creek access, bunk beds, high chairs, and quick hops to breweries and Wintergreen. Open floor space, fully stocked kitchen, family friendly.",,https://ik.imagekit.io/OE/nelson-county/listings/rockfish-river-ranch-guest-house-image1_ZhXm92QrC,"Tree with swing in front of modern house, sunny day.",,https://ik.imagekit.io/OE/nelson-county/listings/rockfish-river-ranch-guest-house-image2_gGy1is3pj,"Modern kitchen with island, pendant lights, and large windows. Wooden floors and ceilings.",,,,,,,"Shipman, VA 22971",josh,,,https://www.google.com/maps/dir/?api=1&destination=Shipman%2C%20VA%2022971,Family Friendly; Beer; Breakfast; Lodging; Water Sports; Fishing,false,https://www.google.com/maps/dir/?api=1&destination=Shipman%2C%20VA%2022971,Experience,"Guest house at the Rockfish River Ranch. Find us at the heart of Nelson County sitting on 100 acres. Located close to many breweries, and wineries. 30 minutes to Wintergreen Resort, 30 minutes to Charlottesville, and 45 minutes to Lynchburg.",Hours & Information,"Open floor space, fully stocked kitchen, family friendly. Includes bunk beds, pack & play, high chairs, etc. Private trails through the woods, runs along a creek to a future pond location.",Events & Activities,*Lodging descriptions are provided by the host and not independently verified.,Contact & Location,Micahel Roper Staff on Site. No Pet-Friendly. No Find us at Shipman.
364,The Treetops Lodge,the-treetops-lodge,Cabins & Cottages,stay,Lovingston,"The Treetops Lodge is a secluded luxury cabin sleeping ten with three stories of living space, bunk room, and ample indoor/outdoor seating near Nelson County attractions. The Treetops Lodge towers over the canopy with three stories of living space, bunk room, and indoor/outdoor lounges that sleep ten close to Nelson County's marquee attractions. Lovingston is a great destination for history buffs as the Lovingston Historic District and the courthouse are both listed on the National Register of Historic Places. The original 30 acres was donated by Mr.",,https://ik.imagekit.io/OE/nelson-county/listings/the-treetops-lodge-image1_oFIPlvrDl,"House with large windows, surrounded by trees, with a fire pit and chairs.",,https://ik.imagekit.io/OE/nelson-county/listings/the-treetops-lodge-image2_iVMFGutl0,"Spacious living room with large windows, wooden beams, and cozy furniture.",,,,,,,"Afton, VA 22920",josh,,,https://www.google.com/maps/dir/?api=1&destination=Afton%2C%20VA%2022920,Cabins; Beer; Wi-Fi; Outdoor Seating; Lodging,false,https://www.google.com/maps/dir/?api=1&destination=Afton%2C%20VA%2022920,Menu & Offerings,"Lovingston is a great destination for history buffs as the Lovingston Historic District and the courthouse are both listed on the National Register of Historic Places. Lovingston was defined as a “courthouse town” after the Nelson County Courthouse was built. One claim to fame is that that town jail was designed by Thomas Jefferson. Lovingston’s most historic African-American landmark is Bright Hope Baptist Church, which was built in 1870 for the freedmen and women living in Nelson. Present-day.",Experience,"Lovingstown, Virginia, as it was first named, began with a land grant and a need to build a courthouse and a county seat for the newly created Nelson County in 1809. The original 30 acres was donated by Mr. James Loving that same year and thus began the construction of this charming historic village. There were 49 lots parceled off in nearly equal measure and then sold. The lots were numbered for identification and were thereby known as those lot numbers.",Contact & Location,"Bright Hope Baptist Church, a historic African-American landmark in Lovingston that overlooks the village. The church was built along with a school in 1870 to serve the freed men and women of Nelson. The kept area has over 100 marked graves. Dinner Options in Lovingston include Vito’s Pizza & Italian Grill for classic and specialty pizzas and Italian entrees. El Mariachi Mexican Restaurant offers over one hundred menu choices and has a gift shop on-site.",Information,"Than a meal, head to Wood Ridge Farm Brewery, where a food truck is usually available. It’s a family-friendly place with plenty of outdoor activities. Want to know something interesting. The brewery and the bar were built out of wood from the property. If you’re lucky enough to have stopped by on the weekend, Visitors can enjoy live music there as well. S Outback Brew House is further south on Route 29 and also has wood fired pizza and live music."
365,Cabin on Eagles Ridge Road,cabin-on-eagles-ridge-road,Cabins & Cottages,stay,Nellysford,"Cabin on Eagles Ridge Road is a private cabin with two en-suite master bedrooms, wood-burning fireplace, bluestone fire pit, and walking distance to Devils Backbone and Bold Rock. Cabin on Eagles Ridge Road balances rustic and convenient: twin master suites, bluestone fire pit, and walkable access to Devils Backbone and Bold Rock. Secluded and private, wood burning fireplace Outdoor space with blue stone firepit.",,https://ik.imagekit.io/OE/nelson-county/listings/cabin-on-eagles-ridge-road-image1_BtjxSGEWL,Wooden house with chimney surrounded by bare trees in forest setting.,,https://ik.imagekit.io/OE/nelson-county/listings/cabin-on-eagles-ridge-road-image2_n6wnBFOoG,Stone fireplace in cozy living room with large windows and warm lighting.,,,,,,,"Nellysford, VA 22958",josh,,,https://www.google.com/maps/dir/?api=1&destination=Nellysford%2C%20VA%2022958,Outdoor Seating; Pet Friendly; Cabins; Lodging,false,https://www.google.com/maps/dir/?api=1&destination=Nellysford%2C%20VA%2022958,Experience,"Cabin with two master bedrooms en suites. Walking distance to Devils Backbone & Bold Rock. 15 minutes from Wintergreen Resort. Convenient to hiking trails, kayaking, floats, fishing-surrounded by breweries, wineries, distilleries, and cideries.",Experience,"Secluded and private, wood burning fireplace Outdoor space with blue stone firepit.",Events & Activities,*Lodging descriptions are provided by the host and not independently verified.,Contact & Location,Anthony Freddo Staff on Site. No Pet-Friendly. Yes Find us at Nellysford.
366,1639 Overlook,1639-overlook,Vacation Rentals,stay,Wintergreen Resort,"1639 Overlook is a recently renovated four-bedroom, four-bath Wintergreen condo with panoramic mountain views, golf course proximity, and small-dog-friendly policy. 1639 Overlook was recently renovated to showcase four bedrooms, four baths, pet-friendly policies for small dogs, and sweeping Wintergreen vistas beside the golf course.",,https://ik.imagekit.io/OE/nelson-county/listings/1639-overlook-image1_EdGAE6RoV,"Buildings illuminated at dusk against a colorful sunset sky, mountainous backdrop.",,https://ik.imagekit.io/OE/nelson-county/listings/1639-overlook-image2_HYWjm-YwE,"Modern kitchen, dining area with mountains visible through large window.",,,,,,,"Wintergreen Resort, Roseland, VA 22967",josh,,,https://www.google.com/maps/dir/?api=1&destination=Wintergreen%20Resort%2C%20Roseland%2C%20VA%2022967,Scenic Views; Resort; Golf; Pet Friendly; Parking,false,https://www.google.com/maps/dir/?api=1&destination=Wintergreen%20Resort%2C%20Roseland%2C%20VA%2022967,,,,,,,,
367,Foxfire Cottage,foxfire-cottage,Cabins & Cottages,stay,Roseland,"Foxfire Cottage is a high-ceiling home with stone fireplace, updated kitchen, multiple decks with pergola, and mountain views near Wintergreen and Nelson 151 attractions. House has high ceilings, stone fireplace, updated kitchen. Two bedrooms and two full baths. Enjoy the many outdoor living spaces with multiple decks to include a private back deck with pergola and wonderful mountain views.",,https://ik.imagekit.io/OE/nelson-county/listings/foxfire-cottage-image1_1b-v730_AV,"White house with wooden chairs on porch, surrounded by trees and grass lawn.",,https://ik.imagekit.io/OE/nelson-county/listings/foxfire-cottage-image2_PHmCD3Qp_,"Living room with stone fireplace, leather couch, colorful stairs, and modern kitchen.",,,,,,,"Roseland, VA 22967",josh,,,https://www.google.com/maps/dir/?api=1&destination=Roseland%2C%20VA%2022967,Beer; Scenic Views; Wi-Fi; Full Kitchen; Cabins; Lodging,false,https://www.google.com/maps/dir/?api=1&destination=Roseland%2C%20VA%2022967,Experience,"House has high ceilings, stone fireplace, updated kitchen. Two bedrooms and two full baths.",Experience,Located near Wintergreen for outdoor recreation and within a mile of Devils Backbone Brewing Co and other attractions along Nelson 151. Enjoy the many outdoor living spaces with multiple decks to include a private back deck with pergola and wonderful mountain views.,Events & Activities,*Lodging descriptions are provided by the host and not independently verified.,Contact & Location,Ashley Carman Staff on Site. No Pet-Friendly. No Find us at Roseland.
368,The Ski House,the-ski-house,Whole House Rentals,stay,Wintergreen Resort,"The Ski House is a fully renovated three-bedroom, two-bath ski-in/ski-out home perched over Eagle's Swoop at Wintergreen. The Ski House perches directly over Eagle's Swoop, delivering a fully renovated three-bedroom, two-bath ski-in/ski-out experience with unbeatable slope views.",,https://ik.imagekit.io/OE/nelson-county/listings/the-ski-house-image1_raYunZw2V,Snow machines operating near wooden house among leafless trees.,,https://ik.imagekit.io/OE/nelson-county/listings/the-ski-house-image2_rtwU6I6qK,Two cozy twin beds with bear-themed quilts under slanted wooden ceiling.,,,,,,,"Wintergreen Resort, Roseland, VA 22967",josh,,,https://www.google.com/maps/dir/?api=1&destination=Wintergreen%20Resort%2C%20Roseland%2C%20VA%2022967,Skiing; Snow Sports; Lodging,false,https://www.google.com/maps/dir/?api=1&destination=Wintergreen%20Resort%2C%20Roseland%2C%20VA%2022967,,,,,,,,
369,1566 Vistas Condo,1566-vistas-condo,Whole House Rentals,stay,Wintergreen Resort,"1566 Vistas Condo is a renovated top-floor, three-bedroom, three-bath condo with skylights, ridgeline views, and quick access to Wintergreen spa and Devil's Knob. 1566 Vistas Condo crowns its building with skylights, ridgeline panoramas, and three ensuite bedrooms, steps from the spa and Devil's Knob facilities. Views/skylights Child friendly Proximity HOA amenities (pools, etc).",,https://ik.imagekit.io/OE/nelson-county/listings/1566-vistas-condo-image1_d3ikqxeVz,"Gray townhouses with bare tree, entryway, and green numbered sign.",,https://ik.imagekit.io/OE/nelson-county/listings/1566-vistas-condo-image2_GsLDdAviC,"Cozy living room with fireplace, couch, and mountain view through large windows.",,,,,,,"Wintergreen Resort, Roseland, VA 22967",josh,,,https://www.google.com/maps/dir/?api=1&destination=Wintergreen%20Resort%2C%20Roseland%2C%20VA%2022967,Spa; Cabins; Lodging,false,https://www.google.com/maps/dir/?api=1&destination=Wintergreen%20Resort%2C%20Roseland%2C%20VA%2022967,Experience,"3 bed/3 bath, top floor with skylights & views from ridgeline 3 min to Wintergreen, 1 min to spa/Devil's Knob Renovated in 2018.",Experience,"Views/skylights Child friendly Proximity HOA amenities (pools, etc).",Events & Activities,*Lodging descriptions are provided by the host and not independently verified.,Contact & Location,Rebecca Rockey Staff on Site. No Pet-Friendly. No Find us at Wintergreen.
370,Afton Mountain Inn,afton-mountain-inn,Bed and Breakfast,stay,Afton,"Afton Mountain Inn is an 1848 farmhouse turned boutique hotel with six suites and a premium villa offering premium bedding, Wi-Fi, robes, snack bar, two hot tubs, pool, decks, fire pits, badminton, and private trail across ten acres. Afton Mountain Inn transforms an 1848 farmhouse into a boutique resort with six suites, a premium villa, dual hot tubs, pool, snack bar, and ten acres of play space complete with private trail. Built in 1848, more than a decade before the start of the American Civil War, our historic farmhouse features original heart pine flooring, ornate woodwork, and a stained glass entryway. All guests enjoy premium bedding and linens, free Wi Fi Internet, complimentary robes and pool towels, wine glasses, free coffee, free snack bar with ice cream, high-definition flat panel TVs, blackout curtains, sound machines, and mini-fridges.",,https://ik.imagekit.io/OE/nelson-county/listings/afton-mountain-inn-image1_Vnwizc0IW,White two-story house with green roof surrounded by trees and bushes.,,https://ik.imagekit.io/OE/nelson-county/listings/afton-mountain-inn-image2_3Gy0qwzhk,"Elegant bedroom with cozy bed, rug, bathroom view, and natural light through windows.",,,,,,,"10273 Rockfish Valley Highway, Afton, VA 22920",josh,,,https://www.google.com/maps/dir/?api=1&destination=10273%20Rockfish%20Valley%20Highway%2C%20Afton%2C%20VA%2022920,Coffee; Farm; Lodging; Pool; Retail; Tea; Wi-Fi,true,https://www.google.com/maps/dir/?api=1&destination=10273%20Rockfish%20Valley%20Highway%2C%20Afton%2C%20VA%2022920,Menu & Offerings,"Built in 1848, more than a decade before the start of the American Civil War, our historic farmhouse features original heart pine flooring, ornate woodwork, and a stained glass entryway. Nearly two centuries later, the property has been converted into the comfortable self-check-in boutique hotel you see today. The inn features six one-bedroom guest suites, as well as a two-bedroom Premium Villa.",Hours & Information,"All guests enjoy premium bedding and linens, free Wi Fi Internet, complimentary robes and pool towels, wine glasses, free coffee, free snack bar with ice cream, high-definition flat panel TVs, blackout curtains, sound machines, and mini-fridges. The 10-acre property features a series of outdoor amenities, include a pool (open May-September), two hot tubs, a series of outdoor decks and lounge areas, three fire pits, a badminton court, and a private nature trail.",Events & Activities,*Lodging descriptions are provided by the host and not independently verified.,Contact & Location,Be Still Getaways Staff on Site. No Pet-Friendly. No Find us at Afton.
371,M 260,m-260,Cabins & Cottages,stay,Nellysford,"M 260 is a Stoney Creek mountain home with views, three bedrooms, three baths, hot tub, ping pong, foosball, deck seating, and seasonal waterfall walkway. M 260 treats guests to waterfall walkways, ping pong and foosball games, a bubbling hot tub, and three bedrooms overlooking Stoney Creek's valley. Fully stocked rental with probably everything a person could imagine in terms of a kitchen and living areas. Always great reviews online and in our guest book.",,https://ik.imagekit.io/OE/nelson-county/listings/m-260-image1_dQ4d42Kku,Modern grey house with large deck surrounded by lush green trees.,,https://ik.imagekit.io/OE/nelson-county/listings/m-260-image2_okYF6M7kOE,"Modern kitchen with green island, stainless appliances, wooden cabinets, and stone flooring.",,,,,,,"Nellysford, VA 22958",josh,,,https://www.google.com/maps/dir/?api=1&destination=Nellysford%2C%20VA%2022958,Cabins; Full Kitchen; Lodging; Outdoor Seating; Scenic Views; Water Sports; Wi-Fi,true,https://www.google.com/maps/dir/?api=1&destination=Nellysford%2C%20VA%2022958,Experience,"Mountain home with views in Stoney Creek. 3 bedrooms and baths, sleeps 10. Lots of outdoor deck space on both upper and lower level. Walkway and seating area next to seasonal waterfall. Hot tub, ping pong, and foosball.",Experience,Fully stocked rental with probably everything a person could imagine in terms of a kitchen and living areas. Always great reviews online and in our guest book. Only one year old.,Events & Activities,*Lodging descriptions are provided by the host and not independently verified.,Contact & Location,Dan Melin Staff on Site. No Pet-Friendly. No Find us at Nellysford.
372,Sanctuary Retreat Center,sanctuaryretreatcenter,Whole House Rentals,stay,Nellysford,"Sanctuary Retreat Center hosts 3–7-day holistic retreats on 120 forested acres with meditation, breathwork, lodging, and meals included—overnight stays only during scheduled programs. Book Sanctuary Retreat Center for guided 3–7-day immersions—meditation, breathwork, meals, and lodging—across 120 forested acres reserved for scheduled programs only. The peaceful, holistic atmosphere of Sanctuary. And inspiration rooted in ancient holistic wisdom, Sanctuary retreats invite you into a nourishing space to ground, balance, and renew.",,https://ik.imagekit.io/OE/nelson-county/listings/sanctuary-retreat-center-image1_WJ_oqMdVRL,"Pink flowering tree beside house, surrounded by lush greenery and shrubs.",,https://ik.imagekit.io/OE/nelson-county/listings/sanctuary-retreat-center-image2_WMNFybvoy,"Wooden deck with chairs, surrounded by lush green trees and blue hydrangeas.",,https://ik.imagekit.io/OE/nelson-county/listings/sanctuary-retreat-center-image3_hgweSYfrN,"Cozy bedroom with wooden ceiling, white bedding, lamp, window, and artwork.",,,,"Nellysford, VA 22958",WG,,,https://www.google.com/maps/dir/?api=1&destination=Nellysford%2C%20VA%2022958,Lodging; Cabins,false,https://www.google.com/maps/dir/?api=1&destination=Nellysford%2C%20VA%2022958,Information,"The peaceful, holistic atmosphere of Sanctuary. Nestled in 120 acres of serene woodland, our retreat center offers the perfect setting to slow down, listen deeply, and reconnect with your natural sense of balance and wholeness. Breathe in the fresh country air, enjoy the healing embrace of nature, and immerse yourself in one of our meditation, breathwork, or themed retreats designed to nourish body, mind, and spirit. All retreats include lodging and meals.",Information,"And inspiration rooted in ancient holistic wisdom, Sanctuary retreats invite you into a nourishing space to ground, balance, and renew. Come home to your heart through a retreat experience that blends meditation, engaging sessions, and nature immersion. We look forward to welcoming you.",Events & Activities,*Lodging descriptions are provided by the host and not independently verified.,Contact & Location,Info@sanctuaryrc. Org Staff on Site. Yes Pet-Friendly. No Find us at Nellysford.
373,Trinacria Restaurant & Pizzeria,trinacria,Restaurants,taste,Nellysford,"Trinacria Restaurant & Pizzeria opens August 10, 2025, serving family-owned Italian fare on Rockfish Valley Highway. Trinacria Restaurant & Pizzeria brings family-owned Italian classics to Rockfish Valley Highway beginning August 10, 2025—think quiche, pizza, and homestyle plates in a cozy cafe.",,https://ik.imagekit.io/OE/nelson-county/listings/trinacria-restaurant-pizzeria-image1_CmQd67ELy,"Black mug with latte foam art in progress, hands holding cup and stick.",,https://ik.imagekit.io/OE/nelson-county/listings/trinacria-restaurant-pizzeria-image2_CPRNPSN0op,"Trinacria logo with Medusa head, three legs, wheat, red-black color scheme.",,,,,,(434) 361-1100,"2842 Rockfish Valley Highway, Nellysford, VA 22958",WG,,,https://www.google.com/maps/dir/?api=1&destination=2842%20Rockfish%20Valley%20Highway%2C%20Nellysford%2C%20VA%2022958,Family Friendly; Fishing,false,https://www.google.com/maps/dir/?api=1&destination=2842%20Rockfish%20Valley%20Highway%2C%20Nellysford%2C%20VA%2022958,,,,,,,,
374,Rockfish Valley Farm Guest House,rockfish-valley-farm-guest-house,Bed and Breakfast,stay,Nellysford,"Rockfish Valley Farm Guest House is a four-bedroom ranch with mountain views, rockers on the porch, and donkeys on-site between Bold Rock and Devils Backbone. Rockfish Valley Farm Guest House sits between Bold Rock and Devils Backbone, offering a four-bedroom ranch where you can sip coffee with mountain views and wave to the resident donkeys. 5 miles south of Nellysford on RT 151 was initially the home of the manager of Elk Hill Farm The site is unique in that it is surrounded by several waterways and almost 360 degrees of Blue Ridge Mountains. The Rockfish Trails connect to it that lead to swimming holes.",,https://ik.imagekit.io/OE/nelson-county/listings/rockfish-valley-farm-guest-house-image1_nCX2OavrY,"House with porch, large tree, mountains in background, clear sky above.",,https://ik.imagekit.io/OE/nelson-county/listings/rockfish-valley-farm-guest-house-image2_VugIF5jJP,"Cozy living room with red patterned rug, beige sofa, and wooden furniture.",,,,,,,"Nellysford, VA 22958",josh,,,https://www.google.com/maps/dir/?api=1&destination=Nellysford%2C%20VA%2022958,Full Kitchen; Breakfast; Outdoor Seating; Scenic Views; Lodging; Farm; Fishing,false,https://www.google.com/maps/dir/?api=1&destination=Nellysford%2C%20VA%2022958,Experience,"This one-story ranch house is 1. 5 miles south of Nellysford on RT 151 was initially the home of the manager of Elk Hill Farm. Historically it was the property of the Reids, Colemans and Ewings. It has been farmed for over 250 years. The house, surrounded by pastures and fields dates to just after WWII and was remodeled in the 1990's. Nicely furnished and up to date. The house contains 4 bedrooms, two baths, a very usable living-dining-kitchen area.",Experience,The site is unique in that it is surrounded by several waterways and almost 360 degrees of Blue Ridge Mountains. The Rockfish Trails connect to it that lead to swimming holes. There are two donkeys in residence that are very friendly. The property is situated between Bold Rock Cider and Devil's Backbone. One is walkable and the other is just over 1/2 mile away.,Events & Activities,*Lodging descriptions are provided by the host and not independently verified.,Contact & Location,Peter Agelasto Staff on Site. No Pet-Friendly. No Find us at Nellysford.
375,Shenandoah Ridge 11,shenandoah-ridge-11,Whole House Rentals,stay,Wintergreen Resort,"Shenandoah Ridge 11 is a four-bedroom, 4.5-bath townhouse in Wintergreen's Shenandoah Ridge development with access to all resort amenities. Shenandoah Ridge 11 gives Wintergreen visitors four bedrooms, 4.5 baths, and townhouse privacy while keeping all resort amenities—golf, spa, tennis, shuttles—right at their fingertips.",,https://ik.imagekit.io/OE/nelson-county/listings/shenandoah-ridge-11-image1_r7j-EXO-c,Beige house with multiple gabled roofs and white railing on wooden pathway.,,https://ik.imagekit.io/OE/nelson-county/listings/shenandoah-ridge-11-image2_Mf1_TDmYw,"Spacious kitchen with stainless steel appliances, white countertops, and wooden cabinets.",,,,,,,"Wintergreen Resort, Roseland, VA 22967",josh,,,https://www.google.com/maps/dir/?api=1&destination=Wintergreen%20Resort%2C%20Roseland%2C%20VA%2022967,Resort; Family Friendly; Skiing; Lodging; Golf,false,https://www.google.com/maps/dir/?api=1&destination=Wintergreen%20Resort%2C%20Roseland%2C%20VA%2022967,,,,,,,,
376,Inn at the Woods,inn-at-the-woods,Cabins & Cottages,stay,Roseland,"Inn at the Woods is a farmhouse minutes from Devils Backbone with three queen bedrooms, pull-out sofa, screened patio, and access to nearby breweries, wineries, and Wintergreen. Inn at the Woods puts three queen suites, a sleeper sofa, and a breezy screened patio minutes from Devils Backbone, creating a farmhouse base for brewery tours and Wintergreen excursions.",,https://ik.imagekit.io/OE/nelson-county/listings/inn-at-the-woods-image1_MQa9smdzT,"White house surrounded by autumn trees, with mountains in the background.",,https://ik.imagekit.io/OE/nelson-county/listings/inn-at-the-woods-image2_U8RNeR8IC,"White bathroom with dual sinks, round mirrors, wood accents, and glass shower.",,,,,,,"Roseland, VA 22967",josh,,,https://www.google.com/maps/dir/?api=1&destination=Roseland%2C%20VA%2022967,Outdoor Seating; Scenic Views; Cabins; Lodging; Farm; Tastings; Beer,false,https://www.google.com/maps/dir/?api=1&destination=Roseland%2C%20VA%2022967,,,,,,,,
377,Country Cottage,country-cottage,Cabins & Cottages,stay,Faber,"Country Cottage is a stand-alone woodland hideout with full kitchen, laundry, and a sunny front deck, keeping you equidistant from Charlottesville and the Route 151 craft trail.",,https://ik.imagekit.io/OE/nelson-county/listings/country-cottage-image1_CGfeKlhal,"Small house with porch in forest setting, surrounded by trees and greenery.",,https://ik.imagekit.io/OE/nelson-county/listings/country-cottage-image2_Kj0DoaIrT,"Cozy bedroom with colorful bedspread, open shelves, and sunlight through windows.",,,,,,,"Afton, VA 22920",josh,,,https://www.google.com/maps/dir/?api=1&destination=Afton%2C%20VA%2022920,Full Kitchen; Outdoor Seating; Beer; Wi-Fi; Cabins; Lodging,false,https://www.google.com/maps/dir/?api=1&destination=Afton%2C%20VA%2022920,,,,,,,,
378,The View at Crawfords Edge,the-view-at-crawfords-edge,Whole House Rentals,stay,Wintergreen Resort,"The View at Crawfords Edge is a four-bedroom, four-ensuite Wintergreen retreat with multi-level outdoor living, fire table, pizza oven, vaulted ceilings, and dual living rooms. The View at Crawfords Edge layers four ensuite bedrooms, vaulted living spaces, a pizza oven, and tiered outdoor lounges so your group can toast sunsets high above Wintergreen.",,https://ik.imagekit.io/OE/nelson-county/listings/the-view-at-crawfords-edge-image1_TGpMMFwo_,"House with lit porch, surrounded by trees, at dusk.",,https://ik.imagekit.io/OE/nelson-county/listings/the-view-at-crawfords-edge-image2_EtZamV93K,"Spacious living room with stone fireplace, wooden ceiling, large windows, and cozy seating.",,,,,,,"Wintergreen Resort, Roseland, VA 22967",josh,,,https://www.google.com/maps/dir/?api=1&destination=Wintergreen%20Resort%2C%20Roseland%2C%20VA%2022967,Outdoor Seating; BBQ; Pizza; Pet Friendly; Lodging,false,https://www.google.com/maps/dir/?api=1&destination=Wintergreen%20Resort%2C%20Roseland%2C%20VA%2022967,,,,,,,,
379,Altitude Adjustment,altitude-adjustment,Whole House Rentals,stay,Nellysford,"Altitude Adjustment is a five-bedroom, four-bath mountain retreat with large windows, multiple decks, high-flame fire pit, sauna, outdoor shower, game room, and EV charger. Altitude Adjustment lives up to its name via wall-to-wall windows, multiple decks, sauna, outdoor shower, game room, EV charger, and five bedrooms designed for mountain resets. The whole group will love this spacious and unique space.",,https://ik.imagekit.io/OE/nelson-county/listings/altitude-adjustment-image1_8Jxku4-8O,"Modern house surrounded by trees, pickup truck parked on driveway.",,https://ik.imagekit.io/OE/nelson-county/listings/altitude-adjustment-image2_aQDSzS4Tb,"Modern living room with large window, mountain view, wooden floor, and kitchen area.",,,,,,,"Wintergreen Resort, Roseland, VA 22967",josh,,,https://www.google.com/maps/dir/?api=1&destination=Wintergreen%20Resort%2C%20Roseland%2C%20VA%2022967,Fuel; Outdoor Seating; EV Charging; Lodging,false,https://www.google.com/maps/dir/?api=1&destination=Wintergreen%20Resort%2C%20Roseland%2C%20VA%2022967,Menu & Offerings,"The whole group will love this spacious and unique space. Grand views abound with this 5 bedroom, 4 bath mountain retreat. Contemporary design features large windows in every room with spectacular views of the Blue Ridge Mountains. Three separate decks and patio each with views. A high flame gas fire pit area. A six-person interior sauna and outdoor shower. A game room with a 16 foot shuffleboard table. A media room with TV with power recliners. Universal EV Charger.",Events & Activities,*Lodging descriptions are provided by the host and not independently verified.,Contact & Location,Gregory Monnett Staff on Site. No Pet-Friendly. No Find us at Nellysford.,,
380,Chateau Greenstone,chateau-greenstone,Whole House Rentals,stay,Wintergreen Resort,"Chateau Greenstone is a six-bedroom, four-bath Wintergreen retreat sleeping 18 with multiple game zones, 'zen den,' heated TV porch, hot tub, sauna, and four outdoor gathering areas. Chateau Greenstone sleeps 18 without sacrificing style, thanks to a zen den, heated TV porch, hot tub, sauna, and four separate outdoor hang zones for year-round fun. The Wintergreen Retreat has something for everyone. Rarely does everyone in a group particularly a large one, share the same interests. We wanted to design a getaway that truly has something for everyone and we think Chateau Greenstone gets as close to this lofty goal as any Wintergreen Property.",,https://ik.imagekit.io/OE/nelson-county/listings/chateau-greenstone-image1_4nRWeaflw,A-frame house with wooden deck surrounded by trees at dusk.,,https://ik.imagekit.io/OE/nelson-county/listings/chateau-greenstone-image2_VT5zUm2L7,Outdoor hot tub with bubbles on covered patio overlooking lush green trees.,,,,,,,"Wintergreen Resort, Roseland, VA 22967",josh,,,https://www.google.com/maps/dir/?api=1&destination=Wintergreen%20Resort%2C%20Roseland%2C%20VA%2022967,Pool; Spa; Outdoor Seating; Lodging,false,https://www.google.com/maps/dir/?api=1&destination=Wintergreen%20Resort%2C%20Roseland%2C%20VA%2022967,Hours & Information,"The Wintergreen Retreat has something for everyone. 6 Bedrooms, 4 baths, 3 game areas for kids of all ages(shuffleboard, bumper pool, ping pong, foosball, pinball arcade, kids cubby) and areas for Moms and Dads to relax, including the""zen den"" mini-spa with massage chair. 4 distinct outdoor areas (2 covered, plus the""Vista Balcony"". ) Heated outdoor TV/game porch, hot tub, sauna, fire pit. 9 Huge TV's & expansive view November-April filtered Mountain View May-October. Sleeps 18 cozily. (Designa.",Experience,"Rarely does everyone in a group particularly a large one, share the same interests. We wanted to design a getaway that truly has something for everyone and we think Chateau Greenstone gets as close to this lofty goal as any Wintergreen Property. Young or old, active or relaxed lifestyle, outdoor enthusiast or indoor dweller, this retreat has it all.",Events & Activities,*Lodging descriptions are provided by the host and not independently verified.,Contact & Location,Thomas Dieringer Staff on Site. No Pet-Friendly. No Find us at Wintergreen.
381,Blue Sky Retreat,blue-sky-retreat,Whole House Rentals,stay,Wintergreen Resort,"Blue Sky Retreat is a luxury 4,100+ sq ft designer home with six bedrooms, media and game rooms, sauna, cold plunge, hot tub, and golf course frontage with mountain views. Blue Sky Retreat spans 4,100 designer square feet with six bedrooms, media and game rooms, sauna, cold plunge, and golf-course frontage that frames the Blue Ridge. 5 baths, 12 beds—including 4 King beds • Game & media rooms: Pool table, shuffleboard, arcade machines, 100-inch TV, & home theater • Dining seating: Indoor (10-seat & 6-seat tables) + 3 bar stools • Outdoor spaces: 10-seat dining, 8-seat couch, fire pit, grill; 6-seat couch • Golf course-front with Mountain & Valley views • Backyard oasis: Hot tub, barrel sauna, cold plunge.",,https://ik.imagekit.io/OE/nelson-county/listings/blue-sky-retreat-image1_9b5vAS6Ui,"Cozy outdoor deck with fire pit, sofas, and scenic sunset view.",,https://ik.imagekit.io/OE/nelson-county/listings/blue-sky-retreat-image2_pHAwV0gTc,"Modern kitchen with wooden island, black granite countertop, hanging lights, and staircase.",,,,,,,"Wintergreen Resort, Roseland, VA 22967",josh,,,https://www.google.com/maps/dir/?api=1&destination=Wintergreen%20Resort%2C%20Roseland%2C%20VA%2022967,Scenic Views; Golf; Pet Friendly,false,https://www.google.com/maps/dir/?api=1&destination=Wintergreen%20Resort%2C%20Roseland%2C%20VA%2022967,Experience,"Luxury 4100+ sqft designer resort-style home in Wintergreen with top and unique amenities: • 6 bedrooms, 4. 5 baths, 12 beds—including 4 King beds • Game & media rooms: Pool table, shuffleboard, arcade machines, 100-inch TV, & home theater • Dining seating: Indoor (10-seat & 6-seat tables) + 3 bar stools • Outdoor spaces: 10-seat dining, 8-seat couch, fire pit, grill; 6-seat couch • Golf course-front with Mountain & Valley views • Backyard oasis: Hot tub, barrel sauna, cold plunge.",Events & Activities,*Lodging descriptions are provided by the host and not independently verified.,Contact & Location,Shilpa Menon Staff on Site. No Pet-Friendly. Yes Find us at Wintergreen.,,
382,The Treehouse,thetreehouse,Whole House Rentals,stay,Afton,"The Treehouse is a 3,200 sq ft modern home on ten acres with hot tub, outdoor shower, 10-person dining, fire pit, heated floors, and award-winning design minutes from breweries and Charlottesville. The Treehouse spreads across ten wooded acres, pairing award-winning architecture with heated floors, expansive dining space, hot tub, outdoor shower, and easy drives to Charlottesville breweries. There’s something to do in Afton every season of the year.",,https://ik.imagekit.io/OE/nelson-county/listings/the-treehouse-image1_XvJDexZqi,"Modern house with large windows, patio furniture, and fire pit in the backyard.",,https://ik.imagekit.io/OE/nelson-county/listings/the-treehouse-image2_3vr40-VSg,"Spacious modern living room with high ceiling, large windows, and wooden staircase.",,,,,,,"Afton, VA 22920",WG,,,https://www.google.com/maps/dir/?api=1&destination=Afton%2C%20VA%2022920,Outdoor Seating; Full Kitchen; Lodging; Beer,false,https://www.google.com/maps/dir/?api=1&destination=Afton%2C%20VA%2022920,Events & Activities,There’s something to do in Afton every season of the year.,Events & Activities,"And live music. Nelson 151’s wineries often include food pairing. If you’d like to do a little shopping, check out the Nelson 151 gift shops or take a short drive to the Rockfish Valley Community Center, a repurposed school building featuring local shops. Purchase a piece of Nelsonite, Virginia’s state rock, at The Virginia Rock Shop. If you’re into local art, check out the Rockfish Pottery Collective or the Rockfish River Gallery.",Events & Activities,"Live music performances, good food, and inventive, hand-crafted beverages. If you’re planning on spending a hot summer day in Afton, check out the Nelson Farmer’s Market Cooperative one Saturday. Local vendors gather there to sell fresh produce and hand-crafted goodies. Often, there’s live music. Nelson’s wineries make for an excellent day trip as well.",Events & Activities,"And enjoy great food at Blue Mountain. If your taste runs a bit sweeter, try a cider or two at Bryant’s Small Batch, Blue Toad Hard Cider, or Bold Rock Hard Cider. Like the hard stuff better. Head over to Silverback Distillery or Devils Backbone Distillery for a mixed drink and bring home a bottle of bourbon, vodka, whiskey, or gin. If you’re in Nelson celebrating Halloween, you’re in luck."
162,Woodson's Mill,woodsons-mill,Museums & Heritage,culture,Roseland,"1794 Woodson's Mill still grinds Virginia-grown grains with original water-powered stones, offering stone-milled flour and heritage tours. Woodson's Mill has been owned and loved by a small handful of families since its construction in 1794, when Guiliford Campbell built the original four-story, 32 foot square building. The Fulchers improved it in the 1840's, adding the two runs (mill stones), which are still in use today.",,https://ik.imagekit.io/OE/nelson-county/listings/woodson-s-mill-image1_ZE7ZqH35G,Wooden water mill with red wheel and surrounding greenery in sunlight.,,,,,,,,,(540) 430-0532,"3211 Lowesville Road, Roseland, VA 22967",josh,,,https://www.google.com/maps/dir/?api=1&destination=3211%20Lowesville%20Road%2C%20Roseland%2C%20VA%2022967,Museum; Retail; Seasonal Menu; Water Sports,true,https://www.google.com/maps/dir/?api=1&destination=3211%20Lowesville%20Road%2C%20Roseland%2C%20VA%2022967,,,,,,,,
168,Rockfish Valley Natural History Center,rockfish-valley-natural-history-center,Museums & Heritage,culture,Nellysford,Rockfish Valley Natural History Center showcases wildlife exhibits from the Virginia Museum of Natural History inside the old Wintergreen schoolhouse. The Rockfish Valley Foundation's Natural History Center features exhibits from the Virginia Museum of Natural History. Exhibits include an array of taxidermied native wildlife.,,https://ik.imagekit.io/OE/nelson-county/listings/rockfish-valley-natural-history-center-image1_aIErl8JZ0,"White building with a porch and sign, surrounded by leafless trees and grass.",,,,,,,,,(434) 361-0271,"1368 Rockfish Valley Highway, Nellysford, VA 22958",josh,,,https://www.google.com/maps/dir/?api=1&destination=1368%20Rockfish%20Valley%20Highway%2C%20Nellysford%2C%20VA%2022958,Museum; Fishing,false,https://www.google.com/maps/dir/?api=1&destination=1368%20Rockfish%20Valley%20Highway%2C%20Nellysford%2C%20VA%2022958,,,,,,,,
385,The Goldfinch,the-goldfinch,Cabins & Cottages,stay,Afton,"The Goldfinch is a two-bedroom, two-bath home with screened porch, garage, and central HVAC near Veritas Vineyards, Route 151, Blue Ridge Parkway, and Charlottesville. The Goldfinch gives two-bedroom convenience near Veritas with perks like a screened porch, garage parking, central HVAC, and quick access to Route 151 and the Parkway. There’s something to do in Afton every season of the year.",,https://ik.imagekit.io/OE/nelson-county/listings/the-goldfinch-image1_w_8X4s7VT,"Small house, autumn trees, driveway with red truck, evening light.",,https://ik.imagekit.io/OE/nelson-county/listings/the-goldfinch-image2__phpH4Uv-,"Gray sofa with floral pillows, candles, and vase on wooden table.",,,,,,(757) 778-1160,"Afton, VA 22920",josh,,,https://www.google.com/maps/dir/?api=1&destination=Afton%2C%20VA%2022920,Outdoor Seating; Full Kitchen; Pet Friendly; Scenic Views; Cabins; Farm; Tastings,false,https://www.google.com/maps/dir/?api=1&destination=Afton%2C%20VA%2022920,Events & Activities,There’s something to do in Afton every season of the year.,Events & Activities,"And live music. Nelson 151’s wineries often include food pairing. If you’d like to do a little shopping, check out the Nelson 151 gift shops or take a short drive to the Rockfish Valley Community Center, a repurposed school building featuring local shops. Purchase a piece of Nelsonite, Virginia’s state rock, at The Virginia Rock Shop. If you’re into local art, check out the Rockfish Pottery Collective or the Rockfish River Gallery.",Events & Activities,"Live music performances, good food, and inventive, hand-crafted beverages. If you’re planning on spending a hot summer day in Afton, check out the Nelson Farmer’s Market Cooperative one Saturday. Local vendors gather there to sell fresh produce and hand-crafted goodies. Often, there’s live music. Nelson’s wineries make for an excellent day trip as well.",Events & Activities,"And enjoy great food at Blue Mountain. If your taste runs a bit sweeter, try a cider or two at Bryant’s Small Batch, Blue Toad Hard Cider, or Bold Rock Hard Cider. Like the hard stuff better. Head over to Silverback Distillery or Devils Backbone Distillery for a mixed drink and bring home a bottle of bourbon, vodka, whiskey, or gin. If you’re in Nelson celebrating Halloween, you’re in luck."
118,Swimming,swimming,Swimming,experience,Montebello,"Indoor and outdoor swimming across Wintergreen Resort, including year-round Aquatics Center pools and Lake Monocan's summer beach. Nelson County swimming spans Wintergreen's indoor/outdoor pools, Lake Monocan's guarded beach (public access most days, fee for non-guests), and river dips in the James, Tye, and Rockfish for those seeking natural swimming holes.",,https://ik.imagekit.io/OE/nelson-county/listings/swimming-image1_K6MZpkrv3,"Indoor pool, surrounded by potted plants and lounge seating inside a spacious room.",,,,,,,,,(434) 325-8280,"Wintergreen Aquatics & Fitness Center, 39 Mountain Inn Loop, Wintergreen, VA 22967",josh,,,https://www.google.com/maps/dir/?api=1&destination=Wintergreen%20Aquatics%20%26%20Fitness%20Center%2C%2039%20Mountain%20Inn%20Loop%2C%20Wintergreen%2C%20VA%2022967,Pool; Outdoor Seating; Seasonal Menu; Resort; Water Sports; Fishing,false,https://www.google.com/maps/dir/?api=1&destination=Wintergreen%20Aquatics%20%26%20Fitness%20Center%2C%2039%20Mountain%20Inn%20Loop%2C%20Wintergreen%2C%20VA%2022967,,,,,,,,
387,Rockwell Ridge Inn,rockwellridgeinn,Cabins & Cottages,stay,Afton,"Rockwell Ridge Inn is a pet-friendly retreat on 20 acres in Afton with private trails, seasonal gardens, creeks, and accommodations including a 3-bedroom inn, pet-friendly cottages, and nature immersion spaces. Rockwell Ridge Inn invites guests to roam 20 acres of Afton trails, gardens, and creeks while choosing between a three-bedroom inn or pet-friendly cottages for a true nature immersion. There’s something to do in Afton every season of the year.",,https://ik.imagekit.io/OE/nelson-county/listings/rockwell-ridge-inn-image1_7TKqEFWib,"Blue cabin with wooden doors, decorated wreaths, surrounded by trees.",,https://ik.imagekit.io/OE/nelson-county/listings/rockwell-ridge-inn-image2_XBpXGhjEG,"Blue wooden cabin with porch, surrounded by trees and shrubs.",,https://ik.imagekit.io/OE/nelson-county/listings/rockwell-ridge-inn-image3_AOrMTU8L0,"Wooden kitchen with vaulted ceiling, island, and dining table under pendant lights.",,,,"Afton, VA 22920",WG,,,https://www.google.com/maps/dir/?api=1&destination=Afton%2C%20VA%2022920,Pet Friendly; Seasonal Menu; Lodging; Cabins,false,https://www.google.com/maps/dir/?api=1&destination=Afton%2C%20VA%2022920,Events & Activities,There’s something to do in Afton every season of the year.,Events & Activities,"And live music. Nelson 151’s wineries often include food pairing. If you’d like to do a little shopping, check out the Nelson 151 gift shops or take a short drive to the Rockfish Valley Community Center, a repurposed school building featuring local shops. Purchase a piece of Nelsonite, Virginia’s state rock, at The Virginia Rock Shop. If you’re into local art, check out the Rockfish Pottery Collective or the Rockfish River Gallery.",Events & Activities,"Live music performances, good food, and inventive, hand-crafted beverages. If you’re planning on spending a hot summer day in Afton, check out the Nelson Farmer’s Market Cooperative one Saturday. Local vendors gather there to sell fresh produce and hand-crafted goodies. Often, there’s live music. Nelson’s wineries make for an excellent day trip as well.",Events & Activities,"And enjoy great food at Blue Mountain. If your taste runs a bit sweeter, try a cider or two at Bryant’s Small Batch, Blue Toad Hard Cider, or Bold Rock Hard Cider. Like the hard stuff better. Head over to Silverback Distillery or Devils Backbone Distillery for a mixed drink and bring home a bottle of bourbon, vodka, whiskey, or gin. If you’re in Nelson celebrating Halloween, you’re in luck."
388,Everett Estate,everettestate,Whole House Rentals,stay,Wintergreen Resort,Everett Estate (duplicate entry)—verify active listing details before enriching. Step into a beautifully crafted retreat where a stunning live-edge oak breakfast bar with leather stools awaits. Ethan's Den has been decorated to compliment the beautiful setting it is in.,,https://ik.imagekit.io/OE/nelson-county/listings/everett-estate-image1_hDitKstLu,"House with trees, stairs leading up, and stone wall in foreground.",,https://ik.imagekit.io/OE/nelson-county/listings/everett-estate-image2_y5dCp-_c7,"White house with large tree, fountain, and green lawn under clear blue sky.",,https://ik.imagekit.io/OE/nelson-county/listings/everett-estate-image3_pntIHpCJ6,"Floral wallpapered kitchen, stained glass window, wooden table with floral centerpiece.",,,,"56 Rodes Farm Drive, Nellysford, VA 22958",WG,,,https://www.google.com/maps/dir/?api=1&destination=56%20Rodes%20Farm%20Drive%2C%20Nellysford%2C%20VA%2022958,Coffee; Events; Scenic Views; Tea; Pet Friendly; Lodging,false,https://www.google.com/maps/dir/?api=1&destination=56%20Rodes%20Farm%20Drive%2C%20Nellysford%2C%20VA%2022958,Menu & Offerings,"Step into a beautifully crafted retreat where a stunning live-edge oak breakfast bar with leather stools awaits. Enjoy the elegance of granite countertops and sleek stainless steel appliances. The cozy living room, with its plush leather sofas and a warm fireplace, offers the perfect spot to relax. Accommodating up to 3 guests, you'll find a luxurious queen bed and a convenient twin pull-out sofa. Radiant heated floors add an extra touch of comfort throughout your stay.",Menu & Offerings,"Ethan's Den has been decorated to compliment the beautiful setting it is in. It is decorated in natural materials such as leather, wrought iron and wood. It features heated floors throughout and a beautiful oak live edge breakfast bar made by the owners. The owners have added extra touches throughout to make you feel at home.",Events & Activities,*Lodging descriptions are provided by the host and not independently verified.,Contact & Location,"Monica Barker, monica@celticscots. Com Staff on Site. No Pet-Friendly. Yes Find us at Wintergreen Resort."
389,Don Lupe Mexican Restaurant,donlupe,Restaurants,taste,Roseland,"Don Lupe Mexican Restaurant serves authentic Mexican cuisine with high-quality ingredients and attentive service on Rockfish Valley Highway. At Don Lupe Restaurant, we take pride in offering the authentic taste of Mexican cuisine in each of our dishes. With the highest quality ingredients and traditional recipes, we stand out for our exceptional service, attentive care, and unparalleled flavor.",,https://ik.imagekit.io/OE/nelson-county/listings/don-lupe-mexican-restaurant-image1_CFnON7sma,Child playing guitar in sombrero and poncho near cactus.,,,,,,,,,(434) 218-1789,"2815 Rockfish Valley Highway, Nellysford, VA 22958",WG,,,https://www.google.com/maps/dir/?api=1&destination=2815%20Rockfish%20Valley%20Highway%2C%20Nellysford%2C%20VA%2022958,Local Ingredients; Fishing,false,https://www.google.com/maps/dir/?api=1&destination=2815%20Rockfish%20Valley%20Highway%2C%20Nellysford%2C%20VA%2022958,,,,,,,,
12-ridges-vineyard,12 Ridges Vineyard,12-ridges-vineyard,Vineyards & Wineries,taste,Vesuvius,"High-elevation vineyard at Mile 25 on the Blue Ridge Parkway pouring cool-climate sparkling and still wines with sweeping 360° views. The hilltop tasting room, expansive terrace, and private event spaces sit at 3,300 feet. A new vision has come to life at one of the most beautiful locations in all of Virginia. ​ 12 Ridges, a family-owned vineyard formerly known as Skylark Farm, now offers an intimate Tasting Room, over seven thousand five hundred square feet of outdoor patio space, and glorious 360 degree hilltop views.",,https://ik.imagekit.io/OE/nelson-county/listings/12-ridges-vineyard-image1_2M-P87f-B,,,,,,,,,https://12ridges.com/,(434) 996-4252,"24981 Blue Ridge Pkwy, Vesuvius, VA 24483",josh,,,https://www.google.com/maps/dir/?api=1&destination=24981%20Blue%20Ridge%20Pkwy%2C%20Vesuvius%2C%20VA%2024483,Events; Farm; Outdoor Seating; Scenic Views; Tastings; Wine,false,https://www.google.com/maps/dir/?api=1&destination=24981%20Blue%20Ridge%20Pkwy%2C%20Vesuvius%2C%20VA%2024483,,,,,,,,
