"id","name","slug","type","category","area","description","customHtml","image1","image1Desc","image1FileId","image2","image2Desc","image2FileId","image3","image3Desc","image3FileId","website","phone","address","authorName","publishedDate","modifiedDate","directionsLink","amenities","featured","googleMapsUrl","accordionPanel1Title","accordionPanel1Content","accordionPanel2Title","accordionPanel2Content","accordionPanel3Title","accordionPanel3Content","accordionPanel4Title","accordionPanel4Content"
"3","Trager Brothers Coffee 1.0","trager-brothers-coffee-1-0","Coffee Shops","taste","Lovingston","TBC is family-owned and operated, small-batch, and completely “a mano.” We sight roast to order and do not warehouse roasted coffee of any kind. The café pours fresh espresso, sells whole beans, and champions sustainable sourcing relationships with growers worldwide.","","https://ik.imagekit.io/OE/nelson-county/listings/trager-brothers-coffee-1-0-image1_CD5zSPxJ7","Two people smiling, one holding coffee logo sticker towards camera.","","","","","","","","https://www.tbcroasters.com/","(434) 996-3138","486 Front Street, Lovingston, VA 22949","josh","","","https://www.google.com/maps/dir/?api=1&destination=486%20Front%20Street%2C%20Lovingston%2C%20VA%2022949","Cafe; Coffee; Order Pickup; Organic; Tea","false","https://www.google.com/maps/dir/?api=1&destination=486%20Front%20Street%2C%20Lovingston%2C%20VA%2022949","History","Nestled in the heart of Lovingston, Trager Brothers Coffee 1.0 boasts a unique charm that is deeply intertwined with the town's rich history. Among its notable historical claims to fame, the town prides itself on a jail that was designed by none other than Thomas Jefferson, showcasing the architectural brilliance of the Founding Father. Equally significant, the Bright Hope Baptist Church stands as a testament to the enduring spirit of the community. Built in 1870, this historic African-American landmark was established for the freedmen and women residing in Nelson, serving as a beacon of hope and unity in the post-Civil War era. Together, these landmarks encapsulate the deep historical roots from which Trager Brothers Coffee draws its inspiration, blending the rich past with the vibrant present of Lovingston.","Contact & Location","Nestled in the heart of Lovingston, the Trager Brothers Coffee 1.0 café finds itself in a location steeped in rich history and community spirit. Adjacent to this family-owned coffee haven is the Bright Hope Baptist Church, an iconic African-American landmark that commands a sweeping view over the village. This church, alongside a school built in the same era, was established in 1870 as a beacon of hope and education for the freed men and women of Nelson County. The meticulously maintained grounds surrounding the church hold over 100 marked graves, serving as a poignant reminder of the area's deep historical roots and the enduring strength of its community. 

Trager Brothers Coffee 1.0 prides itself on being an integral part of this vibrant local history. As a small-batch, entirely ""a mano"" (by hand) operation, the café embodies the artisan spirit that has long thrived in the region. Specializing in sight roasting to order, they ensure that no roasted coffee is warehoused, guaranteeing the freshest espresso pours and whole bean sales. This dedication to quality and community makes a visit to Trager Brothers Coffee 1.0 not just a simple coffee run, but a rich, immersive experience into the heart of Lovingston's heritage.","","","",""
"4","Trager Brothers Coffee 2.0","trager-brothers-coffee-2-0","Coffee Shops","taste","Afton","Organic coffeehouse at the Rockfish Valley School campus with freshly roasted beans, espresso drinks, and grab-and-go service from Trager Brothers Coffee. TBC is family-owned and operated, small-batch, and completely “a mano.” We sight roast to order and do not warehouse roasted coffee of any kind.","","https://ik.imagekit.io/OE/nelson-county/listings/trager-brothers-coffee-2-0-image1_onAYYsQs0L","Barista decorating coffee foam with chocolate in a black cup.","","","","","","","","https://www.tbcroasters.com/","(434) 263-8916","190 Rockfish Valley School Lane, Afton, VA 22920","josh","","","https://www.google.com/maps/dir/?api=1&destination=190%20Rockfish%20Valley%20School%20Lane%2C%20Afton%2C%20VA%2022920","Coffee; Organic; Bar; Tea; Cafe; Fishing","false","https://www.google.com/maps/dir/?api=1&destination=190%20Rockfish%20Valley%20School%20Lane%2C%20Afton%2C%20VA%2022920","Menu & Offerings","Nestled within the serene Rockfish Valley School campus, Trager Brothers Coffee 2.0 stands as a beacon for coffee connoisseurs and casual caffeine lovers alike. This family-owned and operated coffeehouse prides itself on its small-batch, meticulously crafted organic coffee. Far from the industrial process of mass coffee production, TBC adopts a uniquely 'a mano' or handcrafted approach to coffee roasting. The team at Trager Brothers does not believe in warehousing roasted coffee; instead, they sight roast each batch to order, ensuring the freshest and most aromatic coffee experience possible.

The dedication of the roasters and baristas at TBC is evident in every sip. They take great care in cupping each coffee they source, engaging in a collective effort to create roast profiles that not only preserve but enhance the inherent flavor characteristics unique to each origin. It's a meticulous process that showcases their commitment to quality and the art of coffee making.

What sets Trager Brothers Coffee 2.0 apart is its unwavering commitment to organic practices. Proudly serving only organic coffee, TBC is certified by the Organic Crop Improvement Association (OCIA), a testament to their dedication to sustainability and health. Whether you're grabbing a quick espresso on the go or seeking out freshly roasted beans to take home, Trager Brothers Coffee offers an authentic, enriching coffee experience that celebrates the rich tapestry of flavors coffee has to offer, all within the charming and inviting atmosphere of the Rockfish Valley School campus.","Contact & Location","Nestled in the heart of the scenic Rockfish Valley, Trager Brothers Coffee 2.0 offers a unique coffee experience that is both organic and deeply rooted in family tradition. Located at the historic Rockfish Valley School campus in Afton, Virginia, this charming coffeehouse is more than just a place to grab your morning espresso. With an address of 190 Rockfish Valley School Lane, Afton, VA 22920, it beckons travelers and coffee enthusiasts alike to explore its rich offerings.

At Trager Brothers Coffee 2.0, every cup of coffee is a testament to the art of small-batch roasting. This family-owned and operated establishment takes pride in its freshly roasted beans, ensuring that each espresso drink and grab-and-go service item reflects the quality and care that the Trager family is known for. The dedication to organic practices adds another layer of appeal, promising a delightful experience with every visit.

For those wishing to connect or inquire further, reaching out is made easy with their contact number, 434-263-8916. Whether you're a local resident or a traveler seeking a warm, inviting atmosphere, Trager Brothers Coffee 2.0 stands as a beacon of exceptional coffee craftsmanship in the picturesque setting of Afton, Virginia.","","","",""
"5","Afton Market","afton-market","Markets & Delis","taste","Afton","Afton Market is a locally owned convenience stop offering fuel plus a short-order deli that fries up chicken, biscuits, and hot lunch plates. Locally owned convenience store and gas station with a breakfast-and-lunch deli known for fried chicken, fresh coffee, and fountain drinks.","","https://ik.imagekit.io/OE/nelson-county/listings/Screenshot_2025-11-14_at_6.38.31_PM_U31i9aoWc.png","Gas station with cars, convenience store, and trees in the background.","","","","","","","","","(540) 456-6111","10185 Rockfish Valley Highway, Afton, VA 22920","josh","","","https://www.google.com/maps/dir/?api=1&destination=10185%20Rockfish%20Valley%20Highway%2C%20Afton%2C%20VA%2022920","Breakfast; Coffee; Deli; Fuel; Lunch; Market; Retail; Tea; Beer","false","https://www.google.com/maps/dir/?api=1&destination=10185%20Rockfish%20Valley%20Highway%2C%20Afton%2C%20VA%2022920","Menu & Specialties","Nestled in the heart of the community, Afton Market stands as a beacon of local charm and convenience. This proudly locally owned establishment doesn't just serve as a place to refuel your vehicle; it's a haven where you can also satiate your cravings. As you step inside, you're greeted by the warm ambiance of a short-order deli that promises more than just a quick bite.

Afton Market truly shines when breakfast rolls around, offering a cozy start to your day with its welcoming deli. But the culinary delights don't end there. As noon approaches, the space transforms, presenting a lunch menu that's sure to tantalize your taste buds. At the heart of their specialties, you'll find their fried chicken, a dish that has garnered local acclaim for its crispy exterior and juicy interior, crafted to perfection. But the culinary experience doesn't stop with savory delights; the market also serves up an assortment of fresh coffee selections, ensuring that whether you're in need of an early morning pick-me-up or a midday boost, your needs are covered. And for those who prefer a cold refreshment, the fountain drinks offer a fizzy complement to any meal.

Afton Market represents more than just a stop along the way; it's a destination for those in search of authentic, delicious food coupled with the convenience of a gas station. Whether you're a local resident or just passing through, this market invites you to pause, refuel in every sense, and savor the simple pleasures of good food and warm hospitality.","Additional Menu Information","Nestled in the heart of Afton, the Afton Market stands as a beacon of local charm and convenience. This beloved establishment is not just any ordinary convenience stop; it's a locally-owned treasure that offers more than just fuel for your vehicle. Afton Market is renowned for its short-order deli, which has become a local favorite for frying up delectable chicken, fluffy biscuits, and hearty hot lunch plates that promise to satisfy any appetite.

But the appeal of Afton doesn't stop at the market's doors. For those looking to immerse themselves in the local culture and vibrancy of Afton during the warm summer months, the Nelson Farmer’s Market Cooperative is an essential destination. Held on Saturdays, this cooperative transforms into a bustling hub of activity, often serenaded by the lively tunes of live music, adding a soundtrack to your exploration of local wares and produce.

Further enhancing the allure of Afton as a day trip destination are the renowned wineries of Nelson. These wineries offer an excellent opportunity to dive into the local viticulture, providing a perfect complement to the down-home comfort found at Afton Market. Whether you're fueling up for a day of adventure or winding down with a plate from their delectable deli, Afton Market encapsulates the essence of local charm and convenience, making it a must-visit location for anyone venturing into this quaint corner of the world.","","","",""
"6","Ashley's Market","ashleys-market","Markets & Delis","taste","Afton","Family-run convenience and gas stop with a deli serving breakfast biscuits, lunch sandwiches, fried chicken, and deli salads. Ashley's Market pairs gas pumps with a home-style deli serving breakfast biscuits, subs, fried chicken, and deli salads made to order.","","https://ik.imagekit.io/OE/nelson-county/listings/ashley-s-market-image1_-O8C_lefS","Market storefront under clear blue sky with vending machines outside.","","https://ik.imagekit.io/OE/nelson-county/listings/ashley-s-market-image2_BHBW3b0b2","Market entrance with vending machines under a clear blue sky.","","","","","https://www.facebook.com/ashleysmaket151/","(434) 361-2087","6445 Rockfish Valley Highway, Afton, VA 22920","josh","","","https://www.google.com/maps/dir/?api=1&destination=6445%20Rockfish%20Valley%20Highway%2C%20Afton%2C%20VA%2022920","Fuel; Breakfast; Deli; Lunch; Market; Hiking","false","https://www.google.com/maps/dir/?api=1&destination=6445%20Rockfish%20Valley%20Highway%2C%20Afton%2C%20VA%2022920","Menu & Specialties","Nestled at the heart of the community, Ashley's Market is not just your ordinary convenience store and gas station. This family-run gem stands out with its in-house deli that has become a beloved spot for both breakfast and lunch offerings. It's a place where fueling your car and satisfying your hunger pangs happen seamlessly under one roof.

At Ashley's Market, the menu shines with its array of specialties that cater to varied tastes. The deli takes pride in serving mouth-watering fried chicken, a dish that has garnered a loyal following among locals and travelers alike. For those in search of something a bit lighter, the selection of subs and deli salads offers a refreshing alternative, each prepared with the freshest ingredients and a touch of home-style cooking.

The breakfast biscuits are a particular highlight, promising a perfect start to your day with their fluffy texture and savory fillings. Come lunchtime, the sandwiches become the star of the show, featuring classic combinations and innovative creations that ensure every visit is a culinary adventure.

Ashley's Market has successfully created a welcoming atmosphere where convenience meets deliciousness. Whether you're stopping by to refuel your vehicle or your appetite, this establishment guarantees a delightful experience that blends the ease of a convenience store with the charm of a local deli.","Additional Menu Information","Nestled in the heart of Afton, Ashley's Market emerges as a quintessential stop for travelers and locals alike, blending the convenience of a family-run gas station with the charm of a home-style deli. This unique establishment offers more than just a place to refuel your car; it invites you to indulge in a culinary journey that starts with delectable breakfast biscuits in the morning and transitions to savory lunch sandwiches, fried chicken, and an assortment of deli salads as the day progresses. 

But the allure of Afton doesn't end at Ashley's doorstep. On a warm summer Saturday, the Nelson Farmer’s Market Cooperative becomes a hub of activity, where the community and visitors come together to enjoy not only the fresh, local produce but also the vibrant atmosphere enhanced by live music. The experience is a testament to the area's commitment to celebrating local culture and cuisine.

For those looking to extend their adventure, Afton's neighboring wineries offer an excellent day trip opportunity. These local wineries are renowned for their exquisite vintages, providing a perfect complement to the gastronomic delights found at Ashley's Market. The combination of Ashley's welcoming ambiance, the lively farmer's market, and the tranquil vineyards encapsulates the essence of Afton, making it a must-visit destination for anyone seeking a blend of culinary excellence and rustic charm.","","","",""
"7","Chicken Coop","chicken-coop","Markets & Delis","taste","Lovingston","Inside the Nelson Food Mart Exxon, Chicken Coop turns out crispy fried chicken, smoked barbecue, burgers, and hearty sandwiches plus sides like mac and cheese. It's a quick-service comfort-food counter where everything is cooked to order for dine-in or carryout.","","https://ik.imagekit.io/OE/nelson-county/listings/chicken-coop-image1_PIMkxTnKd","Cars parked in front of a brick food market.","","","","","","","","","(434) 263-7818","40 Front Street, Lovingston, VA 22949","josh","","","https://www.google.com/maps/dir/?api=1&destination=40%20Front%20Street%2C%20Lovingston%2C%20VA%2022949","BBQ; Retail; Full Kitchen; Market; Deli","false","https://www.google.com/maps/dir/?api=1&destination=40%20Front%20Street%2C%20Lovingston%2C%20VA%2022949","History","Nestled in the heart of Virginia, the charming historic village of Lovingstown began its story in 1809. Originating from a land grant, the need to establish both a courthouse and a county seat for the newly created Nelson County set the stage for Lovingstown's birth. It was in this pivotal year that James Loving laid down the foundation for what would become a quaint and picturesque village. The initial development saw 49 lots being meticulously parceled off in nearly equal measure, subsequently being sold to pave the way for the community's growth. This marked the beginning of Lovingstown's rich history, setting the stage for its evolution into the vibrant community it is today.","Contact & Location","Nestled within the heart of Lovingston, Chicken Coop offers a delightful culinary experience, tucked away inside the Nelson Food Mart Exxon. This quick-service comfort-food counter is renowned for its crispy fried chicken, smoked barbecue, burgers, and hearty sandwiches, accompanied by indulgent sides like mac and cheese. It's a gem for those in pursuit of satisfying, home-style cooking.

Just a stone's throw away from Chicken Coop, visitors can immerse themselves in the rich history of the area at Bright Hope Baptist Church. This historic African-American landmark, overlooking the quaint village of Lovingston, stands as a poignant reminder of the community's resilience and strength. Constructed in 1870 alongside a school, the church was established to serve the freed men and women of Nelson County in the aftermath of the Civil War. The well-preserved grounds are home to over 100 marked graves, offering a solemn and reflective space for visitors to pay their respects and learn more about the local history.

Whether you're drawn to the area by the allure of savory, comfort food at Chicken Coop or the historical significance of Bright Hope Baptist Church, Lovingston offers a rich tapestry of culinary and cultural experiences waiting to be explored.","","","",""
"8","Colleen Deli","colleen-deli","Markets & Delis","taste","Arrington","Exxon deli serving all-day breakfast, daily lunch specials, sandwiches, wraps, and homemade baked goods with a summertime salad bar. Exxon deli serving all-day breakfast, daily lunch specials, sandwiches, wraps, and homemade baked goods with a summertime salad bar.","","https://ik.imagekit.io/OE/nelson-county/listings/colleen-deli-image1_Qm3EZKyhY","Gas station with red canopy, two pumps, parked cars, and convenience store in background.","","","","","","","","","(434) 263-8300","4071 Thomas Nelson Hwy, Arrington, VA 22922","josh","","","https://www.google.com/maps/dir/?api=1&destination=4071%20Thomas%20Nelson%20Hwy%2C%20Arrington%2C%20VA%2022922","Breakfast; Lunch; Bar; Seasonal Menu; Bakery; Baked Goods; Deli; Market","false","https://www.google.com/maps/dir/?api=1&destination=4071%20Thomas%20Nelson%20Hwy%2C%20Arrington%2C%20VA%2022922","Menu & Specialties","Featuring sandwiches, wraps, subs and more, plus homemade baked goods for your sweet tooth. Find us at the Colleen Exxon & Convenience Mart on Rt.","","","","","",""
"9","Corner Market","corner-market","Markets & Delis","taste","Schuyler","Neighborhood convenience store and gas station with a short-order deli serving breakfast biscuits and hot lunch items.","","https://ik.imagekit.io/OE/nelson-county/listings/corner-market-image1_wiPXqe1ES","Small convenience store with illuminated signs, parked car, and visible interior lights.","","","","","","","","","(434) 263-5500","11309 James River Road, Shipman, VA 22971","josh","","","https://www.google.com/maps/dir/?api=1&destination=11309%20James%20River%20Road%2C%20Shipman%2C%20VA%2022971","Retail; Fuel; Breakfast; Deli; Lunch; Market; Water Sports","false","https://www.google.com/maps/dir/?api=1&destination=11309%20James%20River%20Road%2C%20Shipman%2C%20VA%2022971","Menu & Specialties","This convenience store and gas station features a deli open for breakfast and lunch.","History","S during the Great Depression. Those who travel to Schuyler are encouraged to visit The Walton’s Mountain Museum.","History & Background","At the Oakland Museum, Visitors can view an exhibit on The Rural Electrification Act, part of Roosevelt’s New Deal. Traveling teachers and students will enjoy the exhibit depicting the history of the area schools.","",""
"10","Graves Grocery & Deli","graves-grocery-deli","Markets & Delis","community","Nellysford","Graves Grocery & Deli is a long-running Route 151 fixture where travelers top off the tank, grab breakfast sandwiches, and order made-to-order lunches before exploring the Rockfish Valley. Friendly counter service and quick deli classics make it a reliable daily stop.","","https://ik.imagekit.io/OE/nelson-county/listings/graves-grocery-deli-image1_DBJko9s0a","Storefront with red sign, vending machines, and newspaper stands outside.","","","","","","","","","(434) 361-2504","1779 Rockfish Valley Highway, Nellysford, VA 22958","josh","","","https://www.google.com/maps/dir/?api=1&destination=1779%20Rockfish%20Valley%20Highway%2C%20Nellysford%2C%20VA%2022958","Retail; Fuel; Breakfast; Lunch; Deli; Market; Fishing","false","https://www.google.com/maps/dir/?api=1&destination=1779%20Rockfish%20Valley%20Highway%2C%20Nellysford%2C%20VA%2022958","Menu & Specialties","This convenience store and gas station features a deli open for breakfast and lunch.","","","","","",""
"11","Hickman's Exxon Grocery","hickmans-exxon-grocery","Markets & Delis","community","Roseland","Hickman's Exxon Grocery near Beech Grove supplies fuel, hunting gear, and a hot breakfast-and-lunch deli favored by Wintergreen visitors. The store also serves as a certified game-checking station, making it a handy hub during deer, bear, and turkey seasons.","","https://ik.imagekit.io/OE/nelson-county/listings/hickman-s-exxon-grocery-image1_s5gtjxUQJ","Small shop with red roof, 'Open' sign, and outdoor seating under sunny sky.","","","","","","","","","(434) 361-1205","1311 Beech Grove Road, Roseland, VA 22967","josh","","","https://www.google.com/maps/dir/?api=1&destination=1311%20Beech%20Grove%20Road%2C%20Roseland%2C%20VA%2022967","Fuel; Breakfast; Lunch; Deli; Hunting; Market","false","https://www.google.com/maps/dir/?api=1&destination=1311%20Beech%20Grove%20Road%2C%20Roseland%2C%20VA%2022967","Menu & Specialties","This convenience store and gas station features a deli open for Breakfast and Lunch daily.","","","","","",""
"12","IGA Blue Ridge Grocery","iga-blue-ridge-grocery","Markets & Delis","community","Nellysford","Community supermarket providing full groceries, everyday essentials, and friendly service in the Rockfish Valley.","","https://ik.imagekit.io/OE/nelson-county/listings/iga-blue-ridge-grocery-image1_9UYmGsIn7","Grocery store facade with shopping carts, icy machine, and open sign.","","","","","","","","","(434) 361-1105","2797 Rockfish Valley Highway, Nellysford, VA 22958","josh","","","https://www.google.com/maps/dir/?api=1&destination=2797%20Rockfish%20Valley%20Highway%2C%20Nellysford%2C%20VA%2022958","Market; Local Ingredients; Order Pickup; Parking; Deli; Fishing","false","https://www.google.com/maps/dir/?api=1&destination=2797%20Rockfish%20Valley%20Highway%2C%20Nellysford%2C%20VA%2022958","Contact & Location","2797 Rockfish Valley Highway Nellysford, VA 22958 434-361-1105.","","","","","",""
"13","Ike's Market & Deli","ikes-market-deli","Markets & Delis","community","Schuyler","Ike's Market & Deli on Rockfish River Road stocks convenience essentials, fishing supplies, and a deli counter with rotating daily specials. Riverside convenience store and deli featuring hot menu specials, grab-and-go items, and a game checking station.","","https://ik.imagekit.io/OE/nelson-county/listings/ike-s-market-deli-image1_7BFICV0DZ","Baked potato with cheese, baked beans, carrots, and saucy pulled pork on plate.","","","","","","","","","(434) 831-1185","6597 Rockfish River Road, Schuyler, VA 22969","josh","","","https://www.google.com/maps/dir/?api=1&destination=6597%20Rockfish%20River%20Road%2C%20Schuyler%2C%20VA%2022969","Deli; Fishing; Hunting; Market; Retail; Water Sports","false","https://www.google.com/maps/dir/?api=1&destination=6597%20Rockfish%20River%20Road%2C%20Schuyler%2C%20VA%2022969","History","S during the Great Depression. Those who travel to Schuyler are encouraged to visit The Walton’s Mountain Museum.","History & Background","At the Oakland Museum, Visitors can view an exhibit on The Rural Electrification Act, part of Roosevelt’s New Deal. Traveling teachers and students will enjoy the exhibit depicting the history of the area schools.","Amenities & Services","Every fall, visitors travel to Nelson County to take in the sight of the Blue Ridge Mountains. The gorgeous autumn colors reach their peak mid- to late October each year. Fall’s crisp mornings, pleasant daytime temperatures, and nearly-chilly nights make Nelson a perfect outdoor destination, but there are plenty of cozy indoor amenities as well.","",""
"14","Indian Oven","indian-oven","Restaurants","taste","Lovingston","Family-run Indian restaurant serving curries, tandoori favorites, and coconut-forward dishes crafted with fresh ingredients in a welcoming setting.","","https://ik.imagekit.io/OE/nelson-county/listings/indian-oven-image1_0QlheMSPI","Restaurant entrance with 'Indian Oven' sign on white brick exterior wall.","","","","","","","","","(434) 263-4080","10749 Thomas Nelson Hwy, Lovingston, VA 22949","josh","","","https://www.google.com/maps/dir/?api=1&destination=10749%20Thomas%20Nelson%20Hwy%2C%20Lovingston%2C%20VA%2022949","Takeout; Family Friendly; Market; Deli","false","https://www.google.com/maps/dir/?api=1&destination=10749%20Thomas%20Nelson%20Hwy%2C%20Lovingston%2C%20VA%2022949","History","One claim to fame is that that town jail was designed by Thomas Jefferson. Lovingston’s most historic African-American landmark is Bright Hope Baptist Church, which was built in 1870 for the freedmen and women living in Nelson.","Contact & Location","Bright Hope Baptist Church, a historic African-American landmark in Lovingston that overlooks the village. The church was built along with a school in 1870 to serve the freed men and women of Nelson. The kept area has over 100 marked graves.","","","",""
"15","Mac's Country Store","macs-country-store","Markets & Delis","community","Roseland","Country store at the crossroads of Routes 151 and 56 with breakfast, lunch, dinner plates, famous fried chicken, and antiques for sale. Country store at the crossroads of Routes 151 and 56 with breakfast, lunch, dinner plates, famous fried chicken, and antiques for sale.","","https://ik.imagekit.io/OE/nelson-county/listings/mac-s-country-store-image1_Gk_Ua_dFF","White building with vending machines, parked car, and trees in the background.","","https://ik.imagekit.io/OE/nelson-county/listings/mac-s-country-store-image2_YzwsuX-Df","White building with vending machines, parked car, and wooden porch surrounded by trees.","","https://ik.imagekit.io/OE/nelson-county/listings/mac-s-country-store-image3_SvqK4KDnb","Tie-dye background with bold white text in cursive font.","","","(434) 277-5305","7023 Patrick Henry Highway, Roseland, VA 22967","josh","","","https://www.google.com/maps/dir/?api=1&destination=7023%20Patrick%20Henry%20Highway%2C%20Roseland%2C%20VA%2022967","Breakfast; Lunch; Dinner; Takeout; Market; Deli","false","https://www.google.com/maps/dir/?api=1&destination=7023%20Patrick%20Henry%20Highway%2C%20Roseland%2C%20VA%2022967","Menu & Specialties","Serving breakfast, lunch, dinner. Our famous fried chicken is the best around, and antiques are sold within the store as well.","","","","","",""
"16","Subway","subway","Markets & Delis","taste","Lovingston","Subway franchise in Annie Land Plaza making customizable sandwiches, salads, and wraps seven days a week. (open later on Fridays, earlier-closing Sundays).","","https://ik.imagekit.io/OE/nelson-county/listings/subway-image1_ASH5hYhT2","Brick storefront with Subway and tobacco shop signs, under clear blue sky.","","https://ik.imagekit.io/OE/nelson-county/listings/subway-image2_FsH2B7eDE","Brick building with Subway and vape shop, clear sky above.","","","","","https://restaurants.subway.com/united-states/va/lovingston/65-callohill-drive","(434) 263-6800","65 Callohill Drive, Lovingston, VA 22949","josh","","","https://www.google.com/maps/dir/?api=1&destination=65%20Callohill%20Drive%2C%20Lovingston%2C%20VA%2022949","Deli; Market","false","https://www.google.com/maps/dir/?api=1&destination=65%20Callohill%20Drive%2C%20Lovingston%2C%20VA%2022949","Contact & Location","10 am-10 pm; Friday night until 11 pm; Sunday until 9 p. Find us at Annie Land Plaza, Highway 29 in Lovingston.","History","One claim to fame is that that town jail was designed by Thomas Jefferson. Lovingston’s most historic African-American landmark is Bright Hope Baptist Church, which was built in 1870 for the freedmen and women living in Nelson.","Additional Location Information","Bright Hope Baptist Church, a historic African-American landmark in Lovingston that overlooks the village. The church was built along with a school in 1870 to serve the freed men and women of Nelson. The kept area has over 100 marked graves.","",""
"17","The Market at Wintergreen","the-market-at-wintergreen","Markets & Delis","community","Wintergreen Resort","The resort is found on the Sunrise Side of the Blue Ridge Mountains and is conveniently located close to Charlottesville, Staunton, Lynchburg, and Waynesboro. Convenience Store, Groceries, Deli and Gas.","","https://ik.imagekit.io/OE/nelson-county/listings/the-market-at-wintergreen-image1_mYJhz6AkM","Customers at deli counter inside a market, browsing and buying packaged food items.","","","","","","","","","(434) 325-8224","189 Mountain Inn Loop, Wintergreen, VA 22958","josh","","","https://www.google.com/maps/dir/?api=1&destination=189%20Mountain%20Inn%20Loop%2C%20Wintergreen%2C%20VA%2022958","Deli; Resort; Fuel; Market","false","https://www.google.com/maps/dir/?api=1&destination=189%20Mountain%20Inn%20Loop%2C%20Wintergreen%2C%20VA%2022958","Menu & Specialties","This convenience store and gas station features a deli open for breakfast and lunch.","Hours & Information","The resort is found on the Sunrise Side of the Blue Ridge Mountains and is conveniently located close to Charlottesville, Staunton, Lynchburg, and Waynesboro. It’s only a three-hour drive from Washington, D. Spend the day at and near Wintergreen Resort any time of the year.","History","If you’re lucky enough to be traveling in Nelson in the springtime, take the Nelson Scenic Loop on your way to Wintergreen Resort. Buds will bloom and light spring greens will seem to appear before your eyes as winter warms up and undergoes its yearly vanishing act. As you traverse the pleasant roadways of Nelson, you’ll notice historic, natural, and cultural attractions along the way.","Additional Menu Information","Stop by Devils Backbone Brewing Company. If over a dozen taps and an extensive pub menu aren’t enough, remember Visitors can bring the family pet as long as he or she stays leashed in the designated pet area. Devils Backbone also offers campsites near the restaurant."
"18","Williams Grocery","williams-grocery","Markets & Delis","community","Schuyler","Rural grocery and gas station carrying local honey, bait, and fishing supplies alongside everyday essentials.","","https://ik.imagekit.io/OE/nelson-county/listings/williams-grocery-image1_7ZxBQDA49","Gas pumps and store building surrounded by trees and hills under blue sky.","","","","","","","","","(434) 263-4746","439 Williamstown Road, Shipman, VA 22971","josh","","","https://www.google.com/maps/dir/?api=1&destination=439%20Williamstown%20Road%2C%20Shipman%2C%20VA%2022971","Retail; Fuel; Local Ingredients; Market; Deli; Water Sports; Fishing; Hunting","false","https://www.google.com/maps/dir/?api=1&destination=439%20Williamstown%20Road%2C%20Shipman%2C%20VA%2022971","Area Information","Grocery Store and Gas. Featuring local honey, fishing supplies and bait. Game Checking Station (deer, bear & turkey).","History","S during the Great Depression. Those who travel to Schuyler are encouraged to visit The Walton’s Mountain Museum.","History & Background","At the Oakland Museum, Visitors can view an exhibit on The Rural Electrification Act, part of Roosevelt’s New Deal. Traveling teachers and students will enjoy the exhibit depicting the history of the area schools.","",""
"19","Ann's Family Restaurant","anns-family-restaurant","Restaurants","taste","Arrington","The homestyle spot closes Saturdays but keeps loyal regulars coming back for dependable Southern comfort food. The homestyle spot closes Saturdays but keeps loyal regulars coming back for dependable Southern comfort food.","","https://ik.imagekit.io/OE/nelson-county/listings/ann-s-family-restaurant-image1_wg1eO0bow","Red-roofed restaurant with parked cars and campaign signs on grass.","","","","","","","","","(434) 263-8110","1170 Thomas Nelson Highway, Arrington, VA 22922","josh","","","https://www.google.com/maps/dir/?api=1&destination=1170%20Thomas%20Nelson%20Highway%2C%20Arrington%2C%20VA%2022922","Family Friendly","false","https://www.google.com/maps/dir/?api=1&destination=1170%20Thomas%20Nelson%20Highway%2C%20Arrington%2C%20VA%2022922","Menu & Specialties","Good old country cooking. Fresh vegetables and specials every day.","","","","","",""
"20","Basic Necessities","basic-necessities","Restaurants","taste","Nellysford","Basic Necessities is a European-inspired café, wine, and cheese shop in the Rockfish Valley serving soups, salads, seasonal dinners with live music, and a popular Sunday brunch. Sunday brunch often features a harpist, and the shelves brim with imported cheeses, breads, and affordable bottles.","","https://ik.imagekit.io/OE/nelson-county/listings/basic-necessities-image1_xjB3aTYi6","Cozy house with glowing string lights on fence at dusk.","","","","","","","","","(434) 361-1776","2226 Rockfish Valley Highway, Nellysford, VA 22958","josh","","","https://www.google.com/maps/dir/?api=1&destination=2226%20Rockfish%20Valley%20Highway%2C%20Nellysford%2C%20VA%2022958","Wine; Retail; Dinner; Live Music; Brunch; Fishing","false","https://www.google.com/maps/dir/?api=1&destination=2226%20Rockfish%20Valley%20Highway%2C%20Nellysford%2C%20VA%2022958","","","","","","","",""
"21","Blue Mountain Brewery","blue-mountain-brewery","Breweries & Cideries","taste","Afton","Route 151 brewpub pouring flagship and seasonal ales alongside a from-scratch kitchen with sweeping Blue Ridge views. Route 151 brewpub pouring flagship and seasonal ales alongside a from-scratch kitchen with sweeping Blue Ridge views.","","https://ik.imagekit.io/OE/nelson-county/listings/blue-mountain-brewery-image1_tGxjiiEoX","Pizza, beer, and grapes on a wooden table in outdoor sunlight.","","","","","","","","https://www.bluemountainbrewery.com/","(540) 456-8020","9519 Critzers Shop Road, Afton, VA 22920","josh","","","https://www.google.com/maps/dir/?api=1&destination=9519%20Critzers%20Shop%20Road%2C%20Afton%2C%20VA%2022920","Beer; Cider; Events; Family Friendly; Full Kitchen; Meeting Planners; Outdoor Seating; Scenic Views; Tastings","false","https://www.google.com/maps/dir/?api=1&destination=9519%20Critzers%20Shop%20Road%2C%20Afton%2C%20VA%2022920","","","","","","","",""
"22","Blue Ridge Pig","blue-ridge-pig","Restaurants","taste","Nellysford","Blue Ridge Pig is a roadside smokehouse known for Strawberry Goodwin's on-site smoked meats, from classic pulled pork with slaw to Turkey Croissants with signature dill sauce. Blue Ridge Pig smokes pork, turkey, and other meats behind its tiny roadside shack, drawing fans for pulled pork sandwiches, turkey croissants, and house dill sauce.","","https://ik.imagekit.io/OE/nelson-county/listings/blue-ridge-pig-image1_yZZLDI6Ia","Cartoon pig with chef hat on weathered sign against trees and sky.","","","","","","","","","(434) 361-1170","2198 Rockfish Valley Highway, Nellysford, VA 22958","josh","","","https://www.google.com/maps/dir/?api=1&destination=2198%20Rockfish%20Valley%20Highway%2C%20Nellysford%2C%20VA%2022958","BBQ; Takeout; Scenic Views","false","https://www.google.com/maps/dir/?api=1&destination=2198%20Rockfish%20Valley%20Highway%2C%20Nellysford%2C%20VA%2022958","","","","","","","",""
"23","Bold Kitchen at Bold Rock","bold-kitchen-at-bold-rock","Restaurants","taste","Nellysford","Bold Kitchen at Bold Rock is a local restaurant serving a variety of dishes in a welcoming atmosphere.","","https://ik.imagekit.io/OE/nelson-county/listings/bold-kitchen-at-bold-rock-image1_XleEsXz-D","Outdoor patio with tables, umbrellas, and mountain view under a clear blue sky.","","","","","","","","","","1020 Rockfish Valley Highway, Nellysford, VA 22958","josh","","","https://www.google.com/maps/dir/?api=1&destination=1020%20Rockfish%20Valley%20Highway%2C%20Nellysford%2C%20VA%2022958","Bar; Cider; Tastings; Full Kitchen","false","https://www.google.com/maps/dir/?api=1&destination=1020%20Rockfish%20Valley%20Highway%2C%20Nellysford%2C%20VA%2022958","","","","","","","",""
"24","Chen's Restaurant","chens-restaurant","Restaurants","taste","Lovingston","Chen's Restaurant serves Chinese cuisine in Lovingston, offering a variety of dishes including fried chicken, stir-fries, and traditional Chinese favorites for lunch and takeout.","","https://ik.imagekit.io/OE/nelson-county/listings/chen-s-restaurant-image1_yGrDjUjGy","Glazed fried chicken pieces with broccoli florets, arranged closely together.","","","","","","","","","(434) 263-8865","73 Callohill Drive, Lovingston, VA 22949","josh","","","https://www.google.com/maps/dir/?api=1&destination=73%20Callohill%20Drive%2C%20Lovingston%2C%20VA%2022949","Takeout; Lunch","false","https://www.google.com/maps/dir/?api=1&destination=73%20Callohill%20Drive%2C%20Lovingston%2C%20VA%2022949","History","One claim to fame is that that town jail was designed by Thomas Jefferson. Lovingston’s most historic African-American landmark is Bright Hope Baptist Church, which was built in 1870 for the freedmen and women living in Nelson.","Contact & Location","Bright Hope Baptist Church, a historic African-American landmark in Lovingston that overlooks the village. The church was built along with a school in 1870 to serve the freed men and women of Nelson. The kept area has over 100 marked graves.","Amenities & Services","Than a meal, head to Wood Ridge Farm Brewery, where a food truck is usually available. It’s a family-friendly place with plenty of outdoor activities. Want to know something interesting.","",""
"25","Chirio's Pizza","chirios-pizza","Restaurants","taste","Nellysford","Chirio's Pizza is Nelson County's longest-running pizzeria, serving New York-style pies, subs, salads, and ice cream with eat-in, takeout, and delivery options from Valley Green Shopping Center. Chirio's Pizza, the county's oldest pizzeria since 1989, slings hand-tossed New York–style pies plus subs, salads, ice cream, and delivery from Valley Green Shopping Center.","","https://ik.imagekit.io/OE/nelson-county/listings/chirio-s-pizza-image1_UVtpKdV9N","Pepperoni pizza with olives and broccoli on a golden crust.","","","","","","","","","(434) 361-9188","2777 Rockfish Valley Highway, Nellysford, VA 22958","josh","","","https://www.google.com/maps/dir/?api=1&destination=2777%20Rockfish%20Valley%20Highway%2C%20Nellysford%2C%20VA%2022958","Family Friendly; Takeout; Delivery; Desserts; Pizza","false","https://www.google.com/maps/dir/?api=1&destination=2777%20Rockfish%20Valley%20Highway%2C%20Nellysford%2C%20VA%2022958","","","","","","","",""
"26","Coquito Kitchen","coquito-kitchen","Restaurants","taste","Nellysford","Coquito Kitchen blends Argentine and Southern comfort fare out of the Rockfish Valley Community Center, offering lunch Thursday through Saturday with rotating empanadas, sandwiches, and sides. Coquito Kitchen brings Rockfish Valley Community Center a mashup of Argentine comfort food and Virginia family recipes, serving empanadas, sandwiches, and seasonal sides Thursday through Saturday from late morning to early evening.","","https://ik.imagekit.io/OE/nelson-county/listings/coquito-kitchen-image1_0G55fEaHh","Cartoon bear and toucan with banjo, yellow circle background, 'Coquito' text.","","","","","","","","","","190 Rockfish School Lane, Afton, VA 22920","josh","","","https://www.google.com/maps/dir/?api=1&destination=190%20Rockfish%20School%20Lane%2C%20Afton%2C%20VA%2022920","Lunch; Full Kitchen; Fishing","false","https://www.google.com/maps/dir/?api=1&destination=190%20Rockfish%20School%20Lane%2C%20Afton%2C%20VA%2022920","","","","","","","",""
"27","Devils Backbone Brewing","devils-backbone-brewing","Restaurants","taste","Roseland","Devils Backbone Basecamp pairs a wood-fired kitchen with 16 taps of house beer, coffee bar mornings, and meadow seating for concerts and events. Devils Backbone Basecamp pairs a wood-fired kitchen with 16 taps of house beer, coffee bar mornings, and meadow seating for concerts and events.","","https://ik.imagekit.io/OE/nelson-county/listings/devils-backbone-brewing-image1_fuU0b-q4C","Rustic building with stone pillars, wooden roof, and red umbrella-covered tables outside.","","","","","","","","https://www.dbbrewingcompany.com/visit/basecamp/","(434) 361-1001","200 Mosbys Run, Roseland, VA 22967","josh","","","https://www.google.com/maps/dir/?api=1&destination=200%20Mosbys%20Run%2C%20Roseland%2C%20VA%2022967","Beer; Outdoor Seating; Live Music; Full Kitchen; Coffee; Tea; Biking; Hiking","false","https://www.google.com/maps/dir/?api=1&destination=200%20Mosbys%20Run%2C%20Roseland%2C%20VA%2022967","","","","","","","",""
"28","El Mariachi Mexican Food","el-mariachi-mexican-food","Restaurants","taste","Lovingston","El Mariachi Mexican Food serves classic Mexican dishes in Lovingston with weekday and weekend hours extending to 10 pm and gift certificates available. El Mariachi keeps Lovingston supplied with sizzling fajitas, burritos, and combo platters seven days a week, with extended weekend hours, margaritas, and gift cards so visitors can share their favorite Mexican comfort dishes. Lovingston is a great destination for history buffs as the Lovingston Historic District and the courthouse are both listed on the National Register of Historic Places.","","https://ik.imagekit.io/OE/nelson-county/listings/el-mariachi-mexican-food-image1_lrhnaZQny","Two musicians in sombreros playing guitar and violin, 'El Mariachi' text beside them.","","","","","","","","","(434) 263-5999","165 Front Street, Lovingston, VA 22949","josh","","","https://www.google.com/maps/dir/?api=1&destination=165%20Front%20Street%2C%20Lovingston%2C%20VA%2022949","Retail; Local Ingredients","false","https://www.google.com/maps/dir/?api=1&destination=165%20Front%20Street%2C%20Lovingston%2C%20VA%2022949","History","One claim to fame is that that town jail was designed by Thomas Jefferson. Lovingston’s most historic African-American landmark is Bright Hope Baptist Church, which was built in 1870 for the freedmen and women living in Nelson.","Contact & Location","Bright Hope Baptist Church, a historic African-American landmark in Lovingston that overlooks the village. The church was built along with a school in 1870 to serve the freed men and women of Nelson. The kept area has over 100 marked graves.","Amenities & Services","Than a meal, head to Wood Ridge Farm Brewery, where a food truck is usually available. It’s a family-friendly place with plenty of outdoor activities. Want to know something interesting.","",""
"29","Fire & Frost Wood Fired Bakehouse","fire-frost-wood-fired-bakehouse","Restaurants","taste","Nellysford","Fire & Frost Wood Fired Bakehouse at Wintergreen slings blistered Neapolitan-style pizzas, antipasti, and cocktails from a cozy alpine dining room, giving skiers and leaf peepers a taste of Italy on the mountain. Fire & Frost Wood Fired Bakehouse brings wood-fired pizzas and Italian-inspired fare to Wintergreen Resort in a warm alpine setting.","","https://ik.imagekit.io/OE/nelson-county/listings/fire-frost-wood-fired-bakehouse-image1_pWDMelTVX","Mosaic pizza oven with open fire, wood stacked below, tools hanging nearby.","","","","","","","","","(434) 326-5639","121 Blue Ridge Drive, Roseland, VA 22967","josh","","","https://www.google.com/maps/dir/?api=1&destination=121%20Blue%20Ridge%20Drive%2C%20Roseland%2C%20VA%2022967","Scenic Views; Resort; Pizza","false","https://www.google.com/maps/dir/?api=1&destination=121%20Blue%20Ridge%20Drive%2C%20Roseland%2C%20VA%2022967","","","","","","","",""
"30","Iron and Ale","iron-and-ale","Restaurants","taste","Nellysford","Iron & Ale is a chef-driven bistro in Stoney Creek offering rotating menus, patio dining, and curated wine and beer lists for date nights and gatherings. Iron & Ale is a Stoney Creek destination for date nights, pairing chef-driven seasonal menus and veranda dining with curated wines and rotating craft taps so every visit feels like a special occasion.","","https://ik.imagekit.io/OE/nelson-county/listings/iron-and-ale-image1_Phj7hhJ9W","Illuminated sign reading 'Iron & Ale' on a building porch at night.","","","","","","","","","(540) 440-2140","1354 Stoney Creek West, Nellysford, VA 22958","josh","","","https://www.google.com/maps/dir/?api=1&destination=1354%20Stoney%20Creek%20West%2C%20Nellysford%2C%20VA%2022958","Seasonal Menu; Wine; Outdoor Seating; Beer","false","https://www.google.com/maps/dir/?api=1&destination=1354%20Stoney%20Creek%20West%2C%20Nellysford%2C%20VA%2022958","","","","","","","",""
"31","McDonald's","mcdonalds","Restaurants","taste","Lovingston","Daily (midnight on weekends) with drive-thru staples, Mc Café drinks, and late-night snacks steps from hotels and gas stations. Daily (midnight on weekends) with drive-thru staples, Mc Café drinks, and late-night snacks steps from hotels and gas stations.","","https://ik.imagekit.io/OE/nelson-county/listings/mcdonald-s-image1_xLvXtaYOs","Illuminated McDonald's sign with golden arches against a dark night sky.","","","","","","","","","(434) 263-8066","44 Callohill Drive, Lovingston, VA 22949","josh","","","https://www.google.com/maps/dir/?api=1&destination=44%20Callohill%20Drive%2C%20Lovingston%2C%20VA%2022949","Takeout; Breakfast; Lunch; Dinner","false","https://www.google.com/maps/dir/?api=1&destination=44%20Callohill%20Drive%2C%20Lovingston%2C%20VA%2022949","History","One claim to fame is that that town jail was designed by Thomas Jefferson. Lovingston’s most historic African-American landmark is Bright Hope Baptist Church, which was built in 1870 for the freedmen and women living in Nelson.","Contact & Location","Bright Hope Baptist Church, a historic African-American landmark in Lovingston that overlooks the village. The church was built along with a school in 1870 to serve the freed men and women of Nelson. The kept area has over 100 marked graves.","Amenities & Services","Than a meal, head to Wood Ridge Farm Brewery, where a food truck is usually available. It’s a family-friendly place with plenty of outdoor activities. Want to know something interesting.","",""
"32","Montebello Country Store & Cafe","montebello-country-store-cafe","Restaurants","taste","Montebello","Montebello Country Store & Cafe is a fifth-generation general store near Crabtree Falls with groceries, camping supplies, and a cafe serving chili and country fare.","","https://ik.imagekit.io/OE/nelson-county/listings/montebello-country-store-cafe-image1_D_nYeoKbj","Wooden sign carved with 'Montebello Country Store' text on light wall.","","","","","","","","","(540) 377-2650","15072 Crabtree Falls Highway, Montebello, VA 24464","josh","","","https://www.google.com/maps/dir/?api=1&destination=15072%20Crabtree%20Falls%20Highway%2C%20Montebello%2C%20VA%2024464","Retail; Family Friendly; Water Sports; Fishing","false","https://www.google.com/maps/dir/?api=1&destination=15072%20Crabtree%20Falls%20Highway%2C%20Montebello%2C%20VA%2024464","","","","","","","",""
"33","Paulie's Pig Out","paulies-pig-out","Restaurants","taste","Afton","Paulie's Pig Out smokes pork and chicken for over-stuffed sandwiches, plus homestyle sides and desserts, making it an easy Nelson 151 detour when you crave barbecue platters and mac 'n' cheese.","","https://ik.imagekit.io/OE/nelson-county/listings/paulie-s-pig-out-image1_8dXrFbPav","Pulled pork sandwich with coleslaw on a rustic bun, set on paper.","","","","","","","","","(434) 361-2001","7376 Rockfish Valley Highway, Afton, VA 22920","josh","","","https://www.google.com/maps/dir/?api=1&destination=7376%20Rockfish%20Valley%20Highway%2C%20Afton%2C%20VA%2022920","BBQ","false","https://www.google.com/maps/dir/?api=1&destination=7376%20Rockfish%20Valley%20Highway%2C%20Afton%2C%20VA%2022920","","","","","","","",""
"34","Smokin' Barrel Restaurant","smokin-barrel-restaurant","Restaurants","taste","Arrington","Smokin' Barrel Restaurant operates inside Blue Mountain Barrel House with pub fare, BBQ plates, burgers, soups, and desserts for taproom guests. Smokin' Barrel Restaurant operates inside Blue Mountain Barrel House with pub fare, BBQ plates, burgers, soups, and desserts for taproom guests.","","https://ik.imagekit.io/OE/nelson-county/listings/smokin-barrel-restaurant-image1_O6_IquE9r","People relaxing on patio with chairs, umbrellas, sunset, and mountain view.","","","","","","","","","(434) 226-2450","495 Cooperative Way, Arrington, VA 22922","josh","","","https://www.google.com/maps/dir/?api=1&destination=495%20Cooperative%20Way%2C%20Arrington%2C%20VA%2022922","Beer; Scenic Views; BBQ; Bar; Family Friendly; Full Kitchen; Tastings","false","https://www.google.com/maps/dir/?api=1&destination=495%20Cooperative%20Way%2C%20Arrington%2C%20VA%2022922","","","","","","","",""
"35","The Copper Mine Bistro","the-copper-mine-bistro","Restaurants","taste","Roseland","The Copper Mine Bistro anchors Wintergreen's Blackrock Village with traditional breakfast, Mediterranean-inspired dinners, and weekend lunches during ski season.","","https://ik.imagekit.io/OE/nelson-county/listings/the-copper-mine-bistro-image1_3GowztWtV","Cozy restaurant with diners, warm fireplace, and elegantly set tables.","","https://ik.imagekit.io/OE/nelson-county/listings/the-copper-mine-bistro-image2_QsKokoOVE","People sitting at a rustic bar. Wooden walls, beer taps, and overhead chandelier.","","","","","","(434) 325-8090","39 Wintergreen Drive, Roseland, VA 22967","josh","","","https://www.google.com/maps/dir/?api=1&destination=39%20Wintergreen%20Drive%2C%20Roseland%2C%20VA%2022967","Breakfast; Lunch; Seasonal Menu; Dinner","false","https://www.google.com/maps/dir/?api=1&destination=39%20Wintergreen%20Drive%2C%20Roseland%2C%20VA%2022967","","","","","","","",""
"36","The Edge","the-edge","Restaurants","taste","Wintergreen Resort","The Edge is Wintergreen's casual slope-side restaurant with mountain views, hearty comfort food, and a lively bar with seasonal live music.","","https://ik.imagekit.io/OE/nelson-county/listings/the-edge-image1_3m2oRzZrd","People seated at rustic bar with wooden walls and large chandelier.","","","","","","","","","(434) 325-8080","11 Grassy Ridge Road, Wintergreen, VA 22958","josh","","","https://www.google.com/maps/dir/?api=1&destination=11%20Grassy%20Ridge%20Road%2C%20Wintergreen%2C%20VA%2022958","Scenic Views; Snow Sports; Bar; Live Music; Seasonal Menu","false","https://www.google.com/maps/dir/?api=1&destination=11%20Grassy%20Ridge%20Road%2C%20Wintergreen%2C%20VA%2022958","","","","","","","",""
"37","The Farmhouse at Veritas","the-farmhouse-at-veritas","Restaurants","taste","Afton","The Farmhouse at Veritas is part luxury inn, part wine country dining room, delivering four-course, wine-paired Farmhouse Dinners Wednesday through Sunday plus curated lodging surrounded by Blue Ridge vineyards and breweries. The Farmhouse at Veritas hosts four-course, wine-paired farm-to-table dinners Wednesday through Sunday in an intimate setting on the Veritas vineyard estate.","","https://ik.imagekit.io/OE/nelson-county/listings/the-farmhouse-at-veritas-image1_LBC9TWPstE","Table with wine glasses, flowers, on outdoor patio with garden view.","","","","","","","","","(540) 456-8100","72 Saddleback Farm, Afton, VA 22920","josh","","","https://www.google.com/maps/dir/?api=1&destination=72%20Saddleback%20Farm%2C%20Afton%2C%20VA%2022920","Wine; Farm; Tastings; Golf; Beer","false","https://www.google.com/maps/dir/?api=1&destination=72%20Saddleback%20Farm%2C%20Afton%2C%20VA%2022920","","","","","","","",""
"38","Vito's Pizza & Italian Grill","vitos-pizza-italian-grill","Restaurants","taste","Lovingston","Vito's Pizza & Italian Grill is a family-owned Italian restaurant in Lovingston serving pizzas, pasta, and grill favorites rooted in chef Salvatore Mannino's Sicilian heritage. Vito's Pizza & Italian Grill is a longtime Lovingston staple for New York pies, subs, pasta, and Italian-American comfort, rooted in founder Vito's Sicilian training and decades of family hospitality. Lovingston is a great destination for history buffs as the Lovingston Historic District and the courthouse are both listed on the National Register of Historic Places.","","https://ik.imagekit.io/OE/nelson-county/listings/vito-s-pizza-italian-grill-image1_qEDLQecPU","Three pizzas with various toppings surrounded by condiments and peppers on a table.","","","","","","","","","(434) 263-8688","8181 Thomas Nelson Highway, Lovingston, VA 22949","josh","","","https://www.google.com/maps/dir/?api=1&destination=8181%20Thomas%20Nelson%20Highway%2C%20Lovingston%2C%20VA%2022949","Family Friendly; Full Kitchen; Pizza","true","https://www.google.com/maps/dir/?api=1&destination=8181%20Thomas%20Nelson%20Highway%2C%20Lovingston%2C%20VA%2022949","History","One claim to fame is that that town jail was designed by Thomas Jefferson. Lovingston’s most historic African-American landmark is Bright Hope Baptist Church, which was built in 1870 for the freedmen and women living in Nelson.","Contact & Location","Bright Hope Baptist Church, a historic African-American landmark in Lovingston that overlooks the village. The church was built along with a school in 1870 to serve the freed men and women of Nelson. The kept area has over 100 marked graves.","Amenities & Services","Than a meal, head to Wood Ridge Farm Brewery, where a food truck is usually available. It’s a family-friendly place with plenty of outdoor activities. Want to know something interesting.","",""
"39","Black Bear Creamery","black-bear-creamery","Restaurants","taste","Nellysford","Black Bear Creamery scoops homemade ice cream, shakes, and sundaes for locals and visitors in Nellysford.","","https://ik.imagekit.io/OE/nelson-county/listings/black-bear-creamery-image1_NoSYfCv22","Café with string lights, colorful umbrellas, and outdoor seating at dusk.","","","","","","","","","(434) 263-8916","18 Pheasant Run, Nellysford, VA 22958","josh","","","https://www.google.com/maps/dir/?api=1&destination=18%20Pheasant%20Run%2C%20Nellysford%2C%20VA%2022958","Desserts; Family Friendly; Hiking; Beer","false","https://www.google.com/maps/dir/?api=1&destination=18%20Pheasant%20Run%2C%20Nellysford%2C%20VA%2022958","","","","","","","",""
"115","Soaring","soaring","Activities","experience","Lovingston","Shenandoah Valley Soaring operates from a gliderport in Nellysford, inviting visitors to watch—or join—weekend flights over the Blue Ridge with a 50-member club that flies classic and modern sailplanes. This group group of 50+ members enjoys soaring over the Blue Ridge Mountains in classic and state of the art gliders, harnessing the power of nature to sustain our flights.","","https://ik.imagekit.io/OE/nelson-county/listings/soaring-image1_yNKVZurmi","Two aircraft on grassy field with mountains and cloudy sky background.","","","","","","","","","(434) 981-4359","604 Dillard Hill Road, Lovingston, VA 22949","josh","","","https://www.google.com/maps/dir/?api=1&destination=604%20Dillard%20Hill%20Road%2C%20Lovingston%2C%20VA%2022949","Scenic Views; Tastings","false","https://www.google.com/maps/dir/?api=1&destination=604%20Dillard%20Hill%20Road%2C%20Lovingston%2C%20VA%2022949","Hours & Information","Nestled in the heart of Nellysford, the Shenandoah Valley Soaring club offers an unparalleled opportunity to experience the majesty of the Blue Ridge Mountains from an entirely unique perspective. Operating from a dedicated gliderport, this vibrant 50-member club welcomes both the curious observer and the enthusiastic participant to its weekend flights, showcasing both classic and modern sailplanes as they dance with the wind.

The club is a hive of activity, taking to the skies on nearly every weekend that weather permits throughout the year. It's not just about the thrill of the flight; the ground experience is equally captivating. Visitors can find themselves amidst a lively atmosphere where canopies provide shade over lawn chairs, and snacks are readily available, creating a communal space where stories of aerial adventures are shared with gusto. This inviting setup ensures that every moment spent at the gliderport, whether airborne or earthbound, is thoroughly enjoyable.

Shenandoah Valley Soaring doesn't just welcome guests; it embraces them, encouraging those who are initially spectators to consider joining the ranks of its regular members. This spirit of inclusivity and passion for flight makes a visit to the gliderport more than just an outing—it's an opportunity to become part of a community that shares a love for the sky.

Whether you're drawn by the allure of silently gliding above the scenic landscapes, or simply wish to enjoy a day out in the company of those who find their joy in the heavens, Shenandoah Valley Soaring offers an experience that is both exhilarating and welcoming.","","","","","",""
"116","Skiing & Snowboarding","skiing-snowboarding","Activities","experience","Wintergreen Resort","Twice named “Best Ski Resort” by the readers of Washington Post. Twice named “Best Ski Resort” by the readers of Washington Post.","","https://ik.imagekit.io/OE/nelson-county/listings/skiing-snowboarding-image1_AF2O5qfQA","Two snowboarders in winter gear, smiling, holding snowboards, with mountain background.","","","","","","","","","(434) 325-2100","39 Mountain Inn Loop, Wintergreen, VA 22967","josh","","","https://www.google.com/maps/dir/?api=1&destination=39%20Mountain%20Inn%20Loop%2C%20Wintergreen%2C%20VA%2022967","Scenic Views; Snow Sports; Water Sports","true","https://www.google.com/maps/dir/?api=1&destination=39%20Mountain%20Inn%20Loop%2C%20Wintergreen%2C%20VA%2022967","Trail Information","Nestled within the breathtaking landscapes of Virginia, Wintergreen Resort holds the title of the region's largest tubing park, famously known as The Plunge. Picture yourself perched atop a structure as grand as a ten-story building, your gaze stretching out over the expansive hill that unfolds before you, extending beyond the length of three football fields. It's here, at The Plunge, where you can embark on an exhilarating journey downhill, racing through the crisp, winter air on a tube at thrilling speeds of up to 30 mph. This remarkable adventure has contributed to Wintergreen Resort's esteemed recognition, not once, but twice, as the ""Best Ski Resort"" by the readers of the Washington Post. Whether you're a seasoned snow enthusiast or seeking a unique winter thrill, The Plunge offers an unforgettable experience that captures the essence of outdoor excitement and the sheer joy of snow tubing.","Menu & Offerings","Nestled in a winter wonderland, twice crowned as the ""Best Ski Resort"" by the esteemed readers of the Washington Post, this destination offers more than just picturesque landscapes. It's a haven for both skiers and snowboarders alike, eager to perfect their freestyle maneuvers or perhaps, to take the first thrilling slide down the slopes. The Terrain Park, a highlight of this storied resort, is meticulously crafted to cater to a wide array of skill levels, from the novices taking their tentative first slides to the seasoned professionals carving the snow with precision.

As you glide into the Terrain Park, you'll be greeted by an ever-changing array of rails, each designed to test and enhance your skills. On any given day, the park may feature an assortment of rails including the whimsical rainbows, the straightforward straight rails, the challenging battle ships, the intricate down-kinks, the serpentine s-rails, and the playful fun boxes. Each piece is a puzzle, inviting you to unlock new skills and techniques.

But the innovation doesn't stop at metallic challenges. The Terrain Park also boasts a variety of snow features that morph the landscape into a freestyler's dream. You might find yourself airborne off a tabletop, navigating the complex curves of a spine, or mastering the transitions of a hip. These snow features are not just obstacles; they are canvases, allowing each rider and skier to paint their unique trail of twists, turns, and aerial feats.

In this award-winning ski resort, every visit to the Terrain Park is an opportunity to explore, to grow, and to be inspired. Whether you're drawn by the allure of the rails or the call of the snow features, your freestyle skills will find both challenge and refinement here. Come for the pristine snow and the accolades, but stay for the endless possibilities that await in the Terrain Park.","","","",""
"117","Tennis","tennis","Activities","experience","Wintergreen Resort","Wintergreen Tennis programs spanning 19 outdoor clay and three indoor Deco Turf courts with year-round clinics for families and teams.","","https://ik.imagekit.io/OE/nelson-county/listings/tennis-image1_vrYu1T-i9","Tennis courts surrounded by trees, adjacent to green golf course, mountains in background.","","","","","","","","","(434) 325-2200","Wintergreen Tennis Center, 581 Wintergreen Drive, Wintergreen, VA 22967","josh","","","https://www.google.com/maps/dir/?api=1&destination=Wintergreen%20Tennis%20Center%2C%20581%20Wintergreen%20Drive%2C%20Wintergreen%2C%20VA%2022967","Tennis","false","https://www.google.com/maps/dir/?api=1&destination=Wintergreen%20Tennis%20Center%2C%20581%20Wintergreen%20Drive%2C%20Wintergreen%2C%20VA%2022967","","","","","","","",""
"43","Blue Mountain Barrel House","blue-mountain-barrel-house","Breweries & Cideries","taste","Arrington","Production-focused Blue Mountain facility with one of the East Coast's largest barrel-aging programs, a year-round tasting room, and sweeping Nelson County views. Production-focused Blue Mountain facility with one of the East Coast's largest barrel-aging programs, a year-round tasting room, and sweeping Nelson County views.","","https://ik.imagekit.io/OE/nelson-county/listings/blue-mountain-barrel-house-image1_aohVkuJqX","Assorted beer flights on wooden table, two people in background enjoying.","","","","","","","","https://www.bluemountainbarrel.com/","(434) 263-4002","495 Cooperative Way, Arrington, VA 22922","josh","","","https://www.google.com/maps/dir/?api=1&destination=495%20Cooperative%20Way%2C%20Arrington%2C%20VA%2022922","Beer; Cider; Seasonal Menu; Tastings","true","https://www.google.com/maps/dir/?api=1&destination=495%20Cooperative%20Way%2C%20Arrington%2C%20VA%2022922","","","","","","","",""
"44","Blue Toad Hard Cider","blue-toad-hard-cider","Breweries & Cideries","taste","Roseland","Farm-based cidery crafting approachable Blue Ridge blends with a taproom at the base of Wintergreen and patio views of the orchard. Farm-based cidery crafting approachable Blue Ridge blends with a taproom at the base of Wintergreen and patio views of the orchard.","","https://ik.imagekit.io/OE/nelson-county/listings/blue-toad-hard-cider-image1_sCenJqzoN7","Blue fish mural painted on gray wooden planks.","","","","","","","","https://www.bluetoadhardcider.com/","(434) 760-9200","462 Winery Lane, Roseland, VA 22967","josh","","","https://www.google.com/maps/dir/?api=1&destination=462%20Winery%20Lane%2C%20Roseland%2C%20VA%2022967","Beer; Cider; Farm; Meeting Planners; Outdoor Seating; Pet Friendly; Scenic Views; Tastings","false","https://www.google.com/maps/dir/?api=1&destination=462%20Winery%20Lane%2C%20Roseland%2C%20VA%2022967","","","","","","","",""
"45","Bold Rock Hard Cider","bold-rock-hard-cider","Breweries & Cideries","taste","Nellysford","Nellysford's riverside cidery offering tours, tastings, and cider cocktails from Bold Rock's orchard-to-glass production campus.","","https://ik.imagekit.io/OE/nelson-county/listings/bold-rock-hard-cider-image1__h55RjVBl","Wooden building with outdoor seating, blue umbrellas, people, and trees under blue sky.","","","","","","","","https://boldrock.com/visit/nellysford-cidery/","(434) 361-1030","1020 Rockfish Valley Highway, Nellysford, VA 22958","josh","","","https://www.google.com/maps/dir/?api=1&destination=1020%20Rockfish%20Valley%20Highway%2C%20Nellysford%2C%20VA%2022958","Bar; Beer; Cider; Cocktails; Farm; Live Music; Meeting Planners; Tastings; Water Sports","false","https://www.google.com/maps/dir/?api=1&destination=1020%20Rockfish%20Valley%20Highway%2C%20Nellysford%2C%20VA%2022958","","","","","","","",""
"46","Brewing Tree Beer Company","brewing-tree-beer-company","Breweries & Cideries","taste","Afton","Husband-and-wife brewery with a scratch kitchen, creekside beer garden, and rotating small-batch Virginia ales. Husband-and-wife brewery with a scratch kitchen, creekside beer garden, and rotating small-batch Virginia ales.","","https://ik.imagekit.io/OE/nelson-county/listings/brewing-tree-beer-company-image1_e43JZexL6","People at outdoor brewery with food truck and green umbrellas.","","","","","","","","https://www.brewingtreebeerco.com/","(540) 381-0990","9278 Rockfish Valley Highway, Afton, VA 22920","josh","","","https://www.google.com/maps/dir/?api=1&destination=9278%20Rockfish%20Valley%20Highway%2C%20Afton%2C%20VA%2022920","Beer; Cider; Family Friendly; Full Kitchen; Tastings; Water Sports","false","https://www.google.com/maps/dir/?api=1&destination=9278%20Rockfish%20Valley%20Highway%2C%20Afton%2C%20VA%2022920","","","","","","","",""
"47","Bryant's Cider & Brewery","bryants-cider-brewery","Breweries & Cideries","taste","Roseland","Bryant's pours heritage apple ciders and farm-brewed beers with a focus on natural ingredients, outdoor lawn games, and seasonal gatherings. Bryant's pours heritage apple ciders and farm-brewed beers with a focus on natural ingredients, outdoor lawn games, and seasonal gatherings.","","https://ik.imagekit.io/OE/nelson-county/listings/bryant-s-cider-brewery-image1_Pl3ykVMup","White barn, large tree, picnic tables, string lights, people sitting outside.","","","","","","","","https://www.bryantscider.com/","(804) 420-9683","3224 East Branch Loop, Roseland, VA 22967","josh","","","https://www.google.com/maps/dir/?api=1&destination=3224%20East%20Branch%20Loop%2C%20Roseland%2C%20VA%2022967","Beer; Farm; Outdoor Seating; Seasonal Menu; Cider; Tastings","false","https://www.google.com/maps/dir/?api=1&destination=3224%20East%20Branch%20Loop%2C%20Roseland%2C%20VA%2022967","","","","","","","",""
"48","Devils Backbone Brewing Company","devils-backbone-brewing-company","Breweries & Cideries","taste","Roseland","Mountain basecamp brewery pouring award-winning lagers, cocktails, and distillery releases with expansive meadows and adventure-forward programming.","","https://ik.imagekit.io/OE/nelson-county/listings/devils-backbone-brewing-company-image1_xOCX-_l34","Aerial view of colorful autumn landscape with mountains, road, and buildings.","","","","","","","","https://www.dbbrewingcompany.com/","(434) 361-1001","200 Crandall Run, Roseland, VA 22967","josh","","","https://www.google.com/maps/dir/?api=1&destination=200%20Crandall%20Run%2C%20Roseland%2C%20VA%2022967","Adventure; Appalachian Trail; Beer; Biking; Cider; Meeting Planners; Spirits; Tastings","true","https://www.google.com/maps/dir/?api=1&destination=200%20Crandall%20Run%2C%20Roseland%2C%20VA%2022967","","","","","","","",""
"49","Outback Brew House","outback-brew-house","Breweries & Cideries","taste","Lovingston","Nano-brewery taproom in Lovingston pouring house recipes with plans for expanded outdoor seating, live music, and an onsite food truck. Outback Brew House in Lovingston pours house beers straight from the taproom it's still expanding—think new deck seating, a music stage, and its own food truck—inviting regulars to watch the brewpub grow in real time. Lovingston is a great destination for history buffs as the Lovingston Historic District and the courthouse are both listed on the National Register of Historic Places.","","https://ik.imagekit.io/OE/nelson-county/listings/outback-brew-house-image1_3mAJkqmbA","Beer glass with logo outdoors, blue sky, string lights in background.","","","","","","","","https://www.outbackhouselodging.com/outback-brew-house/","(434) 263-0007","7995 Thomas Nelson Hwy, Lovingston, VA 22949","josh","","","https://www.google.com/maps/dir/?api=1&destination=7995%20Thomas%20Nelson%20Hwy%2C%20Lovingston%2C%20VA%2022949","Outdoor Seating; Live Music; Beer; Cider; Tastings","false","https://www.google.com/maps/dir/?api=1&destination=7995%20Thomas%20Nelson%20Hwy%2C%20Lovingston%2C%20VA%2022949","History","One claim to fame is that that town jail was designed by Thomas Jefferson. Lovingston’s most historic African-American landmark is Bright Hope Baptist Church, which was built in 1870 for the freedmen and women living in Nelson.","Contact & Location","Bright Hope Baptist Church, a historic African-American landmark in Lovingston that overlooks the village. The church was built along with a school in 1870 to serve the freed men and women of Nelson. The kept area has over 100 marked graves.","Amenities & Services","Than a meal, head to Wood Ridge Farm Brewery, where a food truck is usually available. It’s a family-friendly place with plenty of outdoor activities. Want to know something interesting.","",""
"50","Three Notch'd Brewery, Distillery & Craft Kitchen","three-notchd-brewery-distillery-craft-kitchen-nelson-county","Breweries & Cideries","taste","Nellysford","Three Notch'd Brewery, Distillery & Craft Kitchen on Route 151 unites beer, spirits, and a from-scratch kitchen featuring beer-infused plates, kids items, and gluten-free options, with leashed dogs welcome on the patio.","","https://ik.imagekit.io/OE/nelson-county/listings/three-notch-d-brewery-distillery-craft-kitchen-image1_0-OUbAArR3","Assorted colorful beer cans displayed outdoors near a wooden building.","","","","","","","","https://threenotchdbrewing.com/location/nellysford/","(434) 226-0020","2461 Rockfish Valley Hwy, Nellysford, VA 22958","josh","","","https://www.google.com/maps/dir/?api=1&destination=2461%20Rockfish%20Valley%20Hwy%2C%20Nellysford%2C%20VA%2022958","Beer; Cider; Full Kitchen; Spirits; Tastings","true","https://www.google.com/maps/dir/?api=1&destination=2461%20Rockfish%20Valley%20Hwy%2C%20Nellysford%2C%20VA%2022958","","","","","","","",""
"51","Wild Man Dan Brewery","wild-man-dan-brewery","Breweries & Cideries","taste","Afton","Barn brewery pouring award-winning micro batches and offering homebrew workshops with Dan and his mountain porch hospitality. Wild Man Dan Brewery is Virginia's tiniest production brewery, where Dan brews award-winning small batches in his barn and happily teaches visitors the art of ale making while they sample Chai-Laxin or Dark Matter IPA.","","https://ik.imagekit.io/OE/nelson-county/listings/wild-man-dan-brewery-image1_k5KRI9nIU","Brick house with white porch, surrounded by trees and blooming flowers.","","","","","","","","https://wildmandanbeer.com/","(540) 798-1781","279 Avon Road, Afton, VA 22920","josh","","","https://www.google.com/maps/dir/?api=1&destination=279%20Avon%20Road%2C%20Afton%2C%20VA%2022920","Beer; Cider; Meeting Planners; Outdoor Seating; Retail; Scenic Views; Tastings","false","https://www.google.com/maps/dir/?api=1&destination=279%20Avon%20Road%2C%20Afton%2C%20VA%2022920","","","","","","","",""
"52","Wood Ridge Farm Brewery","wood-ridge-farm-brewery","Breweries & Cideries","taste","Lovingston","Estate farm brewery malting its own grains for 'dirt-to-glass' beers served with panoramic views of the Lovingston countryside. Wood Ridge Farm Brewery lives its 'dirt to glass' motto by growing grains, malting, and brewing on-site in Lovingston, letting guests sip uniquely local beers while overlooking the very fields that supplied the malt. Lovingston is a great destination for history buffs as the Lovingston Historic District and the courthouse are both listed on the National Register of Historic Places.","","https://ik.imagekit.io/OE/nelson-county/listings/wood-ridge-farm-brewery-image1_Bi7zpuZf1","Wooden 'LOVE' sign with sunset backdrop, couple walking towards a garden.","","","","","","","","https://www.woodridgefarmbrewery.com/","(434) 531-7362","165 Old Ridge Road, Lovingston, VA 22949","josh","","","https://www.google.com/maps/dir/?api=1&destination=165%20Old%20Ridge%20Road%2C%20Lovingston%2C%20VA%2022949","Farm; Scenic Views; Seasonal Menu; Beer; Cider; Tastings","false","https://www.google.com/maps/dir/?api=1&destination=165%20Old%20Ridge%20Road%2C%20Lovingston%2C%20VA%2022949","History","One claim to fame is that that town jail was designed by Thomas Jefferson. Lovingston’s most historic African-American landmark is Bright Hope Baptist Church, which was built in 1870 for the freedmen and women living in Nelson.","Contact & Location","Bright Hope Baptist Church, a historic African-American landmark in Lovingston that overlooks the village. The church was built along with a school in 1870 to serve the freed men and women of Nelson. The kept area has over 100 marked graves.","Amenities & Services","Than a meal, head to Wood Ridge Farm Brewery, where a food truck is usually available. It’s a family-friendly place with plenty of outdoor activities. Want to know something interesting.","",""
"53","Devils Backbone Distilling Co.","devils-backbone-distilling-co","Distilleries","taste","Roseland","On-site craft distillery at Devils Backbone Basecamp serving small-batch gin, rum, and brandy cocktails in a lounge and covered patio setting. Devils Backbone Distilling Co.","","https://ik.imagekit.io/OE/nelson-county/listings/devils-backbone-distilling-co--image1_kkqc1tAn6","People relax outdoors on wooden chairs under sunny skies, surrounded by trees.","","","","","","","","https://www.dbbrewingcompany.com/spirits/","(434) 361-1001","35 Mosbys Run, Roseland, VA 22967","josh","","","https://www.google.com/maps/dir/?api=1&destination=35%20Mosbys%20Run%2C%20Roseland%2C%20VA%2022967","Spirits; Cocktails; Outdoor Seating; Tastings; Beer","false","https://www.google.com/maps/dir/?api=1&destination=35%20Mosbys%20Run%2C%20Roseland%2C%20VA%2022967","","","","","","","",""
"54","Silverback Distillery","silverback-distillery","Distilleries","taste","Afton","Silverback Distillery is a mother-daughter team crafting award-winning spirits with local grains and mountain water, pouring cocktail flights and barrel-smoked drinks in Afton. Silverback Distillery—the nation's only mother-daughter distilling duo—crafts award-winning gin, rye, bourbon, and honey liqueur in the Blue Ridge, offering tasting flights, smoked cocktails, and bottle sales in its Roseland stillhouse.","","https://ik.imagekit.io/OE/nelson-county/listings/silverback-distillery-image1_RBNd85uTW","Blue building with lit windows, dusk sky, parking lot, and surrounding trees.","","","","","","","","","(540) 456-7070","9520 Rockfish Valley Highway, Afton, VA 22920","josh","","","https://www.google.com/maps/dir/?api=1&destination=9520%20Rockfish%20Valley%20Highway%2C%20Afton%2C%20VA%2022920","Spirits; Cocktails; Tastings; Scenic Views; Water Sports","false","https://www.google.com/maps/dir/?api=1&destination=9520%20Rockfish%20Valley%20Highway%2C%20Afton%2C%20VA%2022920","","","","","","","",""
"55","Virginia Distillery Co.","virginia-distillery-co","Distilleries","taste","Lovingston","Virginia Distillery Co. The original 30 acres was donated by Mr.","","https://ik.imagekit.io/OE/nelson-county/listings/virginia-distillery-co--image1_eCbxehNaH","Stone gate entrance to a large white house, surrounded by trees and hills.","","","","","","","","https://vadistillery.com/","(434) 285-2900","299 Eades Lane, Lovingston, VA 22949","josh","","","https://www.google.com/maps/dir/?api=1&destination=299%20Eades%20Lane%2C%20Lovingston%2C%20VA%2022949","Spirits; Museum; Tastings","false","https://www.google.com/maps/dir/?api=1&destination=299%20Eades%20Lane%2C%20Lovingston%2C%20VA%2022949","History","One claim to fame is that that town jail was designed by Thomas Jefferson. Lovingston’s most historic African-American landmark is Bright Hope Baptist Church, which was built in 1870 for the freedmen and women living in Nelson.","Contact & Location","Bright Hope Baptist Church, a historic African-American landmark in Lovingston that overlooks the village. The church was built along with a school in 1870 to serve the freed men and women of Nelson. The kept area has over 100 marked graves.","Amenities & Services","Than a meal, head to Wood Ridge Farm Brewery, where a food truck is usually available. It’s a family-friendly place with plenty of outdoor activities. Want to know something interesting.","",""
"131","Montebello Fish Hatchery","montebello-fish-hatchery","Activities","culture","Montebello","In addition to trout, there is a nature trail and pollinator plots located on the property. State trout hatchery near Crabtree Falls offering educational tours, pollinator plots, and a nature trail adjacent to mountain hiking hubs.","","https://ik.imagekit.io/OE/nelson-county/listings/montebello-fish-hatchery-image1_4Xa9lVMTCF","Sign for Montebello State Fish Hatchery amidst autumn trees by winding road.","","","","","","","","","(540) 377-2418","359 Fish Hatchery Lane, Montebello, VA 24464","josh","","","https://www.google.com/maps/dir/?api=1&destination=359%20Fish%20Hatchery%20Lane%2C%20Montebello%2C%20VA%2024464","Hiking; Biking; Fishing","false","https://www.google.com/maps/dir/?api=1&destination=359%20Fish%20Hatchery%20Lane%2C%20Montebello%2C%20VA%2024464","","","","","","","",""
"144","One Forest","one-forest","Activities","experience","Nellysford","Proposed forest-based education and wellness space in Nellysford emphasizing nature play and outdoor learning; listing currently in development.","","https://ik.imagekit.io/OE/nelson-county/listings/one-forest-image1_SsMvpz8Qy","Tall white flowering plant in garden with wooden house and trees behind.","","","","","","","","","","Nellysford, VA 22958","josh","","","https://www.google.com/maps/dir/?api=1&destination=Nellysford%2C%20VA%2022958","Outdoor Seating","false","https://www.google.com/maps/dir/?api=1&destination=Nellysford%2C%20VA%2022958","","","","","","","",""
"160","Oak Ridge Estate","oak-ridge-estate","Activities","culture","Arrington","The mansion on this 5,000-acre plantation estate was first built in 1802 and acquired at the turn of the 20th century by Thomas Fortune Ryan, a Nelson County native who had become one of the 10 wealthiest men in the nation. He made impressive alterations to the building and grounds-adding a formal Italian garden, rotunda greenhouse and railroad station, among other features.","","https://ik.imagekit.io/OE/nelson-county/listings/oak-ridge-estate-image1_AoSf5sg8m","Large white mansion with columns, surrounded by green lawn and trimmed shrubs.","","","","","","","","","(434) 263-8676","2300 Oak Ridge Road, Arrington, VA 22922","josh","","","https://www.google.com/maps/dir/?api=1&destination=2300%20Oak%20Ridge%20Road%2C%20Arrington%2C%20VA%2022922","Events","false","https://www.google.com/maps/dir/?api=1&destination=2300%20Oak%20Ridge%20Road%2C%20Arrington%2C%20VA%2022922","","","","","","","",""
"161","Swannanoa","swannanoa","Activities","culture","Afton","Swannanoa, the 1911 marble villa atop Afton Mountain, opens select weekends for public tours showcasing Italianate architecture and gardens. Swannanoa, the 1911 marble villa atop Afton Mountain, opens select weekends for public tours showcasing Italianate architecture and gardens.","","https://ik.imagekit.io/OE/nelson-county/listings/swannanoa-image1_RcVj2PVkX","Vintage black car parked outside a large white mansion.","6930547d5c7cd75eb880dc49","","","693061a05c7cd75eb8d793f6","","","","","(540) 942-5201","497 Swannanoa Lane, Afton, VA 22920","josh","","","https://www.google.com/maps/dir/?api=1&destination=497%20Swannanoa%20Lane%2C%20Afton%2C%20VA%2022920","Outdoor Seating; Scenic Views; Tours","true","https://www.google.com/maps/dir/?api=1&destination=497%20Swannanoa%20Lane%2C%20Afton%2C%20VA%2022920","Trail Information","Nestled atop Afton Mountain, Swannanoa stands as a testament to early 20th-century elegance and grandeur. Built in 1911, this marble villa is a masterpiece of Italianate architecture, surrounded by meticulously maintained gardens. Open to the public during select weekends, Swannanoa offers a peek into a bygone era of opulence and craftsmanship.

Aside from the architectural marvel that is Swannanoa, Afton Mountain and its surroundings offer a plethora of activities, particularly for those with a penchant for the finer things in life. After exploring the villa, visitors can indulge in the culinary delights of Blue Mountain, where the food is as splendid as the views. For those with a taste for something sweeter, the area boasts an impressive selection of cideries. Bryant’s Small Batch, Blue Toad Hard Cider, and Bold Rock Hard Cider each offer unique tasting experiences that highlight the rich apple-growing heritage of the region.

And for the connoisseurs of spirits, the local offerings do not disappoint. The area's distilleries produce some of the finest hard ciders, inviting visitors to savor the robust flavors that can only be found in this part of the country. Whether you're drawn to the historical allure of Swannanoa, the culinary delights of Blue Mountain, or the artisanal ciders and spirits, Afton Mountain promises an experience that is as enriching as it is enjoyable.","","","","","",""
"166","Blue Ridge Fruit Loop","blue-ridge-fruit-loop","Activities","outdoor","Tyro","Blue Ridge Fruit Loop passport covering 11 orchards and farms across Nelson and Amherst counties for pick-your-own fruit May–December. Blue Ridge Fruit Loop passport covering 11 orchards and farms across Nelson and Amherst counties for pick-your-own fruit May–December.","","https://ik.imagekit.io/OE/nelson-county/listings/blue-ridge-fruit-loop-image1_xveXoCybQ","Clusters of ripe blackberries on bush, hand reaching in sunlight.","","","","","","","","","(434) 263-7015","Blue Ridge Fruit Loop Trailhead, 56 Cabell Road, Tyro, VA 22976","josh","","","https://www.google.com/maps/dir/?api=1&destination=Blue%20Ridge%20Fruit%20Loop%20Trailhead%2C%2056%20Cabell%20Road%2C%20Tyro%2C%20VA%2022976","Cider; Farm; Seasonal Menu; Scenic Views; Biking; Tastings","false","https://www.google.com/maps/dir/?api=1&destination=Blue%20Ridge%20Fruit%20Loop%20Trailhead%2C%2056%20Cabell%20Road%2C%20Tyro%2C%20VA%2022976","","","","","","","",""
"386","Glass Hollow Studio & Gallery","glasshollow","Art & Artisans","culture","Afton","Glass Hollow Studio & Gallery in the Rockfish Valley offers glassblowing demonstrations, handcrafted glass art, and 'Make Your Own Glass Pumpkin' workshops every Saturday in September. Glass Hollow Studio and Gallery. Discover the art of glassmaking at Glass Hollow Studio and Gallery, nestled in the scenic Rockfish Valley.","","https://ik.imagekit.io/OE/nelson-county/listings/glass-hollow-studio-gallery-image1_P9hwkSskV","Blue glass orb being shaped in bright orange flame.","","https://ik.imagekit.io/OE/nelson-county/listings/glass-hollow-studio-gallery-image2_xTwMG5Mnc","Circular logo with blue mountains and glassblowing tool. Text around edges.","","","","","https://glasshollow.com","(434) 270-6104","9080 Rockfish Valley Highway, Afton, VA 22920","Brittany Niemeyer","","","https://www.google.com/maps/dir/?api=1&destination=9080%20Rockfish%20Valley%20Highway%2C%20Afton%2C%20VA%2022920","Museum; Retail","true","https://www.google.com/maps/dir/?api=1&destination=9080%20Rockfish%20Valley%20Highway%2C%20Afton%2C%20VA%2022920","","","","","","","",""
"95","Blue Ridge Parkway Loops","blue-ridge-parkway-loops","Biking","outdoor","Nelson County","Scenic 22- or 40-mile Blue Ridge Parkway cycling loop starting near Love, Virginia, with sweeping Shenandoah Valley overlooks, Parkway climbs, and Route 76 tie-ins.","","https://ik.imagekit.io/OE/nelson-county/listings/blue-ridge-parkway-loops-image1_ned_KWOT2","Sun setting over mountains with road and railing in foreground.","","","","","","","","","(434) 263-7015","Milepost 16, Blue Ridge Parkway, Love, VA 22952","josh","","","https://www.google.com/maps/dir/?api=1&destination=Milepost%2016%2C%20Blue%20Ridge%20Parkway%2C%20Love%2C%20VA%2022952","Biking; Hiking; Scenic Views","false","https://www.google.com/maps/dir/?api=1&destination=Milepost%2016%2C%20Blue%20Ridge%20Parkway%2C%20Love%2C%20VA%2022952","","","","","","","",""
"96","Oak Ridge Loop","oak-ridge-loop","Biking","outdoor","Nelson County","29-mile Oak Ridge cycling loop rolling through Route 56 and Rockfish Valley backroads with historic estate views and low-traffic farm lanes. The 29-mile Oak Ridge Loop mixes Route 56 farmland, country stores, and stretches along Route 29, rewarding cyclists with rolling hills and scenic estate views before returning to the Oak Ridge parking area.","","https://ik.imagekit.io/OE/nelson-county/listings/oak-ridge-loop-image1_C_eilCHEx","Stone cottage with green roof surrounded by trees and iron fence.","","https://ik.imagekit.io/OE/nelson-county/listings/oak-ridge-loop-image2__dpCyljnt","Old wooden mill with waterwheel by pond, surrounded by lush green trees.","","","","","","(434) 263-7015","1010 Oak Ridge Road, Arrington, VA 22922","josh","","","https://www.google.com/maps/dir/?api=1&destination=1010%20Oak%20Ridge%20Road%2C%20Arrington%2C%20VA%2022922","Biking; Retail; Farm; Fishing","false","https://www.google.com/maps/dir/?api=1&destination=1010%20Oak%20Ridge%20Road%2C%20Arrington%2C%20VA%2022922","","","","","","","",""
"97","Woodson's Mill Loop","woodsons-mill-loop","Biking","outdoor","Nelson County","24-mile Woodson's Mill ride beginning at the historic gristmill in Lowesville and circling through Massies Mill and Route 680 countryside.","","https://ik.imagekit.io/OE/nelson-county/listings/woodson-s-mill-loop-image1_yiXWRoa0o","Old wooden watermill surrounded by lush greenery, near a tranquil pond.","","","","","","","","","(434) 263-7015","3211 Lowesville Road, Roseland, VA 22967","josh","","","https://www.google.com/maps/dir/?api=1&destination=3211%20Lowesville%20Road%2C%20Roseland%2C%20VA%2022967","Biking; Scenic Views; Farm; Water Sports","false","https://www.google.com/maps/dir/?api=1&destination=3211%20Lowesville%20Road%2C%20Roseland%2C%20VA%2022967","","","","","","","",""
"98","Walton's Mountain Museum Loop","waltons-mountain-museum-loop","Biking","outdoor","Nelson County","31-mile Schuyler countryside loop from Walton's Mountain Museum past the James River and Esmont farms with plenty of quiet ridge lines.","","https://ik.imagekit.io/OE/nelson-county/listings/walton-s-mountain-museum-loop-image1_anr51axUp","Red brick building with American flag, labeled Schuyler Elementary School.","","","","","","","","","(434) 263-7015","6484 Rockfish River Road, Schuyler, VA 22969","josh","","","https://www.google.com/maps/dir/?api=1&destination=6484%20Rockfish%20River%20Road%2C%20Schuyler%2C%20VA%2022969","Biking; Hiking; Scenic Views; Museum; Farm; Water Sports","false","https://www.google.com/maps/dir/?api=1&destination=6484%20Rockfish%20River%20Road%2C%20Schuyler%2C%20VA%2022969","","","","","","","",""
"99","Virginia Blue Ridge Railway Trail","virginia-blue-ridge-railway-trail","Biking","outdoor","Piney River","7-mile crushed-stone rail trail along the Piney and Tye rivers with dual trailheads, equestrian access, and seasonal wildflowers. 7-mile crushed-stone rail trail along the Piney and Tye rivers with dual trailheads, equestrian access, and seasonal wildflowers.","","https://ik.imagekit.io/OE/nelson-county/listings/virginia-blue-ridge-railway-trail-image1_gb6HkVrGb","Trailhead sign and small building surrounded by trees under clear blue sky.","","","","","","","","","(434) 263-7130","3124 Patrick Henry Highway, Piney River, VA 22964","josh","","","https://www.google.com/maps/dir/?api=1&destination=3124%20Patrick%20Henry%20Highway%2C%20Piney%20River%2C%20VA%2022964","Biking; Equestrian; Scenic Views; Hiking; Water Sports","false","https://www.google.com/maps/dir/?api=1&destination=3124%20Patrick%20Henry%20Highway%2C%20Piney%20River%2C%20VA%2022964","","","","","","","",""
"100","Nelson Scenic Loop","nelson-scenic-loop","Biking","outdoor","Tyro","50-mile Nelson Scenic Loop combining Route 151, Route 664, the Blue Ridge Parkway, and Route 56 for mountain vistas, orchards, and craft beverages. The Nelson Scenic Loop strings together Routes 151, 664, the Blue Ridge Parkway, and 56 into a 50-mile auto or bike tour showcasing orchards, craft beverage stops, waterfalls, and mountaintop vistas from Piedmont foothills to ridge-top summits.","","https://ik.imagekit.io/OE/nelson-county/listings/nelson-scenic-loop-image1_RICn_P7cl8","Black butterfly on pale purple flowers with green leaves.","","","","","","","","","(434) 263-7015","Route 151 & Route 664 Junction, Nellysford, VA 22958","josh","","","https://www.google.com/maps/dir/?api=1&destination=Route%20151%20%26%20Route%20664%20Junction%2C%20Nellysford%2C%20VA%2022958","Biking; Educational; Scenic Views; Farm; Water Sports","false","https://www.google.com/maps/dir/?api=1&destination=Route%20151%20%26%20Route%20664%20Junction%2C%20Nellysford%2C%20VA%2022958","","","","","","","",""
"101","Tye River","tye-river","Canoeing","outdoor","Tyro","34-mile Blue Ridge stream offering Class I–II+ whitewater, mountain views, and seasonal paddling windows for experienced canoeists.","","https://ik.imagekit.io/OE/nelson-county/listings/tye-river-image1_obd32khA6","Bridge over river surrounded by lush forest and distant hills.","","","","","","","","https://nelsoncounty.com/explore/tye-river/","(434) 263-7015","Tye River Main Access 2724 Patrick Henry Highway Piney River VA 22964","josh","","","https://www.google.com/maps/search/?api=1&query=Tye%20River%20Main%20Access%202724%20Patrick%20Henry%20Highway%20Piney%20River%20VA%2022964","Water Sports","false","https://www.google.com/maps/search/?api=1&query=Tye%20River%20Main%20Access%202724%20Patrick%20Henry%20Highway%20Piney%20River%20VA%2022964","","","","","","","",""
"102","James River","james-river","Canoeing","outdoor","Wingina","The James River forms Nelson County's southeastern border, offering endless canoe and kayak launches, johnboat access, and fishing for smallmouth, largemouth, catfish, and sunfish along Virginia's most storied waterway. James River corridor on Nelson's southeastern edge with multiple ramps, float trips, and access to the 64-mile Upper James River Water Trail.","","https://ik.imagekit.io/OE/nelson-county/listings/james-river-image1_FejU6BN18","Serene river surrounded by lush green trees and distant mountains under clear sky.","","","","","","","","https://nelsoncounty.com/explore/james-river/","(434) 933-4355","947 James River Road Wingina VA 24599","josh","","","https://www.google.com/maps/search/?api=1&query=947%20James%20River%20Road%20Wingina%20VA%2024599","Biking; Hiking; Water Sports; Fishing","false","https://www.google.com/maps/search/?api=1&query=947%20James%20River%20Road%20Wingina%20VA%2024599","","","","","","","",""
"103","Rockfish River","rockfish-river","Canoeing","outdoor","Afton","Rockfish River paddling routes tracing the confluence of its forks with gentle Class I–II water, winter flows, and Route 6 takeouts. The Rockfish River begins where its North and South forks meet in Nelson County, then slides southeast toward the James—providing scenic paddles, Class I riffles, and seasonal floats between Route 600, Route 6, and Scottsville.","","https://ik.imagekit.io/OE/nelson-county/listings/rockfish-river-image1_d1GnubdLD","Person kayaking with a dog in green kayak on a river.","","","","","","","","https://nelsoncounty.com/explore/rockfish-river/","(434) 263-7015","Rockfish River Access 5156 Rockfish Valley Highway Afton VA 22920","josh","","","https://www.google.com/maps/search/?api=1&query=Rockfish%20River%20Access%205156%20Rockfish%20Valley%20Highway%20Afton%20VA%2022920","Water Sports; Fishing","false","https://www.google.com/maps/search/?api=1&query=Rockfish%20River%20Access%205156%20Rockfish%20Valley%20Highway%20Afton%20VA%2022920","","","","","","","",""
"104","Lake Nelson","lake-nelson","Canoeing","outdoor","Arrington","40-acre DGIF lake with boat ramp, year-round bank fishing, electric-motor boating, and seasonal restrooms near Arrington. Lake Nelson is a 40-acre DGIF reservoir with a concrete boat ramp, 24/7 access, and electric-motor-only fishing for largemouth bass, crappie, channel cats, and sunfish just outside Arrington.","","https://ik.imagekit.io/OE/nelson-county/listings/lake-nelson-image1_ntx7GII0I","Calm lake reflecting cloudy sky, surrounded by dense forest, distant mountains visible.","","","","","","","","https://nelsoncounty.com/explore/lake-nelson/","(434) 263-7015","801 Lake Nelson LaneArrington VA 22922","josh","","","https://www.google.com/maps/search/?api=1&query=801%20Lake%20Nelson%20LaneArrington%20VA%2022922","Water Sports; Fishing","false","https://www.google.com/maps/search/?api=1&query=801%20Lake%20Nelson%20LaneArrington%20VA%2022922","","","","","","","",""
"40","Dickie Brothers Orchard","dickie-brothers-orchard","Farms & Orchards","experience","Roseland","Dickie Brothers Orchard—one of Virginia's Century Farms—offers pick-your-own berries and apples, fresh-pressed cider, pumpkins, and farm goods, with varieties ripening from June raspberries through November harvest weekends. Century Farm orchard growing heirloom apples alongside berries, pumpkins, cider, and farm-made goods with pick-your-own seasons from summer through fall.","","https://ik.imagekit.io/OE/nelson-county/listings/dickie-brothers-orchard-image1_mgGfsUOkW","Child in dress standing by Dickie Bros Orchard sign, rustic background.","","https://ik.imagekit.io/OE/nelson-county/listings/dickie-brothers-orchard-image2_CzMZz9sVs","Pumpkins and colorful flowers displayed outside rustic wooden building with American flag.","","","","","https://dickiebrothers.com/","(434) 277-5516","2685 Dickie Road, Roseland, VA 22967","josh","","","https://www.google.com/maps/dir/?api=1&destination=2685%20Dickie%20Road%2C%20Roseland%2C%20VA%2022967","Farm; Cider; Local Ingredients; Tastings","false","https://www.google.com/maps/dir/?api=1&destination=2685%20Dickie%20Road%2C%20Roseland%2C%20VA%2022967","","","","","","","",""
"41","Drumheller's Orchard","drumhellers-orchard","Farms & Orchards","experience","Lovingston","Family orchard and bakery showcasing classic Virginia apple varieties, house cider, and fall festivals with hayrides, baked goods, and pet-friendly grounds. Family orchard and bakery showcasing classic Virginia apple varieties, house cider, and fall festivals with hayrides, baked goods, and pet-friendly grounds.","","https://ik.imagekit.io/OE/nelson-county/listings/drumheller-s-orchard-image1_lGFwTv4Vd","Pink and white blossoms on a branch against a clear blue sky.","","","","","","","","https://www.drumhellersorchard.com/","(434) 263-5036","1130 Drumheller Orchard Lane, Lovingston, VA 22949","josh","","","https://www.google.com/maps/dir/?api=1&destination=1130%20Drumheller%20Orchard%20Lane%2C%20Lovingston%2C%20VA%2022949","Bakery; Cider; Farm; Pet Friendly; Local Ingredients; Tastings","false","https://www.google.com/maps/dir/?api=1&destination=1130%20Drumheller%20Orchard%20Lane%2C%20Lovingston%2C%20VA%2022949","History","Nestled in the heart of Virginia, Drumheller's Orchard stands as a testament to the rich history and vibrant culture of Lovingston. This family-owned orchard and bakery is not just renowned for its classic Virginia apple varieties, house cider, and delightful fall festivals complete with hayrides and an array of baked goods; it is also steeped in the locality's storied past. Lovingston itself boasts a unique claim to fame, having its town jail designed by the esteemed Thomas Jefferson, adding a touch of historical significance to the area's architectural landscape.

But Lovingston's historical allure doesn't end there. Among its most significant landmarks is the Bright Hope Baptist Church. Constructed in 1870, this church holds a special place in the hearts of the local community. It was built as a sanctuary for the freedmen and women residing in Nelson, marking a pivotal moment in the area's history. Today, it stands as Lovingston’s most historic African-American landmark, a poignant reminder of the town's journey towards freedom and equality.

Drumheller's Orchard, with its deep roots in this historical tapestry, offers more than just a taste of Virginia's famed apples and baked goods. It serves as a gateway to the past, inviting visitors to explore the rich heritage of Lovingston while enjoying the simple pleasures of orchard life. Whether you're here for the crisp apples, the homemade cider, or the warmth of the fall festivals, you'll find yourself immersed in a place where history and harvest intertwine beautifully.","Contact & Location","Discover the heart of Virginia's apple country at Drumheller's Orchard, a family-owned gem nestled in the picturesque landscape of Lovingston. This enchanting orchard and bakery is not just a place to pick apples; it's a celebration of Virginia's rich agricultural heritage, offering a selection of classic apple varieties, house-made cider, and a calendar filled with fall festivals that charm visitors of all ages. The grounds are pet-friendly, inviting you and your furry friends to explore the scenic beauty of the orchard. With hayrides weaving through the trees and the aroma of freshly baked goods filling the air, Drumheller's Orchard promises a delightful experience for every visitor.

Adding to the orchard's allure is its proximity to the Bright Hope Baptist Church, a historic African-American landmark with deep roots in the community. Overlooking the village of Lovingston, the church, alongside a school, was established in 1870, serving as a beacon of hope for the freed men and women of Nelson County. The surrounding area, meticulously kept, is home to over 100 marked graves, offering a solemn reminder of the past and a place for reflection amidst the natural beauty of Virginia. Drumheller's Orchard not only offers a taste of Virginia's finest apples but also a slice of its rich cultural history, making every visit a truly enriching experience.","Amenities & Services","Nestled in the heart of Virginia, Drumheller's Orchard emerges as a quintessential family destination that effortlessly combines the charm of a classic orchard with the warmth of a bakery. Known for its rich selection of Virginia apple varieties, the orchard invites visitors to immerse themselves in a world where the crisp air is filled with the sweet scent of apples and freshly baked goods. Not just a feast for the senses, Drumheller's Orchard also prides itself on its house cider, a testament to the craft and tradition that has been a pillar of the establishment.

But the experience at Drumheller's doesn't end with the taste of its harvest. The orchard transforms into a hub of joy and community during the fall, hosting festivals that promise more than just the delight of apple picking. Imagine taking a leisurely hayride through the scenic grounds, the laughter of loved ones mingling with the rustle of leaves underfoot. These festivals are a celebration of autumn, featuring an array of baked goods that epitomize the season's flavors, alongside the pet-friendly grounds that welcome all members of the family, ensuring that no one misses out on the fun.

For those looking to extend their adventure beyond the orchard, a short journey leads to Wood Ridge Farm Brewery, a destination that promises to complement your day with its family-friendly ambiance. Here, amidst the lush landscapes, a food truck is usually on-site, ready to serve a meal that perfectly rounds off the day. The brewery is a haven for those who appreciate the art of craft beer, offering a selection of brews that capture the essence of the region, all while providing a plethora of outdoor activities that cater to every member of the family.

Drumheller's Orchard and its surroundings present a tapestry of experiences that weave together the beauty of Virginia's landscapes, the taste of its harvest, and the joy of community gatherings. It's a place where every visit is more than just a day out; it's an opportunity to create memories that linger, long after the last leaf of autumn has fallen.","",""
"42","Saunders Brothers Farm Market","saunders-brothers-farm-market","Farms & Orchards","experience","Piney River","Saunders Brothers' farm market pairs homegrown peaches, apples, and nursery stock with a country shop featuring meats, baked goods, peach ice cream, and weekend events. Saunders Brothers' farm market pairs homegrown peaches, apples, and nursery stock with a country shop featuring meats, baked goods, peach ice cream, and weekend events.","","https://ik.imagekit.io/OE/nelson-county/listings/saunders-brothers-farm-market-image1_f1AEM7MxN","American flag waves outside rustic store with produce sign and wooden facade.","","","","","","","","https://www.saundersbrothers.com/","(434) 277-5455","2717 Tye Brook Highway, Piney River, VA 22964","josh","","","https://www.google.com/maps/dir/?api=1&destination=2717%20Tye%20Brook%20Highway%2C%20Piney%20River%2C%20VA%2022964","Farm; Market; Desserts; Bakery; Local Ingredients; Family Friendly; Museum; Water Sports","false","https://www.google.com/maps/dir/?api=1&destination=2717%20Tye%20Brook%20Highway%2C%20Piney%20River%2C%20VA%2022964","","","","","","","",""
"133","Big Arms Farm","big-arms-farm","Farms & Orchards","community","Lovingston","Educating consumers, turning them on to new foods and giving them the opportunity to connect and contribute not only to our local economy, but to global efforts re-building war torn communities around the world is what Big Arms Farm is all about. Market farm known for cut flowers, heirloom produce, and grass-fed beef with bouquets and specialty goods at the Nelson Farmers Market.","","https://ik.imagekit.io/OE/nelson-county/listings/big-arms-farm-image1_i2J6RcEih","Smiling couple under canopy surrounded by colorful flowers.","","","","","","","","","(434) 263-7015","Nelson Farmers Market Cooperative, 868 Front Street, Lovingston, VA 22949","josh","","","https://www.google.com/maps/dir/?api=1&destination=Nelson%20Farmers%20Market%20Cooperative%2C%20868%20Front%20Street%2C%20Lovingston%2C%20VA%2022949","Market; Farm; Local Ingredients","false","https://www.google.com/maps/dir/?api=1&destination=Nelson%20Farmers%20Market%20Cooperative%2C%20868%20Front%20Street%2C%20Lovingston%2C%20VA%2022949","History","One claim to fame is that that town jail was designed by Thomas Jefferson. Lovingston’s most historic African-American landmark is Bright Hope Baptist Church, which was built in 1870 for the freedmen and women living in Nelson.","Contact & Location","Bright Hope Baptist Church, a historic African-American landmark in Lovingston that overlooks the village. The church was built along with a school in 1870 to serve the freed men and women of Nelson. The kept area has over 100 marked graves.","Amenities & Services","Than a meal, head to Wood Ridge Farm Brewery, where a food truck is usually available. It’s a family-friendly place with plenty of outdoor activities. Want to know something interesting.","",""
"134","Caldwell Farms","caldwell-farms","Farms & Orchards","experience","Lovingston","Appointment-only U-pick flower farm in Stagebridge offering curated seasonal blooms with private design sessions. Appointment-only U-pick flower farm in Stagebridge offering curated seasonal blooms with private design sessions.","","https://ik.imagekit.io/OE/nelson-county/listings/caldwell-farms-image1_FWxJVDAqM","Colorful bouquet of flowers with green fields in the background.","","","","","","","","","(770) 401-0390","394 Stagebridge Road, Lovingston, VA 24590","josh","","","https://www.google.com/maps/dir/?api=1&destination=394%20Stagebridge%20Road%2C%20Lovingston%2C%20VA%2024590","Seasonal Menu; Retail; Farm; Local Ingredients","false","https://www.google.com/maps/dir/?api=1&destination=394%20Stagebridge%20Road%2C%20Lovingston%2C%20VA%2024590","History","Nestled in the heart of Stagebridge, Caldwell Farms distinguishes itself as an appointment-only U-pick flower farm, where the beauty of curated seasonal blooms awaits those seeking a unique floral experience. This farm isn't just about the flowers; it's a place where private design sessions become a bridge between nature's wild beauty and your personal aesthetic.

The surrounding area is steeped in rich history, adding layers of depth to your visit. Notably, the town's jail, a testament to architectural brilliance, was designed by none other than Thomas Jefferson. This fact alone invites visitors to ponder the historical significance and architectural marvels that dot the landscape of this region.

But perhaps the most heartwarming piece of local history is Bright Hope Baptist Church. Constructed in 1870, this landmark stands as a beacon of hope and resilience. It was built to serve the freedmen and women of Nelson, offering a place of worship and community in the wake of the Civil War. The church is not just a building; it's a symbol of freedom and the enduring strength of the human spirit.

As you wander through the vibrant rows of Caldwell Farms, picking your curated blooms, you're not just participating in a simple activity; you're immersing yourself in an area rich with history and culture. Each flower, each petal, carries with it the essence of Stagebridge, making your visit an experience that transcends the ordinary.","Contact & Location","Nestled in the heart of Lovingston, Caldwell Farms stands as a beacon of pastoral beauty and agricultural heritage. This appointment-only U-pick flower farm, located in the charming Stagebridge area, offers visitors a unique opportunity to immerse themselves in the world of curated seasonal blooms. With private design sessions available, guests can experience the joy of selecting and arranging their own fresh flowers, surrounded by the tranquil beauty of the farm's landscape.

Just a stone's throw from Caldwell Farms, the historic Bright Hope Baptist Church commands a majestic view over the village. This significant African-American landmark, built in 1870, alongside a school, served as a cornerstone for the freed men and women of Nelson County in the aftermath of the Civil War. The church and its surrounding grounds, which include over 100 marked graves, have been meticulously preserved, providing a poignant glimpse into the area's rich history and the resilient spirit of its community.

Visiting Caldwell Farms not only offers a delightful outdoor activity but also presents an opportunity to connect with the area's cultural and historical significance. Whether you're arranging a bouquet of freshly picked flowers or reflecting on the historic landscapes of Lovingston, a visit to Caldwell Farms promises an enriching experience that blends the beauty of nature with the depth of local heritage.","Amenities & Services","Nestled in the heart of Stagebridge, Caldwell Farms provides an exclusive escapade for flower enthusiasts. This appointment-only U-pick flower farm is a treasure trove of curated seasonal blooms, offering visitors not just the opportunity to pick their flowers but also engage in private design sessions. It's a unique blend of agricultural charm and creative expression, set against the backdrop of lush landscapes.

After indulging in the floral abundance of Caldwell Farms, visitors can extend their experience by heading over to Wood Ridge Farm Brewery. More than just a stop for refreshment, the brewery is a destination in itself. Here, amidst the rustic charm, a food truck is almost always present, ready to serve up a variety of culinary delights. It's a place that warmly welcomes families, offering an array of outdoor activities that promise fun for all ages. What makes it particularly interesting is its commitment to creating a convivial atmosphere where both adults and children can find enjoyment and relaxation.

Caldwell Farms and its surroundings offer a blend of pastoral beauty and community warmth, making it an ideal spot for those looking to immerse themselves in the tranquility of farm life while having access to artisanal food and drink. This unique combination of experiences enriches the visit, ensuring that it's not just about the flowers picked but also about the memories created.","",""
"135","Davis Creek Farm","davis-creek-farm","Farms & Orchards","experience","Lovingston","Holistic Davis Creek Farm raises heritage livestock on 60 mountain acres with farm stays, workshops, and by-appointment experiences. Davis Creek Farm is a sixty-acre working family farm located in a pristine hollow in the Blue Ridge Mountains of Virginia.","","https://ik.imagekit.io/OE/nelson-county/listings/davis-creek-farm-image1_lUORCOvoM","Horses grazing in a lush, green pasture with a forest background.","","","","","","","","","(434) 249-4333","4670 Davis Creek Lane, Lovingston, VA 22949","josh","","","https://www.google.com/maps/dir/?api=1&destination=4670%20Davis%20Creek%20Lane%2C%20Lovingston%2C%20VA%2022949","Farm; Local Ingredients","false","https://www.google.com/maps/dir/?api=1&destination=4670%20Davis%20Creek%20Lane%2C%20Lovingston%2C%20VA%2022949","History","Nestled in the heart of the picturesque landscape, Davis Creek Farm stands as a testament to holistic farming practices, heritage livestock, and the deep-rooted history of its surrounding area. This sixty-acre working family farm is not only a beacon of sustainable agriculture but also a gateway to exploring the rich tapestry of history that envelops the region.

Among the notable historical gems in Lovingston, the town jail holds a special place, with its design credited to none other than Thomas Jefferson. This architectural marvel is a silent witness to the area's storied past, offering a glimpse into the ingenuity and vision of one of America's founding fathers.

Equally significant is the Bright Hope Baptist Church, a beacon of hope and resilience. Constructed in 1870, this historic African-American landmark was built for the freedmen and women residing in Nelson, serving as a spiritual and community hub. The church stands as a poignant reminder of the journey toward freedom and equality, echoing the voices of those who walked before us.

Davis Creek Farm, with its tranquil setting and commitment to preserving heritage and history, offers more than just a farm stay. It invites visitors to immerse themselves in a living history, where every corner tells a story, and every experience enriches the soul. Whether through workshops, by-appointment experiences, or simply the serene beauty of the farm, guests are afforded a unique opportunity to connect with the past while embracing the sustainable practices that promise a healthier future.","Contact & Location","Nestled within the picturesque landscape of Lovingston, the historic Bright Hope Baptist Church stands as a testament to the resilience and spirit of the African-American community post-emancipation. This architectural gem, built in 1870 alongside a school, was established to provide a place of worship and education for the freed men and women of Nelson. The church, which majestically overlooks the village, is not only a place of spiritual gathering but also serves as a bridge to a poignant past, with its well-maintained grounds hosting over 100 marked graves. This landmark represents the heart and soul of the community, embodying the rich heritage and enduring strength of its people.","Amenities & Services","Tucked away on sixty lush acres of mountain terrain, Davis Creek Farm stands as a beacon of holistic farming and heritage livestock raising. This family-operated farm not only offers a unique glimpse into the world of sustainable agriculture but also invites visitors to immerse themselves in the experience through farm stays, engaging workshops, and personalized by-appointment experiences.

After a day spent exploring the verdant fields and getting acquainted with the farm's practices, guests need not venture far for a delightful culinary experience. Just a stone's throw away, Wood Ridge Farm Brewery offers the perfect rustic complement to a day on the farm. This family-friendly brewery is renowned not just for its craft beers brewed from estate-grown ingredients but also for the convivial atmosphere it fosters. With a food truck often onsite, visitors can savor a variety of dishes that perfectly pair with the brewery's offerings, ensuring no one leaves with an empty stomach.

Moreover, Wood Ridge Farm Brewery is an ideal spot for those looking to unwind amidst nature. The brewery prides itself on providing ample outdoor activities, allowing families and friends to create lasting memories against the backdrop of Virginia's picturesque landscape.

At Davis Creek Farm, the adventure extends beyond the boundaries of traditional farm visits. It offers a holistic, engaging, and delicious experience that connects people not only with the origins of their food but also with each other. Whether you're seeking a tranquil retreat in the countryside or an educational journey into the heart of sustainable farming, Davis Creek Farm and its nearby attractions promise to deliver an unforgettable experience.","",""
"136","Deer Creek Farm","deer-creek-farm","Farms & Orchards","experience","Roseland","Family cattle and lamb farm in Lowesville providing custom beef and lamb shares by whole, half, or quarter.","","https://ik.imagekit.io/OE/nelson-county/listings/deer-creek-farm-image1_qTXfWgAfq","Grilled steak sizzling on open flame with rosemary garnish.","","","","","","","","","(434) 277-9104","3764 Lowesville Road, Lowesville, VA 22967","josh","","","https://www.google.com/maps/dir/?api=1&destination=3764%20Lowesville%20Road%2C%20Lowesville%2C%20VA%2022967","Order Pickup; Farm; Local Ingredients","false","https://www.google.com/maps/dir/?api=1&destination=3764%20Lowesville%20Road%2C%20Lowesville%2C%20VA%2022967","","","","","","","",""
"137","Edible Landscaping","edible-landscaping","Farms & Orchards","experience","Afton","Located high in the foothills of the Blue Ridge Mountains, you'll find plants and trees that produce edible food – berries, nuts, fruits, herbs; items that we distribute worldwide. Nursery specializing in edible landscaping plants—fruit trees, berries, vines, and herbs—grown without herbicides and shipped nationwide.","","https://ik.imagekit.io/OE/nelson-county/listings/edible-landscaping-image1_nVFTmhRf7","Hand picking ripe blackberries from bush with green leaves.","","","","","","","","","(434) 361-9134","361 Spirit Ridge Lane, Afton, VA 22920","josh","","","https://www.google.com/maps/dir/?api=1&destination=361%20Spirit%20Ridge%20Lane%2C%20Afton%2C%20VA%2022920","Organic; Order Pickup; Farm; Local Ingredients","false","https://www.google.com/maps/dir/?api=1&destination=361%20Spirit%20Ridge%20Lane%2C%20Afton%2C%20VA%2022920","","","","","","","",""
"138","Fitzgerald Farms","fitzgerald-farms","Farms & Orchards","experience","Arrington","Fitzgerald Farms roadside stand offering summer sweet corn, fall pumpkin picking, and wholesale produce from the Rockfish Valley. Pick-Your-Own Pumpkins during the fall season and sweet corn during the summer.","","https://ik.imagekit.io/OE/nelson-county/listings/fitzgerald-farms-image1_XtoAg2MWJ","Child sitting among numerous bright orange pumpkins, wearing pink overalls.","","","","","","","","","(434) 277-8047","4850 Tye Brook Highway, Arrington, VA 22922","josh","","","https://www.google.com/maps/dir/?api=1&destination=4850%20Tye%20Brook%20Highway%2C%20Arrington%2C%20VA%2022922","Farm; Desserts; Fishing","false","https://www.google.com/maps/dir/?api=1&destination=4850%20Tye%20Brook%20Highway%2C%20Arrington%2C%20VA%2022922","","","","","","","",""
"139","Fitzgerald's Orchard","fitzgeralds-orchard","Farms & Orchards","experience","Tyro","Family orchard near Tyro selling bushels of classic Virginia apples including Fuji, Rome, and Pink Lady each harvest season. Family orchard near Tyro selling bushels of classic Virginia apples including Fuji, Rome, and Pink Lady each harvest season.","","https://ik.imagekit.io/OE/nelson-county/listings/fitzgerald-s-orchard-image1_NO_6fucxa","Red and yellow apples on leafy tree branch under blue sky.","","","","","","","","","(434) 277-5798","728 Harpers Creek Lane, Tyro, VA 22976","josh","","","https://www.google.com/maps/dir/?api=1&destination=728%20Harpers%20Creek%20Lane%2C%20Tyro%2C%20VA%2022976","Seasonal Menu; Farm; Scenic Views; Local Ingredients","false","https://www.google.com/maps/dir/?api=1&destination=728%20Harpers%20Creek%20Lane%2C%20Tyro%2C%20VA%2022976","","","","","","","",""
"141","Hungry Hill Farm","hungry-hill-farm","Farms & Orchards","experience","Shipman","Our farm is open year around for visitors and groups. Honey-centric Hungry Hill Farm offering raw honey, bee supplies, mushroom workshops, and farm tours by appointment.","","https://ik.imagekit.io/OE/nelson-county/listings/hungry-hill-farm-image1_N-4ZiI8f5","Bee sipping liquid from glass rim, close-up, detailed, blurred background.","","","","","","","","","(434) 263-5336","89 Williamstown Road, Shipman, VA 22971","josh","","","https://www.google.com/maps/dir/?api=1&destination=89%20Williamstown%20Road%2C%20Shipman%2C%20VA%2022971","Farm; Retail","false","https://www.google.com/maps/dir/?api=1&destination=89%20Williamstown%20Road%2C%20Shipman%2C%20VA%2022971","","","","","","","",""
"143","Lost Point Farm","lost-point-farm","Farms & Orchards","community","Arrington","Small herb and produce farm perched over the Tye River supplying chemical-free harvests to the Arrington community by appointment.","","https://ik.imagekit.io/OE/nelson-county/listings/lost-point-farm-image1_ysMce9Xxm","White flowers in front of wooden cabin surrounded by lush greenery.","","","","","","","","","(434) 263-7015","Arrington, VA 22922","josh","","","https://www.google.com/maps/dir/?api=1&destination=Arrington%2C%20VA%2022922","Order Pickup; Scenic Views; Farm; Local Ingredients; Water Sports","false","https://www.google.com/maps/dir/?api=1&destination=Arrington%2C%20VA%2022922","","","","","","","",""
"145","Pharsalia","pharsalia","Farms & Orchards","experience","Tyro","Historic 1814 Pharsalia estate hosting weddings, group tours, and floral workshops amid working orchards at the foot of de Priest Mountain. Built in 1814 at the foot of de Priest Mountain in Nelson County, Virginia, by William Massie, Pharsalia commands stunning views and is surrounded by original outbuildings and lovely gardens.","","https://ik.imagekit.io/OE/nelson-county/listings/pharsalia-image1_cVhWdTBSo","White house surrounded by colorful trees, with mountains in the background.","","","","","","","","","(434) 277-5231","2333 Pharsalia Road, Tyro, VA 22976","josh","","","https://www.google.com/maps/dir/?api=1&destination=2333%20Pharsalia%20Road%2C%20Tyro%2C%20VA%2022976","Events; Farm; Scenic Views; Retail; Local Ingredients","false","https://www.google.com/maps/dir/?api=1&destination=2333%20Pharsalia%20Road%2C%20Tyro%2C%20VA%2022976","","","","","","","",""
"146","Robinia Institute","robinia-institute","Farms & Orchards","experience","Wingina","Robinia Institute at Timshel Wildland offers regenerative agriculture education, grazing intensives, and consulting on a 400-acre conservation site.","","https://ik.imagekit.io/OE/nelson-county/listings/robinia-institute-image1_neYzCA4xW","Person in hat tending plants in a lush green field.","","","","","","","","","(330) 310-1475","530 James River Road, Wingina, VA 24599","josh","","","https://www.google.com/maps/dir/?api=1&destination=530%20James%20River%20Road%2C%20Wingina%2C%20VA%2024599","Educational; Retail; Farm; Local Ingredients","false","https://www.google.com/maps/dir/?api=1&destination=530%20James%20River%20Road%2C%20Wingina%2C%20VA%2024599","","","","","","","",""
"147","Rose Isle Farm","rose-isle-farm","Farms & Orchards","experience","Roseland","Rose Isle Farm partners with Blue Mountain Barrel House to raise 'beer-fed' beef on pasture, offering direct sales by appointment. The cattle at Rose Isle Farm are fed spent mash from Blue Mountain Barrel House Brewery, a perfect marriage of recycling and animal husbandry for Rose Isle Farm and this local Nelson County brewery.","","https://ik.imagekit.io/OE/nelson-county/listings/rose-isle-farm-image1_t283CgSR-","Farm with silo, red roofs, green fields, and hazy mountains in the background.","","","","","","","","","(434) 277-8574","329 Crabtree Falls Highway, Roseland, VA 22967","josh","","","https://www.google.com/maps/dir/?api=1&destination=329%20Crabtree%20Falls%20Highway%2C%20Roseland%2C%20VA%2022967","Beer; Farm; Local Ingredients; Tastings","false","https://www.google.com/maps/dir/?api=1&destination=329%20Crabtree%20Falls%20Highway%2C%20Roseland%2C%20VA%2022967","","","","","","","",""
"148","Seamans' Orchard","seamans-orchard","Farms & Orchards","experience","Roseland","Nestled at the foot of the Blue Ridge Mountains, Seamans' Orchard is a fourth generation farm. The farm grows the finest apples, blueberries, cherries, and strawberries mother nature will allow.","","https://ik.imagekit.io/OE/nelson-county/listings/seamans-orchard-image1__NNqdOH0h","Cherries, blueberries, strawberries in clear containers on a wooden table.","","","","","","","","","(434) 277-8130","415 Dark Hollow Road, Roseland, VA 22967","josh","","","https://www.google.com/maps/dir/?api=1&destination=415%20Dark%20Hollow%20Road%2C%20Roseland%2C%20VA%2022967","Farm; Market; Scenic Views; Family Friendly","false","https://www.google.com/maps/dir/?api=1&destination=415%20Dark%20Hollow%20Road%2C%20Roseland%2C%20VA%2022967","","","","","","","",""
"149","Silver Creek and Seamans' Orchards","silver-creek-and-seamans-orchards","Farms & Orchards","experience","Roseland","The packing shed offers Empire, Gala, Jonathan, Red and Golden Delicious, York, Winesap, Red Rome, Stayman, Pippin, Jonagold and Pink Lady apples. Silver Creek & Seamans' Orchards packing shed selling heirloom apple varieties plus cider, apple butter, honey, and pumpkins.","","https://ik.imagekit.io/OE/nelson-county/listings/silver-creek-and-seamans-orchards-image1_pv2iDWEdx","Crates of colorful apples displayed inside a rustic market setting.","","","","","","","","","(434) 277-5824","5529 Crabtree Falls Highway, Tyro, VA 22976","josh","","","https://www.google.com/maps/dir/?api=1&destination=5529%20Crabtree%20Falls%20Highway%2C%20Tyro%2C%20VA%2022976","Cider; Local Ingredients; Events; Farm; Tastings","false","https://www.google.com/maps/dir/?api=1&destination=5529%20Crabtree%20Falls%20Highway%2C%20Tyro%2C%20VA%2022976","","","","","","","",""
"150","Silver Creek Orchards","silver-creek-orchards","Farms & Orchards","experience","Tyro","Silver Creek Orchards is a seventh generation family owned farm that offers over 20 varieties of apples, as well as wine grapes and beef cattle. Seventh-generation Silver Creek Orchards opens for pick-your-own apples on select weekends with more than 20 varieties and scenic mountain views.","","https://ik.imagekit.io/OE/nelson-county/listings/silver-creek-orchards-image1_jTNIexbgs","Crates filled with red apples in sunlight, stacked outdoors.","","","","","","","","","(434) 277-5865","3679 Pharsalia Road, Tyro, VA 22976","josh","","","https://www.google.com/maps/dir/?api=1&destination=3679%20Pharsalia%20Road%2C%20Tyro%2C%20VA%2022976","Farm; Family Friendly; Scenic Views; Events","false","https://www.google.com/maps/dir/?api=1&destination=3679%20Pharsalia%20Road%2C%20Tyro%2C%20VA%2022976","","","","","","","",""
"151","Silver Fox Lavender Farm","silver-fox-lavender-farm","Farms & Orchards","experience","Nellysford","Our annual Lavender Festival will be held in June when our lavender field is in full bloom! Silver Fox Lavender Farm hosts June lavender festival weekends, farm workshops, yoga, and a barn venue for micro weddings and events.","","https://ik.imagekit.io/OE/nelson-county/listings/silver-fox-lavender-farm-image1_OhRtsVHYZ","Barn and field under cloudy sky with mountain in background.","","","","","","","","","(540) 903-2750","877 Glenthorne Loop, Nellysford, VA 22958","josh","","","https://www.google.com/maps/dir/?api=1&destination=877%20Glenthorne%20Loop%2C%20Nellysford%2C%20VA%2022958","Events; Farm; Retail","false","https://www.google.com/maps/dir/?api=1&destination=877%20Glenthorne%20Loop%2C%20Nellysford%2C%20VA%2022958","","","","","","","",""
"152","The Apple Shed","the-apple-shed","Farms & Orchards","experience","Lovingston","Get fresh, local apples and pumpkins. Get fresh, local apples and pumpkins.","","https://ik.imagekit.io/OE/nelson-county/listings/the-apple-shed-image1_qF6IcNkNQ","Red sign with white apple design, text reads 'The Apple Shed.'","","","","","","","","","(434) 263-8843","14815 Thomas Nelson Highway, Lovingston, VA 22949","josh","","","https://www.google.com/maps/dir/?api=1&destination=14815%20Thomas%20Nelson%20Highway%2C%20Lovingston%2C%20VA%2022949","Market; Seasonal Menu; Local Ingredients; Farm","false","https://www.google.com/maps/dir/?api=1&destination=14815%20Thomas%20Nelson%20Highway%2C%20Lovingston%2C%20VA%2022949","History","Nestled within the vibrant landscapes of Lovingston lies The Apple Shed, a beacon of agricultural bounty specializing in offering the freshest, locally-sourced apples and pumpkins. What sets this charming destination apart is not just its commitment to quality produce but also its deep-rooted connection to the town's rich history.

Lovingston, a town steeped in historical significance, boasts a unique architectural marvel designed by none other than Thomas Jefferson himself—the town jail. This significant structure underscores the town's historical importance and Jefferson's influence on American architecture. But perhaps the most poignant historical landmark in Lovingston is the Bright Hope Baptist Church. Constructed in 1870, this church stands as a testament to the resilience and spirit of the freedmen and women who called Nelson home after the Civil War. Serving as Lovingston’s most historic African-American landmark, Bright Hope Baptist Church embodies the community's journey through the annals of American history.

The Apple Shed, therefore, is more than just a farm and orchard. It is a gateway to experiencing the rich tapestry of Lovingston's heritage. Visitors to The Apple Shed are invited not only to savor the taste of crisp apples and plump pumpkins but also to immerse themselves in the story of a town that has witnessed significant chapters in American history.","Contact & Location","Nestled in the heart of Lovingston lies a historic gem, Bright Hope Baptist Church, a beacon of heritage and history for the African-American community. This landmark isn't just a testament to architectural beauty; it stands as a solemn guardian over a village, offering picturesque views that stretch across the landscape. Constructed in 1870 alongside a school, Bright Hope Baptist Church was established to serve the freed men and women of Nelson County, marking a significant chapter in the journey toward equality and unity post-Civil War.

The area surrounding the church is meticulously maintained, home to over 100 marked graves. These graves tell the untold stories of generations past, each marker serving as a reminder of the vibrant community that has thrived in Lovingston for centuries. Visiting the Apple Shed not only offers the opportunity to indulge in fresh, local apples and pumpkins but also invites you to step back in time and explore a crucial piece of American history. Whether you're a history buff, a lover of the outdoors, or simply in search of fresh, local produce, a visit to this area promises an enriching experience that combines the joys of nature with the depth of historical discovery.","Amenities & Services","Nestled in the heart of the countryside, The Apple Shed stands as a testament to the joys of autumnal harvests, offering visitors a chance to immerse themselves in the simple pleasure of picking fresh, local apples and pumpkins. Beyond the joy of harvest, for those whose adventures stir a hunger, the nearby Wood Ridge Farm Brewery emerges as a perfect continuation of the day's rustic charm. Here, amidst the golden hues of the setting sun, a food truck is usually on hand, serving up delightful meals that perfectly complement the brewery's family-friendly atmosphere. It's a place where laughter fills the air, mingling with the aromas of hearty fare and craft beer, inviting visitors to linger longer. The brewery is renowned for its warm, welcoming vibe and an array of outdoor activities that cater to all ages, making it an ideal spot for families seeking to weave together the perfect tapestry of a day spent in the embrace of nature and community spirit. This seamless blend of agricultural bounty and artisanal craftsmanship encapsulates the essence of the region, inviting travelers to step into a world where every moment is ripe with the potential for lasting memories.","",""
"153","Tinkerland Farm","tinkerland-farm","Farms & Orchards","experience","Roseland","Tinkerland Farm is a family farm located across the road from Bryant Ln on Rt 151 in Nelson County, Virginia.","","https://ik.imagekit.io/OE/nelson-county/listings/tinkerland-farm-image1_GJCn3JIgk","Roasted chestnuts with golden interior on blue background.","","","","","","","","","(434) 277-3600","Bryant Lane & Route 151, Roseland, VA 22967","josh","","","https://www.google.com/maps/dir/?api=1&destination=Bryant%20Lane%20%26%20Route%20151%2C%20Roseland%2C%20VA%2022967","Farm; Seasonal Menu; Family Friendly; Local Ingredients","false","https://www.google.com/maps/dir/?api=1&destination=Bryant%20Lane%20%26%20Route%20151%2C%20Roseland%2C%20VA%2022967","","","","","","","",""
"154","Turnip the Beets Farm","turnip-the-beets-farm","Farms & Orchards","community","Gladstone","Our small farm business is owned and operated by Shane and Beverly Spanninger. Turnip the Beets Farm grows chemical-free flowers and produce, offering CSA deliveries, farmers market booths, and event florals.","","https://ik.imagekit.io/OE/nelson-county/listings/turnip-the-beets-farm-image1_V-DMMdF30q","Assorted colorful tomatoes in blue cartons at a market.","","","","","","","","","(434) 944-9467","110 Boltons Place, Gladstone, VA 24553","josh","","","https://www.google.com/maps/dir/?api=1&destination=110%20Boltons%20Place%2C%20Gladstone%2C%20VA%2024553","Market; Events; Farm; Local Ingredients","false","https://www.google.com/maps/dir/?api=1&destination=110%20Boltons%20Place%2C%20Gladstone%2C%20VA%2024553","","","","","","","",""
"155","Virginia Chestnuts","virginia-chestnuts","Farms & Orchards","experience","Shipman","We're providers of quality, Virginia-grown chestnuts, located in beautiful Nelson County. Our orchard is maturing and so is our production.","","https://ik.imagekit.io/OE/nelson-county/listings/virginia-chestnuts-image1_ZMRjy4HK4","Young trees in a grassy field, mountains in the background under blue sky.","","","","","","","","","(434) 277-3600","5990 Wheeler Cove Road, Shipman, VA 22971","josh","","","https://www.google.com/maps/dir/?api=1&destination=5990%20Wheeler%20Cove%20Road%2C%20Shipman%2C%20VA%2022971","Farm; Seasonal Menu; Family Friendly; Local Ingredients","false","https://www.google.com/maps/dir/?api=1&destination=5990%20Wheeler%20Cove%20Road%2C%20Shipman%2C%20VA%2022971","","","","","","","",""
"171","Mars Knob Farm","marsknob","Farms & Orchards","experience","Roseland","Mars Knob Farm produces small-batch, chemical-free pantry goods and apothecary items from a historic Roseland homestead.","","https://ik.imagekit.io/OE/nelson-county/listings/mars-knob-farm-image1_-aoc7JgX_","Floral emblem with text 'MARS KNOB FARM, NATURE & BEAUTY' on beige background.","","","","","","","","","","Roseland, VA 22967","WG","","","https://www.google.com/maps/dir/?api=1&destination=Roseland%2C%20VA%2022967","Farm; Family Friendly; Local Ingredients","false","https://www.google.com/maps/dir/?api=1&destination=Roseland%2C%20VA%2022967","","","","","","","",""
"271","Eventide Farm","eventidefarm","Farms & Orchards","experience","Afton","Eventide Farm operates a farm stand in Afton offering seasonal flowers, produce, baked goods, eggs, herbs, soaps, and candles. Eventide Farm operates a farm stand in Afton offering seasonal flowers, produce, baked goods, eggs, herbs, soaps, and candles.","","https://ik.imagekit.io/OE/nelson-county/listings/eventide-farm-image1_UJELFrlDR","Family at pumpkin stand with holiday candles under white tent.","","","","","","","","","(540) 705-3244","11254 Rockfish Valley Highway, Afton, VA 22920","WG","","","https://www.google.com/maps/dir/?api=1&destination=11254%20Rockfish%20Valley%20Highway%2C%20Afton%2C%20VA%2022920","Farm; Market; Seasonal Menu; Bakery; Baked Goods; Local Ingredients","false","https://www.google.com/maps/dir/?api=1&destination=11254%20Rockfish%20Valley%20Highway%2C%20Afton%2C%20VA%2022920","","","","","","","",""
"273","Deep Sea Pete's Creekside Farm","deep-sea-petes-creekside-farm","Farms & Orchards","experience","Roseland","Schedule a farm visit with Deep Sea Pete to see how log inoculation, shade houses, and raised beds turn oak bolts into fresh culinary mushrooms. Orders can be picked up right on Perry Lane, making it easy to take chef-ready harvests back to your Nelson County kitchen.","","https://ik.imagekit.io/OE/nelson-county/listings/deep-sea-pete-s-creekside-farm-image1_jdX269gOR","Basket of mushrooms on wooden slats, stream in background.","","https://ik.imagekit.io/OE/nelson-county/listings/deep-sea-pete-s-creekside-farm-image2_L7RgwL-GO","Assorted mushrooms with herbs on woven basket and wooden surface.","","","","","","(757) 560-8996","1219 Perry Lane, Lovingston, VA 22949","WG","","","https://www.google.com/maps/dir/?api=1&destination=1219%20Perry%20Lane%2C%20Lovingston%2C%20VA%2022949","Farm; Local Ingredients","false","https://www.google.com/maps/dir/?api=1&destination=1219%20Perry%20Lane%2C%20Lovingston%2C%20VA%2022949","","","","","","","",""
"276","Gathered Threads","gathered","Farms & Orchards","experience","Roseland","Gathered Threads is a six-acre family farm growing sustainably raised flowers and botanicals without pesticides, supplying markets and workshops in Nelson County. Gathered Threads is a small family farm-based business located on 6 acres in Nelson County, Virginia.","","https://ik.imagekit.io/OE/nelson-county/listings/gathered-threads-image1_FeSRjOoNK","Vegetable garden with rows of greenery and two greenhouses in the background.","","","","","","","","","","1127 Jennys Creek Road, Roseland, VA 22967","WG","","","https://www.google.com/maps/dir/?api=1&destination=1127%20Jennys%20Creek%20Road%2C%20Roseland%2C%20VA%2022967","Market; Retail; Farm; Local Ingredients","false","https://www.google.com/maps/dir/?api=1&destination=1127%20Jennys%20Creek%20Road%2C%20Roseland%2C%20VA%2022967","","","","","","","",""
"283","Galleywinter Farm","galleywinter","Farms & Orchards","experience","Afton","Nutrition, fitness, stress management, communication and relationship-building, body-wise approaches to alignment, sovereignty and empowerment; horse-wise sessions to become more aware of your persona. Galleywinter Farm in Afton hosts health retreats, equine therapy, horsemanship lessons, yoga, and creative residencies on a pastoral horse farm.","","https://ik.imagekit.io/OE/nelson-county/listings/galleywinter-farm-image1_RGBNG08oV","Farm sign on rustic wooden post, surrounded by pink flowers and greenery.","","https://ik.imagekit.io/OE/nelson-county/listings/galleywinter-farm-image2_r9qXWOU9ke","Bathtub with rose petals in forest, surrounded by green trees.","","https://ik.imagekit.io/OE/nelson-county/listings/galleywinter-farm-image3_CyJ4_PP99","Wooden room with bed, rocking chairs, table, and natural light through large windows.","","","","Afton, VA 22920","WG","","","https://www.google.com/maps/dir/?api=1&destination=Afton%2C%20VA%2022920","Farm; Equestrian; Local Ingredients","false","https://www.google.com/maps/dir/?api=1&destination=Afton%2C%20VA%2022920","Important Information","Nestled in the heart of nature's serene beauty, Galleywinter Farm stands as a beacon of tranquility and rejuvenation. This unique destination goes beyond the traditional farms and orchards, offering its visitors a holistic experience that marries nutrition, fitness, stress management, communication, and relationship-building. It ventures further into the realms of body-wise approaches to alignment, sovereignty, and empowerment, coupled with horse-wise sessions designed to deepen your understanding of yourself and how you project your persona into the world.

As you plan your visit to this haven, it's important to note that the descriptions of the lodging provided have been carefully curated by the host. While these insights aim to give you a glimpse into what awaits, they have not been independently verified, inviting you to embark on a journey of discovery and personal experience.

Galleywinter Farm presents itself not just as a destination but as a passage to self-discovery and connection, inviting you to immerse yourself in an environment where every detail is aimed at enhancing your awareness and wellbeing. Whether you're seeking a peaceful retreat from the hustle and bustle of daily life or eager to engage in a transformative journey, Galleywinter Farm offers a sanctuary where the beauty of nature meets the pursuit of personal growth.","Additional Information","Nestled amidst the verdant landscapes, Galleywinter Farm emerges as a sanctuary dedicated to harmonizing body, mind, and spirit. This unique establishment transcends the conventional farm experience, intertwining nutrition, fitness, and stress management with innovative approaches to communication and relationship-building. At the core of Galleywinter Farm's philosophy lies a commitment to fostering body-wise approaches to alignment, sovereignty, and empowerment, ensuring each visitor embarks on a transformative journey.

Moreover, the farm takes pride in its horse-wise sessions, designed to deepen one's understanding of personal space, influence, emotional states, and the art of co-regulating. These sessions are not merely about learning to interact with horses but serve as a mirror to one's persona, offering profound insights into how we present ourselves to the world and the impacts we have on those around us.

Galleywinter Farm is not just a destination but a retreat that guides you toward a more aware and empowered version of yourself, making every visit an opportunity for growth and discovery. Whether you're seeking to enhance your physical wellbeing, improve your communication skills, or find a deeper sense of alignment and empowerment, Galleywinter Farm offers a nurturing environment where you can pursue these goals amidst the beauty and tranquility of nature.","","","",""
"383","Queen Oaks Farm","queenoaksfarm","Farms & Orchards","experience","Schuyler","Thanks for visiting us here at L&B Farms. S during the Great Depression.","","https://ik.imagekit.io/OE/nelson-county/listings/queen-oaks-farm-image1_fuxgxACcR","Pumpkin-shaped bread with a cinnamon stick stem, held in hand.","","","","","","","","","","Schuyler, VA 22969","WG","","","https://www.google.com/maps/dir/?api=1&destination=Schuyler%2C%20VA%2022969","Bakery; Baked Goods; Farm; Local Ingredients; Market","false","https://www.google.com/maps/dir/?api=1&destination=Schuyler%2C%20VA%2022969","History","Nestled in the heart of Schuyler, Queen Oaks Farm, now known as L&B Farms, stands as a testament to the resilience and determination of the American spirit during the tumultuous years of the Great Depression. This historical gem invites visitors to step back in time and experience the enduring legacy of a bygone era.

As you wander through the scenic landscapes of Schuyler, a visit to Queen Oaks Farm offers a unique opportunity to immerse yourself in the rich tapestry of American history. The farm, established during a time of national hardship, symbolizes the strength and perseverance of those who worked the land to forge a better future for themselves and their families.

For those interested in diving deeper into the cultural heritage of the area, The Walton’s Mountain Museum is just a stone's throw away. This nearby attraction complements your visit to Queen Oaks Farm by providing further insights into the life and times of the region during the Great Depression. Together, these landmarks paint a vivid picture of the past, offering a profound and educational experience that resonates with visitors of all ages.

As you explore the serene beauty of Queen Oaks Farm, you're not just walking on a piece of land; you're retracing the steps of history, connecting with the stories and struggles of the past. It's an invitation to appreciate the journey of those who came before us, making Queen Oaks Farm more than just a destination—it's a journey through time.","History & Background","Nestled within the rich tapestry of American history, Queen Oaks Farm invites its guests on a journey back in time to an era that fundamentally reshaped the rural landscape of the United States. This captivating destination is more than just a farm; it's a portal to the past, where the echoes of the Great Depression and the transformative power of the New Deal resonate through the land and its structures.

A highlight of any visit to Queen Oaks Farm is the opportunity to explore an enlightening exhibit at the Oakland Museum dedicated to The Rural Electrification Act, a pivotal piece of legislation under President Roosevelt's New Deal. This exhibit not only showcases the monumental effort to bring electricity to the rural corners of America but also tells a broader story of innovation, resilience, and community spirit that defined the era.

Moreover, Queen Oaks Farm offers a unique educational experience for both teachers and students with a deep dive into the history of area schools. The exhibit provides a vivid glimpse into the evolution of education in rural settings, from one-room schoolhouses to the more modern facilities we see today. It's an engaging exploration of how education has been both a reflection and a driver of change in rural communities.

Visitors to Queen Oaks Farm will leave with a richer understanding of the American rural experience, the impact of the New Deal, and the profound changes in education over the decades. It's an immersive experience that connects the past with the present, offering insights and inspiration that resonate long after the visit has ended.","Amenities & Services","Nestled in the heart of Nelson County, Queen Oaks Farm stands as a testament to the enduring charm of rural life, especially during the fall season. Each year, as the calendar turns to autumn, the farm becomes a magnet for visitors keen to experience the breathtaking transformation of the Blue Ridge Mountains. The landscape, awash with the vibrant hues of fall foliage, reaches its zenith of beauty from mid- to late October, offering a visual feast that is both serene and spectacular.

The allure of Queen Oaks Farm during these autumn months is not merely confined to the outdoors. While the crisp mornings, pleasant daytime temperatures, and the slightly chilly nights create an almost idyllic setting for exploring the natural splendor of Nelson County, the farm also offers a variety of cozy indoor amenities designed to make your stay comfortable and enjoyable. 

Whether you're seeking the tranquility of a scenic hike or the warmth of a fireside gathering, Queen Oaks Farm melds the rustic charm of farm life with the subtle luxuries that make a visit here both relaxing and memorable. It's a place where the beauty of the natural world coexists harmoniously with the comforts of home, making every visit a cherished experience.","",""
"384","Three Trees Farm","threetreesfarm","Farms & Orchards","experience","Nelson 29","Our story is deeply rooted in our love for nature and sustainable farming practices. The county is conveniently located between Lynchburg and Charlottesville, so every year thousands of people pass through Nelson to rest.","","https://ik.imagekit.io/OE/nelson-county/listings/three-trees-farm-image1_fJWvUI8kJ","Silhouette of three trees and mountains on orange circular background.","","https://ik.imagekit.io/OE/nelson-county/listings/three-trees-farm-image2_O2cJxikgn","People sorting vegetables on tables against red wooden barn.","","","","","","(571) 268-0478","Walkers Mountain, Arrington, VA","WG","","","https://www.google.com/maps/dir/?api=1&destination=Walkers%20Mountain%2C%20Arrington%2C%20VA","Organic; Scenic Views; Local Ingredients; Farm","false","https://www.google.com/maps/dir/?api=1&destination=Walkers%20Mountain%2C%20Arrington%2C%20VA","Menu & Offerings","Nestled comfortably between the charming cities of Lynchburg and Charlottesville, Nelson County is a gem that thousands of travelers discover each year. This area, renowned for its picturesque landscapes and commitment to sustainable farming, is a haven for those seeking to reconnect with nature. The county's latest addition, the Nelson 29 craft beverage trail, is a testament to its burgeoning reputation as a destination for connoisseurs of fine drinks and local produce.

Stretching over 20 scenic miles, Nelson 29 is an invitation to explore the county's vibrant craft beverage scene. The trail begins at the Blue Mountain Barrel House in Arrington, a place where the art of brewing is taken to new heights, and extends all the way to Mountain and Vine Winery in Faber. Here, visitors can indulge in the rich flavors of locally produced wines, a perfect complement to the stunning views that surround the vineyard.

As travelers meander along this route, they are treated to a showcase of Nelson County's dedication to the craft. Each stop on the trail offers a unique glimpse into the passion and craftsmanship that define this community. Whether you're a seasoned aficionado or new to the world of craft beverages, Nelson 29 provides an unforgettable journey through the heart of Virginia's countryside.

So, if you find yourself traveling between Lynchburg and Charlottesville, make sure to take a detour through Nelson County. The Three Trees Farm, with its deep roots in sustainable farming and love for nature, along with the entire Nelson 29 trail, awaits to offer you an experience that blends the beauty of the outdoors with the finest flavors of the region.","Additional Menu Information","Nestled between Lynchburg and Charlottesville, Nelson County is a picturesque tapestry of vibrant green fields and delicate pastel blooms in the spring. The journey along Route 29 offers a visual feast throughout the year, but it's during the spring that the landscape truly comes alive with bursts of color, making it an ideal time for travelers to pause and immerse themselves in the beauty of Nelson County. As you venture north on Route 29, an added heartwarming opportunity presents itself – the local SPCA invites you to possibly meet and adopt a furry companion, making your departure from Nelson not just filled with memories, but perhaps with a new friend for life. At Three Trees Farm, our narrative is intertwined with a deep passion for nature and a commitment to sustainable farming practices, situated in a county that captures the heart of every visitor with its scenic charm and vibrant seasons.","Hours, Contact & Location","Nestled between the vibrant cities of Lynchburg and Charlottesville, Three Trees Farm is a testament to the enduring spirit of nature and a deep commitment to sustainable farming practices. This idyllic setting is more than just a geographical advantage; it's a bridge connecting thousands of visitors every year to the rich tapestry of local history and the serene beauty of the countryside.

The year 1969 marked a significant chapter in the county's history when over 27 inches of rain poured down in just 6 hours, unleashing devastating floods that reshaped the landscape and the community's resolve. This event is not just a memory but a part of the fabric that makes the area's history so compelling. Visitors seeking to immerse themselves in this profound narrative need only to request the Points of Interest Map available at the museum or the Nelson County Visitors Center. This guide serves as a key to unlocking the stories etched into the very heart of the county, including the awe-inspiring tale of resilience in the face of Hurricane Camille's fury.

Furthermore, the Oakland Museum offers a window into the past with its meticulously curated exhibits. Among these, the New Deal Rural Electrification Project stands out as a testament to human ingenuity and the transformative power of technology. Additionally, the museum houses an 18th-century tavern room, offering a glimpse into the social dynamics and architectural styles of a bygone era. These exhibits not only educate but also enchant, bridging centuries and connecting visitors to the enduring legacy of the region.

At Three Trees Farm, the journey through time is intertwined with the beauty of sustainable living and the preservation of nature. It's a place where history is alive, and every corner tells a story, inviting visitors to explore, learn, and be inspired.","",""
"105","Fishing the Tye River","fishing-the-tye-river","Fishing","outdoor","Tyro","Tye River fishery stocked with trout and home to smallmouth bass, offering roadside access along Route 56 and scenic Blue Ridge runs. Fishing the Tye River rewards anglers with smallmouth bass, bluegill, and stocked trout (October–May) along the 35-mile tributary fed by the Piney and Buffalo rivers—bring waders for fly fishing runs and check DWR trout schedules.","","https://ik.imagekit.io/OE/nelson-county/listings/fishing-the-tye-river-image1_abPBDA5QU","Person holding brown trout over water surface, visible scales and spots.","","","","","","","","","(434) 263-7015","Route 56 River Access, Tyro, VA 22976","josh","","","https://www.google.com/maps/dir/?api=1&destination=Route%2056%20River%20Access%2C%20Tyro%2C%20VA%2022976","Scenic Views; Water Sports; Fishing","false","https://www.google.com/maps/dir/?api=1&destination=Route%2056%20River%20Access%2C%20Tyro%2C%20VA%2022976","Trail Information","Embarking on a fishing adventure along the Tye River is an experience that blends the thrill of the catch with the serene beauty of Virginia's landscapes. Nestled within the picturesque scenery of the Blue Ridge region, the Tye River is a vibrant fishery, abundantly stocked with trout, and a thriving habitat for smallmouth bass. Anglers seeking both challenge and tranquility will find the river's offerings along Route 56 to be a perfect backdrop for a day spent in nature’s embrace.

For those ready to cast their lines, the Tye River affords convenient roadside access, ensuring that your fishing journey is as seamless as it is enjoyable. Noteworthy access points include the Midway Concrete Ramp, located in the James River Wildlife Management Area off Route 743, to the northeast of Wingina. This spot provides a strategic launch point for anglers eager to explore the waters. Further enhancing the river's accessibility is the Wingina Concrete Ramp, positioned strategically on Route 56, just south of Wingina, offering another prime location for fishing enthusiasts to start their adventure.

Moreover, the James River State Park is a treasure trove for fishing aficionados, boasting both a Boat Ramp and a Canoe/Livery Landing. These facilities cater to a wide range of river exploration preferences, whether you prefer the steady pace of a canoe or the swift glide of a boat.

The journey from Bent Creek to Wingina is a notable stretch, covering a distance of 12 miles. This segment of the river promises anglers a scenic voyage through the heart of Virginia’s natural splendor, peppered with opportunities to reel in the catch of the day.

Each access point along the Tye River is more than just a place to embark or disembark; it's a gateway to the untamed beauty of the Blue Ridge runs, where the water whispers tales of the day's potential bounty. Whether you're a seasoned angler or someone seeking to dip their toes into the world of fishing, the Tye River offers a picturesque canvas upon which to paint your outdoor adventures.","Rules & Guidelines","Gov for fishing rules and regulations for access and fishing in these ponds and lake areas. Permission may need to be obtained from private property owners in advance. Baldwin Pond (Waynesboro East) Davis Pond (Shipman area) Fish Pond (Lake) (Howardsville area) Hamilton Lake (Lovingston area) Ramsay Knox Pond (Howardsville area) Saunders Pond (Arrington area) Stevens Lake (Arrington area) The Montebello Fish Hatchery is a few minutes west of Crabtree Falls (off Rt.","","","",""
"106","Fishing the James River","fishing-the-james-river","Fishing","outdoor","Wingina","Fishing the James River means chasing smallmouth bass, flathead and channel catfish, and panfish from Botetourt County through Nelson's border, with both mountain and Piedmont stretches producing year-round action. Midway Concrete Ramp (In James River WMA off Rt.","","https://ik.imagekit.io/OE/nelson-county/listings/fishing-the-james-river-image1_acFgJjgeQ","Hand holding largemouth bass with lake and trees in background.","","","","","","","","","(434) 933-4355","Midway Boat Ramp, 106 Midway Lane, Wingina, VA 24599","josh","","","https://www.google.com/maps/dir/?api=1&destination=Midway%20Boat%20Ramp%2C%20106%20Midway%20Lane%2C%20Wingina%2C%20VA%2024599","Boating; Fishing; Water Sports","true","https://www.google.com/maps/dir/?api=1&destination=Midway%20Boat%20Ramp%2C%20106%20Midway%20Lane%2C%20Wingina%2C%20VA%2024599","Trail Information","Embark on a captivating journey along the James River, a haven for anglers in search of smallmouth bass, flathead and channel catfish, and a variety of panfish. This adventure stretches from the scenic landscapes of Botetourt County to the picturesque borders of Nelson, offering a unique fishing experience that combines the rugged beauty of mountain terrains with the serene elegance of the Piedmont regions.

For those ready to cast their lines, the James River Wildlife Management Area presents an excellent starting point with the Midway Concrete Ramp, conveniently located off Route 743, just northeast of Wingina. This spot provides easy access to the river's bountiful waters, ensuring a promising start to your fishing expedition. Further enhancing the angler's experience, the Wingina Concrete Ramp, situated on Route 56 south of Wingina, offers another strategic entry point to the river, inviting both seasoned and novice fishermen to explore the aquatic treasures hidden within its depths.

Adding to the allure of this fishing odyssey is the James River State Park, a gem nestled along the riverbanks, which not only boasts a boat ramp but also features a canoe/livery landing. This dual-purpose facility caters to the preferences of all water enthusiasts, whether you're launching a boat for an expansive fishing adventure or embarking on a tranquil canoe trip to connect with the serene surroundings.

The journey from Bent Creek to Wingina is a remarkable stretch, covering a distance of 12 miles. This segment of the river promises an unforgettable fishing experience, offering anglers the chance to immerse themselves in the pursuit of the river's abundant aquatic life while being enveloped by the natural beauty that defines this storied waterway.

Fishing the James River is not just about the thrill of the catch; it's about embracing the outdoors, experiencing the beauty of Virginia's landscapes, and creating memories that will last a lifetime. Whether you're a seasoned angler or someone looking to dip your toes into the world of fishing, the James River invites you to discover its secrets and revel in the joy of fishing in one of the most picturesque settings the region has to offer.","Rules & Guidelines","Gov for fishing rules and regulations for access and fishing in these ponds and lake areas. Permission may need to be obtained from private property owners in advance. Baldwin Pond (Waynesboro East) Davis Pond (Shipman area) Fish Pond (Lake) (Howardsville area) Hamilton Lake (Lovingston area) Ramsay Knox Pond (Howardsville area) Saunders Pond (Arrington area) Stevens Lake (Arrington area) The Montebello Fish Hatchery is a few minutes west of Crabtree Falls (off Rt.","","","",""
"107","Fishing the Little Piney River","fishing-the-little-piney-river","Fishing","outdoor","Lowesville","Midway Concrete Ramp (In James River WMA off Rt. Midway Concrete Ramp (In James River WMA off Rt.","","https://ik.imagekit.io/OE/nelson-county/listings/fishing-the-little-piney-river-image1_r1x6cZxYB","Silhouette of person fishing against a sky backdrop with tall trees.","","","","","","","","","(434) 263-7015","162 Woodson Road, Lowesville, VA 22967","josh","","","https://www.google.com/maps/dir/?api=1&destination=162%20Woodson%20Road%2C%20Lowesville%2C%20VA%2022967","Scenic Views; Parking; Water Sports; Fishing","false","https://www.google.com/maps/dir/?api=1&destination=162%20Woodson%20Road%2C%20Lowesville%2C%20VA%2022967","Trail Information","Embark on an enchanting fishing adventure along the Little Piney River, where the tranquility of nature meets the thrill of the catch. The journey begins with the Midway Concrete Ramp, nestled within the James River Wildlife Management Area off Route 743, northeast of Wingina. This starting point is perfect for those looking to immerse themselves in the serene environment that this area is known for.

Not far from there, the Wingina Concrete Ramp awaits, located south of Wingina on Route 56. It's another excellent launch site for anglers eager to explore the waters and the bounty they hold. Further enhancing the fishing experience, the James River State Park offers both a boat ramp and a canoe/livery landing, catering to various preferences for navigating the river's gentle flows.

For those seeking a more defined route, the journey from Bent Creek to Wingina is a remarkable choice. Spanning a distance of 12 miles, this stretch of the river promises an unforgettable day of fishing, surrounded by the natural beauty of the Virginia countryside. Whether you're a seasoned angler or a novice to the sport, the Little Piney River's clear waters and abundant fish population make for an ideal fishing getaway.

With these diverse launching points and the scenic route connecting Bent Creek to Wingina, anglers have the perfect setting to cast their lines, enjoy the peaceful surroundings, and perhaps even reel in the catch of a lifetime. The Little Piney River, with its accessible ramps and the promise of a bountiful catch, is a destination that beckons fishing enthusiasts to its shores.","Rules & Guidelines","Gov for fishing rules and regulations for access and fishing in these ponds and lake areas. Permission may need to be obtained from private property owners in advance. Baldwin Pond (Waynesboro East) Davis Pond (Shipman area) Fish Pond (Lake) (Howardsville area) Hamilton Lake (Lovingston area) Ramsay Knox Pond (Howardsville area) Saunders Pond (Arrington area) Stevens Lake (Arrington area) The Montebello Fish Hatchery is a few minutes west of Crabtree Falls (off Rt.","","","",""
"108","Fishing the South Rockfish River","fishing-the-south-rockfish-river","Fishing","outdoor","Afton","South Fork Rockfish River stocked trout waters with Route 6 put-in, Rt. 29 take-out, and fall-through-spring fishing windows.","","https://ik.imagekit.io/OE/nelson-county/listings/fishing-the-south-rockfish-river-image1_kGBkHHzo1","Hand holding fish in net with water and leaves.","","","","","","","","","(434) 263-7015","Rockfish River Wayside, 6759 Rockfish Valley Highway, Afton, VA 22920","josh","","","https://www.google.com/maps/dir/?api=1&destination=Rockfish%20River%20Wayside%2C%206759%20Rockfish%20Valley%20Highway%2C%20Afton%2C%20VA%2022920","Scenic Views; Water Sports; Fishing","false","https://www.google.com/maps/dir/?api=1&destination=Rockfish%20River%20Wayside%2C%206759%20Rockfish%20Valley%20Highway%2C%20Afton%2C%20VA%2022920","Trail Information","Nestled within the scenic embrace of the South Fork Rockfish River, an angler's paradise awaits, offering a bounty of stocked trout for those seeking a serene yet fruitful fishing experience. This idyllic spot boasts a convenient route 6 put-in and a route 29 take-out, making access to these tranquil waters both easy and inviting for enthusiasts and novices alike. The fishing season here flourishes from fall through spring, providing a generous window for those eager to cast their lines amid the changing seasons.

For those looking to embark on a journey along the river, two concrete ramps facilitate your adventure into the heart of nature's bounty. The Midway Concrete Ramp, located in the James River Wildlife Management Area off Route 743 to the northeast of Wingina, offers a launching point that is as convenient as it is picturesque. Further enriching the options for river access, the Wingina Concrete Ramp, found on Route 56 south of Wingina, welcomes anglers and explorers alike to immerse themselves in the beauty and tranquility of the area.

Further enhancing the appeal of this fishing haven is the James River State Park, which not only hosts a boat ramp but also features a Canoe/Livery Landing, catering to a wide range of aquatic adventures. Whether you're seeking the thrill of navigating the waters by canoe or the steady journey of a boat, these facilities ensure that every visit is both memorable and accessible.

The journey from Bent Creek to Wingina itself is an experience to be cherished. Covering a distance of 12 miles, this stretch of the river invites adventurers to witness the serene beauty and abundant wildlife that flourish along its banks. Whether you're here for the thrill of the catch or the peace of the paddle, the South Fork Rockfish River offers a sanctuary where the water's gentle flow and the whisper of the wind through the trees create a symphony of natural harmony.

In essence, fishing the South Rockfish River is not merely an activity; it's an experience that beckons the heart, challenges the angler, and soothes the soul. With every cast, the river tells a story, and with every catch, memories are made, ensuring that each visit is as rewarding as the last.","Rules & Guidelines","Gov for fishing rules and regulations for access and fishing in these ponds and lake areas. Permission may need to be obtained from private property owners in advance. Baldwin Pond (Waynesboro East) Davis Pond (Shipman area) Fish Pond (Lake) (Howardsville area) Hamilton Lake (Lovingston area) Ramsay Knox Pond (Howardsville area) Saunders Pond (Arrington area) Stevens Lake (Arrington area) The Montebello Fish Hatchery is a few minutes west of Crabtree Falls (off Rt.","","","",""
"109","Fishing at Montebello","fishing-at-montebello","Fishing","outdoor","Montebello","Midway Concrete Ramp (In James River WMA off Rt. Midway Concrete Ramp (In James River WMA off Rt.","","https://ik.imagekit.io/OE/nelson-county/listings/fishing-at-montebello-image1_2qVcnapTN","People fishing by a small pond, surrounded by green trees and hills.","","","","","","","","","(540) 377-2650","15072 Crabtree Falls Highway, Montebello, VA 24464","josh","","","https://www.google.com/maps/dir/?api=1&destination=15072%20Crabtree%20Falls%20Highway%2C%20Montebello%2C%20VA%2024464","Retail; Family Friendly; Water Sports; Fishing","false","https://www.google.com/maps/dir/?api=1&destination=15072%20Crabtree%20Falls%20Highway%2C%20Montebello%2C%20VA%2024464","Trail Information","Nestled within the scenic embrace of the James River Wildlife Management Area, just off Route 743 to the northeast of Wingina, lies the Midway Concrete Ramp—a gateway for anglers and water enthusiasts alike. Not far from there, the Wingina Concrete Ramp presents another welcoming point of entry, located on Route 56 to the south of Wingina. These access points offer more than just a place to launch your boat; they serve as the beginning of an aquatic adventure in a region celebrated for its natural beauty and fishing potential.

Moreover, the James River State Park further enriches the local fishing scene with its own boat ramp and a dedicated canoe/livery landing, catering to a diverse array of water-based activities. Whether you are looking to cast your line from a boat or paddle through tranquil waters, these facilities ensure your experience is both accessible and enjoyable.

For those seeking a journey along the river, the stretch from Bent Creek to Wingina is an enticing option. Spanning a distance of 12 miles, it promises a day filled with the serene beauty of the James River, opportunities for memorable catches, and the peaceful solitude that only nature can offer. This route is not just a path over water but a journey through the heart of Virginia's lush landscapes, where every bend in the river brings a new discovery.

Embarking on a fishing trip at Montebello offers more than just the thrill of the catch; it's an invitation to immerse yourself in the natural splendor of the region, where water and sky meet in a dance of reflections and the rhythm of the river sets the pace for your day. Whether you are an experienced angler or someone looking to dip their toes into the world of fishing and outdoor recreation, Montebello's offerings stand as a testament to the beauty and adventure that await in Virginia's great outdoors.","Rules & Guidelines","Gov for fishing rules and regulations for access and fishing in these ponds and lake areas. Permission may need to be obtained from private property owners in advance. Baldwin Pond (Waynesboro East) Davis Pond (Shipman area) Fish Pond (Lake) (Howardsville area) Hamilton Lake (Lovingston area) Ramsay Knox Pond (Howardsville area) Saunders Pond (Arrington area) Stevens Lake (Arrington area) The Montebello Fish Hatchery is a few minutes west of Crabtree Falls (off Rt.","","","",""
"110","Fishing at Lake Monocan Park","fishing-at-lake-monacan-park","Fishing","outdoor","Wintergreen Resort","20-acre Lake Monocan at Wintergreen with seasonal public access, rentals, beach amenities, and stocked fishing opportunities. Midway Concrete Ramp (In James River WMA off Rt.","","https://ik.imagekit.io/OE/nelson-county/listings/fishing-at-lake-monocan-park-image1_raTra86HT","Aerial view of a lush green forest, lake, and rolling hills.","","","","","","","","","(434) 325-8180","Lake Monocan Park, 239 Monocan Drive, Nellysford, VA 22958","josh","","","https://www.google.com/maps/dir/?api=1&destination=Lake%20Monocan%20Park%2C%20239%20Monocan%20Drive%2C%20Nellysford%2C%20VA%2022958","Boating; Picnic Area; Seasonal Menu; Water Sports; Fishing","false","https://www.google.com/maps/dir/?api=1&destination=Lake%20Monocan%20Park%2C%20239%20Monocan%20Drive%2C%20Nellysford%2C%20VA%2022958","Trail Information","Nestled within the picturesque Wintergreen region, Lake Monocan Park offers an idyllic 20-acre lake that beckons outdoor enthusiasts year-round. With its seasonal public access, the area becomes a haven for those looking to escape into nature, whether through fishing, taking advantage of the available rentals, or simply enjoying the beach amenities. The lake is well-stocked, providing ample fishing opportunities for anglers of all levels.

For adventurers looking to explore beyond the serene waters of Lake Monocan, the surrounding area boasts a selection of boat ramps, each offering its unique entry point into the region's waterways. The Midway Concrete Ramp, located in the James River Wildlife Management Area off Route 743 to the northeast of Wingina, and the Wingina Concrete Ramp, situated on Route 56 south of Wingina, serve as gateways for those eager to set sail. Additionally, the James River State Park not only offers another boat ramp but also features a Canoe/Livery Landing, presenting a variety of options for water-based exploration.

One of the most captivating journeys for avid paddlers and those keen on river adventures is the Bent Creek to Wingina passage. This expedition covers a distance of 12 miles, weaving through the heart of Virginia's natural landscape. It's a journey that promises not just the thrill of exploration but the tranquility that comes with being immersed in the untouched beauty of the region.

Each of these access points and the journey they unlock within the Wintergreen area, particularly at Lake Monocan Park, are meticulously maintained and serve as a testament to the region's commitment to outdoor recreation and conservation. Whether you're casting a line in the hopes of a bountiful catch, setting off on a paddling adventure, or simply soaking in the natural beauty that abounds, Lake Monocan Park and its surroundings offer an unparalleled outdoor experience.","Rules & Guidelines","Gov for fishing rules and regulations for access and fishing in these ponds and lake areas. Permission may need to be obtained from private property owners in advance. Baldwin Pond (Waynesboro East) Davis Pond (Shipman area) Fish Pond (Lake) (Howardsville area) Hamilton Lake (Lovingston area) Ramsay Knox Pond (Howardsville area) Saunders Pond (Arrington area) Stevens Lake (Arrington area) The Montebello Fish Hatchery is a few minutes west of Crabtree Falls (off Rt.","","","",""
"111","Fishing at Lake Nelson","fishing-at-lake-nelson","Fishing","outdoor","Arrington","State-managed 40-acre lake offering largemouth, catfish, and crappie with 24-hour shoreline access and electric-only boating. Lake Nelson's fishing access includes a boat ramp, parking, and portable toilets (March–September), with electric-motor boating and catches ranging from largemouth bass to redear sunfish in this 40-acre impoundment.","","https://ik.imagekit.io/OE/nelson-county/listings/fishing-at-lake-nelson-image1_np2rZtH6Z","Person holding live fish by the mouth over blurred outdoor background.","","","","","","","","","(434) 263-7015","801 Lake Nelson Lane, Arrington, VA 22922","josh","","","https://www.google.com/maps/dir/?api=1&destination=801%20Lake%20Nelson%20Lane%2C%20Arrington%2C%20VA%2022922","Boating; Water Sports; Fishing","false","https://www.google.com/maps/dir/?api=1&destination=801%20Lake%20Nelson%20Lane%2C%20Arrington%2C%20VA%2022922","Trail Information","Nestled within the picturesque landscapes surrounding Lake Nelson, the area offers a haven for fishing enthusiasts and outdoor adventurers alike. This state-managed 40-acre lake is a prime destination for those looking to cast their lines for largemouth bass, catfish, and crappie. What enhances the experience further is the lake's provision for 24-hour shoreline access coupled with the allowance for electric-only boating, ensuring a serene and eco-friendly angling adventure.

For those arriving with the intent to explore the waters further, Lake Nelson doesn't disappoint. The fishing access infrastructure is well-developed, featuring a boat ramp for easy water entry, ample parking to accommodate visitors, and portable toilets for added convenience. These facilities underscore the lake's readiness to welcome anglers of all experiences and preferences.

Venturing beyond the immediate vicinity of Lake Nelson, the surrounding area beckons with more aquatic escapades. Notably, the Midway Concrete Ramp, situated in the James River Wildlife Management Area off Route 743 to the northeast of Wingina, serves as a gateway to tranquil waters. Similarly, the Wingina Concrete Ramp, located just south of Wingina on Route 56, offers another point of entry for those eager to explore this lush region.

Further enhancing the area's appeal is the James River State Park Boat Ramp, paired with a Canoe/Livery Landing, presenting additional options for watercraft launch and retrieval. These amenities not only cater to anglers but also to canoeists and kayakers, broadening the scope of outdoor activities available in this verdant locale.

For the adventurers who are drawn to the journey as much as the destination, the stretch from Bent Creek to Wingina is not to be overlooked. Spanning a distance of 12 miles, this route promises a scenic and evocative paddling experience, connecting the dots between serene fishing spots and untouched natural beauty.

In essence, Lake Nelson and its environs offer a comprehensive and captivating outdoor experience. Whether you're here to challenge the resident fish, to glide across the gentle waters, or simply to soak in the tranquility of the natural world, this destination affirms its place as a cherished spot among both local and visiting anglers.","Rules & Guidelines","Gov for fishing rules and regulations for access and fishing in these ponds and lake areas. Permission may need to be obtained from private property owners in advance. Baldwin Pond (Waynesboro East) Davis Pond (Shipman area) Fish Pond (Lake) (Howardsville area) Hamilton Lake (Lovingston area) Ramsay Knox Pond (Howardsville area) Saunders Pond (Arrington area) Stevens Lake (Arrington area) The Montebello Fish Hatchery is a few minutes west of Crabtree Falls (off Rt.","","","",""
"112","Wintergreen Resort Fishing","wintergreen-resort-fishing","Fishing","outdoor","Wintergreen Resort","Midway Concrete Ramp (In James River WMA off Rt. Midway Concrete Ramp (In James River WMA off Rt.","","https://ik.imagekit.io/OE/nelson-county/listings/wintergreen-resort-fishing-image1_p-qkftaFk","Two men fishing by a river, one pointing ahead, surrounded by greenery.","","","","","","","","","(434) 325-8180","Wintergreen Resort Outdoor Programs, 39 Mountain Inn Loop, Wintergreen, VA 22967","josh","","","https://www.google.com/maps/dir/?api=1&destination=Wintergreen%20Resort%20Outdoor%20Programs%2C%2039%20Mountain%20Inn%20Loop%2C%20Wintergreen%2C%20VA%2022967","Scenic Views; Water Sports; Fishing","false","https://www.google.com/maps/dir/?api=1&destination=Wintergreen%20Resort%20Outdoor%20Programs%2C%2039%20Mountain%20Inn%20Loop%2C%20Wintergreen%2C%20VA%2022967","Trail Information","Nestled in the heart of Virginia's breathtaking landscape, Wintergreen Resort offers an exceptional fishing experience for enthusiasts and beginners alike. The resort is conveniently situated to provide easy access to some of the best fishing spots in the area, thanks to its proximity to the James River Wildlife Management Area (WMA).

For those looking to launch their fishing adventure, the Midway Concrete Ramp is a notable starting point. Located off Route 743, northeast of Wingina, this ramp provides a seamless entry into the serene waters that await. Not far from there, the Wingina Concrete Ramp, situated south of Wingina on Route 56, offers another accessible point for anglers to begin their quest for the catch of the day. Additionally, James River State Park boasts not only a boat ramp but also a canoe and livery landing, catering to a variety of aquatic adventures.

Among the most captivating routes for fishing enthusiasts is the journey from Bent Creek to Wingina. This picturesque stretch spans a distance of 12 miles, offering a splendid backdrop of Virginia's lush landscapes while you fish. Whether you're casting your line from the shore or navigating the gentle currents by boat, the rich biodiversity of the James River area promises an enriching fishing experience.

Wintergreen Resort's strategic location near these prime fishing sites combines the thrill of the catch with the tranquility of nature, making it an ideal getaway for those looking to immerse themselves in the great outdoors. With its array of accessible ramps and the enchanting route from Bent Creek to Wingina, the resort ensures that every fishing expedition is both convenient and memorable. So pack your rods and tackle, and prepare for an unforgettable fishing adventure at Wintergreen Resort.","Rules & Guidelines","Gov for fishing rules and regulations for access and fishing in these ponds and lake areas. Permission may need to be obtained from private property owners in advance. Baldwin Pond (Waynesboro East) Davis Pond (Shipman area) Fish Pond (Lake) (Howardsville area) Hamilton Lake (Lovingston area) Ramsay Knox Pond (Howardsville area) Saunders Pond (Arrington area) Stevens Lake (Arrington area) The Montebello Fish Hatchery is a few minutes west of Crabtree Falls (off Rt.","","","",""
"113","Devils Knob Golf Course","devils-knob-golf-course","Golf","experience","Wintergreen Resort","Elevation 3,800-foot Devils Knob Golf Course—Virginia's highest—featuring Ellis Maples design, narrow mountain fairways, and panoramic vistas. Devils Knob Golf Course sits 3,800 feet high, making it Virginia's coolest summer round; Ellis Maples carved narrow fairways, fast greens, and jaw-dropping Blue Ridge vistas into this 18-hole mountain test.","","https://ik.imagekit.io/OE/nelson-county/listings/devils-knob-golf-course-image1_-NwtvpV8L","Green golf course bordered by autumn-colored trees under clear blue sky.","","","","","","","","","(434) 325-8520","Route 664, Wintergreen, VA 22958","josh","","","https://www.google.com/maps/dir/?api=1&destination=Route%20664%2C%20Wintergreen%2C%20VA%2022958","Scenic Views; Resort; Golf","false","https://www.google.com/maps/dir/?api=1&destination=Route%20664%2C%20Wintergreen%2C%20VA%2022958","Location & Directions","Nestled amidst the breathtaking landscapes that Virginia is famed for, the Devils Knob Golf Course stands as a testament to the beauty and challenge of mountain golf. At an impressive elevation of 3,800 feet, it holds the title of Virginia's highest golf course, offering players not just a game, but an experience. Designed by the renowned Ellis Maples, the course is a masterpiece that seamlessly integrates the natural mountain terrain with meticulously planned fairways, creating a golfing experience that is both challenging and visually stunning.

The narrow mountain fairways demand precision and strategy, leading players through a journey of panoramic vistas that captivate and enchant at every turn. It's not just about the golf at Devils Knob; it's about immersing yourself in the serene beauty of nature, all while engaging in a sport you love.

Devils Knob, together with Stoney Creek Golf Course, provides golfers with an exceptional variety of challenges. Each course, with its unique character and landscape, complements the other, offering a comprehensive and diverse golfing experience. Situated in one of the world's most beautiful areas, these courses promise not just a game, but a memorable adventure through the stunning scenery that is quintessentially Virginian.

Whether you're seeking the thrill of playing at Virginia's highest golf course or looking to indulge in the scenic beauty of mountain golf, Devils Knob Golf Course awaits, promising an unforgettable experience that combines the essence of nature with the spirit of the game.","","","","","",""
"114","Stoney Creek Golf Course","stoney-creek-golf-course","Golf","experience","Wintergreen Resort","Rees Jones-designed 27-hole Stoney Creek Golf Course in the Rockfish Valley mixing meandering streams, wetlands, and year-round play. Stoney Creek Golf Course is Rees Jones' 27-hole design in the Rockfish River valley, playable year-round amid meandering streams, wetlands, and wildlife—so you can ski Wintergreen in the morning and chase birdies that afternoon.","","https://ik.imagekit.io/OE/nelson-county/listings/stoney-creek-golf-course-image1_4pzf3VTYQ","Lush green golf course with autumn trees, mountain backdrop under cloudy sky.","","","","","","","","","(434) 325-8250","135 Stoney Creek East, Nellysford, VA 22958","josh","","","https://www.google.com/maps/dir/?api=1&destination=135%20Stoney%20Creek%20East%2C%20Nellysford%2C%20VA%2022958","Resort; Golf; Water Sports; Fishing","false","https://www.google.com/maps/dir/?api=1&destination=135%20Stoney%20Creek%20East%2C%20Nellysford%2C%20VA%2022958","Location & Directions","Nestled in the breathtaking Rockfish Valley, the Stoney Creek Golf Course emerges as a masterpiece of golfing landscape, meticulously designed by the legendary Rees Jones. This exceptional 27-hole course is a seamless blend of natural beauty and golfing challenge, offering an unparalleled experience in one of the planet's most stunning regions.

The course itself is a harmonious mix of meandering streams, vibrant wetlands, and the lush, rolling terrain that the Rockfish Valley is celebrated for. With the ability to play year-round, golf enthusiasts are afforded the rare opportunity to experience the changing seasons in an environment that continuously evolves in beauty and complexity.

Complementing the Stoney Creek Golf Course is the Devils Knob course, together presenting golfers with an extraordinary variety of challenges and scenic beauty. The juxtaposition of these two courses offers a unique golfing journey, where every swing and putt is set against the backdrop of the world's incomparable natural elegance.

Embarking on a round at Stoney Creek is not just a test of golfing skill but an immersion into a carefully crafted landscape where every hole tells a story of design genius and environmental respect. Rees Jones has not merely designed a golf course but has curated an experience that speaks to the heart of every golfer, beginner, or seasoned pro alike.

In this corner of the world, where the natural world melds so perfectly with the game of golf, Stoney Creek Golf Course stands as a testament to what can be achieved when design excellence meets nature's unparalleled beauty. Whether seeking the thrill of the game or the tranquility of nature, Stoney Creek offers an escape to a world where every visit is bound to be unforgettable.","","","","","",""
"169","Indian Summer Guide Service","indian-summer-guide-service","Horseback Riding","experience","Nelson County","Indian Summer Guide Service leads private vineyard horseback rides with post-ride tastings at Veritas and other Charlottesville-area wineries. Indian Summer Guide Service leads private vineyard horseback rides with post-ride tastings at Veritas and other Charlottesville-area wineries.","","https://ik.imagekit.io/OE/nelson-county/listings/indian-summer-guide-service-image1_vrYc4oP7k","Three riders on horses overlooking green valley with mountains in background.","","","","","","","","","(434) 531-9679","151 Veritas Lane, Afton, VA 22920","josh","","","https://www.google.com/maps/dir/?api=1&destination=151%20Veritas%20Lane%2C%20Afton%2C%20VA%2022920","Equestrian; Farm; Hiking; Tastings; Wine","true","https://www.google.com/maps/dir/?api=1&destination=151%20Veritas%20Lane%2C%20Afton%2C%20VA%2022920","","","","","","","",""
"56","Allen Creek Nature Preserve","allen-creek-nature-preserve","Hikes & Trails","outdoor","Wintergreen Resort","Allen Creek Nature Preserve is a 0.7-mile, family-friendly Wintergreen loop through a rare high-elevation wetland, complete with interpretive guides describing the braided streams and northern plant species that thrive there. 0.7-mile family-friendly loop through a high-elevation wetland at Wintergreen featuring braided streams, rare northern plants, and interpretive guides at the trailhead.","","https://ik.imagekit.io/OE/nelson-county/listings/allen-creek-nature-preserve-image1_hUFD6CEWI","Purple violets amidst green leaves and grass on forest floor.","","","","","","","","","(434) 263-7015","8519 Thomas Nelson Hwy, Lovingston, VA 22949","josh","","","https://www.google.com/maps/dir/?api=1&destination=8519%20Thomas%20Nelson%20Hwy%2C%20Lovingston%2C%20VA%2022949","Tours; Family Friendly; Hiking; Biking","false","https://www.google.com/maps/dir/?api=1&destination=8519%20Thomas%20Nelson%20Hwy%2C%20Lovingston%2C%20VA%2022949","","","","","","","",""
"57","Appalachian Trail from Rt 56 to Harpers Creek","appalachian-trail-from-rt-56-to-harpers-creek","Hikes & Trails","outdoor","Tyro","2.6-mile Appalachian Trail segment from VA Route 56 over the Tye River swinging bridge to Harpers Creek Shelter with laurel, rhododendron, and creekside campsites. 2.6-mile Appalachian Trail segment from VA Route 56 over the Tye River swinging bridge to Harpers Creek Shelter with laurel, rhododendron, and creekside campsites.","","https://ik.imagekit.io/OE/nelson-county/listings/appalachian-trail-from-rt-56-to-harpers-creek-image1_zH8UGdn8C","Wooden suspension bridge through colorful autumn forest with rocky foreground.","","","","","","","","","(434) 263-7015","8519 Thomas Nelson Hwy, Lovingston, VA 22949","josh","","","https://www.google.com/maps/dir/?api=1&destination=8519%20Thomas%20Nelson%20Hwy%2C%20Lovingston%2C%20VA%2022949","Scenic Views; Hiking; Biking; Appalachian Trail; Water Sports","false","https://www.google.com/maps/dir/?api=1&destination=8519%20Thomas%20Nelson%20Hwy%2C%20Lovingston%2C%20VA%2022949","","","","","","","",""
"58","Blackrock Trail","blackrock-trail","Hikes & Trails","outdoor","Wintergreen Resort","0.8-mile red-blazed climb on a south-facing slope showcasing mountain laurel, rose azalea, and pedlar gneiss outcrops with connections to Pedlars Edge Trail. Blackrock Trail is a steep 0.8-mile red-blazed climb over pedlar gneiss outcrops where chestnut oak, mountain laurel, and table mountain pine cling to dry slopes—rewarding hikers with rugged views each June bloom season.","","https://ik.imagekit.io/OE/nelson-county/listings/blackrock-trail-image1_icsrDn5Xh","Forest trail with rocks and dense green foliage surrounding trees.","","","","","","","","","(434) 263-7015","8519 Thomas Nelson Hwy, Lovingston, VA 22949","josh","","","https://www.google.com/maps/dir/?api=1&destination=8519%20Thomas%20Nelson%20Hwy%2C%20Lovingston%2C%20VA%2022949","Scenic Views; Biking; Hiking","false","https://www.google.com/maps/dir/?api=1&destination=8519%20Thomas%20Nelson%20Hwy%2C%20Lovingston%2C%20VA%2022949","","","","","","","",""
"59","Blue Ridge Tunnel","blue-ridge-tunnel","Hikes & Trails","outdoor","Afton","Walk the restored 1850s Blue Ridge Railroad tunnel on a 2.25-mile crushed-gravel path with dramatic stone portals linking Afton and the Rockfish Valley. The Blue Ridge Tunnel, engineered by Claudius Crozet in the 1850s beneath Rockfish Gap, now lets hikers and cyclists travel nearly a mile through the historic rail bore between Skyline Drive and the Blue Ridge Parkway.","","https://ik.imagekit.io/OE/nelson-county/listings/blue-ridge-tunnel-image1_PrnI6PqE9","Cyclist with headlight in dark tunnel, wet rocky walls.","","","","","","","","","(434) 263-7015","215 Afton Depot Lane, Afton, VA 22920","josh","","","https://www.google.com/maps/dir/?api=1&destination=215%20Afton%20Depot%20Lane%2C%20Afton%2C%20VA%2022920","Biking; Educational; Hiking; Parking; Scenic Views","true","https://www.google.com/maps/dir/?api=1&destination=215%20Afton%20Depot%20Lane%2C%20Afton%2C%20VA%2022920","Area Information","Nestled within the picturesque landscapes that bridge Afton and the Rockfish Valley, the Blue Ridge Tunnel stands as a testament to historical engineering and natural beauty. This 2.25-mile hike takes adventurers along a crushed-gravel path, through the heart of a restored 1850s Blue Ridge Railroad tunnel, and between its dramatic stone portals, crafting an atmosphere that's both awe-inspiring and serene.

The genius behind this architectural marvel was French immigrant Claudius Crozet (1789–1864), whose life and career were as remarkable as the tunnel itself. Crozet, a distinguished graduate from the prestigious École Polytechnique in Paris, had an illustrious career that saw him serving as an artillery officer during Napoleon’s harrowing invasion of Russia. His expertise and experiences didn't just end on the battlefield. Crozet went on to educate future engineers as a professor of engineering, imparting his vast knowledge and shaping the minds that would continue to build America.

But it's perhaps his role as the chief engineer of the Blue Ridge Tunnel that stands out amongst his numerous achievements. Under his guidance, the tunnel was carved through the mountains, a feat that not only showcased his unparalleled skills and vision but also his ability to overcome the formidable challenges posed by such a rugged landscape.

Today, the Blue Ridge Tunnel serves as a captivating journey through time, inviting visitors to walk the path that trains once traveled, surrounded by the enduring legacy of Claudius Crozet's work. It's an experience that combines the thrill of exploration with a deep appreciation for the history and natural beauty of the region, making it a must-visit for anyone seeking adventure and inspiration in the great outdoors.","Trail Rules & Guidelines","Embark on a journey through history and stunning natural beauty as you traverse the 2.25-mile crushed-gravel path of the Blue Ridge Tunnel. Nestled between Afton and the Rockfish Valley, this restored 1850s Blue Ridge Railroad tunnel, engineered by the visionary Claudius C, offers a unique blend of engineering marvel and scenic splendor. The dramatic stone portals that mark the entrance and exit of the tunnel stand as a testament to the ingenuity and craftsmanship of a bygone era.

As you prepare to step back in time and immerse yourself in the serene landscapes of Virginia, we invite you to familiarize yourself with a few simple guidelines designed to ensure your visit is both relaxing and enjoyable. Our aim is to preserve the pristine condition of this historic site while providing a safe and welcoming environment for all who come to explore its wonders.

While enjoying the breathtaking views and the whisper of history that echoes through the tunnel, we kindly ask that you observe all rules and regulations during your time with us. These guidelines are in place not only to protect this cherished landmark but also to enhance your experience, ensuring that every moment spent in the Blue Ridge Tunnel is as memorable and trouble-free as possible.

Join us in honoring the past, delighting in the present, and preserving the future of the Blue Ridge Tunnel. Your journey through this remarkable passage is more than a walk—it's a step into history, an encounter with nature, and an adventure to be treasured.","Trail Information","Embark on a journey through time as you stroll along the Blue Ridge Tunnel trail. This restored pathway, dating back to the 1850s, offers a unique blend of history and natural beauty. The trail, which measures a total of 2.25 miles one way, is laid with crushed gravel and features dramatic stone portals that serve as gateways between Afton and the Rockfish Valley. Engineered by the renowned Claudius C, the Blue Ridge Tunnel stands as a testament to the ingenuity of past eras.

As you navigate this historic route, expect to encounter some steep inclines that add a mild challenge to the experience. However, these are more than manageable and contribute to the trail's allure, offering a satisfying sense of accomplishment once conquered. Walking at a comfortable pace, a round trip to the western portal and back will take you roughly 1 hour, allowing ample time to soak in the serene surroundings and ponder the history that permeates this remarkable tunnel.

Whether you're a history buff, a nature enthusiast, or simply seeking a peaceful escape, the Blue Ridge Tunnel trail promises an enriching outdoor adventure. Its blend of historical significance and natural beauty creates an unforgettable experience, inviting visitors to step back in time while immersing themselves in the breathtaking landscapes of Virginia.","Trail Features & Amenities","Embark on a journey through time and nature as you traverse the Blue Ridge Tunnel trail, a marvel of 1850s engineering nestled between Afton and the Rockfish Valley. The trail offers a unique 2.25-mile trek on a crushed-gravel path, making it an accessible and leisurely walk for most. This path is not just a route but a passage through history, originally crafted under the guidance of Claudius Crozet, a mastermind of his era.

What makes this trail particularly inviting is its suitability for a wide array of visitors, including those in wheelchairs. Thanks to the thoughtful restoration of the trail, the east side boasts a gentle grade, with minimal changes in elevation, ensuring that everyone can enjoy the stunning vistas and the architectural grandeur of the dramatic stone portals that mark the entrance and exit of the Blue Ridge Railroad tunnel.

As you meander along this path, enveloped by the lush landscape that frames the trail, the crushed gravel beneath your feet whispers tales of yesteryear, inviting contemplation about the hands that built this tunnel and the passage of time. The Blue Ridge Tunnel is not just a trail; it's an experience, a bridge connecting the past and present, inviting adventurers, historians, and nature lovers alike to witness the enduring beauty of the Virginia landscape and the ingenuity of its people."
"60","Brimstone Trail","brimstone-trail","Hikes & Trails","outdoor","Wintergreen Resort","Steep 0.8-mile red-blazed climb skirting rocky cliffs with sweeping Three Ridges views, laurel thickets, and fern-covered 'rock gardens.' Brimstone Trail tackles 0.8 miles of rocky cliffs beneath Wintergreen's Plunge, mixing steep ups and downs, laurel thickets, and sweeping views toward Three Ridges—best tackled with care during icy months.","","https://ik.imagekit.io/OE/nelson-county/listings/brimstone-trail-image1_opRNVPbgI","Rocky trail with hiker in distance, green leaves in foreground.","","https://ik.imagekit.io/OE/nelson-county/listings/brimstone-trail-image2_zX3Kal7WOD","Wooden sign with red and yellow text, directions to trails, gravel road background.","","","","","","(434) 263-7015","8519 Thomas Nelson Hwy, Lovingston, VA 22949","josh","","","https://www.google.com/maps/dir/?api=1&destination=8519%20Thomas%20Nelson%20Hwy%2C%20Lovingston%2C%20VA%2022949","Scenic Views; Biking; Hiking; Fishing","false","https://www.google.com/maps/dir/?api=1&destination=8519%20Thomas%20Nelson%20Hwy%2C%20Lovingston%2C%20VA%2022949","","","","","","","",""
"61","Cedar Ciffs North Trail","cedar-ciffs-north-trail","Hikes & Trails","outdoor","Wintergreen Resort","Cool, damp 0.7-mile north-facing spur paralleling Cedar Cliffs with mossy boulders, ferny slopes, and connections to the primary overlook trail. Cool, damp 0.7-mile north-facing spur paralleling Cedar Cliffs with mossy boulders, ferny slopes, and connections to the primary overlook trail.","","https://ik.imagekit.io/OE/nelson-county/listings/cedar-ciffs-north-trail-image1_43xSez7xo","Wooden trail sign with colored text and arrow, rocky background, and greenery.","","","","","","","","","(434) 263-7015","8519 Thomas Nelson Hwy, Lovingston, VA 22949","josh","","","https://www.google.com/maps/dir/?api=1&destination=8519%20Thomas%20Nelson%20Hwy%2C%20Lovingston%2C%20VA%2022949","Scenic Views; Seasonal Menu; Biking; Hiking","false","https://www.google.com/maps/dir/?api=1&destination=8519%20Thomas%20Nelson%20Hwy%2C%20Lovingston%2C%20VA%2022949","","","","","","","",""
"119","Afton Mountain Vineyards","afton-mountain-vineyards","Vineyards & Wineries","taste","Afton","One of Virginia's pioneer farm wineries with vines dating to 1978, crafting estate-grown vinifera on the sunrise side of Afton Mountain. Afton Mountain Vineyards, one of Virginia's earliest farm wineries, grows 11 grape varieties on 26 acres at 1,000 feet, producing estate wines cooled by ridge breezes and poured in a sunrise-side tasting room.","","https://ik.imagekit.io/OE/nelson-county/listings/afton-mountain-vineyards-image1_N7bTUqyJGf","Rows of vines in vineyard with mountains and buildings in background.","","","","","","","","https://www.aftonmountainvineyards.com/","(540) 456-8667","234 Vineyard Lane, Afton, VA 22920","josh","","","https://www.google.com/maps/dir/?api=1&destination=234%20Vineyard%20Lane%2C%20Afton%2C%20VA%2022920","Farm; Meeting Planners; Outdoor Seating; Scenic Views; Tastings; Wine","false","https://www.google.com/maps/dir/?api=1&destination=234%20Vineyard%20Lane%2C%20Afton%2C%20VA%2022920","","","","","","","",""
"120","Brent Manor Vineyards","brent-manor-vineyards","Vineyards & Wineries","taste","Faber","Boutique hillside winery south of Charlottesville blending Virginia-grown wines with rotating Portuguese selections in an intimate tasting room. Boutique hillside winery south of Charlottesville blending Virginia-grown wines with rotating Portuguese selections in an intimate tasting room.","","https://ik.imagekit.io/OE/nelson-county/listings/brent-manor-vineyards-image1_el5haOFHc","Modern house with stone columns, metal roof, and cloudy sky background.","","","","","","","","https://www.brentmanorvineyards.com/","(434) 826-0722","100 Brent Manor Lane, Faber, VA 22938","josh","","","https://www.google.com/maps/dir/?api=1&destination=100%20Brent%20Manor%20Lane%2C%20Faber%2C%20VA%2022938","Wine; Tastings; Retail; Events; Farm","false","https://www.google.com/maps/dir/?api=1&destination=100%20Brent%20Manor%20Lane%2C%20Faber%2C%20VA%2022938","","","","","","","",""
"121","Caihailian Vineyard","caihailian-vineyard","Vineyards & Wineries","taste","Roseland","Family-run micro-vineyard along the road to Wintergreen producing Monticello AVA wines from 2.5 hillside acres. Family-run micro-vineyard along the road to Wintergreen producing Monticello AVA wines from 2.5 hillside acres.","","https://ik.imagekit.io/OE/nelson-county/listings/caihailian-vineyard-image1_-u3-ITjD2","Vineyard with green vines, trees, mountains under blue sky with clouds.","","","","","","","","","","872 Beech Grove, Roseland, VA 22967","josh","","","https://www.google.com/maps/dir/?api=1&destination=872%20Beech%20Grove%2C%20Roseland%2C%20VA%2022967","Wine; Retail; Family Friendly; Farm; Tastings","false","https://www.google.com/maps/dir/?api=1&destination=872%20Beech%20Grove%2C%20Roseland%2C%20VA%2022967","","","","","","","",""
"122","Cardinal Point Winery","cardinal-point-winery","Vineyards & Wineries","taste","Afton","Welcoming tasting room offers tours, Blue Ridge views, and seasonal events alongside expressive wines. Family-owned winery in the foothills of Afton Mountain inspired by the founders' time in Germany.","","https://ik.imagekit.io/OE/nelson-county/listings/cardinal-point-winery-image1_kGIpRRfXg","Wine bottles and glass on barrel table, plant and book beside.","","","","","","","","https://www.cardinalpointwinery.com/","(540) 456-8400","9423 Batesville Rd, Afton, VA 22920","josh","","","https://www.google.com/maps/dir/?api=1&destination=9423%20Batesville%20Rd%2C%20Afton%2C%20VA%2022920","Family Friendly; Farm; Live Music; Meeting Planners; Scenic Views; Tastings; Wine","false","https://www.google.com/maps/dir/?api=1&destination=9423%20Batesville%20Rd%2C%20Afton%2C%20VA%2022920","","","","","","","",""
"123","Flying Fox Vineyards","flying-fox-vineyards","Vineyards & Wineries","taste","Afton","Small-lot producer known for inventive wines and the Sly Fox vermouth line, letting each varietal speak for itself. Small-lot producer known for inventive wines and the Sly Fox vermouth line, letting each varietal speak for itself.","","https://ik.imagekit.io/OE/nelson-county/listings/flying-fox-vineyards-image1_QyaP87PFD","Winery building facade with large mural and outdoor seating at night.","","","","","","","","https://www.flyingfoxvineyard.com/","(434) 361-1692","10368 Critzer Shop Rd, Afton, VA 22920","josh","","","https://www.google.com/maps/dir/?api=1&destination=10368%20Critzer%20Shop%20Rd%2C%20Afton%2C%20VA%2022920","Tastings; Seasonal Menu; Outdoor Seating; Wine; Farm","false","https://www.google.com/maps/dir/?api=1&destination=10368%20Critzer%20Shop%20Rd%2C%20Afton%2C%20VA%2022920","","","","","","","",""
"124","Hill Top Winery & Meadery","hill-top-winery-meadery","Vineyards & Wineries","taste","Nellysford","Hill Top Winery & Meadery has specialized in non-grape wines since 1998, crafting fruit-forward bottles and traditional honey meads that echo ancient fermentation styles from cultures worldwide. Hill Top Winery & Meadery has specialized in non-grape wines since 1998, crafting fruit-forward bottles and traditional honey meads that echo ancient fermentation styles from cultures worldwide.","","https://ik.imagekit.io/OE/nelson-county/listings/hill-top-winery-meadery-image1_ne-tv5TEE","Wine bottle, strawberries, and wine glasses arranged on a wooden board with cheese knives.","","","","","","","","","(434) 361-1266","2800 Berry Hill Road, Nellysford, VA 22958","josh","","","https://www.google.com/maps/dir/?api=1&destination=2800%20Berry%20Hill%20Road%2C%20Nellysford%2C%20VA%2022958","Desserts; Farm; Local Ingredients; Scenic Views; Tastings; Wine","false","https://www.google.com/maps/dir/?api=1&destination=2800%20Berry%20Hill%20Road%2C%20Nellysford%2C%20VA%2022958","","","","","","","",""
"125","Lovingston Winery","lovingston-winery","Vineyards & Wineries","taste","Lovingston","Gravity-flow, small-batch estate winery on Josie's Knoll focusing on Bordeaux and South African varietals. Gravity-flow, small-batch estate winery on Josie's Knoll focusing on Bordeaux and South African varietals.","","https://ik.imagekit.io/OE/nelson-county/listings/lovingston-winery-image1_fP7hZ7487","Two wine bottles on wooden table with red flowers in background.","","","","","","","","https://www.lovingstonwinery.com/","(434) 263-8467","885 Freshwater Cove, Lovingston, VA 22949","josh","","","https://www.google.com/maps/dir/?api=1&destination=885%20Freshwater%20Cove%2C%20Lovingston%2C%20VA%2022949","Scenic Views; Wine; Farm; Tastings","false","https://www.google.com/maps/dir/?api=1&destination=885%20Freshwater%20Cove%2C%20Lovingston%2C%20VA%2022949","History","One claim to fame is that that town jail was designed by Thomas Jefferson. Lovingston’s most historic African-American landmark is Bright Hope Baptist Church, which was built in 1870 for the freedmen and women living in Nelson.","Contact & Location","Bright Hope Baptist Church, a historic African-American landmark in Lovingston that overlooks the village. The church was built along with a school in 1870 to serve the freed men and women of Nelson. The kept area has over 100 marked graves.","Amenities & Services","Than a meal, head to Wood Ridge Farm Brewery, where a food truck is usually available. It’s a family-friendly place with plenty of outdoor activities. Want to know something interesting.","",""
"126","Mountain and Vine Winery","mountain-and-vine-winery","Vineyards & Wineries","taste","Faber","Mountain and Vine Vineyards & Winery is located in the Monticello AVA wine region. The location is exquisite, hugged between the hills, but with the elevation to guarantee not only flavorful wine but also breathtaking views.","","https://ik.imagekit.io/OE/nelson-county/listings/mountain-and-vine-winery-image1_YUi_3GXtY","Lush green landscape with hills, house, pond, and cloudy sky backdrop.","","","","","","","","https://www.mountainandvine.com/","(434) 263-6100","500 DelFosse Winery Lane, Faber, VA 22938","josh","","","https://www.google.com/maps/dir/?api=1&destination=500%20DelFosse%20Winery%20Lane%2C%20Faber%2C%20VA%2022938","Family Friendly; Farm; Meeting Planners; Tastings; Wine","false","https://www.google.com/maps/dir/?api=1&destination=500%20DelFosse%20Winery%20Lane%2C%20Faber%2C%20VA%2022938","","","","","","","",""
"127","Mountain Cove Vineyards & Winery","mountain-cove-vineyards-winery","Vineyards & Wineries","taste","Lovingston","Rustic tasting areas and picnic grounds invite relaxed afternoons in the Blue Ridge foothills. Rustic tasting areas and picnic grounds invite relaxed afternoons in the Blue Ridge foothills.","","https://ik.imagekit.io/OE/nelson-county/listings/mountain-cove-vineyards-winery-image1_nMIHMYkXF","Wooden cabin with red roof, green vines, and empty chairs outside.","","","","","","","","https://www.facebook.com/MountainCoveVineyards/","(434) 263-5392","1365 North Amherst Hwy, Lovingston, VA 22949","josh","","","https://www.google.com/maps/dir/?api=1&destination=1365%20North%20Amherst%20Hwy%2C%20Lovingston%2C%20VA%2022949","Family Friendly; Farm; Local Ingredients; Meeting Planners; Picnic Area; Scenic Views; Tastings; Wine","false","https://www.google.com/maps/dir/?api=1&destination=1365%20North%20Amherst%20Hwy%2C%20Lovingston%2C%20VA%2022949","History","Tucked away in the serene Blue Ridge foothills, Mountain Cove Vineyards & Winery offers a unique blend of history and rustic charm. The area is steeped in historical significance, boasting a connection to one of America's founding fathers. The local town jail, a remarkable piece of architecture, was designed by none other than Thomas Jefferson, adding a touch of historical prestige to the surroundings. Further enriching the area's historical tapestry is the Bright Hope Baptist Church. Constructed in 1870, this landmark stands as a poignant reminder of the freedmen and women who once lived in Nelson, making it Lovingston’s most historic African-American landmark. These elements combine to create a backdrop that not only invites relaxed afternoons of wine tasting and picnicking but also offers visitors a glimpse into the rich history that shapes the region.","Contact & Location","Nestled in the picturesque Blue Ridge foothills, Mountain Cove Vineyards & Winery offers a haven of rustic tasting areas and picnic grounds, perfect for leisurely afternoons soaking in the serene ambiance. This charming vineyard, set against a backdrop of lush landscapes, is not just about the exquisite wines but also about embracing the rich history and culture of the area.

A stone's throw from the winery, the historic Bright Hope Baptist Church stands as a testament to the enduring spirit of the African-American community in Lovingston. Overlooking the quaint village, this landmark, established in 1870 alongside a school, served as a beacon of hope and education for the freed men and women of Nelson County. Today, the well-maintained site harbors over 100 marked graves, each telling a story of the past generations who shaped the community.

Visitors to Mountain Cove Vineyards & Winery are invited not only to indulge in the flavors of the locally produced wines but also to explore the surrounding area, rich in history and natural beauty. The vineyard serves as a perfect starting point for an afternoon of discovery and relaxation in the heart of Virginia's wine country.","Amenities & Services","Nestled in the heart of the Blue Ridge foothills, Mountain Cove Vineyards & Winery offers a unique blend of rustic charm and serene landscapes. The vineyard provides an idyllic setting for those looking to spend a leisurely afternoon savoring the beauty of the region. With its rustic tasting areas and picturesque picnic grounds, visitors are invited to relax and immerse themselves in the tranquil ambiance of the countryside.

For those whose idea of a perfect outing includes not just exquisite wines but also delightful meals, the nearby Wood Ridge Farm Brewery presents an appealing option. This family-friendly venue is known for its welcoming atmosphere and an array of outdoor activities, making it an excellent choice for visitors of all ages. The presence of a food truck, typically stationed on the premises, ensures that guests can enjoy a variety of tasty offerings to complement their brewery experience.

Mountain Cove Vineyards & Winery, together with Wood Ridge Farm Brewery, creates an inviting enclave for those seeking to escape the hustle and bustle of daily life. Whether you're a connoisseur of fine wines or simply in search of a peaceful spot to unwind with loved ones, this destination promises a memorable experience amidst the captivating beauty of the Blue Ridge foothills.","",""
"128","Valley Road Vineyards","valley-road-vineyards","Vineyards & Wineries","taste","Afton","Route 151 gateway winery founded by friends in 2015, featuring lawn seating, an events pavilion, and Rockfish Valley views. Founded in 2015, Valley Road Vineyards was conceived by a group of friends who brought talents from successful careers in law, advertising, insurance, real estate development, and writing, among others.","","https://ik.imagekit.io/OE/nelson-county/listings/valley-road-vineyards-image1_zzVQeEY7N","Green hills with scattered houses and red barns under a clear sky.","","","","","","","","https://www.valleyroadwines.com/","(540) 456-6350","9264 Critzers Shop Road, Afton, VA 22920","josh","","","https://www.google.com/maps/dir/?api=1&destination=9264%20Critzers%20Shop%20Road%2C%20Afton%2C%20VA%2022920","Farm; Fishing; Tastings; Wine","true","https://www.google.com/maps/dir/?api=1&destination=9264%20Critzers%20Shop%20Road%2C%20Afton%2C%20VA%2022920","","","","","","","",""
"129","Veritas Vineyards & Winery","veritas-vineyards-winery","Vineyards & Wineries","taste","Afton","Our philosophy is to make wine with the classic, old-world principles of viticulture and vinification, at the same time using state of the art technology to capture varietal and regional character. Our name derives from the Roman historian Pliny the Elder's observation 'In Vino Veritas' – 'In Wine there is Truth.' We believe that the truth in our wine comes straight from our vineyard as an expression of the land where we live and work.","","https://ik.imagekit.io/OE/nelson-county/listings/veritas-vineyards-winery-image1_nHivj3-nt","Lush vineyards with white houses, mountains in background, under a clear blue sky.","","","","","","","","https://veritaswines.com/","(540) 456-8000","151 Veritas Lane, Afton, VA 22920","josh","","","https://www.google.com/maps/dir/?api=1&destination=151%20Veritas%20Lane%2C%20Afton%2C%20VA%2022920","Farm; Meeting Planners; Outdoor Seating; Scenic Views; Tastings; Wine","false","https://www.google.com/maps/dir/?api=1&destination=151%20Veritas%20Lane%2C%20Afton%2C%20VA%2022920","","","","","","","",""
"62","Chestnut Springs Trail","chestnut-springs-trail","Hikes & Trails","outdoor","Wintergreen Resort","1.1-mile yellow-red loop leaving Shamokin Gorge to traverse oak-hickory ridges, spring wildflowers, and stream crossings near Wintergreen. 1.1-mile yellow-red loop leaving Shamokin Gorge to traverse oak-hickory ridges, spring wildflowers, and stream crossings near Wintergreen.","","https://ik.imagekit.io/OE/nelson-county/listings/chestnut-springs-trail-image1_QehjN4ktm","Wooden trail sign with engraved text surrounded by lush green foliage.","","","","","","","","","(434) 263-7015","8519 Thomas Nelson Hwy, Lovingston, VA 22949","josh","","","https://www.google.com/maps/dir/?api=1&destination=8519%20Thomas%20Nelson%20Hwy%2C%20Lovingston%2C%20VA%2022949","Hiking; Biking","false","https://www.google.com/maps/dir/?api=1&destination=8519%20Thomas%20Nelson%20Hwy%2C%20Lovingston%2C%20VA%2022949","","","","","","","",""
"63","Crabtree Falls","crabtree-falls","Hikes & Trails","outdoor","Montebello","Crabtree Falls features five major cascades dropping 1,200 feet—the highest vertical-drop waterfall east of the Mississippi—with paved lower overlook and a 3-mile trail to upper vistas. Crabtree Falls cascades 1,200 vertical feet across five major drops, with an accessible first overlook near the parking area and a 3-mile trail to additional viewpoints for hikers seeking panoramic Blue Ridge vistas.","","https://ik.imagekit.io/OE/nelson-county/listings/crabtree-falls-image1_IXQ2lOEKu","Waterfall cascading over rocks surrounded by lush green foliage.","","","","","","","","","","11581 Crabtree Falls Highway, Montebello, VA 24464","josh","","","https://www.google.com/maps/dir/?api=1&destination=11581%20Crabtree%20Falls%20Highway%2C%20Montebello%2C%20VA%2024464","Scenic Views; Parking; Biking; Hiking; Water Sports","false","https://www.google.com/maps/dir/?api=1&destination=11581%20Crabtree%20Falls%20Highway%2C%20Montebello%2C%20VA%2024464","Trail Information","Nestled in the heart of nature's grandeur, Crabtree Falls presents a breathtaking spectacle that captures the essence of wild beauty. This magnificent waterfall, with its five major cascades tumbling down a staggering 1,200 feet, boasts the highest vertical-drop east of the Mississippi. The journey to witness this marvel is made accessible by a well-paved lower overlook and a captivating 3-mile trail that leads adventurers to the sublime upper vistas.

Embarking on this round-trip hike is not just a walk but an immersive experience that invites you to indulge in the serene whispers of nature. For those who find themselves enchanted by the tranquil beauty of Crabtree Falls and wish to linger a while longer under its spell, the area offers a variety of overnight accommodations. Whether you're drawn to the rustic charm of nearby cabins, the novelty of glamping, or the simplicity of camping, there's a perfect spot to settle down for the night, allowing you to wake up to the wilderness's soft, harmonious symphony.

Crabtree Falls is not merely a destination but a journey into the heart of nature's untamed elegance. Each step on the trail promises a deeper connection with the natural world, ensuring that every visitor leaves with a sense of awe and a longing to return.","Area Information","Nestled in the heart of Nelson County, Crabtree Falls presents a natural spectacle that captures the essence of unspoiled wilderness. As the highest vertical-drop waterfall east of the Mississippi, it boasts five major cascades that tumble gracefully down 1,200 feet. The site is perfectly equipped for visitors of all preferences, featuring a paved lower overlook for those seeking a leisurely experience and a more adventurous 3-mile trail leading to breathtaking upper vistas for the more intrepid explorers.

The magic of Crabtree Falls is perhaps most vivid in the spring. This season wraps the landscape in a blanket of misty skies, punctuated by the bright buds of emerging flowers. It's a time when the forest awakens, yet the leaves have not fully returned to the trees, allowing the mesmerizing sound of the falls to dominate the atmosphere, echoing through the trees with an almost ethereal quality. Regular visitors often argue that spring is the quintessential time to visit, as the combination of mild weather, fewer leaves, and the full flow of the falls creates a sensory experience that is both unique and profound.

At Crabtree Falls, every visit promises an encounter with the raw beauty of nature. Whether you're drawn by the allure of the cascades themselves or the surrounding trails that offer their own scenic rewards, this landmark is a testament to the enduring allure of the natural world.","Location & Directions","Nestled within the majestic landscape of Nelson, it's no surprise that many who venture here find themselves unable to leave. The enchanting allure of the area captures the hearts of travelers, compelling them to extend their stay. Fortunately, the vicinity offers a variety of overnight options to cater to the whims of every adventurer. Whether you're inclined towards the rustic charm of cabin living, the novel luxury of glamping, or the timeless appeal of camping under the stars, Nelson has the perfect spot for you to rest and recharge. This ensures that you're well-rested and ready to tackle the breathtaking wonders of Crabtree Falls the following day.","Additional Trail Information","Crabtree Falls, nestled in the heart of Nelson County, stands as a stunning testament to the natural beauty that Virginia's Blue Ridge Mountains have to offer. This remarkable trail boasts five major cascades that together create a breathtaking 1,200-foot vertical drop, making it the highest vertical-drop waterfall to be found east of the Mississippi. The journey begins at a paved lower overlook, offering an easily accessible view of the falls for those who prefer a less strenuous experience. However, for the more adventurous souls, a 3-mile trail winds its way to the upper vistas, presenting an opportunity to fully immerse oneself in the natural splendor of the area.

Visiting Crabtree Falls during the fall season transforms the experience into something truly magical. As the season changes, Nelson County becomes a vibrant tapestry of brilliant colors. The Blue Ridge Mountains, known for their majestic beauty, come alive with fiery reds, warm oranges, and golden yellows, making it a favorite time of year for both locals and travelers alike. Photographers, in particular, find the fall colors irresistible, often capturing the spectacular scenery to immortalize the moment. The peaceful ambiance of the county, combined with the cozy amenities offered by small business owners, makes a trip to Crabtree Falls during this season an unforgettable experience.

Whether you're drawn by the allure of the highest cascades east of the Mississippi, the breathtaking views from the upper vistas, or the enchanting beauty of fall in Nelson County, Crabtree Falls promises an outdoor adventure that is both engaging and rejuvenating."
"64","Devils Knob Trail","devils-knob-trail","Hikes & Trails","outdoor","Wintergreen Resort","0.6-mile stroll from the Blue Ridge Overlook across catoctin greenstone ledges with rock 'gardens,' birding, and views toward Pond Hollow. 0.6-mile stroll from the Blue Ridge Overlook across catoctin greenstone ledges with rock 'gardens,' birding, and views toward Pond Hollow.","","https://ik.imagekit.io/OE/nelson-county/listings/devils-knob-trail-image1_9-WjX9SyQ","Rocky forest trail with scattered sunlight filtering through green foliage.","","","","","","","","","(434) 263-7015","8519 Thomas Nelson Hwy, Lovingston, VA 22949","josh","","","https://www.google.com/maps/dir/?api=1&destination=8519%20Thomas%20Nelson%20Hwy%2C%20Lovingston%2C%20VA%2022949","Scenic Views; Biking; Hiking","false","https://www.google.com/maps/dir/?api=1&destination=8519%20Thomas%20Nelson%20Hwy%2C%20Lovingston%2C%20VA%2022949","","","","","","","",""
"65","Fortune's Cove Nature Preserve","fortunes-cove-nature-preserve","Hikes & Trails","outdoor","Lovingston","Fortune's Cove Nature Preserve challenges hikers with a 5.3-mile loop that gains 1,500 feet before rewarding them with rocky glade vistas, rare plant communities, and a shorter lower loop option for quicker outings. Strenuous 5.3-mile loop managed by The Nature Conservancy climbing 1,500 feet through rocky glades and intact forest to panoramic cove overlooks.","","https://ik.imagekit.io/OE/nelson-county/listings/fortune-s-cove-nature-preserve-image1__i7ZniCv5","Trail sign on curved tree, surrounded by dense green forest.","","","","","","","","","(434) 977-4837","1920 Fortune's Cove Lane, Lovingston, VA 22949","josh","","","https://www.google.com/maps/dir/?api=1&destination=1920%20Fortune%E2%80%99s%20Cove%20Lane%2C%20Lovingston%2C%20VA%2022949","Hiking; Biking","false","https://www.google.com/maps/dir/?api=1&destination=1920%20Fortune%E2%80%99s%20Cove%20Lane%2C%20Lovingston%2C%20VA%2022949","History","Nestled in the heart of Virginia, the origins of Lovingstown can be traced back to the dawn of the 19th century. This charming historic village began its journey in 1809, marked by a significant land grant aimed at establishing a county seat for the newly formed Nelson County. It was in this year that James Loving took the helm, embarking on the construction of what would become a picturesque and vibrant community. The initial development saw 49 lots being meticulously parceled out in nearly equal measure, a strategic move that laid the foundation for the village's growth. These lots were then sold, setting the stage for the rich history and culture that would continue to flourish in Lovingstown, making it a cornerstone of Nelson County's heritage.","Contact & Location","Nestled in the heart of Lovingston, the Fortune's Cove Nature Preserve offers an enchanting experience for those who seek the tranquility of nature and the thrill of exploration. This preserve challenges adventurers with a 5.3-mile loop, ascending 1,500 feet, to unveil breathtaking rocky glade vistas, homes to rare plant communities. For those desiring a less strenuous journey, a shorter lower loop option presents an equally rewarding experience.

As you embark on this journey, the historic Bright Hope Baptist Church stands as a sentinel over the village, a testament to the rich cultural heritage of the area. Constructed in 1870, this landmark not only served as a spiritual haven but also as an educational hub for the freed men and women of Nelson. The surrounding area, meticulously maintained, is a poignant memorial with over 100 marked graves, offering a serene space for reflection amidst the natural beauty of the preserve.

The Fortune's Cove Nature Preserve is not just a hike; it's a journey through time, nature, and the resilience of the human spirit. Whether you're a seasoned hiker or a casual nature lover, the preserve’s trails promise an unforgettable adventure through some of Virginia's most captivating landscapes.","Trail Features & Amenities","Nestled within the heart of nature's splendor, Fortune's Cove Nature Preserve offers an exhilarating hiking experience that both challenges and delights. The preserve is renowned for its 5.3-mile loop, a trail that demands resilience as it ascends 1,500 feet. This journey through nature is not just a test of stamina but also a rewarding expedition, unveiling rocky glade vistas that captivate the eye, rare plant communities that intrigue the mind, and the serene beauty that soothes the soul. For those seeking a less demanding adventure, the preserve thoughtfully offers a shorter lower loop, ensuring that everyone, regardless of their hiking prowess, can partake in the beauty of Fortune's Cove.

But the experience doesn't end at the trail's edge. Just a short journey away is the Wood Ridge Farm Brewery, a haven for weary hikers looking to replenish their spirits. This family-friendly locale is more than just a brewery; it is a gathering place for those who appreciate the finer things in life. With a food truck usually on-site, visitors can indulge in a meal that satisfies the appetite worked up from the day's escapades. The brewery is not just about the food and drink but also about the experience – offering a plethora of outdoor activities that extend the day's enjoyment.

Fortune's Cove Nature Preserve and its nearby amenities offer an immersive experience that combines the rugged beauty of the outdoors with the comforting pleasures of food and family activities. It's a destination that calls to the adventurer in all of us, promising a day filled with challenge, discovery, and relaxation.","",""
"66","Fortune's Ridge Trail","fortunes-ridge-trail","Hikes & Trails","outdoor","Wintergreen Resort","1.1-mile red-blazed path following Fortunes Ridge stream with cascades, laurel blooms, and access points from Fortunes Ridge and Wintergreen Drive. 1.1-mile red-blazed path following Fortunes Ridge stream with cascades, laurel blooms, and access points from Fortunes Ridge and Wintergreen Drive.","","https://ik.imagekit.io/OE/nelson-county/listings/fortune-s-ridge-trail-image1_INFnASltm","Wooden trail sign reads 'Laurel Ridge Loop 3 Mile' in forest.","","","","","","","","","(434) 263-7015","8519 Thomas Nelson Hwy, Lovingston, VA 22949","josh","","","https://www.google.com/maps/dir/?api=1&destination=8519%20Thomas%20Nelson%20Hwy%2C%20Lovingston%2C%20VA%2022949","Scenic Views; Biking; Hiking; Water Sports","false","https://www.google.com/maps/dir/?api=1&destination=8519%20Thomas%20Nelson%20Hwy%2C%20Lovingston%2C%20VA%2022949","","","","","","","",""
"67","Hemlock Springs Loop","hemlock-springs-loop","Hikes & Trails","outdoor","Wintergreen Resort","Hemlock Springs Loop is a 0.8-mile route known for pink and yellow lady's slippers and an old-growth hemlock stand impacted by woolly adelgid—offering a sensitive habitat best navigated with care. 0.8-mile yellow-red loop highlighting pink and yellow lady's-slipper habitat, old-growth hemlock remnants, and moderate climbs near Wintergreen.","","https://ik.imagekit.io/OE/nelson-county/listings/hemlock-springs-loop-image1_hX7dh-gSI","Person standing on large rock surrounded by green grass.","","","","","","","","","(434) 263-7015","8519 Thomas Nelson Hwy, Lovingston, VA 22949","josh","","","https://www.google.com/maps/dir/?api=1&destination=8519%20Thomas%20Nelson%20Hwy%2C%20Lovingston%2C%20VA%2022949","Hiking; Biking","false","https://www.google.com/maps/dir/?api=1&destination=8519%20Thomas%20Nelson%20Hwy%2C%20Lovingston%2C%20VA%2022949","","","","","","","",""
"68","Highlands Leisure Trail","highlands-leisure-trail","Hikes & Trails","outdoor","Wintergreen Resort","Highlands Leisure Trail connects Wintergreen's Blackrock Village to the Wintergarden via a 0.5-mile yellow-blazed path that dips through older-growth forest and includes an overlook of the Highlands ski slopes. Half-mile connector between Blackrock Village and the Wintergarden with short climbs, older-growth forest, and an overlook of Highlands ski slopes.","","https://ik.imagekit.io/OE/nelson-county/listings/highlands-leisure-trail-image1_14-OGVdVb","Wooded trail with steps surrounded by lush green foliage and sunlight.","","","","","","","","","(434) 263-7015","8519 Thomas Nelson Hwy, Lovingston, VA 22949","josh","","","https://www.google.com/maps/dir/?api=1&destination=8519%20Thomas%20Nelson%20Hwy%2C%20Lovingston%2C%20VA%2022949","Scenic Views; Resort; Biking; Hiking","false","https://www.google.com/maps/dir/?api=1&destination=8519%20Thomas%20Nelson%20Hwy%2C%20Lovingston%2C%20VA%2022949","","","","","","","",""
"69","Humpback Rocks","humpback-rocks","Hikes & Trails","outdoor","Lyndhurst","Humpback Rocks rewards a short but steep 2-mile loop climb with 360-degree Blue Ridge panoramas; start from the visitor center near Parkway milepost 5.8 and plan on about 45 minutes up, 20 down. Popular 2-mile loop to the Humpback Rocks summit, ascending 740 feet for 360° Blue Ridge views near Parkway milepost 5.8.","","https://ik.imagekit.io/OE/nelson-county/listings/humpback-rocks-image1_f_nN7bZ7z","Sunrise over misty valley with rocky foreground and scattered clouds.","","","","","","","","","(540) 943-4716","Humpback Gap Parking Area, Milepost 5.8 Blue Ridge Parkway, Lyndhurst, VA 22952","josh","","","https://www.google.com/maps/dir/?api=1&destination=Humpback%20Gap%20Parking%20Area%2C%20Milepost%205.8%20Blue%20Ridge%20Parkway%2C%20Lyndhurst%2C%20VA%2022952","Scenic Views; Biking; Hiking","false","https://www.google.com/maps/dir/?api=1&destination=Humpback%20Gap%20Parking%20Area%2C%20Milepost%205.8%20Blue%20Ridge%20Parkway%2C%20Lyndhurst%2C%20VA%2022952","","","","","","","",""
"70","James River State Park","james-river-state-park","Hikes & Trails","outdoor","Gladstone","State park along the James River with 15+ miles of multiuse trails, riverfront overlooks, boat launches, cabins, and full-service canoe livery. State park along the James River with 15+ miles of multiuse trails, riverfront overlooks, boat launches, cabins, and full-service canoe livery.","","https://ik.imagekit.io/OE/nelson-county/listings/james-river-state-park-image1_IdOJ0UXYE","Stone entrance sign reading 'James River Wildlife Management Area' among trees.","","","","","","","","","(434) 933-4355","104 Green Hill Drive, Gladstone, VA 24553","josh","","","https://www.google.com/maps/dir/?api=1&destination=104%20Green%20Hill%20Drive%2C%20Gladstone%2C%20VA%2024553","Boating; Cabins; Water Sports; Biking; Hiking","false","https://www.google.com/maps/dir/?api=1&destination=104%20Green%20Hill%20Drive%2C%20Gladstone%2C%20VA%2024553","","","","","","","",""
"71","Kids in Parks: Virginia Blue Ridge Railway Trail","kids-in-parks-virginia-blue-ridge-railway-trail","Hikes & Trails","outdoor","Piney River","Family-friendly TRACK Trail at Piney River Depot with self-guided nature activities, flat rail-trail mileage, and prizes through Kids in Parks.","","https://ik.imagekit.io/OE/nelson-county/listings/kids-in-parks-virginia-blue-ridge-railway-trail-image1_uPNIvt_fZ","Wooden covered bridge over forest path; red bicycle leaning nearby.","","","","","","","","","(434) 263-7130","3124 Patrick Henry Highway, Piney River, VA 22964","josh","","","https://www.google.com/maps/dir/?api=1&destination=3124%20Patrick%20Henry%20Highway%2C%20Piney%20River%2C%20VA%2022964","Hiking; Adventure; Family Friendly; Parking; Biking; Water Sports; Hunting","false","https://www.google.com/maps/dir/?api=1&destination=3124%20Patrick%20Henry%20Highway%2C%20Piney%20River%2C%20VA%2022964","","","","","","","",""
"140","HeartRock Retreat & Homestead","heartrockretreat","Whole House Rentals","stay","Roseland","Fifteen-acre Heart Rock homestead with lodging for up to 15, edible gardens, and retreat spaces minutes from breweries and river access. Located in Nelson County, Virginia, our fifteen acre homestead offers both rustic charm and modern comfort. Nelson County has something for everyone.","","https://ik.imagekit.io/OE/nelson-county/listings/heartrock-retreat-homestead-image1_mAMJ2A-kN","Lush green garden with various plants and trees in a forest setting.","","https://ik.imagekit.io/OE/nelson-county/listings/heartrock-retreat-homestead-image2_-41zacroR","Lush vegetable garden with rows, greenhouses, surrounded by trees under cloudy sky.","","https://ik.imagekit.io/OE/nelson-county/listings/heartrock-retreat-homestead-image3_IUAyZgjGJ","Bee collecting nectar from honey on shiny surface.","","","(434) 263-7015","2808 Glad Road, Schuyler, VA 22969","josh","","","https://www.google.com/maps/dir/?api=1&destination=2808%20Glad%20Road%2C%20Schuyler%2C%20VA%2022969","Outdoor Seating; Beer; Organic; Farm; Local Ingredients; Water Sports","false","https://www.google.com/maps/dir/?api=1&destination=2808%20Glad%20Road%2C%20Schuyler%2C%20VA%2022969","Area Information","Nestled in the heart of Nelson County, Virginia, the HeartRock Retreat & Homestead offers an idyllic escape for those seeking solace and adventure in equal measure. This enchanting fifteen-acre property, designed to accommodate up to 15 guests, is a sanctuary of peace, featuring edible gardens and spaces dedicated to retreats, all just moments away from the vibrant local scene of breweries and the serene river access.

Nelson County itself is a treasure trove of experiences, catering to the wide array of interests that visitors might bring with them. Whether you're looking to immerse yourself in the natural beauty of Virginia, indulge in the local craft beer scene, or simply find a quiet spot by the river to reflect and relax, this county has you covered.

At the HeartRock Retreat & Homestead, the essence of Nelson County is at your fingertips. The property serves not just as a place to stay, but as a gateway to the myriad attractions and natural wonders the area has to offer. From the lush, edible gardens that dot the homestead, inviting guests to connect with the land and taste its bounty, to the cozy, thoughtfully appointed lodging that promises rest and rejuvenation for groups large or small, every aspect of HeartRock is designed with your ultimate comfort and enjoyment in mind.

So, whether you're planning a retreat to reconnect with yourself and nature, looking for the perfect base from which to explore the local breweries and culinary delights, or simply in need of a peaceful getaway surrounded by the beauty of Nelson County, HeartRock Retreat & Homestead awaits to welcome you with open arms. Here, in this special corner of Virginia, you'll discover not just a place to stay, but a destination that stays with you long after you've returned home.","","","","","",""
"72","Laurel Ridge Loop","laurel-ridge-loop","Hikes & Trails","outdoor","Wintergreen Resort","1.6-mile yellow loop sampling mountain laurel, birch, and oak-hickory forest with rocky footing and parking at Wintergreen's Lot F. 1.6-mile yellow loop sampling mountain laurel, birch, and oak-hickory forest with rocky footing and parking at Wintergreen's Lot F.","","https://ik.imagekit.io/OE/nelson-county/listings/laurel-ridge-loop-image1_k_xUZ0XKg","Wooden trail sign with yellow and red text in forest setting.","","","","","","","","","(434) 263-7015","8519 Thomas Nelson Hwy, Lovingston, VA 22949","josh","","","https://www.google.com/maps/dir/?api=1&destination=8519%20Thomas%20Nelson%20Hwy%2C%20Lovingston%2C%20VA%2022949","Hiking; Parking; Biking","false","https://www.google.com/maps/dir/?api=1&destination=8519%20Thomas%20Nelson%20Hwy%2C%20Lovingston%2C%20VA%2022949","","","","","","","",""
"142","Inglewood Fine Meats","inglewood-fine-meats","Restaurants","taste","Arrington","We take pride in the fact that our Beef and Lamb is not only Verified All Natural, but our animals live a quality life in the foothills of the blue ridge mountains. Nestled in Nelson County.","","https://ik.imagekit.io/OE/nelson-county/listings/inglewood-fine-meats-image1_KBCogmzSHU","Raw meat on wooden board with garlic, chili, peppercorns, and rosemary.","","","","","","","","","(434) 365-0028","4638 Variety Mills Road, Arrington, VA 22922","josh","","","https://www.google.com/maps/dir/?api=1&destination=4638%20Variety%20Mills%20Road%2C%20Arrington%2C%20VA%2022922","Farm; Local Ingredients","false","https://www.google.com/maps/dir/?api=1&destination=4638%20Variety%20Mills%20Road%2C%20Arrington%2C%20VA%2022922","","","","","","","",""
"73","Lower Shamokin Falls Trail","lower-shamokin-falls-trail","Hikes & Trails","outdoor","Wintergreen Resort","1.7-mile blue-blazed trek ending at Lower Shamokin Falls, weaving through dense forest after a jeep-road approach from Old Stoney Creek Road. 1.7-mile blue-blazed trek ending at Lower Shamokin Falls, weaving through dense forest after a jeep-road approach from Old Stoney Creek Road.","","https://ik.imagekit.io/OE/nelson-county/listings/lower-shamokin-falls-trail-image1_BIy5ezGql","Trail sign on tree reads 'Lower Shamokin Falls Trail' in lush forest.","","","","","","","","","(434) 263-7015","8519 Thomas Nelson Hwy, Lovingston, VA 22949","josh","","","https://www.google.com/maps/dir/?api=1&destination=8519%20Thomas%20Nelson%20Hwy%2C%20Lovingston%2C%20VA%2022949","Hiking; Biking; Water Sports","false","https://www.google.com/maps/dir/?api=1&destination=8519%20Thomas%20Nelson%20Hwy%2C%20Lovingston%2C%20VA%2022949","","","","","","","",""
"74","Mau-Har Trail","mau-har-trail","Hikes & Trails","outdoor","Tyro","Three-mile Mau-Har connector through the Three Ridges Wilderness linking with the Appalachian Trail past cascades, rock scrambles, and shelters. Three-mile Mau-Har connector through the Three Ridges Wilderness linking with the Appalachian Trail past cascades, rock scrambles, and shelters.","","https://ik.imagekit.io/OE/nelson-county/listings/mau-har-trail-image1_eNNMwbi1U","Small waterfall cascading over rocks surrounded by autumn foliage.","","","","","","","","","(434) 263-7015","Blue Ridge Parkway Milepost 13.7, Roseland, VA 22967","josh","","","https://www.google.com/maps/dir/?api=1&destination=Blue%20Ridge%20Parkway%20Milepost%2013.7%2C%20Roseland%2C%20VA%2022967","Hiking; Biking; Appalachian Trail; Water Sports","false","https://www.google.com/maps/dir/?api=1&destination=Blue%20Ridge%20Parkway%20Milepost%2013.7%2C%20Roseland%2C%20VA%2022967","","","","","","","",""
"75","Montebello Nature Trail","montebello-nature-trail","Hikes & Trails","outdoor","Montebello","Half-mile nature walk beside Montebello's former fish hatchery stream with fern-lined banks, benches, and steady bird activity.","","https://ik.imagekit.io/OE/nelson-county/listings/montebello-nature-trail-image1_Uvj7h3IC1","People walking on a sunny forest trail surrounded by green trees.","","","","","","","","","(540) 377-2650","359 Fish Hatchery Lane, Montebello, VA 24464","josh","","","https://www.google.com/maps/dir/?api=1&destination=359%20Fish%20Hatchery%20Lane%2C%20Montebello%2C%20VA%2024464","Biking; Hiking; Water Sports; Fishing","false","https://www.google.com/maps/dir/?api=1&destination=359%20Fish%20Hatchery%20Lane%2C%20Montebello%2C%20VA%2024464","","","","","","","",""
"76","Nelson County Wilderness Area","nelson-county-wilderness-area","Hikes & Trails","outdoor","Montebello","Protected wilderness spanning The Priest and Three Ridges with rugged Appalachian Trail miles, dramatic elevation changes, and backcountry solitude. Protected wilderness spanning The Priest and Three Ridges with rugged Appalachian Trail miles, dramatic elevation changes, and backcountry solitude.","","https://ik.imagekit.io/OE/nelson-county/listings/nelson-county-wilderness-area-image1_kdVr3IMtp","Hiker with a green backpack walking through a forest.","","","","","","","","","(434) 263-7015","George Washington National Forest, Montebello, VA 24464","josh","","","https://www.google.com/maps/dir/?api=1&destination=George%20Washington%20National%20Forest%2C%20Montebello%2C%20VA%2024464","Hiking; Biking; Appalachian Trail; Water Sports","false","https://www.google.com/maps/dir/?api=1&destination=George%20Washington%20National%20Forest%2C%20Montebello%2C%20VA%2024464","","","","","","","",""
"77","North Fork of the Piney River","north-fork-of-the-piney-river","Hikes & Trails","outdoor","Piney River","Follow Route 666 past Dickie Brothers Orchard and into George Washington National Forest for shady picnics beside the river. Follow Route 666 past Dickie Brothers Orchard and into George Washington National Forest for shady picnics beside the river.","","https://ik.imagekit.io/OE/nelson-county/listings/north-fork-of-the-piney-river-image1_-MuJGSrnG","Water cascading over mossy rocks surrounded by green leaves.","","","","","","","","","(434) 263-7015","Piney River, VA 22964","josh","","","https://www.google.com/maps/dir/?api=1&destination=Piney%20River%2C%20VA%2022964","Water Sports; Biking; Hiking; Farm; Fishing; Swimming Pool","false","https://www.google.com/maps/dir/?api=1&destination=Piney%20River%2C%20VA%2022964","","","","","","","",""
"78","Old Appalachian Trail","old-appalachian-trail","Hikes & Trails","outdoor","Wintergreen Resort","Moderate-to-difficult grades reward hikers with Shenandoah Valley vistas and quiet, historic tread. 3.3-mile former Appalachian Trail alignment with greenstone ledges, Shenandoah Valley overlooks, and spring wildflowers across multiple access points.","","https://ik.imagekit.io/OE/nelson-county/listings/old-appalachian-trail-image1_mjlB71z_w","Narrow dirt path with yellow moss, surrounded by trees in a forest.","","","","","","","","","(434) 263-7015","8519 Thomas Nelson Hwy, Lovingston, VA 22949","josh","","","https://www.google.com/maps/dir/?api=1&destination=8519%20Thomas%20Nelson%20Hwy%2C%20Lovingston%2C%20VA%2022949","Hiking; Biking; Appalachian Trail","false","https://www.google.com/maps/dir/?api=1&destination=8519%20Thomas%20Nelson%20Hwy%2C%20Lovingston%2C%20VA%2022949","","","","","","","",""
"79","Paul's Creek Trail","pauls-creek-trail","Hikes & Trails","outdoor","Wintergreen Resort","Paul's Creek Trail is a 0.6-mile blue-blazed family favorite that follows a lush valley to smooth rock chutes and a series of cascading waterfalls near Crawford's Knob. Pack water shoes and a camera—the polished boulders and cool pools are irresistible on summer days.","","https://ik.imagekit.io/OE/nelson-county/listings/paul-s-creek-trail-image1_MwER-wYqT","Forest stream flowing over rocks surrounded by trees and autumn leaves.","","","","","","","","","(434) 263-7015","8519 Thomas Nelson Hwy, Lovingston, VA 22949","josh","","","https://www.google.com/maps/dir/?api=1&destination=8519%20Thomas%20Nelson%20Hwy%2C%20Lovingston%2C%20VA%2022949","Family Friendly; Biking; Hiking; Water Sports; Swimming Pool","false","https://www.google.com/maps/dir/?api=1&destination=8519%20Thomas%20Nelson%20Hwy%2C%20Lovingston%2C%20VA%2022949","","","","","","","",""
"80","Pedlars Edge Trail","pedlars-edge-trail","Hikes & Trails","outdoor","Wintergreen Resort","1.6-mile difficult red trail paralleling Blackrock with pedlar formation geology, open powerline birding, and wildflower-rich edge habitat. 1.6-mile difficult red trail paralleling Blackrock with pedlar formation geology, open powerline birding, and wildflower-rich edge habitat.","","https://ik.imagekit.io/OE/nelson-county/listings/pedlars-edge-trail-image1_vnTLjWNB-","Bird perched on icy branch, blue sky background.","","","","","","","","","(434) 263-7015","8519 Thomas Nelson Hwy, Lovingston, VA 22949","josh","","","https://www.google.com/maps/dir/?api=1&destination=8519%20Thomas%20Nelson%20Hwy%2C%20Lovingston%2C%20VA%2022949","Biking; Hiking","false","https://www.google.com/maps/dir/?api=1&destination=8519%20Thomas%20Nelson%20Hwy%2C%20Lovingston%2C%20VA%2022949","","","","","","","",""
"81","Pond Hollow Trail","pond-hollow-trail","Hikes & Trails","outdoor","Wintergreen Resort","One-mile red-blazed route along a geologic fault line with displaced boulders, varied plant communities, and bobcat-friendly habitat. Pond Hollow Trail is a demanding 1-mile route threaded through a geologic fault line littered with house-sized boulders and prime bobcat habitat.","","https://ik.imagekit.io/OE/nelson-county/listings/pond-hollow-trail-image1_Ej7WY6jiu","Group of people walking through lush green forest near rocky cliff.","","","","","","","","","(434) 263-7015","8519 Thomas Nelson Hwy, Lovingston, VA 22949","josh","","","https://www.google.com/maps/dir/?api=1&destination=8519%20Thomas%20Nelson%20Hwy%2C%20Lovingston%2C%20VA%2022949","Biking; Hiking","false","https://www.google.com/maps/dir/?api=1&destination=8519%20Thomas%20Nelson%20Hwy%2C%20Lovingston%2C%20VA%2022949","","","","","","","",""
"82","Ravens Roost Park","ravens-roost-park","Hikes & Trails","outdoor","Wintergreen Resort","0.5-mile yellow loop through mixed forest with wildflower displays, solitude, and access from White Oak Drive or Wintergreen Drive. Ravens Roost Park offers a half-mile yellow-blazed wander through deep forest to a favorite Skyline Drive overlook for sunrise, sunset, and wildflower spotting.","","https://ik.imagekit.io/OE/nelson-county/listings/ravens-roost-park-image1_1twDjr3Lr","Wooden deck overlooks vast green forest landscape and distant horizon.","","","","","","","","","(434) 263-7015","8519 Thomas Nelson Hwy, Lovingston, VA 22949","josh","","","https://www.google.com/maps/dir/?api=1&destination=8519%20Thomas%20Nelson%20Hwy%2C%20Lovingston%2C%20VA%2022949","Seasonal Menu; Hiking; Biking","false","https://www.google.com/maps/dir/?api=1&destination=8519%20Thomas%20Nelson%20Hwy%2C%20Lovingston%2C%20VA%2022949","","","","","","","",""
"83","Shamokin Springs Nature Preserve","shamokin-springs-nature-preserve","Hikes & Trails","outdoor","Lovingston","0.3-mile preserve loop protecting high-elevation wetlands with braided streams, northern plant species, and easy access for families. 0.3-mile preserve loop protecting high-elevation wetlands with braided streams, northern plant species, and easy access for families.","","https://ik.imagekit.io/OE/nelson-county/listings/shamokin-springs-nature-preserve-image1_06TPiH1-t","Small waterfall cascading over rocks in a forest stream.","","https://ik.imagekit.io/OE/nelson-county/listings/shamokin-springs-nature-preserve-image2_sDnCAzjbr","Mountain landscape with distant green hills and scattered clouds beneath blue sky.","","","","","","(434) 263-7015","8519 Thomas Nelson Hwy, Lovingston, VA 22949","josh","","","https://www.google.com/maps/dir/?api=1&destination=8519%20Thomas%20Nelson%20Hwy%2C%20Lovingston%2C%20VA%2022949","Educational; Family Friendly; Biking; Hiking","false","https://www.google.com/maps/dir/?api=1&destination=8519%20Thomas%20Nelson%20Hwy%2C%20Lovingston%2C%20VA%2022949","History","Tucked away in the heart of Virginia, the origins of Lovingstown, the charming village that houses the Shamokin Springs Nature Preserve, trace back to a pivotal moment in 1809. This year not only marked the establishment of Nelson County but also set the stage for Lovingstown's creation. It all began with a generous land grant, aimed at laying the foundation for a new courthouse and a county seat that would serve the burgeoning community's needs.

James Loving, an individual whose name is now synonymous with the village, took the lead in this ambitious project. With a vision for a thriving settlement, construction commenced, forever changing the landscape of what was once untouched nature. The village was meticulously planned, with 49 lots being parceled off in nearly equal measure. These lots were then sold, setting the groundwork for the community that Lovingstown is today.

As you wander through the Shamokin Springs Nature Preserve, nestled within this historic village, it's fascinating to think about the transformation that has occurred over centuries. From its strategic beginnings to its current status as a haven for nature lovers, Lovingstown has retained its allure, offering a glimpse into the past while embracing the natural beauty that surrounds it.","Contact & Location","Nestled in the heart of Lovingston, the Shamokin Springs Nature Preserve offers an enchanting 0.3-mile loop that serves as a sanctuary for high-elevation wetlands, braided streams, and northern plant species. This tranquil preserve is not just a haven for local flora and fauna but also an easily accessible retreat for families seeking to immerse themselves in nature's serene beauty.

Adjacent to this natural gem stands the Bright Hope Baptist Church, a historic African-American landmark with deep roots in the community. Constructed in 1870, this church, alongside its accompanying school, was established to serve the freed men and women of Nelson County in the aftermath of the Civil War. The site is a poignant reminder of the area's rich history and cultural heritage. Surrounding the church, visitors will discover a meticulously kept cemetery with over 100 marked graves, each telling its own story of the individuals who once formed the vibrant community of Lovingston.

The Shamokin Springs Nature Preserve, with its easy trails and educational opportunities, coupled with the historical significance of the Bright Hope Baptist Church, offers a unique and enriching outdoor experience. Whether you're a nature lover, a history enthusiast, or simply in search of a peaceful escape, this preserved corner of Virginia promises an unforgettable visit.","Trail Features & Amenities","Tucked away in the heart of nature, the Shamokin Springs Nature Preserve offers an enchanting escape with its 0.3-mile preserve loop. This pristine trail winds through high-elevation wetlands, showcasing a tapestry of braided streams and northern plant species. It's a sanctuary where the tranquility of nature speaks volumes, making it an ideal spot for families seeking an easy yet immersive outdoor experience.

After indulging in the serene beauty of the preserve, visitors can extend the day's adventure with a visit to the nearby Wood Ridge Farm Brewery. This family-friendly locale is more than just a place to enjoy a cold brew. Here, amidst the laughter of children and the relaxed chatter of adults, a food truck is usually on standby, ready to satisfy any cravings with a variety of delicious options. The brewery is a haven for those looking to unwind, offering not just delectable meals and drinks but also a plethora of outdoor activities that cater to all ages.

Whether you're a nature enthusiast eager to explore the unique ecosystems of high-elevation wetlands or a family looking for a day of leisure and discovery, Shamokin Springs Nature Preserve and its surroundings offer a perfect blend of outdoor recreation and relaxation. This is where memories are made, amidst the beauty of nature and the warmth of community.","",""
"84","The Plunge","the-plunge","Hikes & Trails","outdoor","Wintergreen Resort","Short yellow access spur to Blackrock featuring steep pedlar gneiss formations, panoramic overlooks, and a signature family photo spot. The Plunge is a short, steep 0.2-mile connector to Blackrock Trail that packs in pedlar gneiss rock formations, dramatic overlooks, and prime family photo spots.","","https://ik.imagekit.io/OE/nelson-county/listings/the-plunge-image1_RX1pJhwfh","Rocky viewpoint overlooking lush, green mountains under clear blue sky.","","","","","","","","","(434) 263-7015","8519 Thomas Nelson Hwy, Lovingston, VA 22949","josh","","","https://www.google.com/maps/dir/?api=1&destination=8519%20Thomas%20Nelson%20Hwy%2C%20Lovingston%2C%20VA%2022949","Family Friendly; Biking; Hiking","false","https://www.google.com/maps/dir/?api=1&destination=8519%20Thomas%20Nelson%20Hwy%2C%20Lovingston%2C%20VA%2022949","","","","","","","",""
"85","Trillium Field","trillium-field","Hikes & Trails","outdoor","Wintergreen Resort","Trillium Field is a pocket-sized 0.1-mile stroll where thousands of white and pink trillium bloom in early May on the corner of Wintergreen Drive and Devils Knob Loop. Easy 0.1-mile stroll where thousands of trillium bloom each May along Wintergreen Drive and Devils Knob Loop, with wildflowers through summer.","","https://ik.imagekit.io/OE/nelson-county/listings/trillium-field-image1_7pHAG-Gk3","Pink and white flowers with green leaves in a forest setting.","","","","","","","","","(434) 263-7015","8519 Thomas Nelson Hwy, Lovingston, VA 22949","josh","","","https://www.google.com/maps/dir/?api=1&destination=8519%20Thomas%20Nelson%20Hwy%2C%20Lovingston%2C%20VA%2022949","Seasonal Menu; Biking; Hiking","false","https://www.google.com/maps/dir/?api=1&destination=8519%20Thomas%20Nelson%20Hwy%2C%20Lovingston%2C%20VA%2022949","","","","","","","",""
"86","Upper Shamokin Falls Trail","upper-shamokin-falls-trail","Hikes & Trails","outdoor","Wintergreen Resort","Upper Shamokin Falls Trail is a gentle 0.4-mile walk that follows the sound of tumbling water to fern-draped cascades—perfect for all ages. Stay on the marked path and off the slick rock edges, but don't forget the camera for this signature Wintergreen scene.","","https://ik.imagekit.io/OE/nelson-county/listings/upper-shamokin-falls-trail-image1_ce-OXirm6","Waterfall cascading over moss-covered rocks, surrounded by lush green forest.","","","","","","","","","(434) 263-7015","8519 Thomas Nelson Hwy, Lovingston, VA 22949","josh","","","https://www.google.com/maps/dir/?api=1&destination=8519%20Thomas%20Nelson%20Hwy%2C%20Lovingston%2C%20VA%2022949","Family Friendly; Hiking; Biking; Water Sports","false","https://www.google.com/maps/dir/?api=1&destination=8519%20Thomas%20Nelson%20Hwy%2C%20Lovingston%2C%20VA%2022949","","","","","","","",""
"87","Upper Shamokin Gorge Trail","upper-shamokin-gorge-trail","Hikes & Trails","outdoor","Wintergreen Resort","Challenging 0.8-mile red trail in the Upper Shamokin Gorge with stream crossings, lush understory, and links to the Appalachian Trail. Challenging 0.8-mile red trail in the Upper Shamokin Gorge with stream crossings, lush understory, and links to the Appalachian Trail.","","https://ik.imagekit.io/OE/nelson-county/listings/upper-shamokin-gorge-trail-image1_tKh9Zdsqi","Flowing stream through forest with rocks and autumn foliage.","","","","","","","","","(434) 263-7015","8519 Thomas Nelson Hwy, Lovingston, VA 22949","josh","","","https://www.google.com/maps/dir/?api=1&destination=8519%20Thomas%20Nelson%20Hwy%2C%20Lovingston%2C%20VA%2022949","Hiking; Biking; Appalachian Trail; Water Sports","false","https://www.google.com/maps/dir/?api=1&destination=8519%20Thomas%20Nelson%20Hwy%2C%20Lovingston%2C%20VA%2022949","","","","","","","",""
"88","White Oak Trail","white-oak-trail","Hikes & Trails","outdoor","Wintergreen Resort","White Oak Trail serves up a half-mile of shady solitude, spring wildflowers, and birdwatching between White Oak Drive and Wintergreen Drive. 0.5-mile moderate yellow trail offering bird-friendly woods, wildflowers, and a quiet loop accessible from White Oak or Wintergreen drives.","","https://ik.imagekit.io/OE/nelson-county/listings/white-oak-trail-image1_X40JzxeuX","Trail sign surrounded by lush green foliage in misty forest.","","","","","","","","","(434) 263-7015","8519 Thomas Nelson Hwy, Lovingston, VA 22949","josh","","","https://www.google.com/maps/dir/?api=1&destination=8519%20Thomas%20Nelson%20Hwy%2C%20Lovingston%2C%20VA%2022949","Seasonal Menu; Hiking; Biking","false","https://www.google.com/maps/dir/?api=1&destination=8519%20Thomas%20Nelson%20Hwy%2C%20Lovingston%2C%20VA%2022949","","","","","","","",""
"89","White Rock Falls","white-rock-falls","Hikes & Trails","outdoor","Montebello","White Rock Falls is a 2.5-mile moderate hike along the Blue Ridge Parkway that showcases an impressive gorge, a wading-friendly waterfall, and northeast-facing mountain views on the climb out. 2.5-mile moderate waterfall hike with natural wading pools, gorge views, and options to extend via the Slacks Overlook loop on the Parkway.","","https://ik.imagekit.io/OE/nelson-county/listings/white-rock-falls-image1_t3PUF_tMy","Small waterfall flowing down rocky terrain surrounded by trees.","","","","","","","","","(434) 263-7015","Blue Ridge Parkway Milepost 19, Montebello, VA 24464","josh","","","https://www.google.com/maps/dir/?api=1&destination=Blue%20Ridge%20Parkway%20Milepost%2019%2C%20Montebello%2C%20VA%2024464","Pool; Biking; Hiking; Water Sports","false","https://www.google.com/maps/dir/?api=1&destination=Blue%20Ridge%20Parkway%20Milepost%2019%2C%20Montebello%2C%20VA%2024464","","","","","","","",""
"90","Three Ridges","three-ridges","Hikes & Trails","outdoor","Tyro","The 13.3-mile Three Ridges loop is one of Virginia's premier backpacking routes, delivering waterfalls, rocky knife-edge climbs, and big Appalachian vistas south of Wintergreen. Expect strenuous terrain, overnight camping zones, and bragging rights after tackling this rugged circuit.","","https://ik.imagekit.io/OE/nelson-county/listings/three-ridges-image1_FeDL-sZPk","Small waterfall flowing over rocks, surrounded by autumn leaves and trees.","","","","","","","","","(434) 263-7015","Reeds Gap Trailhead, Route 664, Roseland, VA 22967","josh","","","https://www.google.com/maps/dir/?api=1&destination=Reeds%20Gap%20Trailhead%2C%20Route%20664%2C%20Roseland%2C%20VA%2022967","Hiking; Biking; Appalachian Trail; Water Sports","false","https://www.google.com/maps/dir/?api=1&destination=Reeds%20Gap%20Trailhead%2C%20Route%20664%2C%20Roseland%2C%20VA%2022967","","","","","","","",""
"91","Stoney Creek Park","stoney-creek-park","Hikes & Trails","outdoor","Wintergreen Resort","Community linear park in Stoney Creek with creekside walking path, new picnic areas, benches, and easy terrain for families. Community linear park in Stoney Creek with creekside walking path, new picnic areas, benches, and easy terrain for families.","","https://ik.imagekit.io/OE/nelson-county/listings/stoney-creek-park-image1_Jb225aVyuc","White flowers blooming among lush green leaves in a forest setting.","","","","","","","","","(434) 263-7015","Stoney Creek West Drive, Nellysford, VA 22958","josh","","","https://www.google.com/maps/dir/?api=1&destination=Stoney%20Creek%20West%20Drive%2C%20Nellysford%2C%20VA%2022958","Picnic Area; Family Friendly; Parking; Biking; Hiking","false","https://www.google.com/maps/dir/?api=1&destination=Stoney%20Creek%20West%20Drive%2C%20Nellysford%2C%20VA%2022958","","","","","","","",""
"92","Spy Rock","spy-rock","Hikes & Trails","outdoor","Montebello","Spy Rock's soaring granite dome remains open via a 6.5-mile round-trip hike from Meadows Lane (SR 826) after the fish hatchery lot closure. Alternative 6.5-mile round-trip route to Spy Rock via Meadows Lane featuring sustained climbs, rocky scrambles, and sweeping summit panoramas.","","https://ik.imagekit.io/OE/nelson-county/listings/spy-rock-image1_1KwRYk5CN","Hikers standing on rocky summit under cloudy blue sky, overlooking green mountains.","","","","","","","","","(540) 265-5100","Meadows Lane (SR 826) Trailhead, Montebello, VA 24464","josh","","","https://www.google.com/maps/dir/?api=1&destination=Meadows%20Lane%20%28SR%20826%29%20Trailhead%2C%20Montebello%2C%20VA%2024464","Biking; Fishing; Hiking; Scenic Views","true","https://www.google.com/maps/dir/?api=1&destination=Meadows%20Lane%20%28SR%20826%29%20Trailhead%2C%20Montebello%2C%20VA%2024464","","","","","","","",""
"93","Spruce Creek Park","spruce-creek-park","Hikes & Trails","outdoor","Nellysford","Spruce Creek Park anchors the Rockfish Valley Loop Trail system at Route 151, offering sunrise-to-sunset access to TRACK trails, a native plant garden, butterfly walk, geology trail, and the Rockfish Valley Foundation Natural History Center.","","https://ik.imagekit.io/OE/nelson-county/listings/spruce-creek-park-image1_dQTxUZJOD","Tall green thistles with spiky leaves against dense forest backdrop.","","","","","","","","","(434) 361-0271","1368 Rockfish Valley Highway, Nellysford, VA 22958","josh","","","https://www.google.com/maps/dir/?api=1&destination=1368%20Rockfish%20Valley%20Highway%2C%20Nellysford%2C%20VA%2022958","Hiking; Biking; Fishing","false","https://www.google.com/maps/dir/?api=1&destination=1368%20Rockfish%20Valley%20Highway%2C%20Nellysford%2C%20VA%2022958","","","","","","","",""
"94","Rockfish Valley Loop Trails","rockfish-valley-loop-trails","Hikes & Trails","outdoor","Nellysford","Flat four-mile network skirting the Rockfish River and Reid's Creek with birding hotspots, interpretive signage, and farm-country views. Rockfish Valley Loop Trails span about four flat miles of mowed paths that trace the Rockfish River and Reid's Creek, blend history with birding, and frame constant Blue Ridge views.","","https://ik.imagekit.io/OE/nelson-county/listings/rockfish-valley-loop-trails-image1_pCdYf7Kn0","Wooden footbridge crossing over rocky ground, surrounded by lush green trees.","","","","","","","","","(434) 361-0126","Rockfish Valley Loop Trailhead, 1368 Rockfish Valley Highway, Nellysford, VA 22958","josh","","","https://www.google.com/maps/dir/?api=1&destination=Rockfish%20Valley%20Loop%20Trailhead%2C%201368%20Rockfish%20Valley%20Highway%2C%20Nellysford%2C%20VA%2022958","Hiking; Educational; Biking; Farm; Water Sports; Fishing","false","https://www.google.com/maps/dir/?api=1&destination=Rockfish%20Valley%20Loop%20Trailhead%2C%201368%20Rockfish%20Valley%20Highway%2C%20Nellysford%2C%20VA%2022958","","","","","","","",""
"130","Quarry Gardens at Schuyler","quarry-gardens-at-schuyler","Hikes & Trails","outdoor","Schuyler","Restored soapstone quarries transformed into 40-acre native plant gardens with two miles of trails, habitat galleries, and guided ecology tours. Restored soapstone quarries transformed into 40-acre native plant gardens with two miles of trails, habitat galleries, and guided ecology tours.","","https://ik.imagekit.io/OE/nelson-county/listings/quarry-gardens-at-schuyler-image1_jw6Y3UBV0","Rocky cliffside and trees reflected in a calm, clear lake.","","","","","","","","","(434) 939-1005","1643 Salem Road, Schuyler, VA 22969","josh","","","https://www.google.com/maps/dir/?api=1&destination=1643%20Salem%20Road%2C%20Schuyler%2C%20VA%2022969","Biking; Hiking","false","https://www.google.com/maps/dir/?api=1&destination=1643%20Salem%20Road%2C%20Schuyler%2C%20VA%2022969","History","Nestled in the heart of Schuyler, the Quarry Gardens at Schuyler stand as a testament to both human ingenuity and nature's resilience. These gardens were born from the remnants of soapstone quarries, which, after years of extraction and industry, have been lovingly restored into a breathtaking 40-acre expanse. Today, visitors can wander through native plant gardens beautifully integrated into the landscape, explore two miles of trails that meander through diverse habitat galleries, and participate in guided ecology tours that offer insight into the area's natural and cultural history.

The story of the Quarry Gardens is deeply interwoven with the narrative of the Great Depression, a time when the demand for soapstone, and the labor to extract it, reached a peak in Schuyler. It's a history that speaks to the resilience of the community and the land itself, both of which have undergone tremendous transformation. From a bustling center of industry to a serene natural haven, the Quarry Gardens have emerged as a symbol of renewal and ecological stewardship.

Visitors to Schuyler are also encouraged to visit The Walton’s Mountain Museum, which offers another layer of local history and nostalgia, especially for those who remember or wish to discover the beloved television series that depicted rural Virginian life during the Great Depression.

The Quarry Gardens at Schuyler are more than just a destination; they are a journey through time, a celebration of nature's ability to heal and flourish, and an invitation to explore the delicate balance between past and present. Whether you're a history enthusiast, a nature lover, or simply in search of a peaceful retreat, the Quarry Gardens offer an experience that is as enriching as it is beautiful.","History & Background","Nestled within the heart of the region, the Quarry Gardens at Schuyler stand as a testament to nature's resilience and human innovation. This unique destination has transformed the remnants of soapstone quarries into a sprawling 40-acre sanctuary, featuring native plant gardens, two miles of meandering trails, habitat galleries, and the opportunity for guests to immerse themselves in guided ecology tours.

The history and background of this enchanting place are richly displayed at the Oakland Museum, where visitors can delve into an exhibit dedicated to The Rural Electrification Act—a pivotal part of Roosevelt's New Deal. This exhibit not only sheds light on a crucial piece of American history but also connects the dots to the local area's development and its role in the broader narrative of rural electrification.

Moreover, the museum offers a fascinating glimpse into the educational heritage of the area through an exhibit that showcases the evolution of schools and the impact of traveling teachers. This particular exhibit resonates deeply with both educators and students, offering them a chance to reflect on the history of schooling in rural settings and its transformative effects on communities.

The Quarry Gardens at Schuyler are more than just a beautiful escape; they are a bridge to the past, inviting visitors to explore the natural beauty that has been carefully preserved and the rich history that has shaped the region. It's a place where the past and present converge, offering a serene yet enlightening experience to all who wander its paths.","Trail Features & Amenities","As autumn unfurls its vibrant palette, the Quarry Gardens at Schuyler beckon nature lovers and outdoor enthusiasts to the heart of Nelson County. Here, nestled amidst the breathtaking panorama of the Blue Ridge Mountains, the season's spectacle reaches its zenith from mid- to late October, painting the landscape in a riot of color. The Quarry Gardens, a 40-acre expanse meticulously restored from soapstone quarries, offer an enchanting blend of natural beauty and serene garden spaces. With two miles of trails winding through native plant gardens and habitat galleries, the area serves as a living showcase of ecological restoration and conservation.

The crisp mornings of fall, coupled with pleasant daytime temperatures and the hint of a chill as the sun sets, create an idyllic outdoor setting that's hard to resist. Whether you're meandering along the trails, immersed in the guided ecology tours, or simply soaking in the serene beauty of the gardens, the Quarry Gardens at Schuyler promise an experience that's as educational as it is aesthetically pleasing.

Beyond the allure of the outdoors, Nelson County and the Quarry Gardens offer a variety of cozy indoor amenities, ensuring that your visit is comfortable and rewarding, regardless of the weather. From the moment you arrive, you'll find yourself drawn into a world where nature and nurture seamlessly blend, offering a tranquil retreat from the hustle and bustle of everyday life. The Quarry Gardens at Schuyler stand as a testament to the beauty that can be achieved through harmonious coexistence with nature, making it a must-visit destination for anyone seeking a unique and enriching outdoor experience.","",""
"156","Kids in Parks: Rockfish River Trailhead","kids-in-parks-rockfish-river-trailhead","Hikes & Trails","outdoor","Nellysford","Kids in Parks TRACK Trail loop along the Rockfish River featuring story walk signage, riparian habitats, and a flat one-mile family route. This is another of the Blue Ridge Parkway Foundation's Kids in Parks Track Trail programs of self guided outdoor opportunities for kids and families to connect with nature.","","https://ik.imagekit.io/OE/nelson-county/listings/kids-in-parks-rockfish-river-trailhead-image1_QtOY0MxuS","Bare trees by a flowing stream, mountain and clear sky in background.","","","","","","","","","(434) 226-0446","Rockfish River Trailhead, 1368 Rockfish Valley Highway, Nellysford, VA 22958","josh","","","https://www.google.com/maps/dir/?api=1&destination=Rockfish%20River%20Trailhead%2C%201368%20Rockfish%20Valley%20Highway%2C%20Nellysford%2C%20VA%2022958","Adventure; Hiking; Biking; Water Sports; Fishing","false","https://www.google.com/maps/dir/?api=1&destination=Rockfish%20River%20Trailhead%2C%201368%20Rockfish%20Valley%20Highway%2C%20Nellysford%2C%20VA%2022958","","","","","","","",""
"163","Brew Ridge Trail","brew-ridge-trail","Hikes & Trails","outdoor","Nelson County","The Brew Ridge Trail is a self-guided tour featuring six of the nation's best craft breweries. With everything from lagers to stouts, there's something for everyone along the trail.","","https://ik.imagekit.io/OE/nelson-county/listings/brew-ridge-trail-image1_Ok2KK-HVc","Circular logo with beer glasses, text: 'Brew Ridge Trail, Virginia's Original Beer Trail.'","","","","","","","","","(434) 263-7015","Route 151 Craft Beverage Corridor, Nelson County, VA 22958","josh","","","https://www.google.com/maps/dir/?api=1&destination=Route%20151%20Craft%20Beverage%20Corridor%2C%20Nelson%20County%2C%20VA%2022958","Beer; Hiking; Tastings; Scenic Views; Biking","false","https://www.google.com/maps/dir/?api=1&destination=Route%20151%20Craft%20Beverage%20Corridor%2C%20Nelson%20County%2C%20VA%2022958","","","","","","","",""
"164","Nelson 151","nelson-151","Hikes & Trails","outdoor","Nellysford","This northern part of Nelson County is home to 5 wineries, 3 breweries, 1 cidery, cozy Bed & Breakfasts, friendly farmers, spectacular views, and so much more.","","https://ik.imagekit.io/OE/nelson-county/listings/nelson-151-image1_pBBP3u1qZ","Mountain silhouette with text 'NELSON 151' on dark blue shield.","","","","","","","","","(434) 263-7015","Route 151, Nellysford, VA 22958","josh","","","https://www.google.com/maps/dir/?api=1&destination=Route%20151%2C%20Nellysford%2C%20VA%2022958","Beer; Cider; Spirits; Hiking; Scenic Views; Biking; Farm; Tastings; Fishing","false","https://www.google.com/maps/dir/?api=1&destination=Route%20151%2C%20Nellysford%2C%20VA%2022958","Contact & Location","Embark on a journey through the heart of Nelson County's northern region, where the landscape is as rich in flavors as it is in views. Nelson 151 serves as the gateway to an unforgettable experience, offering an array of attractions including five wineries, three breweries, one cidery, and much more. This area is not just a feast for the palate but a haven for the soul, with cozy bed & breakfasts, welcoming farmers, and breathtaking vistas that capture the essence of Virginia's natural beauty.

To enrich your exploration, sign up for the EAT. Pass, a mobile passport designed to guide you through the best of Nelson 151's craft beverage producers and the establishments that showcase their creations. This pass isn't just your ticket to discovering the unique flavors of the region; it's also your chance to win big. By checking in at seven different locations, you become eligible for a raffle, offering the enticing prize of a $50 gift certificate to one of the local restaurants. This is more than just a visit; it's an experience that rewards your curiosity and your taste buds.

Nelson 151 invites you to immerse yourself in a journey where every turn offers a new taste, a new sight, and a new memory. Whether you're a connoisseur of fine wines, a lover of craft beers, a cider enthusiast, or simply in search of a beautiful escape, this northern part of Nelson County promises an adventure that will leave you enchanted and yearning for more.","","","","","",""
"165","Nelson 29","nelson-29","Hikes & Trails","outdoor","Lovingston","29 connecting breweries, wineries, and distilleries between Arrington and Faber. Nelson 29 craft beverage route along U.S.","","https://ik.imagekit.io/OE/nelson-county/listings/nelson-29-image1_U00mTb8Bmc","Green shield with 'Nelson 29 Craft Beverage Trail' text and mountain silhouette.","","","","","","","","","(434) 263-7015","Route 29 Corridor, Lovingston, VA 22949","josh","","","https://www.google.com/maps/dir/?api=1&destination=Route%2029%20Corridor%2C%20Lovingston%2C%20VA%2022949","Wine; Spirits; Hiking; Scenic Views; Biking; Beer","false","https://www.google.com/maps/dir/?api=1&destination=Route%2029%20Corridor%2C%20Lovingston%2C%20VA%2022949","History","Nestled in the heart of Virginia, the quaint and historic village of Lovingstown began its story in 1809, born from a land grant and the pressing need to establish a courthouse, along with a county seat for the newly minted Nelson County. It was in that same year that James Loving laid the foundation for what would become a charming testament to early American resilience and community spirit. This picturesque village was meticulously planned, with 49 lots being carefully parceled out, each nearly equal in measure, and then sold to eager settlers. The result was a harmonious blend of structure and spontaneity, creating a legacy that continues to enchant visitors to this day. Lovingstown not only serves as a beacon of history but also as a gateway to the Nelson 29 craft beverage route, which weaves between Arrington and Faber, connecting 29 breweries, wineries, and distilleries along the scenic U.S. route. This unique trail highlights the rich agricultural and entrepreneurial spirit of Virginia, making Lovingstown a must-visit destination for those who appreciate the finer things in life, including a deep appreciation for history and a good drink in hand.","Contact & Location","Nestled within the picturesque landscape between Arrington and Faber lies the Nelson 29, a craft beverage route that caters not only to the palate of those who appreciate fine brews, wines, and spirits but also to those who seek a journey through history and culture. Along this route, one cannot miss the opportunity to visit the Bright Hope Baptist Church, an iconic historic African-American landmark situated in the heart of Lovingston.

This revered site, which majestically overlooks the village, is more than just a place of worship. Built in 1870, the Bright Hope Baptist Church, along with an adjoining school, was established to serve the freed men and women of Nelson County in the aftermath of the Civil War. This initiative was a beacon of hope and a testament to resilience, symbolizing a new chapter for the African-American community in the area.

The church grounds are a solemn reminder of the past, with over 100 marked graves that tell stories of the lives that shaped the community. Each gravestone serves as a marker of history, honoring the individuals who walked the paths of Nelson County and contributed to its rich cultural tapestry.

Visitors to the Nelson 29 craft beverage route are invited to take a moment to explore the Bright Hope Baptist Church and its surrounding area. It's an opportunity to reflect on the journey of a community through time while enjoying the scenic views that overlook the village of Lovingston. This landmark is not just a stop along a route; it's a bridge to the past, offering insights and a deeper appreciation for the journey ahead.","Trail Features & Amenities","Embark on an unforgettable journey along the Nelson 29, a craft beverage route that weaves its way between Arrington and Faber, connecting 29 exquisite breweries, wineries, and distilleries nestled in the scenic landscapes along the U.S. This trail is not just about savoring the unique flavors of local craft beverages but also about immersing yourself in the vibrant culture and natural beauty of the region.

For those seeking more than just a taste of local brews, the Wood Ridge Farm Brewery offers an exceptional experience. This family-friendly venue is more than a place to enjoy a cold beer; it's a destination where visitors can engage in a variety of outdoor activities, making it a perfect stop for adventurers of all ages. And for those moments when hunger strikes, there's no need to pause your exploration. A food truck is usually on-site at Wood Ridge Farm Brewery, serving up delicious meals to complement your craft beverage experience.

As you journey along Nelson 29, every stop brings its own unique story, flavor, and atmosphere, making it an adventure that caters to both the connoisseur and the curious traveler. Whether you're a local resident or a visitor from afar, the Nelson 29 offers an unparalleled opportunity to explore the heart and soul of this vibrant area, one sip at a time.","",""
"170","Nelson Scoops","nelsonscoops","Restaurants","taste","Lovingston","As a family-founded establishment, we have a passion for creating delectable treats that bring joy to our local community. At Nelson Scoops, we offer much more than just your average ice cream parlor experience.","","https://ik.imagekit.io/OE/nelson-county/listings/nelson-scoops-image1_uomigoG-v","Three ice cream cones on dark surface, different flavors, garnished with chocolate shavings.","","","","","","","","","(434) 263-0003","8203 Thomas Nelson Highway, Lovingston, VA 22949","WG","","","https://www.google.com/maps/dir/?api=1&destination=8203%20Thomas%20Nelson%20Highway%2C%20Lovingston%2C%20VA%2022949","Desserts; Family Friendly","true","https://www.google.com/maps/dir/?api=1&destination=8203%20Thomas%20Nelson%20Highway%2C%20Lovingston%2C%20VA%2022949","History","One claim to fame is that that town jail was designed by Thomas Jefferson. Lovingston’s most historic African-American landmark is Bright Hope Baptist Church, which was built in 1870 for the freedmen and women living in Nelson.","Contact & Location","Bright Hope Baptist Church, a historic African-American landmark in Lovingston that overlooks the village. The church was built along with a school in 1870 to serve the freed men and women of Nelson. The kept area has over 100 marked graves.","Amenities & Services","Than a meal, head to Wood Ridge Farm Brewery, where a food truck is usually available. It’s a family-friendly place with plenty of outdoor activities. Want to know something interesting.","",""
"167","Virginia Spirits Trail","virginia-spirits-trail","Hikes & Trails","outdoor","Commonwealth of Virginia","Here in Virginia, we take great pride in putting our souls into every bottle of distilled spirits because we know that small batches take time, heart, and spirit. We believe in farm to bottle, continuously focusing on the small batches.","","https://ik.imagekit.io/OE/nelson-county/listings/virginia-spirits-trail-image1_dZvNEofPr","White cursive text 'Virginia Spirits' on dark blue background.' (8 words)","","","","","","","","","(804) 786-5120","Virginia Spirits Trail, Commonwealth of Virginia","josh","","","https://www.google.com/maps/dir/?api=1&destination=Virginia%20Spirits%20Trail%2C%20Commonwealth%20of%20Virginia","Spirits; Tastings; Hiking; Farm; Scenic Views; Biking","false","https://www.google.com/maps/dir/?api=1&destination=Virginia%20Spirits%20Trail%2C%20Commonwealth%20of%20Virginia","","","","","","","",""
"172","Crestvue Cottage","crestvue-cottage","Cabins & Cottages","stay","Arrington","Crestvue Cottage is a renovated 340 sq ft farm guest house with hiking trails, stargazing deck, and full kitchenette minutes from Route 29 wineries. Wake up to rolling pasture views, wander the farm's private hiking loops, then end the night on a dedicated stargazing deck with a Route 29 vintage in hand.","","https://ik.imagekit.io/OE/nelson-county/listings/crestvue-cottage-image1_Mm7x0OQyf","White house with balcony, surrounded by green lawn and trees under blue sky.","","https://ik.imagekit.io/OE/nelson-county/listings/crestvue-cottage-image2_yyVLXAeNY","Cozy living room with kitchenette, TV, rug, and wooden stairs.","","","","","","","Arrington, VA 22922","josh","","","https://www.google.com/maps/dir/?api=1&destination=Arrington%2C%20VA%2022922","Farm; Outdoor Seating; Full Kitchen; Cabins; Lodging","false","https://www.google.com/maps/dir/?api=1&destination=Arrington%2C%20VA%2022922","","","","","","","",""
"173","Sentosa Cabin","sentosa-cabin","Cabins & Cottages","stay","Schuyler","Sentosa Cabin is a one-bedroom woodland retreat with mountain views, Wi-Fi, full kitchen, and two miles of private trails to the Rockfish River. Two miles of private woodland trail connect Sentosa Cabin to the Rockfish River, so you can hike to swimming holes before returning to the full kitchen for dinner.","","https://ik.imagekit.io/OE/nelson-county/listings/sentosa-cabin-image1_ffHRrfeUG-","Wooden cabin with green metal roof, surrounded by lush trees and sunlight.","","https://ik.imagekit.io/OE/nelson-county/listings/sentosa-cabin-image2_tXL4mojV8","Cozy wooden kitchen with white appliances, circular table, and sunlight through windows.","","","","","","","Nellysford, VA 22958","josh","","","https://www.google.com/maps/dir/?api=1&destination=Nellysford%2C%20VA%2022958","Scenic Views; Cabins; Outdoor Seating; Wi-Fi; Full Kitchen; Lodging; Water Sports; Fishing","false","https://www.google.com/maps/dir/?api=1&destination=Nellysford%2C%20VA%2022958","Contact & Location","1 bedroom, 1 bath cabin with covered back porch, full kitchen and wifi. Mountain and woods views and 2 miles of woods nature trails for guests.","Location & Directions","Sarah Ponton, samponton123@gmail. No Find us at Schuyler.","Important Information","*Lodging descriptions are provided by the host and not independently verified.","",""
"174","Roudy's Retreat","roudys-retreat","Whole House Rentals","stay","Montebello","Inside, the open kitchen and multiple sleep spaces comfortably host up to ten guests for winery weekends or fishing-focused family reunions. Escape to this spacious retreat with a hot tub and everything else you need to get away.","","https://ik.imagekit.io/OE/nelson-county/listings/roudy-s-retreat-image1_1WMwk-J25","Cabin with green roof near a pond, surrounded by trees.","","https://ik.imagekit.io/OE/nelson-county/listings/roudy-s-retreat-image2_RMFc_3AWu","Rustic living room with wood walls, cozy seating, and a red wood stove.","","","","","","","Roseland, VA 22967","josh","","","https://www.google.com/maps/dir/?api=1&destination=Roseland%2C%20VA%2022967","Outdoor Seating; Full Kitchen; Pet Friendly; Cabins; Lodging; Tastings; Fishing","false","https://www.google.com/maps/dir/?api=1&destination=Roseland%2C%20VA%2022967","Accommodation Details","Escape to this spacious retreat with a hot tub and everything else you need to get away. Enjoy alone time in the loft reading a book or play a game with the family at the large table. Gather around the fire pit, fish in the pond, or get cozy around the wood stove.","Important Information","*Lodging descriptions are provided by the host and not independently verified.","Location & Directions","Jaclyn Roudabush, roudys. Yes Find us at Montebello.","",""
"175","Pachi's Ridge","pachis-ridge","Cabins & Cottages","stay","Nellysford","Pachi's Ridge is a modern three-bedroom cabin on 40 acres with Blue Ridge views, upgraded kitchen, and access to hiking trails and the Rockfish River. Follow the path to the Rockfish River for paddling or simply unplug in the modern three-bedroom cabin that balances contemporary finishes with full immersion in nature.","","https://ik.imagekit.io/OE/nelson-county/listings/pachi-s-ridge-image1_DxNkYbmjVP","Blue house with wraparound porch, surrounded by trees, overcast sky.","","https://ik.imagekit.io/OE/nelson-county/listings/pachi-s-ridge-image2_axMVH5UU0","Cozy dining area with round table, chairs, and nearby stone fireplace in living room.","","","","","","","Nellysford, VA 22958","josh","","","https://www.google.com/maps/dir/?api=1&destination=Nellysford%2C%20VA%2022958","Scenic Views; Seasonal Menu; Cabins; Full Kitchen; Lodging; Water Sports; Fishing","false","https://www.google.com/maps/dir/?api=1&destination=Nellysford%2C%20VA%2022958","Area Information","Enjoy beautiful seasonal views of the Blue Ridge. In winter, Visitors can see Wintergreen as you roast marshmallows over the fire pit. In summer, the cabin is quiet and cozy as the forests surround you in tranquility and wildlife abounds.","Important Information","*Lodging descriptions are provided by the host and not independently verified.","Location & Directions","Susan Castaldo, szulcs@yahoo. No Find us at Nellysford.","",""
"176","Boogie Nights Manor","boogie-nights-manor","Cabins & Cottages","stay","Afton","Sleeping twelve with pet-friendly policies, the home lets your group hop between tasting rooms by day and host vinyl-listening parties or hot tub hangs by night. A custom home designed and built by the inventor of the hot dog conveyer machine.","","https://ik.imagekit.io/OE/nelson-county/listings/boogie-nights-manor-image1_CDb_i8QRg","Modern two-story building with red frames, large windows, surrounded by greenery.","","https://ik.imagekit.io/OE/nelson-county/listings/boogie-nights-manor-image2_G1ZiQ4uBE","Spacious living room with stone fireplace, elephant decor, and large windows.","","","","","","","Afton, VA 22920","josh","","","https://www.google.com/maps/dir/?api=1&destination=Afton%2C%20VA%2022920","Pet Friendly; Cabins; Lodging; Tastings","false","https://www.google.com/maps/dir/?api=1&destination=Afton%2C%20VA%2022920","Rules & Guidelines","Jeremy Di Maio, jddimaio@yahoo. Pets allowed, but approval required in advance Find us at Afton.","Accommodation Information","A custom home designed and built by the inventor of the hot dog conveyer machine.","Important Information","*Lodging descriptions are provided by the host and not independently verified.","",""
"177","The Big Tiny House","the-big-tiny-house","Cabins & Cottages","stay","Afton","The Big Tiny House is a luxury Escape Traveler XL tiny home with full kitchen, soaking tub, loft, and Brew Ridge Trail access. The Big Tiny House marries luxury finishes with the efficiency of an Escape Traveler XL: full kitchen, soaking tub, sleeping loft, and clever built-ins.","","https://ik.imagekit.io/OE/nelson-county/listings/the-big-tiny-house-image1_NJ-bDVgrT","Wooden tiny house at night with string lights and colorful outdoor chairs.","","https://ik.imagekit.io/OE/nelson-county/listings/the-big-tiny-house-image2_4wefjR0NbD","Wooden tiny home interior with large windows, sofa, table, and ceiling fan.","","","","","","","Afton, VA 22920","josh","","","https://www.google.com/maps/dir/?api=1&destination=Afton%2C%20VA%2022920","Full Kitchen; Pet Friendly; Cabins; Lodging","false","https://www.google.com/maps/dir/?api=1&destination=Afton%2C%20VA%2022920","","","","","","","",""
"178","Rusty's Retreat","rustys-retreat","Cabins & Cottages","stay","Afton","Rusty's Retreat is a Brew Ridge Trail micro-cabin with queen bed, kitchenette, private fire pit, and donation support for animal rescue. Rusty's Retreat keeps things intentionally small—a micro-cabin with queen bed, kitchenette, and private fire pit along the Brew Ridge corridor.","","https://ik.imagekit.io/OE/nelson-county/listings/rusty-s-retreat-image1_lpTky49pW","Tiny wooden house with garden, surrounded by trees and plants.","","https://ik.imagekit.io/OE/nelson-county/listings/rusty-s-retreat-image2_HT9XZp_S6","Cozy wooden tiny house interior with kitchenette, bed, and large windows.","","","","","","","Afton, VA 22920","josh","","","https://www.google.com/maps/dir/?api=1&destination=Afton%2C%20VA%2022920","Cabins; Outdoor Seating; Coffee; Bar; Tea; Full Kitchen; Lodging","false","https://www.google.com/maps/dir/?api=1&destination=Afton%2C%20VA%2022920","Menu & Offerings","Welcome to the cozy Rusty's Retreat, nestled in the Blue Ridge Mountains, where comfort meets charm and luxury. This stylish retreat features a plush bed, a compact kitchen, and modern amenities. Relax in your very own private outdoor space and fire pit.","Accommodation Information","There’s something to do in Afton every season of the year.","Location & Directions","Jeremy Di Maio, jddimaio@yahoo. No Find us at Afton.","",""
"179","Village Inn","village-inn","Motels & Inns","stay","Lovingston","Village Inn is a 23-room motel on U.S. Village Inn sits directly on U.S.","","https://ik.imagekit.io/OE/nelson-county/listings/village-inn-image1_65Nlj2gB-","Sign reads 'VILLAGE INN' against a wooded background.","","https://ik.imagekit.io/OE/nelson-county/listings/village-inn-image2_cCjQ-qI7m","Two double beds with patterned covers in a hotel room.","","","","","","(434) 295-2161","79 Tanbark Plaza, Lovingston, VA 22949","josh","","","https://www.google.com/maps/dir/?api=1&destination=79%20Tanbark%20Plaza%2C%20Lovingston%2C%20VA%2022949","Lodging","false","https://www.google.com/maps/dir/?api=1&destination=79%20Tanbark%20Plaza%2C%20Lovingston%2C%20VA%2022949","Important Information","*Lodging descriptions are provided by the host and not independently verified.","Location & Directions","Sundeep Madhiwala, smadhiwala@yahoo. No Find us at Lovingston.","History","One claim to fame is that that town jail was designed by Thomas Jefferson. Lovingston’s most historic African-American landmark is Bright Hope Baptist Church, which was built in 1870 for the freedmen and women living in Nelson.","",""
"180","Cozy Mountain Cottage","cozy-mountain-cottage","Cabins & Cottages","stay","Nellysford","Cozy Mountain Cottage is a family-friendly rental near Route 151 with wraparound views, porch seating, and proximity to Wintergreen and breweries. Cozy Mountain Cottage frames wraparound Blue Ridge views from its porches, giving families a relaxed home base between Wintergreen Resort and the Route 151 beverage trail.","","https://ik.imagekit.io/OE/nelson-county/listings/cozy-mountain-cottage-image1_rghxtSZT6","Firepit with wooden chairs surrounded by trees and cabin.","","https://ik.imagekit.io/OE/nelson-county/listings/cozy-mountain-cottage-image2_xB5E2f_w3","Cozy living room with brown recliners, stairs, and a patterned rug.","","","","","","","Roseland, VA 22967","josh","","","https://www.google.com/maps/dir/?api=1&destination=Roseland%2C%20VA%2022967","Scenic Views; Wi-Fi; Full Kitchen; Outdoor Seating; Family Friendly; Cabins; Lodging","false","https://www.google.com/maps/dir/?api=1&destination=Roseland%2C%20VA%2022967","","","","","","","",""
"181","Piedmont Grove Lodging","piedmont-grove-lodging","Motels & Inns","stay","Roseland","Piedmont Grove Lodging offers ten hotel-style suites near Route 151 with nightly stays, Dream Cloud mattresses, and professional cleanings. Exceptional Cleanliness: Every stay is followed by a professional cleaning, including fresh linens and duvets, ensuring a pristine and comfortable environment.","","https://ik.imagekit.io/OE/nelson-county/listings/piedmont-grove-lodging-image1_Pwo1n1wDJ","Children playing with autumn leaves near treehouses in a forest.","","https://ik.imagekit.io/OE/nelson-county/listings/piedmont-grove-lodging-image2_IR18dHCQ4","Bed with white sheets, abstract wall art, and small bedside table.","","","","","","(434) 361-1100","76 Rodes Farm Drive, Nellysford, VA 22958","josh","","","https://www.google.com/maps/dir/?api=1&destination=76%20Rodes%20Farm%20Drive%2C%20Nellysford%2C%20VA%2022958","Lodging","false","https://www.google.com/maps/dir/?api=1&destination=76%20Rodes%20Farm%20Drive%2C%20Nellysford%2C%20VA%2022958","Amenities & Services","Your ideal Nelson County escape starts here. Our ten hotel-style suites offer the perfect base for exploring all the region has to offer. Conveniently located near Rt 664 & Rt 151, you'll enjoy effortless access to top attractions.","Important Information","*Lodging descriptions are provided by the host and not independently verified.","","","",""
"182","Beech Grove Farmhouse","beech-grove-farmhouse","Cabins & Cottages","stay","Roseland","Beech Grove Farmhouse is a historic three-bedroom home across from Devils Backbone with modern updates, fire pit, and mountain views. The Beech Grove Farmhouse is 3 bedroom, 2 bath, early century farmhouse situated in the foothills of the Blue Ridge mountains.","","https://ik.imagekit.io/OE/nelson-county/listings/beech-grove-farmhouse-image1_-tmmYsyRbM","White house with porch, green lawn, trees, and blue sky in background.","","https://ik.imagekit.io/OE/nelson-county/listings/beech-grove-farmhouse-image2_NDEvWcXii","Cozy living room with sofas, TV, and stairs. Neutral tones and natural light.","","","","","","","9519 Critzers Shop Road, Afton, VA 22920","josh","","","https://www.google.com/maps/dir/?api=1&destination=9519%20Critzers%20Shop%20Road%2C%20Afton%2C%20VA%2022920","Wi-Fi; Full Kitchen; Scenic Views; Cabins; Lodging","false","https://www.google.com/maps/dir/?api=1&destination=9519%20Critzers%20Shop%20Road%2C%20Afton%2C%20VA%2022920","Menu & Offerings","Listed on the National Register of Historic Places by the National Park Service and recognized as a Virginia Treasure, the home has been thoughtfully updated to provide modern amenities while preserving its historic charm, including lower ceilings and cozy spaces.","Important Information","*Lodging descriptions are provided by the host and not independently verified.","Location & Directions","Wendy & Jason Harris, harrisx4@icloud. No Find us at Roseland.","",""
"183","Straw Bale House","straw-bale-house","Whole House Rentals","stay","Afton","Straw Bale House is an eco-friendly custom home on 70 acres near breweries with farm animals, fresh eggs, and private hiking. The hand-built Straw Bale House stays cool in summer and cozy in winter, thanks to its eco-friendly construction on 70 acres of fields and woods.","","https://ik.imagekit.io/OE/nelson-county/listings/straw-bale-house-image1_uKxQeVydj","Lush green valley with scattered houses, surrounded by blue mountains under clear sky.","","https://ik.imagekit.io/OE/nelson-county/listings/straw-bale-house-image2_EdnL-Ys70","Cozy bedroom with iron bed, red bedding, wooden beams, and lit lamp.","","","","","","","Nellysford, VA 22958","josh","","","https://www.google.com/maps/dir/?api=1&destination=Nellysford%2C%20VA%2022958","Farm; Breakfast; Lodging","false","https://www.google.com/maps/dir/?api=1&destination=Nellysford%2C%20VA%2022958","Contact & Location","Custom built private home on 70 acre property near vineyards and breweries. Suitable for all guests including solo or couples in private room with 2 additional rooms for more if larger groups.","Important Information","*Lodging descriptions are provided by the host and not independently verified.","Location & Directions","Mary Elizabeth Cunningham, mscsherpa@gmail. N/A Find us at Afton.","",""
"184","Blue Ridge Bliss","blue-ridge-bliss","Whole House Rentals","stay","Roseland","Updated, well appointed and received consistent fiive star ratings.","","https://ik.imagekit.io/OE/nelson-county/listings/blue-ridge-bliss-image1_zEMtyl2hT","Gray apartment building with balconies, surrounded by trees and stone landscaping.","","https://ik.imagekit.io/OE/nelson-county/listings/blue-ridge-bliss-image2_4y2T5WBnE","Cozy living room with beige sofa, colorful cushions, and nature wall art.","","","","","","","46 Ledges Lane, Wintergreen, VA 22958","josh","","","https://www.google.com/maps/dir/?api=1&destination=46%20Ledges%20Lane%2C%20Wintergreen%2C%20VA%2022958","Cabins; Full Kitchen; Lodging; Pet Friendly; Resort; Scenic Views; Tastings","false","https://www.google.com/maps/dir/?api=1&destination=46%20Ledges%20Lane%2C%20Wintergreen%2C%20VA%2022958","Accommodation Information","2 bed, 2 bath condo in the Ledges at Wintergreen Resort. Updated, well appointed and received consistent fiive star ratings.","Important Information","*Lodging descriptions are provided by the host and not independently verified.","Location & Directions","Mary Beth Cowardin, blueridgeblisswgn@gmail. Yes Find us at Roseland.","",""
"185","Stays at Lovingston Winery","stays-at-lovingston-winery","Cabins & Cottages","stay","Lovingston","Vineyard sunsets, barrel room tours, and catered pairings turn a simple overnight into an immersive wine-country experience. Vineyard sunsets, barrel room tours, and catered pairings turn a simple overnight into an immersive wine-country experience.","","https://ik.imagekit.io/OE/nelson-county/listings/stays-at-lovingston-winery-image1_B_V5brmYB","White house with red door, surrounded by large green trees.","","https://ik.imagekit.io/OE/nelson-county/listings/stays-at-lovingston-winery-image2_VLF1AqscC","Log cabin surrounded by lush trees, gravel path leading to porch.","","","","","","(434) 263-8467","885 Freshwater Cove Lane, Lovingston, VA 22949","josh","","","https://www.google.com/maps/dir/?api=1&destination=885%20Freshwater%20Cove%20Lane%2C%20Lovingston%2C%20VA%2022949","Wine; Cabins; Lodging; Dinner; Tastings; Farm","false","https://www.google.com/maps/dir/?api=1&destination=885%20Freshwater%20Cove%20Lane%2C%20Lovingston%2C%20VA%2022949","Menu & Offerings","The magic of a winery up close. Our wines are produced from 100% estate grown grapes, which means we offer acres of bustling vineyards. we're also a farm so it is likely you will see horses grazing and our two farm dogs, Hank the Corgi and Arnie our beloved mutt.","Important Information","*Lodging descriptions are provided by the host and not independently verified.","Additional Menu Information","Tessa Riley, tessa@lovingstonwinery. N/A Find us at Lovingston.","",""
"186","The Cottage at Pines End","the-cottage-at-pines-end","Cabins & Cottages","stay","Arrington","The Cottage at Pines End is a hot-tub-equipped cabin with wraparound deck, gas fireplace, and trails to the Tye River and Blue Ridge Railway Trail. The Cottage at Pines End wraps guests in mountain scenery via an elevated hot tub, wide decks, and wooded trails that lead toward the Tye River and the Blue Ridge Railway Trail.","","https://ik.imagekit.io/OE/nelson-county/listings/the-cottage-at-pines-end-image1_IAgIW2t47","House with solar panels, front porch, rocking chairs, surrounded by trees.","","https://ik.imagekit.io/OE/nelson-county/listings/the-cottage-at-pines-end-image2_cm3rgz8Vk","Cozy living room with stone fireplace, leather sofas, wooden floors, and large windows.","","","","","","","Arrington, VA 22922","josh","","","https://www.google.com/maps/dir/?api=1&destination=Arrington%2C%20VA%2022922","Outdoor Seating; Pet Friendly; Scenic Views; Water Sports","false","https://www.google.com/maps/dir/?api=1&destination=Arrington%2C%20VA%2022922","","","","","","","",""
"187","Woodson's Mill House","woodsons-mill-house","Whole House Rentals","stay","Roseland","Woodson's Mill House is a craftsman retreat beside historic Woodson's Mill with lake access, wooded acreage, and convenient access to Charlottesville and Wintergreen. Woodson's Mill House backs up to the historic gristmill and a spring-fed lake, creating a storybook backdrop for a craftsman-style retreat.","","https://ik.imagekit.io/OE/nelson-county/listings/woodson-s-mill-house-image1_4Inlp4G5X","Stone house with green roof surrounded by trees in autumn.","","https://ik.imagekit.io/OE/nelson-county/listings/woodson-s-mill-house-image2_vZTKxv4MMY","Large wooden dining table, patterned rug, stone fireplace, chandelier, framed art on walls.","","","","","","","3211 Lowesville Road, Roseland, VA 22967","josh","","","https://www.google.com/maps/dir/?api=1&destination=3211%20Lowesville%20Road%2C%20Roseland%2C%20VA%2022967","Scenic Views; Pet Friendly; Cabins; Lodging; Farm; Tastings","false","https://www.google.com/maps/dir/?api=1&destination=3211%20Lowesville%20Road%2C%20Roseland%2C%20VA%2022967","History","Woodson’s Mill, built in 1794, placed on the National Registry of Historic Places on December 17, 1992 is located on the property. It is an excellent example of a wood framed, water-powered grist mill that is not only structurally intact, but still in operation. Deep Roots Milling, a three man operation, rents the mill one week per month to grind local grains for their customers.","Important Information","*Lodging descriptions are provided by the host and not independently verified.","Location & Directions","William & Charlene Chinworth, bandcchinworth@gmail. Yes Find us at Roseland.","",""
"188","Harmony Hill Bed & Breakfast","harmony-hill-bed-and-breakfast","Bed and Breakfast","stay","Arrington","Harmony Hill Bed & Breakfast offers six themed guest rooms with private baths, fireplaces, and country breakfasts near Route 29 wineries. Harmony Hill Bed & Breakfast blends six themed guest rooms—each with private bath and many with fireplaces—with hearty country breakfasts and porch swings overlooking Route 29 wine country.","","https://ik.imagekit.io/OE/nelson-county/listings/harmony-hill-bed-breakfast-image1_RKNENpGmn","Brown wooden house with dormer windows, surrounded by trees and grassy lawn.","","https://ik.imagekit.io/OE/nelson-county/listings/harmony-hill-bed-breakfast-image2_3XvmHXiWy","Cozy cabin living room with brown sofa, stone fireplace, and wooden accents.","","","","","","(434) 263-7750","929 Wilson Hill Road, Arrington, VA 22922","josh","","","https://www.google.com/maps/dir/?api=1&destination=929%20Wilson%20Hill%20Road%2C%20Arrington%2C%20VA%2022922","Breakfast; Scenic Views; Lodging; Hiking; Tastings; Water Sports","false","https://www.google.com/maps/dir/?api=1&destination=929%20Wilson%20Hill%20Road%2C%20Arrington%2C%20VA%2022922","Contact & Location","6 Rooms with private baths Some have Jacuzzi tubs and fireplaces Rates include a full country breakfast.","Important Information","*Lodging descriptions are provided by the host and not independently verified.","Hours & Information","Mary Ten Hoopen, mtenhoopen@verizon. N/A Find us at Arrington.","",""
"189","Spyrock Lodge","spyrock-lodge","Cabins & Cottages","stay","Montebello","Spyrock Lodge is a secluded two-bedroom cabin on 11 acres bordering the Appalachian Trail with Wi-Fi, heat/AC, and optional micro cabin. Fully furnished secluded cabin on 11 acres of land next to George Washington National Forest/Appalachian Trail.","","https://ik.imagekit.io/OE/nelson-county/listings/spyrock-lodge-image1_UEWaQhSJm","Modern small cabin with gray walls, red door, and white railing, surrounded by trees.","","https://ik.imagekit.io/OE/nelson-county/listings/spyrock-lodge-image2_gdCdtVVjL","Living room with wooden furniture, large windows, and vaulted ceiling.","","","","","","","Montebello, VA 24464","josh","","","https://www.google.com/maps/dir/?api=1&destination=Montebello%2C%20VA%2024464","Cabins; Wi-Fi; Lodging; Appalachian Trail","false","https://www.google.com/maps/dir/?api=1&destination=Montebello%2C%20VA%2024464","Amenities & Features","Scenic and secluded cabin with direct hiking access to National Forest and AT trail.","Important Information","*Lodging descriptions are provided by the host and not independently verified.","Location & Directions","Lilibeth Yankovich, spyrock@mac. N/A Find us at Montebello.","",""
"190","The Retreat at Crabtree Falls","the-retreat-at-crabtree-falls","Cabins & Cottages","stay","Tyro","Each accommodation provides bedrooms, full kitchens, and generous living rooms for families and groups, while onsite trails connect directly to Crabtree Falls and mountain viewpoints. A dedicated hospitality team keeps spaces immaculate, arranges hikes, fishing, and winery excursions, and answers special requests so guests enjoy a secluded yet fully supported Blue Ridge escape.","","https://ik.imagekit.io/OE/nelson-county/listings/the-retreat-at-crabtree-falls-image1_0h8Rx4Mea","Rustic cabin with stone chimney surrounded by colorful autumn trees on hillside.","","https://ik.imagekit.io/OE/nelson-county/listings/the-retreat-at-crabtree-falls-image2_8JC6n6CHHy","Cozy log cabin living room with stone fireplace, bookshelf, and rustic decor.","","","","","","(434) 207-2230","10777 Crabtree Falls Highway, Tyro, VA 22976","josh","","","https://www.google.com/maps/dir/?api=1&destination=10777%20Crabtree%20Falls%20Highway%2C%20Tyro%2C%20VA%2022976","Lodging; Cabins; Scenic Views; Water Sports; Tastings; Fishing","false","https://www.google.com/maps/dir/?api=1&destination=10777%20Crabtree%20Falls%20Highway%2C%20Tyro%2C%20VA%2022976","Trail Information","For a round-trip hike. If you’re thinking of staying a night, there are nearby cabins, glamping and camping options.","Area Information","Spring in Nelson County is all misty skies and bright flower buds. Some regular visitors maintain that the season of spring is the best time to visit Crabtree Falls. The leaves have not yet returned, so the sound of the falls fills the forest.","Location & Directions","Can’t tear yourself away from Nelson. Don’t worry- it happens to visitors all of the time. Stay the night at a nearby cabin, glamping or camping spot.","Additional Accommodation Information","Fall is one of the most popular seasons to visit Nelson County. The peaceful county’s Blue Ridge Mountains burn bright with brilliant color, and small business owners offer up their coziest amenities. Photographers love immortalizing the spectacular colors of Nelson County in the fall."
"191","Point of View","point-of-view","Cabins & Cottages","stay","Roseland","Point of View is a five-bedroom, 5.5-bath Wintergreen resort home with panoramic mountain views, dual entertaining levels, hot tub, game room, and chef kitchen.","","https://ik.imagekit.io/OE/nelson-county/listings/point-of-view-image1_xsk3WSAG3","Snow-covered landscape with bare trees, mountains, and blue sky with clouds.","","https://ik.imagekit.io/OE/nelson-county/listings/point-of-view-image2_F7HbHWOzm","Spacious living room with high wooden ceiling and stone fireplace, cozy seating area.","","","","","","","Wintergreen Resort, Roseland, VA 22967","josh","","","https://www.google.com/maps/dir/?api=1&destination=Wintergreen%20Resort%2C%20Roseland%2C%20VA%2022967","Scenic Views; Full Kitchen; Cabins; Lodging","false","https://www.google.com/maps/dir/?api=1&destination=Wintergreen%20Resort%2C%20Roseland%2C%20VA%2022967","Menu & Offerings","And enjoy the outdoors while relaxing on the many seating opportunities provided on the two-story deck. The expansive high-end chef's kitchen includes tons of storage and unique countertops (made from recycled paper. ), an induction cooktop, wall oven, microwave, refrigerator/freezer, beverage fridge, two sinks, two dishwashers (for easy clean up.","Important Information","*Lodging descriptions are provided by the host and not independently verified.","Location & Directions","Andria Mc Clellan, andria. N/A Find us at Roseland.","",""
"192","The Inn at Blue Mountain Brewery","the-inn-at-blue-mountain-brewery","Cabins & Cottages","stay","Afton","The Inn at Blue Mountain Brewery is a 4,000 sq ft Cape Cod home beside the brewery with wraparound porch, hot tub, fire pit, and private path to the taproom.","","https://ik.imagekit.io/OE/nelson-county/listings/the-inn-at-blue-mountain-brewery-image1_iQ5F3SfRK","White house with porch, surrounded by trees and manicured lawn under blue sky.","","https://ik.imagekit.io/OE/nelson-county/listings/the-inn-at-blue-mountain-brewery-image2_cvp8LorNA","Living room with beige sofas, red rug, fireplace, and large windows.","","","","","","","9519 Critzers Shop Road, Afton, VA 22920","josh","","","https://www.google.com/maps/dir/?api=1&destination=9519%20Critzers%20Shop%20Road%2C%20Afton%2C%20VA%2022920","Pool; Beer; Outdoor Seating; Cabins; Lodging; Tastings","false","https://www.google.com/maps/dir/?api=1&destination=9519%20Critzers%20Shop%20Road%2C%20Afton%2C%20VA%2022920","","","","","","","",""
"193","Gracewood","gracewood","Cabins & Cottages","stay","Afton","Gracewood is a modernized cottage tucked off Route 151 with two miles of private trails, quiet setting, and easy access to wineries and breweries. Gracewood hides just off Route 151, pairing a quiet modern cottage with two miles of private trails that drop you into wine-and-beer country in minutes.","","https://ik.imagekit.io/OE/nelson-county/listings/gracewood-image1_M-DOchOiM","Lush garden with green shrubs and small building in background.","","https://ik.imagekit.io/OE/nelson-county/listings/gracewood-image2_xJfVn-RK6k","Modern kitchen with white cabinets, black countertops, and island with place settings.","","","","","","","Nellysford, VA 22958","josh","","","https://www.google.com/maps/dir/?api=1&destination=Nellysford%2C%20VA%2022958","Cabins; Lodging","false","https://www.google.com/maps/dir/?api=1&destination=Nellysford%2C%20VA%2022958","Trail Information","5 miles hiking from the cottage brings you to the Appalachian Trail from the cottage.","Additional Accommodation Information","Close to hiking anywhere. Perfect balance between totally quiet and close to Route 151.","Important Information","*Lodging descriptions are provided by the host and not independently verified.","Location & Directions","Michael Penny, michael@savvyrest. N/A Find us at Afton."
"194","The Chimneys","the-chimneys","Cabins & Cottages","stay","Montebello","The Chimneys is an 1800s hand-hewn log cabin for unplugged stays, ideal for guests seeking a rustic, off-grid Nelson County experience. Stays at The Chimneys feel like traveling back to the 1800s: a hand-hewn log cabin, no distractions, and pure Nelson County forest for an off-grid reset.","","https://ik.imagekit.io/OE/nelson-county/listings/the-chimneys-image1_u5cR87lJ9","Log cabin with stone chimney surrounded by lush green forest.","","https://ik.imagekit.io/OE/nelson-county/listings/the-chimneys-image2_sNFxu8Fy4p","Modern kitchen with blue island, pendant light, and stainless appliances.","","","","","","","Roseland, VA 22967","josh","","","https://www.google.com/maps/dir/?api=1&destination=Roseland%2C%20VA%2022967","Cabins; Adventure; Lodging","false","https://www.google.com/maps/dir/?api=1&destination=Roseland%2C%20VA%2022967","History","This historic 1800s cabin remains much the same as when it was built. It is ideal for the adventurous soul looking to disconnect.","Important Information","*Lodging descriptions are provided by the host and not independently verified.","Location & Directions","Margaret Stahl, maggiestahl11@gmail. N/A Find us at Montebello.","",""
"195","The Carriage House at Stagebridge Farm","the-carriage-house-at-stagebridge-farm","Bed and Breakfast","stay","Lovingston","The Carriage House at Stagebridge Farm is an Airbnb studio above the farm's workshop with king bed, EV charging, balcony views, and fast Wi-Fi. The Carriage House at Stagebridge Farm stacks perks into its studio loft—king bed, EV charger, speedy Wi-Fi, and sunrise balcony views washed in fresh mountain air. Lovingston is a great destination for history buffs as the Lovingston Historic District and the courthouse are both listed on the National Register of Historic Places.","","https://ik.imagekit.io/OE/nelson-county/listings/the-carriage-house-at-stagebridge-farm-image1_X0jZ1Dz6N","Vineyard with rows of grapevines, house, mountain, under clear blue sky.","","https://ik.imagekit.io/OE/nelson-county/listings/the-carriage-house-at-stagebridge-farm-image2_ocUi_5vRa","Spacious bedroom with large windows, wooden beams, and stylish furnishings.","","","","","","","Stagebridge Farm, Lovingston, VA 22949","josh","","","https://www.google.com/maps/dir/?api=1&destination=Stagebridge%20Farm%2C%20Lovingston%2C%20VA%2022949","Lodging; Wine; Farm; EV Charging; Breakfast; Wi-Fi","false","https://www.google.com/maps/dir/?api=1&destination=Stagebridge%20Farm%2C%20Lovingston%2C%20VA%2022949","History","Lovingstown, Virginia, as it was first named, began with a land grant and a need to build a courthouse and a county seat for the newly created Nelson County in 1809. James Loving that same year and thus began the construction of this charming historic village. There were 49 lots parceled off in nearly equal measure and then sold.","Contact & Location","Bright Hope Baptist Church, a historic African-American landmark in Lovingston that overlooks the village. The church was built along with a school in 1870 to serve the freed men and women of Nelson. The kept area has over 100 marked graves.","Amenities & Features","Than a meal, head to Wood Ridge Farm Brewery, where a food truck is usually available. It’s a family-friendly place with plenty of outdoor activities. Want to know something interesting.","",""
"196","Indigo House Bed & Breakfast","indigo-house-bed-and-breakfast","Bed and Breakfast","stay","Afton","Indigo House treats guests to four artfully curated, dog-friendly rooms plus chef-prepped breakfasts before they set off for Skyline Drive, Shenandoah National Park, or the Nelson 151 beverage trail.","","https://ik.imagekit.io/OE/nelson-county/listings/indigo-house-bed-breakfast-image1_Vw7sPK22H","Cozy house with stone facade, surrounded by trees and mountain views.","","https://ik.imagekit.io/OE/nelson-county/listings/indigo-house-bed-breakfast-image2_-xbLE1vcJ","Bedroom with blue wall, white bed, large window showcasing scenic outdoor view.","","","","","","(434) 989-6766","451 Indigo Lane, Afton, VA 22920","josh","","","https://www.google.com/maps/dir/?api=1&destination=451%20Indigo%20Lane%2C%20Afton%2C%20VA%2022920","Pet Friendly; Breakfast; Scenic Views; Lodging","false","https://www.google.com/maps/dir/?api=1&destination=451%20Indigo%20Lane%2C%20Afton%2C%20VA%2022920","Menu & Offerings","Earning them the reputation of""laid-back luxury"" from guests and publications such as Garden & Gun, The Washingtonian, and Virginia Living. Guests enjoy: An adults-only property. This boutique bed & breakfast was built in 2022 and purposefully designed as an intentional space to unwind for those 24 and up.","Accommodation Information","There’s something to do in Afton every season of the year.","Location & Directions","Stephanie Thomas, info@indigohouseva. Yes Find us at Afton.","",""
"197","Papa's Cottage","papas-cottage","Cabins & Cottages","stay","Afton","Papa's Cottage is a mid-century two-bedroom bungalow with private hot tub, updated interiors, and valley views minutes from Route 151 wine country. Papa's Cottage proves mid-century bones can still wow, thanks to a new hot tub, designer interiors, and valley vistas just a few minutes from the wine trail.","","https://ik.imagekit.io/OE/nelson-county/listings/papa-s-cottage-image1_iLmu3PQJn","Covered patio with seating, hot tub, string lights, and decorative plants.","","https://ik.imagekit.io/OE/nelson-county/listings/papa-s-cottage-image2_c3F3XIbhl","Cozy living room with brown sofa, pillows, and open kitchen in background.","","","","","","","Afton, VA 22920","josh","","","https://www.google.com/maps/dir/?api=1&destination=Afton%2C%20VA%2022920","Scenic Views; Cabins; Lodging","false","https://www.google.com/maps/dir/?api=1&destination=Afton%2C%20VA%2022920","Menu & Offerings","This charming Mid-Century Modern cottage includes a private HOT TUB for you. Tucked away in the heart of Nelson County wine country, this little bungalow is perfect for two couples or a small family. This two bedroom, one bath freshly updated ranch is perched up on a small hill on the side of Afton Mountain, overlooking the valley.","Accommodation Information","There’s something to do in Afton every season of the year.","Location & Directions","Scott Koehler, scottlkoehler@yahoo. N/A Find us at Afton.","",""
"198","Meme's Cottage","memes-cottage","Cabins & Cottages","stay","Afton","Meme's Cottage is an updated mid-century getaway for two couples, tucked into woods near Route 151 with modern finishes and quiet deck space. Meme's Cottage is tailor-made for two couples or a small family seeking privacy—modernized 1950s architecture, wooded deck, and an easy hop to Route 151 tasting rooms.","","https://ik.imagekit.io/OE/nelson-county/listings/meme-s-cottage-image1_WpucqZ33l","White house with blue door, surrounded by green trees and grass, outdoor game nearby.","","https://ik.imagekit.io/OE/nelson-county/listings/meme-s-cottage-image2_VGkuXlmBC","Bright kitchen and dining area with white cabinets and wooden floor.","","","","","","","Afton, VA 22920","josh","","","https://www.google.com/maps/dir/?api=1&destination=Afton%2C%20VA%2022920","Beer; Full Kitchen; Outdoor Seating; Cabins; Lodging; Tastings","false","https://www.google.com/maps/dir/?api=1&destination=Afton%2C%20VA%2022920","Location & Directions","Close to so much, and reasonably-priced for a private, upscale, two bedroom house.","Important Information","*Lodging descriptions are provided by the host and not independently verified.","Additional Location Information","Heather Koehler, scottlkoehler@yahoo. N/A Find us at Afton.","",""
"199","Cheval Circle","cheval-circle","Cabins & Cottages","stay","Afton","Cheval Circle is a rustic three-bedroom home on a meadow beside a horse farm, offering mountain views and easy drives to Afton attractions. The house feels remote and rural, yet is close to so much of what Nelson County has to offer.","","https://ik.imagekit.io/OE/nelson-county/listings/cheval-circle-image1_fOJj41ghsQ","Hot tub under wooden gazebo, surrounded by trees and clear blue sky.","","https://ik.imagekit.io/OE/nelson-county/listings/cheval-circle-image2_lfF_LxYpL","Cozy living room with gray sofa, fireplace, and large windows, wood floor.","","","","","","","Afton, VA 22920","josh","","","https://www.google.com/maps/dir/?api=1&destination=Afton%2C%20VA%2022920","Scenic Views; Cabins; Lodging","false","https://www.google.com/maps/dir/?api=1&destination=Afton%2C%20VA%2022920","Menu & Offerings","Clean, charmingly rustic, well-appointed and in the heart of Virginia Wine Country,“Cheval Circle” is just a short drive from many of Nelson County’s most popular destinations, including dozens of wineries and breweries and the Afton Mountain Tunnel. Enjoy the beautiful mountain views and the quiet horse farm just across the meadow.","Important Information","*Lodging descriptions are provided by the host and not independently verified.","Location & Directions","Heather Koehler, scottlkoehler@yahoo. N/A Find us at Afton.","",""
"200","The Wine Cottage","the-wine-cottage","Cabins & Cottages","stay","Afton","The Wine Cottage is a mid-century ranch with updated interiors, mountain views, and a private fire pit minutes from Nelson 151 tasting rooms.","","https://ik.imagekit.io/OE/nelson-county/listings/the-wine-cottage-image1_XiGtHjWQI","Brick house with triangular roof and six blue chairs on lawn.","","https://ik.imagekit.io/OE/nelson-county/listings/the-wine-cottage-image2_CYT2yfryX","Modern kitchen with island, bar stools, stainless appliances, wooden floor, warm lighting.","","","","","","","Afton, VA 22920","josh","","","https://www.google.com/maps/dir/?api=1&destination=Afton%2C%20VA%2022920","Scenic Views; Tastings; Wine; Cabins; Lodging","false","https://www.google.com/maps/dir/?api=1&destination=Afton%2C%20VA%2022920","","","","","","","",""
"201","Carter's Cottage","carters-cottage","Cabins & Cottages","stay","Afton","Also just a short drive from many of Nelson County’s most popular destinations, including Devil’s Backbone, Bold Rock Cidery, and Wintergreen Visitors can walk to Three Notch'd. Then go home and sit in your own hot tub.","","https://ik.imagekit.io/OE/nelson-county/listings/carter-s-cottage-image1_ydn0TnyDb","Wooden chairs in circle around fire pit on gravel patio.","","https://ik.imagekit.io/OE/nelson-county/listings/carter-s-cottage-image2_VB2OzoF4k","Modern kitchen with island, barstools, stainless steel appliances, and 'Gather' sign above.","","","","","","","Nellysford, VA 22958","josh","","","https://www.google.com/maps/dir/?api=1&destination=Nellysford%2C%20VA%2022958","Cabins; Lodging; Farm","false","https://www.google.com/maps/dir/?api=1&destination=Nellysford%2C%20VA%2022958","Accommodation Details","Nestled in the heart of Nelson County, Carter's Cottage emerges as a serene retreat, offering a blend of comfort and convenience to those seeking to escape the hustle and bustle of daily life. This charming cabin stands as an inviting home base, situated just a stone's throw away from some of the area's most celebrated attractions. Whether your adventures lead you to the rugged trails of Devil’s Backbone, the crisp apple orchards of Bold Rock Cidery, or the scenic vistas at Wintergreen, you'll find that Carter's Cottage offers an ideal location to explore the vibrant landscape of Nelson County.

But the allure of Carter's Cottage extends beyond its convenient location. For those who cherish the simple joy of a leisurely stroll, the cottage is within walking distance to Three Notch'd, where you can immerse yourself in the local culture and perhaps enjoy a pint of craft beer. And when the day's adventures have come to an end, there's no better way to unwind than by retreating to the privacy of your own hot tub. Situated in the tranquil surroundings of your cottage, this hot tub offers a perfect sanctuary where you can soothe your muscles, reflect on the day's experiences, and simply bask in the peace and quiet of your temporary abode.

Carter's Cottage isn't just a place to stay; it's a gateway to a multitude of experiences, a cozy haven where memories are made, and an intimate space where relaxation is paramount. Whether you're an outdoor enthusiast eager to explore the natural wonders of Nelson County, or simply in need of a peaceful getaway, Carter's Cottage promises a stay that's as enriching as it is comfortable.","Important Information","Nestled in the heart of Nelson County, Carter's Cottage emerges as a quintessential escape for those looking to immerse themselves in the tranquility of nature without straying too far from the vibrant offerings of local attractions. It's important to note that the descriptions of this charming lodging have been graciously provided by the host, offering a personal insight into the cottage's allure, though they haven't been independently verified.

Carter's Cottage is not just a place to stay; it's a portal to the plethora of experiences that Nelson County has to offer. A mere stone's throw away, guests will find themselves enchanted by the renowned Devil’s Backbone, the crisp, innovative flavors of Bold Rock Cidery, and the breathtaking vistas available to those who venture to the Wintergreen Visitors Center. For those who prefer a more leisurely pace, a short walk will lead you to Three Notch'd, where the local flavors and community spirit are as rich as the history surrounding them.

After a day of exploration and adventure, Carter's Cottage beckons you back with the promise of comfort and serenity. Here, you can unwind and reflect on the day's journey, enveloped by the calming embrace of this cozy retreat. Whether you're seeking adventure, relaxation, or a harmonious blend of both, Carter's Cottage offers an idyllic base from which to explore the treasures of Nelson County.","Location & Directions","Discover the charm and comfort of Carter's Cottage, a cozy retreat nestled in the heart of Afton, part of the scenic Nelson County. This idyllic cabin offers not only a tranquil escape but also positions you a stone's throw away from some of the area's most celebrated attractions. Whether you're looking to explore the great outdoors or indulge in the local flavors, Carter's Cottage is your perfect base.

A mere short drive connects you to the vibrant destinations that dot Nelson County. Embark on a journey to Devil’s Backbone, a renowned brewery where the art of craft beer meets the beauty of the Virginia landscape. Not far from there, Bold Rock Cidery invites you to savor the crisp, refreshing taste of their crafted ciders, an experience that epitomizes the essence of the region. For those seeking a bit more adventure, the Wintergreen Resort is easily accessible, offering a plethora of activities no matter the season, from skiing to hiking, ensuring your days can be as active or relaxed as you desire.

For those who prefer to explore the beauty of the area on foot, the convenience of Carter's Cottage shines even brighter. A leisurely walk will take you to Three Notch'd, a local spot that's perfect for soaking in the local vibe and perhaps enjoying a bite or a sip of something uniquely Virginian.

As your day winds down, Carter's Cottage becomes your serene haven. Return from your adventures and enjoy the simple pleasure of sitting in the comfort of your temporary home, surrounded by the quiet beauty of Afton. This cottage is not just a place to stay; it's a doorway to a myriad of experiences that Nelson County has to offer, all while providing a peaceful retreat to recharge and relish the memories made.

At Carter's Cottage, you're not just booking a stay; you're unlocking the door to an unforgettable adventure in Nelson County, where every turn on the road and every sip of a local brew tells a story. Welcome to your home away from home.","",""
"202","Beech Grove Cottage","beech-grove-cottage","Cabins & Cottages","stay","Roseland","Beech Grove Cottage is a renovated 1920s bungalow across from Devils Backbone with fiber internet, huge yard, and fire pit for six guests. Beech Grove Cottage is a lovingly restored 1920s bungalow across from Devils Backbone, now sporting fiber internet, a spacious yard, and a fire pit that seats the whole crew.","","https://ik.imagekit.io/OE/nelson-county/listings/beech-grove-cottage-image1_jL7Nd6cfH","Yellow daffodils in grassy yard before small house with blue roof.","","https://ik.imagekit.io/OE/nelson-county/listings/beech-grove-cottage-image2_C2qlV-tLb","Spacious living room with large green sofa, colorful pillows, and wood accents.","","","","","","","200 Mosbys Run, Roseland, VA 22967","josh","","","https://www.google.com/maps/dir/?api=1&destination=200%20Mosbys%20Run%2C%20Roseland%2C%20VA%2022967","Cabins; Lodging","false","https://www.google.com/maps/dir/?api=1&destination=200%20Mosbys%20Run%2C%20Roseland%2C%20VA%2022967","Area Information","The perfect cozy escape. Beautiful, thoughtfully and fully renovated 1920's bungalow in the heart of the best of Nelson County. Roomy, stylish, light filled.","Important Information","*Lodging descriptions are provided by the host and not independently verified.","Location & Directions","Jill Averitt, jill@raveritt. N/A Find us at Roseland.","",""
"203","Montebello Resort","montebello-resort","Cabins & Cottages","stay","Montebello","Lake, trout pond, and unique country store all on site; close to historical sites and hiking; relax, unplug, and unwind.","","https://ik.imagekit.io/OE/nelson-county/listings/montebello-resort-image1_ghrMpW_B3","Small wooden cabin with a porch, surrounded by green trees and sunlight.","","https://ik.imagekit.io/OE/nelson-county/listings/montebello-resort-image2_5p3CUVkbm","Rustic wooden cabin interior with leather chairs, stone fireplace, and large windows.","","","","","","(540) 377-2650","15090 Crabtree Falls Highway, Montebello, VA 24464","josh","","","https://www.google.com/maps/dir/?api=1&destination=15090%20Crabtree%20Falls%20Highway%2C%20Montebello%2C%20VA%2024464","Cafe; Retail; Cabins; Pet Friendly; Lodging","false","https://www.google.com/maps/dir/?api=1&destination=15090%20Crabtree%20Falls%20Highway%2C%20Montebello%2C%20VA%2024464","History","Lake, trout pond, and unique country store all on site; close to historical sites and hiking; relax, unplug, and unwind.","Important Information","*Lodging descriptions are provided by the host and not independently verified.","Location & Directions","Christy Humphreys, christy@montebellova. Yes Find us at Montebello.","",""
"204","Freshwater Field Cabin","freshwater-field-cabin","Cabins & Cottages","stay","Lovingston","Freshwater Field Cabin sits on a private farm hollow near Lovingston with hiking trails, horse pastures, and easy drives to Nelson attractions.","","https://ik.imagekit.io/OE/nelson-county/listings/freshwater-field-cabin-image1_GaffeUlSd","Red two-story house with patio furniture, umbrella, and trees in background.","","https://ik.imagekit.io/OE/nelson-county/listings/freshwater-field-cabin-image2_Vvm1QAsB9","Blue sofa in cozy room with fireplace, decorative rug, and wooden elements.","","","","","","","Lovingston, VA 22949","josh","","","https://www.google.com/maps/dir/?api=1&destination=Lovingston%2C%20VA%2022949","Farm; Cabins; Equestrian; Lodging","false","https://www.google.com/maps/dir/?api=1&destination=Lovingston%2C%20VA%2022949","Trail Information","The Freshwater Field Cabin is very private, located on a farm nestled in a mountain hollow, but only 5 miles from route 29. It is rustic and secluded but comfortable. Enjoy hiking the trails on the property, watching the horses in the fields, or visiting local attractions.","Important Information","*Lodging descriptions are provided by the host and not independently verified.","Location & Directions","Kathy Bryant, kcjcbryant@hotmail. No Find us at Lovingston.","",""
"205","Four Elements Farm","four-elements-farm","Whole House Rentals","stay","Roseland","Four Elements Farm is a 116-acre retreat with farmhouse lodging, hot tub, pond, friendly goats, and proximity to Devils Backbone and Wintergreen. Four Elements Farm stretches across 116 acres of pasture, pond, and woodland, offering farmhouse lodging, a hot tub, and friendly resident goats between Devils Backbone and Wintergreen.","","https://ik.imagekit.io/OE/nelson-county/listings/four-elements-farm-image1_wcYZqjjij","Pond surrounded by trees with house in the background under blue sky.","","https://ik.imagekit.io/OE/nelson-county/listings/four-elements-farm-image2_bzJusRdqT","Cozy living room with sofas, patterned rug, stone fireplace, and wood-paneled ceiling.","","","","","","","Roseland, VA 22967","josh","","","https://www.google.com/maps/dir/?api=1&destination=Roseland%2C%20VA%2022967","Lodging; Farm; Pet Friendly; Cabins","false","https://www.google.com/maps/dir/?api=1&destination=Roseland%2C%20VA%2022967","Accommodation Information","The joys of farm living with your family and friends.","Contact & Location","Secluded quiet home on 116 acres with goats and ducks guests can feed and pet. Peace and quiet but less than a mile to Devils Backbone and minutes to Wintergreen. The best of both worlds.","Important Information","*Lodging descriptions are provided by the host and not independently verified.","Location & Directions","Craig Griffin, wiredbikecraig@gmail. Yes Find us at Roseland."
"206","Time to Wine Down","time-to-wine-down","Whole House Rentals","stay","Afton","Time to Wine Down is a five-bedroom Afton retreat on two acres with dual living rooms, basement game space, air hockey, expansive fire pit, and string-lit outdoor dining near the Route 151 beverage trail. What makes Time to Wine Down truly unique is its perfect blend of vintage charm and modern amenities, all set on two peaceful acres in the heart of Virginia's wine country.","","https://ik.imagekit.io/OE/nelson-county/listings/time-to-wine-down-image1_fT10VW1Dd","White house with black roof, driveway, surrounded by green trees and lawn.","","https://ik.imagekit.io/OE/nelson-county/listings/time-to-wine-down-image2_bBVJXZfT0","Cozy living room with gray sofa, armchairs, fluffy ottoman, and ceiling fan.","","","","","","","Afton, VA 22920","josh","","","https://www.google.com/maps/dir/?api=1&destination=Afton%2C%20VA%2022920","Outdoor Seating; Wine; Cabins; Lodging","false","https://www.google.com/maps/dir/?api=1&destination=Afton%2C%20VA%2022920","Menu & Offerings","What makes Time to Wine Down truly unique is its perfect blend of vintage charm and modern amenities, all set on two peaceful acres in the heart of Virginia's wine country. This 5-bedroom home offers plenty of space, with two living rooms for relaxing and gathering. Outside, the expansive fire pit area with string lights creates a magical setting for evening conversations, while the grill and outdoor dining table make it easy to enjoy meals in the fresh air.","Important Information","*Lodging descriptions are provided by the host and not independently verified.","Location & Directions","Pathway Properties, hello@pathwaypropertiesva. No Find us at Afton.","",""
"207","Love Afton Cabin","love-afton-cabin","Cabins & Cottages","stay","Afton","Love Afton Cabin sprawls across 11.5 private acres with multiple decks, a stocked pond, and lounge-ready common areas so big groups can fish, grill, and stargaze without ever leaving the property. Love Afton Cabin is a one-of-a-kind mountain retreat offering a blend of comfort, adventure, and relaxation.","","https://ik.imagekit.io/OE/nelson-county/listings/love-afton-cabin-image1_IwkNAdICu","Hot tub with bubbling water overlooking lush green forest and mountains.","","https://ik.imagekit.io/OE/nelson-county/listings/love-afton-cabin-image2_P9fzatXa5-","Spacious wooden living room with large windows and cozy furniture.","","","","","","","5495 Mountain Road, Afton, VA 22920","josh","","","https://www.google.com/maps/dir/?api=1&destination=5495%20Mountain%20Road%2C%20Afton%2C%20VA%2022920","Outdoor Seating; Scenic Views; Cabins; Lodging; Water Sports; Fishing","false","https://www.google.com/maps/dir/?api=1&destination=5495%20Mountain%20Road%2C%20Afton%2C%20VA%2022920","Menu & Offerings","Love Afton Cabin is a one-of-a-kind mountain retreat offering a blend of comfort, adventure, and relaxation. The 5-bedroom home features two spacious living rooms, a game-packed garage, and a basement filled with entertainment options, including a pool table and arcade games. The outdoor space is equally impressive, with a large firepit illuminated by string lights, a 7-person hot tub, a sauna, and a custom play set for children.","Important Information","*Lodging descriptions are provided by the host and not independently verified.","Location & Directions","Pathway Properties, hello@pathwaypropertiesva. No Find us at Afton.","",""
"208","Meili Mountain","meili-mountain","Whole House Rentals","stay","Nelson County","Meili Mountain offers rustic creekside camping on private land for quiet, leave-no-trace stays near Nelson County trails.","","https://ik.imagekit.io/OE/nelson-county/listings/meili-mountain-image1_n3-A_-AKC","Small cabin in lush forest with sunlight filtering through trees.","","https://ik.imagekit.io/OE/nelson-county/listings/meili-mountain-image2_HMlw7x_vw","Blue cabin in lush green forest clearing with firepit and wooden deck.","","","","","","","Nelson County, VA","josh","","","https://www.google.com/maps/dir/?api=1&destination=Nelson%20County%2C%20VA","Scenic Views; Pet Friendly","false","https://www.google.com/maps/dir/?api=1&destination=Nelson%20County%2C%20VA","Important Information","Nestled within the embrace of nature, Meili Mountain presents a unique camping experience on private land, offering a rustic creekside retreat for those who yearn for tranquility and a deep connection with the natural world. This exclusive haven is situated near the enchanting trails of Nelson County, making it an ideal spot for adventurers and nature lovers alike. The accommodations at Meili Mountain are thoughtfully described by the host, offering a glimpse into the serene and untouched landscape that awaits guests. While these descriptions come directly from the host and have not been independently verified, they paint a vivid picture of a peaceful escape where one can indulge in a quiet, leave-no-trace stay.

At Meili Mountain, the commitment to preserving the pristine beauty of the surroundings is paramount. Guests are invited to immerse themselves in the tranquil ambiance, with the gentle murmur of the creek providing a soothing backdrop. This exclusive location is not just a place to rest but a gateway to exploring the lush trails of Nelson County, where the air is fresh, and the landscapes are breathtaking. The essence of Meili Mountain is captured in the rustic charm of camping by the creek, offering an unparalleled outdoor experience for those who seek to disconnect from the bustle of daily life and reconnect with nature.

In embracing the spirit of adventure and the ethos of conservation, Meili Mountain stands as a testament to the beauty of the natural world and the joy of simple, sustainable living. This special retreat invites guests to explore, to rest, and to find peace in the heart of nature, all while respecting the delicate balance of the environment that makes this experience possible.","Trail Information","Nestled in the heart of nature's serene beauty, Meili Mountain presents an idyllic escape for those yearning for a rustic creekside camping experience. This unique retreat, situated on private land, provides the perfect setting for tranquil, leave-no-trace stays, catering to the eco-conscious traveler. Located near Nelson County's picturesque trails, it promises an unforgettable outdoor adventure.

For inquiries and further information, reach out to Jim McCullough at jim@meilimountain.com. Discover this hidden gem at Tyro, where the embrace of nature is around every bend and the tranquility of the creek whispers the promise of relaxation and rejuvenation.

As you prepare to immerse yourself in the untouched beauty of Meili Mountain, let the allure of the surrounding trails beckon you to explore. The area is a treasure trove for enthusiasts and casual hikers alike, offering a plethora of paths that meander through the lush landscape, revealing breathtaking vistas and the serene harmony of the natural world. 

Embark on a journey through these trails, where every step brings a new discovery and the opportunity to connect with the earth underfoot. Whether you're seeking a leisurely walk to clear your mind or an adventurous trek to challenge your limits, Meili Mountain and its surroundings offer an array of experiences to satisfy your wanderlust.

So pack your bags, lace up your hiking boots, and set forth on an adventure at Meili Mountain, where the wonders of the great outdoors await.","","","",""
"209","Adventure Awaits","adventure-awaits","Whole House Rentals","stay","Roseland","Adventure Awaits is a pet-friendly Wintergreen home two minutes from the slopes with hot tub, fire pit, multiple living areas, and five smart TVs. Adventure Awaits lives up to its name with a hot tub, multiple lounges, pet-friendly policies, and a location two minutes from Wintergreen's slopes and hiking shuttles.","","https://ik.imagekit.io/OE/nelson-county/listings/adventure-awaits-image1_OIGAS5SOy","Dark house with warm lights, surrounded by trees, gravel driveway in foreground.","","https://ik.imagekit.io/OE/nelson-county/listings/adventure-awaits-image2_S-y5X3SnV","Living room with staircase, colorful chairs, patterned furniture, large windows, wooden floor.","","","","","","","Wintergreen Resort, Roseland, VA 22967","josh","","","https://www.google.com/maps/dir/?api=1&destination=Wintergreen%20Resort%2C%20Roseland%2C%20VA%2022967","Pet Friendly; Scenic Views; Skiing","false","https://www.google.com/maps/dir/?api=1&destination=Wintergreen%20Resort%2C%20Roseland%2C%20VA%2022967","Amenities & Features","Welcome to Adventure Awaits at Wintergreen Resort, where the charm of the Blue Ridge Mountains meets luxury, convenience, and adventure. Our pet-friendly home is perfectly located just two minutes from the ski lifts, offering an ideal retreat for adventurers, families, and relaxation seekers. Whether you’re savoring s’mores by the outdoor fire pit, unwinding in the hot tub, exploring nearby trails, or enjoying the cozy amenities of the home, your stay is designed to be unforgettable.","Menu & Offerings","Nestled in the heart of Wintergreen, Adventure Awaits serves as the quintessential retreat for those looking to immerse themselves in the splendor of outdoor escapades without forsaking the comforts of home. This pet-friendly abode is just a stone's throw away from the exhilarating ski slopes, a mere two-minute drive, ensuring that your adventures on the snow are never far from your doorstep. But the allure of Adventure Awaits extends far beyond its convenient location.

Upon arrival, guests are greeted by a private, oversized parking area, providing ample space for vehicles and making the process of unpacking a breeze. The home itself is a haven of comfort and leisure, boasting plush mattresses that promise a restful night's sleep after a day of adventure. For entertainment, five smart TVs are strategically placed throughout the residence, offering a myriad of viewing options for guests of all ages.

But what truly sets Adventure Await","Important Information","Nestled in the heart of Wintergreen, Adventure Awaits stands as a beacon of relaxation and thrills for those looking to escape the mundane. This pet-friendly abode is more than just a place to stay; it is a sanctuary mere two minutes from the exhilarating slopes, promising adventures at every turn. With amenities designed to pamper and entertain, the home features a luxurious hot tub, an inviting fire pit, multiple living spaces to unwind, and not one, but five smart TVs to cater to all your entertainment needs. It's important to note, while the enchanting descriptions of this lodging are provided by the host, they have not been independently verified, yet they paint a vivid picture of what to expect.

Adventure Awaits lives up to its name by offering an unparalleled experience in comfort and adventure. Whether you're looking to hit the slopes for some skiing, cozy up by the fire pit with a warm drink, or simply relax in the hot tub under the stars, this home offers it all. The multiple living areas ensure that everyone in your group, be it family or friends, finds their own cozy nook to relax, making it the perfect retreat for creating lasting memories. The inclusion of five smart TVs across the home means that entertainment is always at your fingertips, whether you're catching up on your favorite shows or winding down with a movie night.

As you plan your escape to Adventure Awaits, remember that this haven of relaxation and thrill is designed to accommodate your furry friends as well, making it the ideal getaway for pet owners. The proximity to the slopes and the plethora of in-home amenities make it a standout choice for those seeking both adventure and relaxation. So pack your bags, grab your skis, and prepare for an unforgettable experience at Adventure Awaits, where every detail is tailored to ensure your stay is nothing short of spectacular.","Location & Directions","At Adventure Awaits, your gateway to an unforgettable mountain escape is nestled in the heart of Roseland, courtesy of Pathway Properties. This enchanting Wintergreen home is more than just a place to stay; it's a destination where excitement and relaxation blend seamlessly. Reach out to us at hello@pathwaypropertiesva for any inquiries or guidance as you plan your journey to this remarkable retreat.

Adventure Awaits is not just strategically located a mere two minutes from the thrilling slopes but also offers an array of amenities that cater to every desire. Whether you're looking to unwind in the soothing embrace of a hot tub, gather around a crackling fire pit under a starlit sky, or enjoy the comfort of multiple living areas and the modern convenience of five smart TVs, this pet-friendly haven has it all.

Set amidst the serene beauty of Roseland, Adventure Awaits promises an experience that is as convenient as it is captivating. Its location not only makes it the perfect base for your skiing adventures but also places you in the heart of nature's splendor, inviting you to explore, relax, and create memories that will last a lifetime."
"210","Wintergreen Ridge Retreat","wintergreen-ridge-retreat","Whole House Rentals","stay","Wintergreen Resort","Wintergreen Ridge Retreat is a four-bedroom mountain home sleeping ten with expansive decks, hot tub, and easy access to Wintergreen lifts and trails. Wintergreen Ridge Retreat sleeps ten across four bedrooms, surrounding guests with wraparound decks, a bubbling hot tub, and instant access to resort lifts and trailheads.","","https://ik.imagekit.io/OE/nelson-county/listings/wintergreen-ridge-retreat-image1_Po9HDslHo","Spacious living room with brown leather sofas, large windows, and wooden ceiling.","","https://ik.imagekit.io/OE/nelson-county/listings/wintergreen-ridge-retreat-image2_CN_I0Hhgb","Rustic house with peaked roof, surrounded by bare trees and autumn leaves.","","","","","","","Wintergreen Resort, Nellysford, VA 22958","josh","","","https://www.google.com/maps/dir/?api=1&destination=Wintergreen%20Resort%2C%20Nellysford%2C%20VA%2022958","Outdoor Seating; Scenic Views; Pet Friendly","false","https://www.google.com/maps/dir/?api=1&destination=Wintergreen%20Resort%2C%20Nellysford%2C%20VA%2022958","Contact & Location","The retreat comfortably accommodates up to 10 guests across 3 well-appointed bedrooms and loft bedroom. The main level features 2 cozy bedrooms for easy access (Bedroom 2 King and Bedroom 3 two Queen Beds). While the upper level offers a private sanctuary the primary bedroom with attached bathroom (Bedroom 1 King).","Important Information","*Lodging descriptions are provided by the host and not independently verified.","Location & Directions","Pathway Properties, hello@pathwaypropertiesva. Yes Find us at Wintergreen.","",""
"211","Maren Estate","maren-estate","Cabins & Cottages","stay","Afton","Maren Estate is a 7,200-square-foot luxury home on a 50-acre farm with seasonal pool, year-round hot tub, bocce court, and beer garden. Maren Estate is a 7,200-square-foot showstopper on a 50-acre farm—think seasonal swimming pool, all-season hot tub, bocce court, beer garden, and endless mountain views.","","https://ik.imagekit.io/OE/nelson-county/listings/maren-estate-image1_XH7pGtdID","Rolling hills with autumn trees, house, and small pond under clear sky.","","https://ik.imagekit.io/OE/nelson-county/listings/maren-estate-image2_pMkBseFcr","Spacious living room with large windows, wooden beams, and elegant furniture.","","","","","","","Afton, VA 22920","josh","","","https://www.google.com/maps/dir/?api=1&destination=Afton%2C%20VA%2022920","Pool; Seasonal Menu; Beer; Pet Friendly; Cabins; Lodging; Farm","false","https://www.google.com/maps/dir/?api=1&destination=Afton%2C%20VA%2022920","Accommodation Information","Beautiful views of the Rockfish Valley and close proximity to vineyards, breweries, golf, etc.","Important Information","*Lodging descriptions are provided by the host and not independently verified.","Location & Directions","Kevin Lee, blueheavenchalet@gmail. Yes Find us at Afton.","",""
"212","The Blue Ridge Farm and Wedding Venue","the-blue-ridge-farm-and-wedding-venue","Cabins & Cottages","stay","Afton","The Blue Ridge Farm & Farmhouse doubles as a wedding-ready venue and a renovated lodging hub, offering vineyard vistas, six acres of event space, and quick hops to the Brew Ridge Trail. The Blue Ridge Farm & Farmhouse combines a six-acre event-ready property with renovated farmhouse lodging, vineyard views, and proximity to Brew Ridge Trail.","","https://ik.imagekit.io/OE/nelson-county/listings/the-blue-ridge-farm-and-wedding-venue-image1_0AvR3Ceow","Ornate design with text: 'The Blue Ridge Farm, Historic Afton, Virginia.'","","https://ik.imagekit.io/OE/nelson-county/listings/the-blue-ridge-farm-and-wedding-venue-image2_CfQ2xHiVQ","Gray living room with sectional sofa, colorful pillows, and patterned rug.","","","","","","","Afton, VA 22920","josh","","","https://www.google.com/maps/dir/?api=1&destination=Afton%2C%20VA%2022920","Lodging; Wine; Scenic Views; Events; Pet Friendly; Cabins","false","https://www.google.com/maps/dir/?api=1&destination=Afton%2C%20VA%2022920","","","","","","","",""
"213","Acorn Inn, Inc (Cottage, B&B and Group Retreat)","acorn-inn-inc-cottage-bb-and-group-retreat","Bed and Breakfast","stay","Faber","Acorn Inn operates an inn, cottage, and farmhouse retreat with shared gathering spaces, kitchenettes, and wraparound porches for groups and cyclists. Acorn Inn caters to cyclists and group retreats with multiple lodging options, wraparound porches, communal kitchens, and flexible gathering rooms surrounded by Nelson County backroads.","","https://ik.imagekit.io/OE/nelson-county/listings/acorn-inn-inc-cottage-b-b-and-group-retreat--image1_sxiLMGTZT","Double rainbow over red house on grassy hill with trees.","","https://ik.imagekit.io/OE/nelson-county/listings/acorn-inn-inc-cottage-b-b-and-group-retreat--image2_IvbaTRLO3","Cozy living room with colorful seating, fireplace, and decorative wall art.","","","","","","","2131 Stagebridge Road, Lovingston, VA 22949","josh","","","https://www.google.com/maps/dir/?api=1&destination=2131%20Stagebridge%20Road%2C%20Lovingston%2C%20VA%2022949","Lodging; Outdoor Seating; Breakfast; Pet Friendly; Farm","false","https://www.google.com/maps/dir/?api=1&destination=2131%20Stagebridge%20Road%2C%20Lovingston%2C%20VA%2022949","Important Information","*Lodging descriptions are provided by the host and not independently verified.","Accommodation Information","We've been running ACORN INN since 1987. Martin is a well-travelled cyclist from the Netherlands & Kathy is a photographer & printmaker. The Inn is full of art made by Kathy and from artisans around the world.","Location & Directions","Kathy & Martin Versluys, contact@acorninn. Yes Find us at Faber.","",""
"214","Cottage at Old Stoney Creek","cottage-at-old-stoney-creek","Cabins & Cottages","stay","Nellysford","Cottage at Old Stoney Creek blends hot tub soaks, creekside vistas, and deck-side fire pits into a two-bedroom retreat perfectly positioned for Route 151 tasting tours. This 2-bedroom, 1-bathroom vacation rental is the ideal home base for anything on your itinerary.","","https://ik.imagekit.io/OE/nelson-county/listings/cottage-at-old-stoney-creek-image1_-cveHGW-G","Stone archway leading to cottage surrounded by trees.","","https://ik.imagekit.io/OE/nelson-county/listings/cottage-at-old-stoney-creek-image2_L5kBeLggY","Rustic dining area with wooden walls, table setting, and wicker light fixture.","","","","","","","Nellysford, VA 22958","josh","","","https://www.google.com/maps/dir/?api=1&destination=Nellysford%2C%20VA%2022958","Outdoor Seating; Cabins; Lodging; Tastings; Beer","false","https://www.google.com/maps/dir/?api=1&destination=Nellysford%2C%20VA%2022958","Menu & Offerings","The perfect outdoor adventure is waiting for you at this charming home in Nellysford. This 2-bedroom, 1-bathroom vacation rental is the ideal home base for anything on your itinerary. Spend your day sipping to your heart’s content at a local winery, hiking the local trails, hitting the slopes at Wintergreen, or enjoying the fresh air on the deck overlooking the surrounding forest.","Important Information","*Lodging descriptions are provided by the host and not independently verified.","Location & Directions","Graham Howe, howegraham@hotmail. No Find us at Nellysford.","",""
"215","Blue Ridge Heaven","blue-ridge-heaven","Cabins & Cottages","stay","Roseland","Blue Ridge Heaven is a 3,200-square-foot Wintergreen home at 3,800 feet with three decks, renovated interiors, and sweeping southern views. Blue Ridge Heaven rises to 3,200 square feet and 3,800 feet of elevation, gifting guests three expansive decks, refreshed interiors, and sweeping southern panoramas at Wintergreen.","","https://ik.imagekit.io/OE/nelson-county/listings/blue-ridge-heaven-image1_nnjCOh4aN","Two-story house with large windows, wooden decks, surrounded by autumn trees.","","https://ik.imagekit.io/OE/nelson-county/listings/blue-ridge-heaven-image2_ssf3n-xI5","Pink armchair by large windows, overlooking mountains and trees, stone fireplace nearby.","","","","","","","Wintergreen Resort, Roseland, VA 22967","josh","","","https://www.google.com/maps/dir/?api=1&destination=Wintergreen%20Resort%2C%20Roseland%2C%20VA%2022967","Outdoor Seating; Full Kitchen; Scenic Views; Cabins; Lodging","false","https://www.google.com/maps/dir/?api=1&destination=Wintergreen%20Resort%2C%20Roseland%2C%20VA%2022967","Trail Information","Amazing long range views of the Blue Ridge Mountains and beyond.","Important Information","*Lodging descriptions are provided by the host and not independently verified.","Location & Directions","Vestal Tutterow, vestutt@gmail. No Find us at Roseland.","",""
"216","Dancing Bear Lodge","dancing-bear-lodge","Cabins & Cottages","stay","Roseland","Dancing Bear Lodge is a 2,000-square-foot cabin on 38 acres with sweeping mountain vistas, stone fireplace, and space for up to ten guests. Perched on 38 hilltop acres, Dancing Bear Lodge offers wall-to-wall windows, a massive stone fireplace, and bedding for up to ten guests chasing sunrise views.","","https://ik.imagekit.io/OE/nelson-county/listings/dancing-bear-lodge-image1_WfWOItua8","Wooden chairs around fire pit with mountain view and string lights overhead.","","https://ik.imagekit.io/OE/nelson-county/listings/dancing-bear-lodge-image2_4I1Ptj2TAz","Cozy living room with stone fireplace, wooden beams, and large windows with mountain view.","","","","","","","Roseland, VA 22967","josh","","","https://www.google.com/maps/dir/?api=1&destination=Roseland%2C%20VA%2022967","Scenic Views; Outdoor Seating; Cabins; Pet Friendly; Lodging","false","https://www.google.com/maps/dir/?api=1&destination=Roseland%2C%20VA%2022967","Contact & Location","On 38 acres with a spectacular mountain view, this place is for you. The property is a nice balance of seclusion while still having the comfort of modern amenities and prime location. You will be close to lots of wonderful wineries, cideries, breweries, distilleries (Nelson 151), and outdoor adventure activities.","Important Information","*Lodging descriptions are provided by the host and not independently verified.","Location & Directions","Katie Mc Kay, maplecreekproperties@outlook. Yes Find us at Roseland.","",""
"217","Windy Knoll","windy-knoll","Cabins & Cottages","stay","Afton","Windy Knoll is a light-filled mountain home on 3.5 acres with large decks, full kitchen, and loft suite overlooking Afton greenery. Windy Knoll's light-filled living spaces spill onto broad decks overlooking 3.5 private acres, giving families a tranquil base camp close to Afton attractions.","","https://ik.imagekit.io/OE/nelson-county/listings/windy-knoll-image1_YMhCRi9RI","A-frame house on grassy hill, surrounded by trees, with red chairs.","","https://ik.imagekit.io/OE/nelson-county/listings/windy-knoll-image2_ekh9xyCUA","Cozy living room with fireplace, rustic decor, abstract table, and patterned armchairs.","","","","","","","Afton, VA 22920","josh","","","https://www.google.com/maps/dir/?api=1&destination=Afton%2C%20VA%2022920","Lodging; Outdoor Seating; Full Kitchen; Wi-Fi; Pet Friendly; Cabins","false","https://www.google.com/maps/dir/?api=1&destination=Afton%2C%20VA%2022920","Important Information","*Lodging descriptions are provided by the host and not independently verified.","Location & Directions","Wendy Raubenheimer, wendywill12@gmail. Yes Find us at Afton.","","","",""
"218","Creekside","creekside","Cabins & Cottages","stay","Afton","Creekside is a modern cabin near Route 151 with private hot tub, EV charger, fire pit, and memory-foam beds for Blue Ridge getaways. Creekside caters to modern travelers with hot tub, EV charger, memory-foam beds, and a woodsy setting near Route 151 breweries and hiking trailheads.","","https://ik.imagekit.io/OE/nelson-county/listings/creekside-image1_aYCukyO2u","Living room with gray sectional sofa, foosball table, and ceiling fan.","","https://ik.imagekit.io/OE/nelson-county/listings/creekside-image2_OqaqMlT4e","House beside large tree under clear blue sky with scattered clouds.","","","","","","","Afton, VA 22920","josh","","","https://www.google.com/maps/dir/?api=1&destination=Afton%2C%20VA%2022920","EV Charging; Wi-Fi; Full Kitchen; Scenic Views; Cabins; Lodging","false","https://www.google.com/maps/dir/?api=1&destination=Afton%2C%20VA%2022920","Menu & Offerings","Welcome to Creekside. Just minutes from the best wineries and breweries, it’s the perfect getaway to explore the 151 Brew Trail, Wintergreen Resort and the Blue Ridge Parkway. Enjoy mountain views and privacy in the hot tub.","Accommodation Information","There’s something to do in Afton every season of the year.","Location & Directions","Ashley Long, ashley@patterncap. No Find us at Afton.","",""
"219","Cottage on Route 151","cottage-on-route-151","Cabins & Cottages","stay","Afton","Cottage on Route 151—also known as Towler Cottage—is a one-bedroom getaway with hot tub, fire pit, and mountain views minutes from breweries and hikes. The cottage is within minutes from the best wineries and breweries, great local trails, and the Blue Ridge Parkway There’s something to do in Afton every season of the year.","","https://ik.imagekit.io/OE/nelson-county/listings/cottage-on-route-151-image1_0fxNlKP6n","Two black rocking chairs on porch with white door and welcome mat.","","https://ik.imagekit.io/OE/nelson-county/listings/cottage-on-route-151-image2_33SDRIRPn","Modern living room with gray sofa, green chairs, large windows, and abstract artwork.","","","","","","","Afton, VA 22920","josh","","","https://www.google.com/maps/dir/?api=1&destination=Afton%2C%20VA%2022920","Scenic Views; Cabins; Lodging; Beer","false","https://www.google.com/maps/dir/?api=1&destination=Afton%2C%20VA%2022920","Menu & Offerings","Welcome to Towler Cottage, a getaway in the heart of Route 151 in Afton. The cottage is within minutes from the best wineries and breweries, great local trails, and the Blue Ridge Parkway. Relax in the hot tub on the rear deck, or sit out by the fire pit and gaze at the stars.","Accommodation Information","There’s something to do in Afton every season of the year.","Location & Directions","Ashley Long, ashley@patterncap. No Find us at Afton.","",""
"220","Farmhouse on Route 151","farmhouse-on-route-151","Cabins & Cottages","stay","Afton","Farmhouse on Route 151 is a 1904 three-bedroom home with high-speed Wi-Fi, gas fireplace, two-acre yard, and stone fire pit near wine trail stops. Farmhouse on Route 151 dates to 1904 yet now features high-speed Wi-Fi, gas fireplace, and two acres of lawn with a stone fire pit for post-winery gatherings.","","https://ik.imagekit.io/OE/nelson-county/listings/farmhouse-on-route-151-image1_tMNu0xtEQ","White two-story house with dark shutters, porch, surrounded by trees.","","https://ik.imagekit.io/OE/nelson-county/listings/farmhouse-on-route-151-image2_fbyPbAxy3","Cozy living room with wooden walls, fireplace, large windows, and gray sectional sofa.","","","","","","","Afton, VA 22920","josh","","","https://www.google.com/maps/dir/?api=1&destination=Afton%2C%20VA%2022920","Wi-Fi; Scenic Views; Farm","false","https://www.google.com/maps/dir/?api=1&destination=Afton%2C%20VA%2022920","Contact & Location","Our two story, 1904 farmhouse is just off Route 151 and close to wineries, breweries, hiking trails, and the Blue Ridge Parkway. It's only 25 minutes from Wintergreen Resort, and 30 minutes from Charlottesville. we offer fast Wi-Fi, a desk, 2 acres to run and play, and plenty of indoor space to relax.","Accommodation Information","There’s something to do in Afton every season of the year.","Location & Directions","Ashley Long, ashley@patterncap. Yes Find us at Afton.","",""
"221","The Castor Cabin","the-castor-cabin","Cabins & Cottages","stay","Wintergreen Resort","The Castor Cabin is a newly renovated, dog-friendly mountain cabin with modern amenities, fire pit, and easy access to Nelson County trails. Recently renovated Castor Cabin welcomes pups, lights up the night with a fire pit, and keeps hikers close to Nelson County's trails while still delivering modern conveniences.","","https://ik.imagekit.io/OE/nelson-county/listings/the-castor-cabin-image1_cqIt5sAan","Modern grey house with wooden porch among trees, sunlight peeking through.","","https://ik.imagekit.io/OE/nelson-county/listings/the-castor-cabin-image2_4CZruqXbt","Cozy living room with stone fireplace, large windows, and brown leather sofas.","","","","","","","Roseland, VA 22967","josh","","","https://www.google.com/maps/dir/?api=1&destination=Roseland%2C%20VA%2022967","Scenic Views; Cabins; Family Friendly; Pet Friendly; Outdoor Seating; Full Kitchen; Lodging","false","https://www.google.com/maps/dir/?api=1&destination=Roseland%2C%20VA%2022967","","","","","","","",""
"222","Rocky Run Landing","rocky-run-landing","Cabins & Cottages","stay","Arrington","Rocky Run Landing is a cozy riverside cabin on the Tye River offering fishing, paddling, and simple comforts for unplugged stays. Rocky Run Landing places you right on the Tye River, pairing simple comforts with private fishing, paddling put-ins, and hammock-worthy riverbank views.","","https://ik.imagekit.io/OE/nelson-county/listings/rocky-run-landing-image1_gINRNtOFt","Wooden cabin with chimney in snowy forested area under clear sky.","","https://ik.imagekit.io/OE/nelson-county/listings/rocky-run-landing-image2_7i02_HymO","Cozy room with wood stove, patterned sofas, and dreamcatcher on wall.","","","","","","","Tyro, VA 22976","josh","","","https://www.google.com/maps/dir/?api=1&destination=Tyro%2C%20VA%2022976","Cabins; Scenic Views; Pet Friendly; Lodging; Water Sports; Fishing","false","https://www.google.com/maps/dir/?api=1&destination=Tyro%2C%20VA%2022976","Trail Information","Property is located on the beautiful Tye River, two miles upstream from its confluence with the James River.","Important Information","*Lodging descriptions are provided by the host and not independently verified.","Location & Directions","Charles Murphy, rockyrunlanding@gmail. Yes Find us at Arrington.","",""
"223","Cottage on the Knoll","cottage-on-the-knoll","Cabins & Cottages","stay","Lovingston","Cottage on the Knoll is a three-bedroom, two-bath home centrally located between Nelson 29 and 151 with updated kitchen and spacious living area. Whole house centrally located with private hot tub and pool.","","https://ik.imagekit.io/OE/nelson-county/listings/cottage-on-the-knoll-image1_mv6ZTLPw7","House with wooden porch surrounded by lush green trees and grass.","","https://ik.imagekit.io/OE/nelson-county/listings/cottage-on-the-knoll-image2_DoS1nsCEV","Living room with red ceiling, leather sofa, large windows, and wooden floors.","","","","","","","Lovingston, VA 22949","josh","","","https://www.google.com/maps/dir/?api=1&destination=Lovingston%2C%20VA%2022949","Full Kitchen; Outdoor Seating; Cabins; Lodging","false","https://www.google.com/maps/dir/?api=1&destination=Lovingston%2C%20VA%2022949","Amenities & Features","The Blue Ridge Mountains and country life of central Virginia and enjoy everything Nelson County has to offer. The Cottage on the Knoll is a comfortable 3br/2bth that’s centrally Find us at Nelson County, offering the perfect mix of modern comfort and country charm. The Nelson 29 and Nelson 151 craft beverage trails await you, while plenty of hiking, fishing, and mountain views will appease any outdoor recreation lover or nature enthusiast, making it the perfect getaway.","Menu & Offerings","Grab a cup of coffee and take a morning stroll down one of our 3 out and back trails on the property. Take a picnic lunch in the meadow. And enjoy a glass of wine on your private 2nd floor deck after a day skiing in Wintergreen or hiking the Virginia Blue Ridge Railway Trail.","Important Information","*Lodging descriptions are provided by the host and not independently verified.","",""
"224","High Lonesome Cabin","high-lonesome-cabin","Cabins & Cottages","stay","Tyro","This rustic cabin sits on 20 secluded acres high on a steep finger of the Priest Mountain near the Appalachian Trail in Tyro Va The main attraction of the High Lonesome is definitely outdoors, but the inside is pretty cool, too. High Lonesome Cabin sits on 20 secluded acres near Crabtree Falls with wraparound porch, woodstove, loft sleeping, and spiral staircase.","","https://ik.imagekit.io/OE/nelson-county/listings/high-lonesome-cabin-image1_djDBX9367","Rustic wooden cabin with antlers, surrounded by lush green forest.","","https://ik.imagekit.io/OE/nelson-county/listings/high-lonesome-cabin-image2_DLPUy876p","Cozy wooden cabin with stone fireplace, TV, and rustic kitchen area.","","","","","","","Tyro, VA 22976","josh","","","https://www.google.com/maps/dir/?api=1&destination=Tyro%2C%20VA%2022976","Scenic Views; Outdoor Seating; Pet Friendly; Cabins; Lodging","false","https://www.google.com/maps/dir/?api=1&destination=Tyro%2C%20VA%2022976","Contact & Location","High Lonesome Cabin was built in 2008 in the Virginia Blue Ridge Mountains. This rustic cabin sits on 20 secluded acres high on a steep finger of the Priest Mountain near the Appalachian Trail in Tyro Va. Minutes from Crabtree Falls.","Important Information","*Lodging descriptions are provided by the host and not independently verified.","Location & Directions","Robb Torgler, highlonesomecabin@gmail. Yes Find us at Tyro.","",""
"225","The Lewis Catherine House","the-lewis-catherine-house","Cabins & Cottages","stay","Afton","There’s something to do in Afton every season of the year.","","https://ik.imagekit.io/OE/nelson-county/listings/the-lewis-catherine-house-image1_S3LH8LdUZ","White farmhouse with porch, surrounded by green grass and yellow flowers.","","https://ik.imagekit.io/OE/nelson-county/listings/the-lewis-catherine-house-image2_TXEGOJTqV","Long wooden dining table with chandelier, chairs, and bright kitchen in background.","","","","","","","1470 Afton Mountain Road, Afton, VA 22920","josh","","","https://www.google.com/maps/dir/?api=1&destination=1470%20Afton%20Mountain%20Road%2C%20Afton%2C%20VA%2022920","Full Kitchen; Pet Friendly; Cabins; Lodging; Farm","false","https://www.google.com/maps/dir/?api=1&destination=1470%20Afton%20Mountain%20Road%2C%20Afton%2C%20VA%2022920","","","","","","","",""
"226","Glenbrae","glenbrae","Cabins & Cottages","stay","Afton","Glenbrae is a designer five-bedroom home just off Route 151 with Peloton-equipped office, fenced yard, mountain views, and fire pit.","","https://ik.imagekit.io/OE/nelson-county/listings/glenbrae-image1_6naMnjgzL","Two-story house with porch, green lawn, and gravel driveway under blue sky.","","https://ik.imagekit.io/OE/nelson-county/listings/glenbrae-image2_TmxackGj9","Modern living room with blue sofa, large windows, and monochrome decor.","","","","","","","Afton, VA 22920","josh","","","https://www.google.com/maps/dir/?api=1&destination=Afton%2C%20VA%2022920","Scenic Views; Pet Friendly; Cabins; Lodging","false","https://www.google.com/maps/dir/?api=1&destination=Afton%2C%20VA%2022920","Accommodation Information","There’s something to do in Afton every season of the year.","Location & Directions","Sydney Robertson, sydney@loringwoodriff. Yes Find us at Afton.","","","",""
"227","Elk Mountain Overlook","elk-mountain-overlook","Whole House Rentals","stay","Afton","Elk Mountain Overlook is a boutique chalet perched off the Blue Ridge Parkway with two king suites, soaker tub, dual-head shower, and expansive deck views. Mountaintop overlook with jaw dropping views and camp themed interior design.","","https://ik.imagekit.io/OE/nelson-county/listings/elk-mountain-overlook-image1_1DrelJ3ot","House with mountains in background, surrounded by greenery under clear blue sky.","","https://ik.imagekit.io/OE/nelson-county/listings/elk-mountain-overlook-image2_rFVPHxnYR","Spacious living room with leather sofa, armchair, and modern decor.","","","","","","","Afton, VA 22920","josh","","","https://www.google.com/maps/dir/?api=1&destination=Afton%2C%20VA%2022920","Outdoor Seating; Scenic Views; Full Kitchen; Pet Friendly; Cabins; Lodging","false","https://www.google.com/maps/dir/?api=1&destination=Afton%2C%20VA%2022920","Contact & Location","Nestled atop Elk Mountain and just a stone's throw from the iconic Blue Ridge Parkway, the Elk Mountain Overlook chalet offers a retreat that seamlessly blends the tranquility of nature with luxurious comfort. This boutique accommodation, with its camp-themed interior design, promises a stay that's both intimate and inspiring. The chalet is strategically located less than 30 minutes from the vibrant city of Charlottesville, making it a perfect escape without straying too far from urban conveniences. For those who revel in the delights of local produce, a mere 10-minute journey will lead you to the heart of Route 151, renowned for its exquisite vineyards, breweries, and cideries. Similarly, the charming town of Waynesboro is just 10 minutes away, offering a quaint yet vibrant scene to explore.

As you step inside the Elk Mountain Overlook, you're greeted by an interior that promises relaxation and rejuvenation. The chalet boasts two opulent king suites, ensuring a restful night's sleep under the starlit sky. The bathroom is a haven of luxury, featuring a two-person soaker tub and a dual-head shower, perfect for unwinding after a day of adventure. The heart of the chalet, the kitchen, comes fully equipped with all the extras you might need to whip up a delicious meal, adding a touch of home comfort to your mountain retreat.

The expansive deck of the Elk Mountain Overlook is truly where the magic happens. Offering jaw-dropping views of the surrounding peaks and valleys, it's the perfect backdrop for a morning cup of coffee or an evening glass of local wine. Whether you're seeking a peaceful retreat to disconnect and recharge, or a basecamp for exploring the natural and cultural riches of the area, this mountaintop chalet is a place where unforgettable memories are made.","Trail Information","Nestled just off the scenic Blue Ridge Parkway, Elk Mountain Overlook stands as a boutique chalet that promises an escape into serenity and breathtaking natural beauty. This exquisite property is not just a place to stay, but a gateway to an experience, offering guests the chance to immerse themselves in the tranquil allure of the mountains. With two luxuriously appointed king suites, guests are guaranteed not just comfort but an indulgent retreat from the hustle and bustle of daily life.

The chalet boasts a soaker tub and a dual-head shower, ensuring that relaxation is at the heart of your stay. However, it is the expansive deck views that truly set Elk Mountain Overlook apart. From this vantage point, guests are treated to mountaintop overlooks that offer jaw-dropping views, making it a perfect backdrop for both reflection and rejuvenation.

The interior design of the chalet complements the natural beauty that surrounds it, inviting guests into a space that is both cozy and elegantly arranged. Whether you're seeking a peaceful retreat to unwind or a picturesque setting to inspire, Elk Mountain Overlook caters to all by blending luxury with the raw charm of the Blue Ridge Parkway's landscapes.

This chalet is more than just a place to stay; it's a destination that offers an unparalleled connection to nature's grandeur. Whether you're gazing out at the big mountain views from the comfort of your suite or exploring the surrounding natural beauty, Elk Mountain Overlook promises an unforgettable experience for those who seek to explore the great outdoors without sacrificing comfort.","Important Information","Nestled off the scenic Blue Ridge Parkway, Elk Mountain Overlook emerges as a boutique chalet, promising an escape that blends luxury with the raw beauty of nature. This exquisite retreat boasts two opulent king suites, designed with relaxation and privacy in mind. Each suite invites guests to unwind in elegance, featuring a soaker tub and a dual-head shower, ensuring a spa-like experience after a day of exploring the great outdoors.

The chalet's crowning jewel is its expansive deck, offering panoramic views that stretch across the mountaintop. Here, the horizon is vast, and the views are nothing short of jaw-dropping. It's a place where the sky touches the earth, where each sunrise and sunset paints a masterpiece of colors, and where the tranquility of nature envelops you.

It's important to note that while the lodging descriptions exude charm and invite adventure, they are provided by the host and have not been independently verified. Yet, the allure of Elk Mountain Overlook is undeniable, promising a stay that is both luxurious and intimately connected with the serene beauty of its mountaintop setting. Whether you're seeking a peaceful retreat to disconnect and rejuvenate or a base to explore the wonders of the Blue Ridge Parkway, Elk Mountain Overlook offers an unparalleled experience that beckons travelers from near and far.","Location & Directions","Nestled in the heart of the scenic Blue Ridge Parkway, Elk Mountain Overlook awaits to enchant you with its boutique chalet charm. This haven, expertly curated by Sydney Robertson of loringwoodriff, is more than just a stay; it's an experience located in the picturesque town of Afton. The chalet boasts two regal king suites, a luxurious soaker tub, and a dual-head shower to provide comfort and relaxation that transcends the ordinary. What truly sets Elk Mountain Overlook apart is its expansive deck, offering mountaintop views that will capture your heart and leave you breathless.

As you embark on your journey to Elk Mountain Overlook, you'll find yourself winding through the majestic landscapes offered by the Blue Ridge Parkway. This route is not just a means to an end but a spectacular adventure in itself, providing panoramic views and a sense of tranquility that begins your retreat before you even arrive. Upon reaching Afton, the chalet's location is easily accessible, serving as the perfect starting point for exploring the natural beauty and serenity of the area. Whether you're seeking a peaceful escape from the hustle and bustle or an adventure in nature's playground, Elk Mountain Overlook offers a unique blend of luxury, comfort, and stunning natural beauty that is sure to make your stay unforgettable."
"228","Ethan's Den","ethans-den","Whole House Rentals","stay","Wintergreen Resort","Ethan's Den is a stylish one-bedroom suite with live-edge breakfast bar, heated floors, fireplace, and luxe finishes for couples getaways. Ethan's Den has been decorated to compliment the beautiful setting it is in.","","https://ik.imagekit.io/OE/nelson-county/listings/ethan-s-den-image1_HVu8A1W40","House surrounded by trees, stone stairs lead to entrance, overcast sky.","","https://ik.imagekit.io/OE/nelson-county/listings/ethan-s-den-image2_cmXPqoYQ1","Two brown leather sofas, black ottoman, fireplace in cozy living room.","","","","","","","Roseland, VA 22967","josh","","","https://www.google.com/maps/dir/?api=1&destination=Roseland%2C%20VA%2022967","Breakfast; Bar; Pet Friendly","false","https://www.google.com/maps/dir/?api=1&destination=Roseland%2C%20VA%2022967","Menu & Offerings","Ethan's Den has been decorated to compliment the beautiful setting it is in. It is decorated in natural materials such as leather, wrought iron and wood. It features heated floors throughout and a beautiful oak live edge breakfast bar made by the owners.","Important Information","*Lodging descriptions are provided by the host and not independently verified.","Location & Directions","Monica Barker, monica@celticscots. Yes Find us at Wintergreen Resort.","",""
"229","The Mountain House INN","the-mountain-house-inn","Whole House Rentals","stay","Montebello","The Mountain House Inn is a remodeled two-story retreat on an 18-acre sunny mountain property offering quiet escapes near Montebello and Crabtree Falls.","","https://ik.imagekit.io/OE/nelson-county/listings/the-mountain-house-inn-image1_14xY4wm22","White house with black shutters, front porch, surrounded by trees and bushes.","","https://ik.imagekit.io/OE/nelson-county/listings/the-mountain-house-inn-image2_sFnHTrV_p","Glass doors with outside view; plaid chair, paintings, lamp, and water bottle inside.","","","","","","","Montebello, VA 24464","josh","","","https://www.google.com/maps/dir/?api=1&destination=Montebello%2C%20VA%2024464","Scenic Views; Pet Friendly; Cabins; Lodging","false","https://www.google.com/maps/dir/?api=1&destination=Montebello%2C%20VA%2024464","","","","","","","",""
"230","Sweet Afton","sweet-afton","Cabins & Cottages","stay","Afton","Sweet Afton is a historic two-bedroom cottage on 1.55 fenced acres with 1-gig fiber internet, fire pit, and sweeping mountain views near Veritas.","","https://ik.imagekit.io/OE/nelson-county/listings/sweet-afton-image1_m_yOnzFcR","White house with metal roof, surrounded by green trees and landscaped garden.","","https://ik.imagekit.io/OE/nelson-county/listings/sweet-afton-image2_9785_Norw","Bright living room with sofa, chairs, TV, plants, wooden floor.","","","","","","","Afton, VA 22920","josh","","","https://www.google.com/maps/dir/?api=1&destination=Afton%2C%20VA%2022920","Scenic Views; Pet Friendly; Cabins; Lodging","false","https://www.google.com/maps/dir/?api=1&destination=Afton%2C%20VA%2022920","Location & Directions","Guest Houses, info@vaguesthouses. Yes Find us at Afton.","Important Information","*Lodging descriptions are provided by the host and not independently verified.","","","",""
"231","Three Sisters Pre-Civil War Log Cabin","three-sisters-pre-civil-war-log-cabin","Cabins & Cottages","stay","Montebello","Three Sisters Pre-Civil War Log Cabin is an 1840 two-story log home with queen loft skylight, twin beds, private sauna, and hot tub on a secluded Blue Ridge property.","","https://ik.imagekit.io/OE/nelson-county/listings/three-sisters-pre-civil-war-log-cabin-image1_nzuSv7NvJ","Log cabin with blooming flowers and lush green surroundings in sunlight.","","https://ik.imagekit.io/OE/nelson-county/listings/three-sisters-pre-civil-war-log-cabin-image2_7KHbMqFRu","Cozy log cabin living room with rustic furniture and wood stove.","","","","","","","Roseland, VA 22967","josh","","","https://www.google.com/maps/dir/?api=1&destination=Roseland%2C%20VA%2022967","Cabins; Lodging; Scenic Views","true","https://www.google.com/maps/dir/?api=1&destination=Roseland%2C%20VA%2022967","","","","","","","",""
"232","Nine Ridges Retreat","nine-ridges-retreat","Whole House Rentals","stay","Montebello","Nine Ridges Retreat is a six-guest mountain home on 20 acres with artisan furnishings, sweeping Three Ridges views, and close access to Crabtree Falls and the Parkway.","","https://ik.imagekit.io/OE/nelson-county/listings/nine-ridges-retreat-image1_ARsa0BTWa","Wooden deck with wicker furniture, brick wall, and decorative metal gate.","","https://ik.imagekit.io/OE/nelson-county/listings/nine-ridges-retreat-image2_hw7Y6NpIq","Spacious living room with leather couch, telescope, large windows, and high ceiling.","","","","","","","Montebello, VA 24464","josh","","","https://www.google.com/maps/dir/?api=1&destination=Montebello%2C%20VA%2024464","Outdoor Seating; Scenic Views; Cabins; Lodging","false","https://www.google.com/maps/dir/?api=1&destination=Montebello%2C%20VA%2024464","Important Information","*Lodging descriptions are provided by the host and not independently verified.","Location & Directions","Monica Barker, monica@celticscots. No Find us at Montebello.","","","",""
"233","Grace's Place Petite Retreats","graces-place-petite-retreats","Whole House Rentals","stay","Roseland","Grace's Place Petite Retreats offers four well-appointed tiny homes exclusively for registered guests, each with curated amenities for a boutique stay. We offer 4 well appointed tiny homes listed on Airbnb.","","https://ik.imagekit.io/OE/nelson-county/listings/grace-s-place-petite-retreats-image1_fQcv5Afd28","Three tiny white houses on green lawn with trees and mountains.","","https://ik.imagekit.io/OE/nelson-county/listings/grace-s-place-petite-retreats-image2_3X3Me3-iY","Cozy living room with blue couch, kitchen, and wooden dining table, well-lit space.","","","","","","","Wintergreen, VA 22958","josh","","","https://www.google.com/maps/dir/?api=1&destination=Wintergreen%2C%20VA%2022958","Retail; Cabins; Lodging","false","https://www.google.com/maps/dir/?api=1&destination=Wintergreen%2C%20VA%2022958","Trail Information","Privacy Quiet Hiking trails Immediate proximity to route 151 corridor.","Important Information","*Lodging descriptions are provided by the host and not independently verified.","Location & Directions","Jack Buni, jack@tinynelson. No Find us at Roseland.","",""
"234","Cottage on the Trail","cottage-on-the-trail","Cabins & Cottages","stay","Afton","Cottage on the Trail is a poolside suite on a private estate along the Rockfish River with pergola seating, fire pit, and easy Route 151 access. Wake to gorgeous Mountain views & rolling green meadows bordering the Rockfish River on our family estate.","","https://ik.imagekit.io/OE/nelson-county/listings/cottage-on-the-trail-image1_h7NQP2nxe","Patio with white furniture, umbrella, plants, beside red brick house, surrounded by trees.","","https://ik.imagekit.io/OE/nelson-county/listings/cottage-on-the-trail-image2_t0vpxlZDh","Cozy living room with sofas, TV, wooden floor, and decorative plants.","","","","","","","Nellysford, VA 22958","josh","","","https://www.google.com/maps/dir/?api=1&destination=Nellysford%2C%20VA%2022958","Outdoor Seating; Pool; Seasonal Menu; Scenic Views; Pet Friendly; Cabins; Water Sports; Fishing","false","https://www.google.com/maps/dir/?api=1&destination=Nellysford%2C%20VA%2022958","History","Nestled in the heart of Nelson County, Virginia, the Cottage on the Trail offers a serene escape amidst the breathtaking beauty of the Blue Ridge Mountains. This family-owned estate, located right at the pulse of the 151 Brew Ridge Trail, promises guests an experience that marries rustic charm with modern convenience. 

As dawn breaks, guests are greeted by the stunning spectacle of mountain vistas and verdant green meadows that stretch to meet the banks of the Rockfish River. The private suite, an extension of the family’s commitment to hospitality, boasts a built-in pool available from mid-April to mid-September, ensuring a refreshing dip is always within arm's reach during the warmer months.

The Cottage on the Trail is more than just a place to stay; it is a labor of love, meticulously prepared to ensure your visit is not only beautiful but also comfortable and convenient. With pergola seating, a fire pit, and easy access to Route 151, it serves as the perfect base for exploring the surrounding landscape or simply unwinding in a poolside retreat. Whether you’re waking up to the gentle hum of nature or winding down under the starlit sky, a stay here is bound to be unforgettable.","Hours & Information","Nestled within a private estate and caressed by the serene Rockfish River, the Cottage on the Trail offers an idyllic retreat for those seeking tranquility and natural beauty. This charming poolside suite is a sanctuary where the mornings greet you with breathtaking mountain views and the lush, rolling green meadows beckon for your attention.

The cottage itself is a haven of comfort and accessibility, featuring spacious doorways and walk-in showers designed to accommodate all guests, including those with ADA requirements. Its thoughtful layout ensures a seamless experience for everyone, making it an inclusive destination for relaxation and rejuvenation.

Stepping outside the front door, guests are welcomed by a beautifully appointed patio area. Here, a pergola-covered sitting area invites leisurely afternoons spent in the shade, while the nearby fire pit promises memorable evenings under the stars. Whether you're lounging by the side of the glistening swimming pool or enjoying al fresco meals at the tables provided, this outdoor space is designed for ultimate relaxation and enjoyment. Open from mid-April through to mid-September, the swimming pool area becomes the heart of the estate during the warmer months, offering a refreshing escape from the heat and a perfect setting for making lasting memories.

Additionally, the cottage boasts paved parking conveniently located near the front door, providing easy access for two or three vehicles. This thoughtful feature ensures that guests can arrive and settle into their retreat with ease, starting their getaway on the right note.

At Cottage on the Trail, every detail is meticulously curated to enhance your stay. From the moment you wake to the stunning vistas outside your window, to the evenings spent by the fire pit, every aspect of your visit is sure to be imbued with the peaceful essence of the estate's natural surroundings.","Important Information","Nestled in the heart of a private estate that graces the banks of the Rockfish River, the Cottage on the Trail presents itself as a serene poolside suite, where comfort meets nature in perfect harmony. This idyllic retreat, characterized by its intimate pergola seating, inviting fire pit, and unobstructed access to Route 151, is a sanctuary for those seeking to wake up to breathtaking mountain vistas and the tranquil beauty of rolling green meadows.

It's important to note that the descriptions of lodgings, including this charming cottage, are provided by the hosts. These narratives are crafted with care, aiming to encapsulate the essence and amenities of the accommodation. However, they are not independently verified, leaving room for guests to discover the delights of their stay firsthand.

The Cottage on the Trail promises an experience that is as authentic as it is enchanting, inviting guests to immerse themselves in the natural splendor and peaceful ambiance that only such a unique location can offer. Whether it's a moment of reflection by the fire pit under a starlit sky or a morning coffee in the pergola, with the day breaking over the mountains, this suite is a haven for those who appreciate the beauty of the natural world intertwined with the comfort of modern living.","Nearby Events & Activities","Nestled within the breathtaking landscape along the Rockfish River, the Cottage on the Trail offers more than just a peaceful retreat. This charming poolside suite is part of a private estate, promising serene mornings with stunning views of mountains and rolling green meadows. But the allure of this destination doesn't stop at its doorstep. Located conveniently with easy access to Route 151, it serves as the perfect base for exploring the vibrant local scene and engaging in the plethora of activities the area has to offer.

For those eager to dive into the local culture and festivities, the Cottage on the Trail puts you in the perfect spot. Managed by Todd Hobson, who can be reached at blueridgeclassics@yahoo.com, this haven is situated in Afton, a location renowned for its lively community events and outdoor adventures. Whether you're looking to explore the scenic trails, immerse yourself in local events, or simply enjoy the tranquil beauty of the estate with its pergola seating, fire pit, and poolside relaxation, this cottage offers a unique blend of leisure and excitement.

This estate is not just a place to stay; it's a gateway to experiencing the heart and soul of Afton's vibrant community and the natural beauty of the surrounding landscape. From the moment you awake to the breathtaking views until you end your day under the stars by the fire pit, every experience at the Cottage on the Trail promises to be unforgettable."
"235","Rockfish Farmhouse","rockfish-farmhouse","Cabins & Cottages","stay","Afton","Wineries, breweries, cideries and distilleries are within close proximity Stunning views can be enjoyed by a beautiful fire pit in back yard.","","https://ik.imagekit.io/OE/nelson-county/listings/rockfish-farmhouse-image1_wzu_Rq50n","White two-story house with porch, surrounded by trees and green lawn.","","https://ik.imagekit.io/OE/nelson-county/listings/rockfish-farmhouse-image2_PVq4ctzq3","Spacious kitchen with wooden beams, dining table, and large windows overlooking scenery.","","","","","","","Afton, VA 22920","josh","","","https://www.google.com/maps/dir/?api=1&destination=Afton%2C%20VA%2022920","Scenic Views; Cabins; Lodging; Farm; Fishing; Beer","false","https://www.google.com/maps/dir/?api=1&destination=Afton%2C%20VA%2022920","Menu & Offerings","Quaint Destination with Farmhouse charm in the heart of 151. Wineries, breweries, cideries and distilleries are within close proximity. Farmhouse comfortably sleeps 7 people.","Important Information","*Lodging descriptions are provided by the host and not independently verified.","Location & Directions","Sarah Ferren, tulapropertiesva@gmail. No Find us at Afton.","",""
"236","Fulton Belle Vue","fulton-belle-vue","Cabins & Cottages","stay","Afton","Lovely outdoor spaces with a screened in porch, rockers on front porch as well as a fire pit to enjoy the amazing views of the Blue Ridge Mountains.","","https://ik.imagekit.io/OE/nelson-county/listings/fulton-belle-vue-image1_0k1CSckNN","White house with red door, black windows, front porch, and rocking chairs.","","https://ik.imagekit.io/OE/nelson-county/listings/fulton-belle-vue-image2_nV9yBSaDG","Modern kitchen with white cabinets, wood accents, stainless appliances, and central island.","","","","","","","Afton, VA 22920","josh","","","https://www.google.com/maps/dir/?api=1&destination=Afton%2C%20VA%2022920","Scenic Views; Outdoor Seating; Cabins; Lodging; Farm","false","https://www.google.com/maps/dir/?api=1&destination=Afton%2C%20VA%2022920","Hours, Contact & Location","Completely renovated Farmhouse conveniently Find us at the heart of the 151 Brew Trail. 5 spacious bedrooms, a large open kitchen and family room as well as 3 full baths.","Amenities & Features","Lovely outdoor spaces with a screened in porch, rockers on front porch as well as a fire pit to enjoy the amazing views of the Blue Ridge Mountains.","Important Information","*Lodging descriptions are provided by the host and not independently verified.","Location & Directions","Sarah Ferren, tulapropertiesva@gmail. No Find us at Afton."
"237","Spindle Hill Farm","spindle-hill-farm","Bed and Breakfast","stay","Nellysford","Spindle Hill Farm features a handcrafted cedar hot tub cottage and restored 1932 schoolhouse on a 50-acre family farm with private trails and ponds. Two extraordinary homes on one 50 acre family farm.","","https://ik.imagekit.io/OE/nelson-county/listings/spindle-hill-farm-image1_bR7IuBIDF","Red house surrounded by autumn trees and colorful leaves.","","https://ik.imagekit.io/OE/nelson-county/listings/spindle-hill-farm-image2_A3BcpVovb","Bright living room with beige sofa, colorful pillows, and large sunny windows.","","","","","","","Nellysford, VA 22958","josh","","","https://www.google.com/maps/dir/?api=1&destination=Nellysford%2C%20VA%2022958","Breakfast; Pet Friendly; Lodging; Farm","false","https://www.google.com/maps/dir/?api=1&destination=Nellysford%2C%20VA%2022958","Contact & Location","Two extraordinary homes on one 50 acre family farm. Our handcrafted guest cottage has been one of Nelson County's most beloved rentals for more than a decade, and we're excited to be able to offer the historic 1932 Wintergreen School House as an additional rental on our 50 acre family homestead. Both spaces are extraordinary, carefully curated, rich in local history and art, and designed to be ecologically sensitive.","Important Information","*Lodging descriptions are provided by the host and not independently verified.","Location & Directions","Elise Lauterbach, elise. Yes Find us at Nellysford.","",""
"238","Beech Grove Cabins","beech-grove-cabins","Cabins & Cottages","stay","Roseland","Beech Grove Cabins offers four two-bedroom log cabins with full kitchens, gas fireplaces, Adirondack porches, and communal fire pit near Wintergreen. Four (4) two-bedroom/one-bathroom cabins with a full kitchen, separate living and dining areas with central heat and air conditioning.","","https://ik.imagekit.io/OE/nelson-county/listings/beech-grove-cabins-image1_A2-avjhQ3","Log cabin with porch surrounded by colorful autumn trees.","","https://ik.imagekit.io/OE/nelson-county/listings/beech-grove-cabins-image2_2BR_h4hG2","Cozy log cabin interior with red sofa, wooden walls, and kitchen area.","","","","","","","Roseland, VA 22967","josh","","","https://www.google.com/maps/dir/?api=1&destination=Roseland%2C%20VA%2022967","Fuel; Cabins; Pet Friendly; Lodging","false","https://www.google.com/maps/dir/?api=1&destination=Roseland%2C%20VA%2022967","Amenities & Features","Four (4) two-bedroom/one-bathroom cabins with a full kitchen, separate living and dining areas with central heat and air conditioning. Each bedroom and the living room have a ceiling fan and for cozy nights in the late fall and winter, we offer a gas fireplace that turns on with the flip of a switch. All the amenities are included, full kitchen has all the pots and pans for cooking a regular meal or a Thanksgiving feast.","Important Information","*Lodging descriptions are provided by the host and not independently verified.","Location & Directions","Becky Evans, beechgrovecabins@gmail. Yes Find us at Roseland.","",""
"239","Slipper Slope","slipper-slope","Vacation Rentals","stay","Wintergreen Resort","Slipper Slope is a four-bedroom ski-in/ski-out condo on Upper Diamond Hill with spacious layout and true ground-level slope access. Hard to find a bottom floor ski in ski out, especially with 4 bedroom, very spacious.","","https://ik.imagekit.io/OE/nelson-county/listings/slipper-slope-image1_KnYfEnts_","Chairs and table in snow, skis standing nearby under clear blue sky.","","https://ik.imagekit.io/OE/nelson-county/listings/slipper-slope-image2_OZItoe3rJ","Spacious living room with beige sofa, dining area, modern decor, and soft lighting.","","","","","","","Wintergreen Resort, Roseland, VA 22967","josh","","","https://www.google.com/maps/dir/?api=1&destination=Wintergreen%20Resort%2C%20Roseland%2C%20VA%2022967","Scenic Views; Snow Sports; Pet Friendly","false","https://www.google.com/maps/dir/?api=1&destination=Wintergreen%20Resort%2C%20Roseland%2C%20VA%2022967","Contact & Location","Hard to find a bottom floor ski in ski out, especially with 4 bedroom, very spacious.","Important Information","*Lodging descriptions are provided by the host and not independently verified.","Location & Directions","Kevin Zachary, kzacharysonic@gmail. Yes Find us at Wintergreen.","",""
"240","Wintergreen Resort","wintergreen-resort-2","Whole House Rentals","stay","Wintergreen Resort","Wintergreen Resort offers professionally managed studios, condos, and private homes with exclusive guest access to Aquatics, Devils Knob golf, racquet sports, and on-mountain shuttles.","","https://ik.imagekit.io/OE/nelson-county/listings/wintergreen-resort-image1_DTQTx2-_k","Hillside resort with lit buildings, surrounded by dense green forest under cloudy sky.","","https://ik.imagekit.io/OE/nelson-county/listings/wintergreen-resort-image2_f2LK270xS","Modern living room with gray sofa, armchairs, and large window.","","","","","","(855) 699-1858","39 Mountain Inn Loop, Wintergreen, VA 22967","josh","","","https://www.google.com/maps/dir/?api=1&destination=39%20Mountain%20Inn%20Loop%2C%20Wintergreen%2C%20VA%2022967","Full Service Resort; Golf; Lodging; Meeting Planners; Pet Friendly; Resort; Scenic Views","false","https://www.google.com/maps/dir/?api=1&destination=39%20Mountain%20Inn%20Loop%2C%20Wintergreen%2C%20VA%2022967","Amenities & Features","All accommodations reserved through Wintergreen Resort offer the Wintergreen Advantage with access to exclusive guest amenities such as the Aquatics and Fitness Center, Devils Knob Golf and Racquet sports and Devils Grill, and on-mountain shuttle service.","Important Information","*Lodging descriptions are provided by the host and not independently verified.","Location & Directions","Stacey Dawkins, sdawkins@wintergreenresort. Yes Find us at Wintergreen.","",""
"241","Camp Blue Ridge","camp-blue-ridge","Campgrounds & Glamping","stay","Montebello","Camp Blue Ridge provides 22 two-bedroom cabins plus motel rooms, meeting spaces, and pet-friendly grounds for families and groups in the Blue Ridge Mountains. Camp Blue Ridge offers a total of 22 cabins of varying styles.","","https://ik.imagekit.io/OE/nelson-county/listings/camp-blue-ridge-image1_8a87ApjMt","Wooden cabins surrounded by trees with a gravel path in sunlight.","","https://ik.imagekit.io/OE/nelson-county/listings/camp-blue-ridge-image2_xMgxhhVvt","Rustic wooden bed with white pillows and folded towels in cozy room.","","","","","","(434) 760-0818","355 Camp Blue Ridge Road, Montebello, VA 24464","josh","","","https://www.google.com/maps/dir/?api=1&destination=355%20Camp%20Blue%20Ridge%20Road%2C%20Montebello%2C%20VA%2024464","Events; Family Friendly; Pet Friendly; Cabins; Scenic Views","false","https://www.google.com/maps/dir/?api=1&destination=355%20Camp%20Blue%20Ridge%20Road%2C%20Montebello%2C%20VA%2024464","Contact & Location","Camp Blue Ridge offers a total of 22 cabins of varying styles. we offer 9 Standard Cabins, 9 Family Style Cabins, 2 Deluxe Cabins, 2 Premier Cabins, a few motel rooms, and 1 cabin suite. All our housing units are 2 bed/2 bath with a shared center space.","Trail Information","The natural beauty of the Blue Ridge Mountains. With multiple housing options, meeting spaces and activities, we're certain to meet the needs of any guest.","Important Information","*Lodging descriptions are provided by the host and not independently verified.","Location & Directions","Julie Minnick, cbroffice@pcsda. Yes Find us at Montebello."
"242","Devils Backbone Camp","devils-backbone-camp","Campgrounds & Glamping","stay","Roseland","Devils Backbone Camp pairs RV and tent sites with craft beverage venues, live music, and easy access to hiking, Blue Ridge Parkway, and Nelson 151 attractions.","","https://ik.imagekit.io/OE/nelson-county/listings/devils-backbone-camp-image1_pHe83b4NS","Lush green landscape with mountains, clouds, and scattered buildings under blue sky.","","https://ik.imagekit.io/OE/nelson-county/listings/devils-backbone-camp-image2_KO8HGz9jI","Wooden camper check-in booth with brochures and person inside, sunny day.","","","","","","(434) 361-1001","200 Mosbys Run, Roseland, VA 22967","josh","","","https://www.google.com/maps/dir/?api=1&destination=200%20Mosbys%20Run%2C%20Roseland%2C%20VA%2022967","Beer; Live Music; Pet Friendly; Scenic Views; Hiking","false","https://www.google.com/maps/dir/?api=1&destination=200%20Mosbys%20Run%2C%20Roseland%2C%20VA%2022967","Nearby Events & Activities","In the heart of the Blue Ridge Mountains, combining a causal camp experience with world-class craft beverages and food. With a range of sites, from full-hook-up RV to rustic wooded tent sites, we offer a range of camping options for every type of adventurer.","Important Information","*Lodging descriptions are provided by the host and not independently verified.","Location & Directions","Jessica Carter, jessica. Carter@dbbrewingcompany. Yes Find us at Roseland.","",""
"243","The Haven at Devils Backbone Camp","the-haven-at-devils-backbone-camp","Cabins & Cottages","stay","Roseland","The Haven at Devils Backbone is a 3,750-square-foot Lindal Cedar home with luxury finishes, five bedrooms, and easy walkable access to Devils Backbone Basecamp.","","https://ik.imagekit.io/OE/nelson-county/listings/the-haven-at-devils-backbone-camp-image1_sTmmYqLUn","Modern house with large windows, surrounded by green lawn and trees.","","https://ik.imagekit.io/OE/nelson-county/listings/the-haven-at-devils-backbone-camp-image2_oepz3JJge","Spacious living room with large windows, wooden floors, and comfortable seating arrangement.","","","","","","","200 Mosbys Run, Roseland, VA 22967","josh","","","https://www.google.com/maps/dir/?api=1&destination=200%20Mosbys%20Run%2C%20Roseland%2C%20VA%2022967","Beer; Scenic Views; Pet Friendly; Cabins; Lodging","false","https://www.google.com/maps/dir/?api=1&destination=200%20Mosbys%20Run%2C%20Roseland%2C%20VA%2022967","","","","","","","",""
"244","Relaxing 3 bedroom Mountain Cabin","relaxing-3-bedroom-mountain-cabin","Cabins & Cottages","stay","Roseland","Relaxing 3 Bedroom Mountain Cabin is a tri-level Wintergreen home with wraparound decks, observation platform, wood fireplace, and firewood provided.","","https://ik.imagekit.io/OE/nelson-county/listings/relaxing-3-bedroom-mountain-cabin-image1_VkgnJV9cW","Beige house with wooden accents, surrounded by leafless trees and stone steps.","","https://ik.imagekit.io/OE/nelson-county/listings/relaxing-3-bedroom-mountain-cabin-image2_tTW_FmdOS","Cozy living room with stone fireplace, leather chairs, and a mounted TV.","","","","","","","Wintergreen Resort, Roseland, VA 22967","josh","","","https://www.google.com/maps/dir/?api=1&destination=Wintergreen%20Resort%2C%20Roseland%2C%20VA%2022967","Outdoor Seating; Cabins; Lodging","false","https://www.google.com/maps/dir/?api=1&destination=Wintergreen%20Resort%2C%20Roseland%2C%20VA%2022967","Trail Information","Nestled atop the serene peaks of Wintergreen Resort, our Relaxing 3 Bedroom Mountain Cabin invites you and your loved ones to a tranquil retreat away from the hustle and bustle of everyday life. This exquisite tri-level home is a haven of relaxation, featuring wraparound decks that invite you to breathe in the fresh mountain air, an observation platform that offers breathtaking views of the natural surroundings, a cozy wood fireplace for those chilly evenings, and a generous supply of firewood to ensure your comfort.

As you step into this beautiful cabin in the woods, you're immediately welcomed into a space that we, too, have come to cherish as a stress-free, relaxing getaway. It's not just a place to stay; it's an experience that reconnects you with nature and provides a peaceful backdrop for making memories with your family.

The cabin's location at the pinnacle of Wintergreen Resort offers more than just stunning views—it serves as a gateway to exploring the great outdoors. Whether you're an avid hiker, a nature enthusiast, or simply someone who appreciates the beauty of the natural world, the surrounding area is a treasure trove of outdoor adventures waiting to be discovered.

Embark on a journey through the lush landscapes with a hike that starts right from your doorstep. One of the highlights for our guests is the proximity to charming trails, where one way mileage is a manageable 2.25 miles. These trails are perfect for a leisurely morning walk, an invigorating run, or a peaceful evening stroll, allowing you to fully immerse yourself in the beauty and tranquility of the mountain environment.

Every element of our Relaxing 3 Bedroom Mountain Cabin, from the thoughtful amenities to the prime location, has been carefully curated to ensure you have an unforgettable stay. We invite you to come and enjoy the same serene, joy-filled moments that have made this place so special to us. Welcome to your home away from home, where relaxation meets adventure, and where each day promises new discoveries in the enchanting wilderness of Wintergreen Resort.","Important Information","Nestled in the heart of Wintergreen, the Relaxing 3 Bedroom Mountain Cabin offers a serene retreat for those looking to escape the hustle and bustle of everyday life. This tri-level home, lovingly provided by our host, boasts wraparound decks that invite guests to immerse themselves in the tranquility of the surrounding landscapes. An observation platform provides an unparalleled view of the area, making it the perfect spot for morning coffees or evening stargazing.

As you step inside, the warmth of a wood fireplace greets you, promising cozy nights with firewood readily provided to ensure your comfort. The cabin's description, directly from the host, paints a vivid picture of a haven designed for relaxation and connection with nature. However, it's important to note that these details have not been independently verified, adding a layer of trust and authenticity to the experience as shared by the host.

This Relaxing 3 Bedroom Mountain Cabin is more than just a place to stay; it's a gateway to a peaceful mountain experience, meticulously described to convey the essence of what guests can expect during their visit. The blend of natural beauty, thoughtful amenities, and the personal touch of the host's description come together to promise an unforgettable getaway in Wintergreen.","Location & Directions","Discover the serenity of the mountains in our Relaxing 3 Bedroom Mountain Cabin, a tri-level haven nestled in the heart of Wintergreen, Roseland. This picturesque retreat offers guests a chance to immerse themselves in tranquility, surrounded by the lush beauty of nature. The cabin boasts wraparound decks that invite you to breathe in the fresh mountain air and an observation platform perfect for stargazing or watching the sunrise with a warm cup of coffee in hand.

As you step inside, the warmth of the wood fireplace welcomes you, creating a cozy atmosphere that makes this cabin feel like a home away from home. We ensure your comfort by providing firewood, so you can enjoy the crackling fire without any hassle.

For inquiries or directions to find this hidden gem, Kirstyn Martin is your go-to guide. You can reach out to her at kirstyn1215@gmail.com. Let her assist you in planning your escape to the Relaxing 3 Bedroom Mountain Cabin in Roseland, where adventure and relaxation await.","",""
"245","Mountain Dacha","mountain-dacha","Whole House Rentals","stay","Roseland","Mountain Dacha is a four-bedroom, three-bath home adjacent to a Wintergreen golf course with cozy interiors suited for year-round resort activities.","","https://ik.imagekit.io/OE/nelson-county/listings/mountain-dacha-image1_qFTjg3emv","Elevated gray house with wooden stilts and staircase against blue sky.","","https://ik.imagekit.io/OE/nelson-county/listings/mountain-dacha-image2_5omwzRo6V","Modern living room with island, pendant lights, dining table, and cozy seating area.","","","","","","","Wintergreen Resort, Roseland, VA 22967","josh","","","https://www.google.com/maps/dir/?api=1&destination=Wintergreen%20Resort%2C%20Roseland%2C%20VA%2022967","Golf; Scenic Views; Family Friendly; Pet Friendly","false","https://www.google.com/maps/dir/?api=1&destination=Wintergreen%20Resort%2C%20Roseland%2C%20VA%2022967","Important Information","Nestled beside the lush fairways of a Wintergreen golf course, Mountain Dacha stands as a pristine four-bedroom, three-bath retreat, designed with the essence of coziness in mind, perfect for those seeking an escape into the heart of year-round resort activities. This haven, though described through the host's eyes, captures the quintessence of a serene getaway, offering an unverified glimpse into a world where comfort meets the great outdoors.

Mountain Dacha is not simply a place to stay; it's an invitation to immerse oneself in the tranquility of nature while enjoying the comforts of a home that has been thoughtfully prepared for your arrival. From the warmth of its inviting interiors to the convenience of its location adjacent to the verdant greens of a renowned golf course, every aspect of the Dacha promises a stay that's as relaxing as it is engaging. Whether you're here to challenge the fairways, explore the surrounding natural beauty, or simply unwind in a space that feels like a home away from home, Mountain Dacha is your gateway to the delightful experiences that only this year-round resort can offer.","Location & Directions","Nestled in the heart of Roseland, Mountain Dacha stands as a serene getaway, inviting guests into its warm embrace. This picturesque four-bedroom, three-bath home offers an idyllic setting adjacent to a Wintergreen golf course, making it the perfect haven for both relaxation and adventure. The cozy interiors of Mountain Dacha are designed to cater to your comfort, providing a welcoming atmosphere that complements the year-round resort activities available at your doorstep.

Managed by Sergey Zhitar, a connoisseur of hospitality and comfort, Mountain Dacha is more than just a place to stay—it's a destination that promises unforgettable experiences. For inquiries or to make a reservation, Sergey can be reached at 67southforest@gmail.com, ensuring a personal touch to your booking process.

Whether you're drawn by the allure of the greens in summer or the snow-capped vistas in winter, Mountain Dacha serves as the perfect base for exploring the myriad of activities that Roseland has to offer. From the moment you arrive, the beauty and tranquility of this home will envelop you, setting the stage for a truly remarkable stay.","","","",""
"246","Panoramic Peak - Vistas 1559, Wintergreen","panoramic-peak-vistas-1559-wintergreen","Whole House Rentals","stay","Wintergreen Resort","Panoramic Peak is a renovated one-bedroom, two-bath Wintergreen condo with sweeping valley views, sleeper sofa, and summer access to resort pools.","","https://ik.imagekit.io/OE/nelson-county/listings/panoramic-peak-vistas-1559-wintergreen-image1_0yAxafh3B","Snow-covered hills and trees under bright sun and clear blue sky.","","https://ik.imagekit.io/OE/nelson-county/listings/panoramic-peak-vistas-1559-wintergreen-image2_3dbe2CCc_","Living room with large windows, balcony view of ocean and sky.","","","","","","","Wintergreen Resort, Roseland, VA 22967","josh","","","https://www.google.com/maps/dir/?api=1&destination=Wintergreen%20Resort%2C%20Roseland%2C%20VA%2022967","Scenic Views; Pool; Seasonal Menu; Cabins; Lodging","false","https://www.google.com/maps/dir/?api=1&destination=Wintergreen%20Resort%2C%20Roseland%2C%20VA%2022967","Trail Information","Panoramic Peak is situated in the heart of Wintergreen Resort and boasts stunning mountain views from every window. Whether you are coming for a summer getaway, or to enjoy winter skiing, tubing or snowboarding trip, Panoramic Peak is a great place to set up home base. From exploring Nelson 151, hiking, golfing, or swimming, you will never be at a loss for activities, regardless of the season.","Menu & Offerings","The condo's main features are as described: KITCHEN Fridge, dishwasher, oven, Berkey Water Filter, coffee pot, tea kettle, pantry, washer & dryer. DINING/LIVING AREA Table and chairs with seating for 4, WFH space (desk and chair), pull-out sleeper sofa, armchair, wood-burning fireplace, games, access to balcony. BATHROOM 1 Full bathroom with shower/bath combo.","Important Information","*Lodging descriptions are provided by the host and not independently verified.","Location & Directions","Jamie Inlow, hello@bestillgetaways. No Find us at Wintergreen Resort."
"247","Skis and Trees","skis-and-trees","Whole House Rentals","stay","Roseland","Skis and Trees is a ski-in/ski-out Tyro slope chalet with two king master suites, kids loft, six-person hot tub, and renovated gourmet kitchen. Completely renovated, 3 BR/2BA chalet, located on Lower Tyro slope, just below Tequila.","","https://ik.imagekit.io/OE/nelson-county/listings/skis-and-trees-image1_uQ5JEwsyD","Elevated cabin in snowy forest surrounded by leafless trees under clear blue sky.","","https://ik.imagekit.io/OE/nelson-county/listings/skis-and-trees-image2_XL_YPnQw4","Wooden kitchen with island, bar stools, pendant lights, stainless appliances, and vaulted ceiling.","","","","","","","Wintergreen Resort, Roseland, VA 22967","josh","","","https://www.google.com/maps/dir/?api=1&destination=Wintergreen%20Resort%2C%20Roseland%2C%20VA%2022967","Skiing; Full Kitchen; Cabins; Lodging","false","https://www.google.com/maps/dir/?api=1&destination=Wintergreen%20Resort%2C%20Roseland%2C%20VA%2022967","Hours & Information","Completely renovated, 3 BR/2BA chalet, located on Lower Tyro slope, just below Tequila. Rustic decor, fully stocked kitchen, high end appliances, granite counters. Open floor plan, walls of windows, mtn views.","Important Information","*Lodging descriptions are provided by the host and not independently verified.","Location & Directions","Joseph Bauer, joebauer01@hotmail. No Find us at Roseland.","",""
"248","Mountain Dreams Condo","mountain-dreams-condo","Whole House Rentals","stay","Roseland","Mountain Dreams Condo at The Ledges offers two-story living with two bedrooms, dual fireplaces, redesigned king suite, and expansive views over the Rockfish Valley. A brand new Dream Cloud King size bed is in the lower suite with a queen and bunks in the guest room.","","https://ik.imagekit.io/OE/nelson-county/listings/mountain-dreams-condo-image1_5ySBVIX4i","Sunset over mountains, vibrant sky, lush green trees in foreground.","","https://ik.imagekit.io/OE/nelson-county/listings/mountain-dreams-condo-image2_Eba2At3G7","Cozy living room with fireplace, ocean view, and blue sofa.","","","","","","","Wintergreen Resort, Nellysford, VA 22958","josh","","","https://www.google.com/maps/dir/?api=1&destination=Wintergreen%20Resort%2C%20Nellysford%2C%20VA%2022958","Lodging; Pet Friendly; Cabins; Fishing","false","https://www.google.com/maps/dir/?api=1&destination=Wintergreen%20Resort%2C%20Nellysford%2C%20VA%2022958","Accommodation Information","Nestled within the serene landscapes at The Ledges, Mountain Dreams Condo emerges as a sanctuary for those seeking a tranquil retreat amidst nature's splendor. This two-story dwelling is meticulously designed to provide an unparalleled living experience, featuring two elegantly appointed bedrooms, dual fireplaces that add a cozy ambiance to the chilly evenings, and a newly redesigned king suite that promises comfort and luxury in equal measure. The expansive views over the Rockfish Valley serve as a constant reminder of the beauty that surrounds this enchanting residence.

Upon entering the lower suite, guests are greeted by the plush comfort of a brand new Dream Cloud King size bed, an invitation to endless nights of restful sleep under the starlit sky. The guest room, thoughtfully designed with families in mind, houses a comfortable queen-sized bed and bunk beds, ensuring ample space for both relaxation and playful moments. To enhance the experience of luxury, Mountain Dreams Condo is adorned with professionally cleaned, hotel-quality linens and towels, ensuring a touch of elegance and the utmost comfort during your stay.

Every detail in Mountain Dreams Condo is curated to provide guests with an unforgettable experience, where the beauty of the Rockfish Valley blends seamlessly with the refined comforts of high-end accommodation.","Important Information","Nestled within the serene landscape of The Ledges, Mountain Dreams Condo emerges as a beacon of comfort and luxury for those seeking an escape into nature without forgoing the comforts of home. This exquisite two-story living space boasts two warmly inviting bedrooms, dual fireplaces that add a cozy ambiance to both floors, and a redesigned king suite that promises rest and relaxation. The highlight, however, is the expansive views over the Rockfish Valley, which can be enjoyed from the comfort of this elegant retreat.

As you step into the Mountain Dreams Condo, you are greeted by an environment that has been thoughtfully curated to ensure your stay is nothing short of spectacular. A brand new Dream Cloud King size bed awaits to envelop you in unparalleled comfort, ensuring a restful night's sleep after a day of adventure and exploration.

It's important to note that the descriptions of the lodging, including the luxurious amenities and breathtaking views, have been provided by the host. These details have not been independently verified, yet they paint a picture of a destination that promises an unforgettable stay. Whether you are seeking a peaceful retreat to disconnect and rejuvenate or a base from which to explore the natural beauty of the Rockfish Valley, Mountain Dreams Condo at The Ledges offers a perfect blend of comfort, elegance, and natural beauty.","Location & Directions","Nestled in the heart of the breathtaking Rockfish Valley, Mountain Dreams Condo at The Ledges offers an exquisite retreat for those seeking a blend of luxury and nature. This stunning two-story living space boasts two elegantly appointed bedrooms, dual fireplaces for cozy evenings, and a newly redesigned king suite that promises the utmost comfort with a brand new Dream Cloud King size bed. The expansive views over the verdant valley serve as a constant reminder of the natural beauty that surrounds this charming location.

For those looking to immerse themselves in this idyllic setting, Mountain Dreams Condo is easily accessible. Managed by Rebecca Boyd of Four Seasons Vacation Rentals, guests are welcomed to find this haven of tranquility in Roseland—a location well-regarded for its scenic beauty and serene atmosphere. Whether you're seeking a peaceful escape from the buzz of city life or an adventurous exploration of the outdoors, Mountain Dreams Condo serves as the perfect base.

From the moment you arrive, the breathtaking landscapes and the meticulously designed condo combine to create an unforgettable experience. It's not just a place to stay; it's a destination that offers a unique blend of relaxation, luxury, and adventure. So, pack your bags and set your sights on this magnificent getaway in the Rockfish Valley, where your dream vacation awaits at Mountain Dreams Condo.","",""
"249","Wintergreen Vistas","wintergreen-vistas","Whole House Rentals","stay","Roseland","Wintergreen Vistas comprises two ridge-line condos—one two-bedroom, one three-bedroom—each with full kitchens, decks, and standout Blue Ridge views. One is a 2 bedroom, 2 bath unit, while the other is 3 bedroom, 3 bath The resort is found on the Sunrise Side of the Blue Ridge Mountains and is conveniently located close to Charlottesville, Staunton, Lynchburg, and Waynesboro.","","https://ik.imagekit.io/OE/nelson-county/listings/wintergreen-vistas-image1_eY_qdT5Qf","Buildings nestled in lush green hills with distant mountain view.","","https://ik.imagekit.io/OE/nelson-county/listings/wintergreen-vistas-image2_mWjjYi8o7","Cozy living room with brown sofa, stone fireplace, and open kitchen area.","","","","","","","Wintergreen Resort, Roseland, VA 22967","josh","","","https://www.google.com/maps/dir/?api=1&destination=Wintergreen%20Resort%2C%20Roseland%2C%20VA%2022967","Scenic Views; Cabins; Lodging","false","https://www.google.com/maps/dir/?api=1&destination=Wintergreen%20Resort%2C%20Roseland%2C%20VA%2022967","Hours & Information","The resort is found on the Sunrise Side of the Blue Ridge Mountains and is conveniently located close to Charlottesville, Staunton, Lynchburg, and Waynesboro. It’s only a three-hour drive from Washington, D. Spend the day at and near Wintergreen Resort any time of the year.","Important Information","*Lodging descriptions are provided by the host and not independently verified.","Location & Directions","Lee Stocks, rleestocks@gmail. No Find us at Roseland.","",""
"250","Clonmel Acres","clonmel-acres","Cabins & Cottages","stay","Afton","This spot is perfect for family reunions, wine enthusiasts exploring local vineyards, or groups of friends looking for a quiet place to gather.","","https://ik.imagekit.io/OE/nelson-county/listings/clonmel-acres-image1_jGAgaj2cN","Two-story white house with green shutters and neat garden in sunlight.","","https://ik.imagekit.io/OE/nelson-county/listings/clonmel-acres-image2_Ca4p35kQ5","Wooden staircase beside living room with fireplace, TV, and armchair.","","","","","","","Afton, VA 22920","josh","","","https://www.google.com/maps/dir/?api=1&destination=Afton%2C%20VA%2022920","Scenic Views; Cabins; Lodging; Farm","false","https://www.google.com/maps/dir/?api=1&destination=Afton%2C%20VA%2022920","Menu & Offerings","This spot is perfect for family reunions, wine enthusiasts exploring local vineyards, or groups of friends looking for a quiet place to gather.","Trail Information","Beautiful mountain views, private pond, hot tub, large bedrooms.","Important Information","*Lodging descriptions are provided by the host and not independently verified.","Location & Directions","Allison Harwood, allisonlharwood@gmail. No Find us at Afton."
"251","Cabin at Clonmel","cabin-at-clonmel","Cabins & Cottages","stay","Afton","Cabin at Clonmel is a restored 1700s log cabin available for 31+ day stays with loft bedroom, modern comforts, and mountain views on the Clonmel estate. Historic cabin from late 1700’s with beautiful restoration, beautiful mountain views, fire pit, peaceful area.","","https://ik.imagekit.io/OE/nelson-county/listings/cabin-at-clonmel-image1_xyO4Zu1Ot","Log cabin with metal roof, surrounded by trees and gravel path.","","https://ik.imagekit.io/OE/nelson-county/listings/cabin-at-clonmel-image2_LOG93baRB","Rustic living room with exposed beams, wooden door, and patterned armchair.","","","","","","","Afton, VA 22920","josh","","","https://www.google.com/maps/dir/?api=1&destination=Afton%2C%20VA%2022920","Scenic Views; Cabins; Lodging","false","https://www.google.com/maps/dir/?api=1&destination=Afton%2C%20VA%2022920","History","Come enjoy the peace and beauty of the Blue Ridge Mountains. The Cabin at Clonmel is a historic cabin that has been lovingly restored to include modern comforts. Please note that the cabin is available for mid-term stays only (31+ days).","Important Information","*Lodging descriptions are provided by the host and not independently verified.","Location & Directions","Allison Harwood, hello@bestillgetaways. No Find us at Afton.","",""
"252","Sleepy Hollow Retreat Enjoy Your Stay","sleepy-hollow-retreat-enjoy-your-stay","Whole House Rentals","stay","Roseland","Sleepy Hollow is nestled in scenic rural Nelson County, Virginia.","","https://ik.imagekit.io/OE/nelson-county/listings/sleepy-hollow-retreat-enjoy-your-stay-image1_8mU5M7k8W","House entrance with white columns, surrounded by blooming red flowers and green bushes.","","https://ik.imagekit.io/OE/nelson-county/listings/sleepy-hollow-retreat-enjoy-your-stay-image2_UEKG4vFSjT","Cozy bedroom with twin beds, fireplace, floral chairs, and braided rug.","","","","","","","Roseland, VA 22967","josh","","","https://www.google.com/maps/dir/?api=1&destination=Roseland%2C%20VA%2022967","Outdoor Seating; Wi-Fi; Pet Friendly; Cabins; Lodging; Farm; Water Sports","false","https://www.google.com/maps/dir/?api=1&destination=Roseland%2C%20VA%2022967","Area Information","Our 1800's two story 2200 square farm house, once a log cabin, welcomes you. Sleepy Hollow is nestled in scenic rural Nelson County, Virginia. Relax on the covered deck, dine in the renovated kitchen or dining room.","Menu & Offerings","Sleepy Hollow is Find us at the foot of a mountain and offers a large yard with lots of space for relaxation. Our yard is not fenced in, keeping the rural ambience. The pasture is fenced.","Important Information","*Lodging descriptions are provided by the host and not independently verified.","Location & Directions","Darlene Seay, Dolleen4@aol. Yes Find us at Roseland."
"253","Eagles Court Ski In/Ski Out Condo","eagles-court-ski-in-ski-out-condo","Vacation Rentals","stay","Wintergreen Resort","Eagles Court Ski In/Ski Out Condo sits directly on Eagle's Swoop with designated parking, renovated kitchen, ski closet, and dog-friendly policy. Eagles Court Ski In/Ski Out Condo sits directly on Eagle's Swoop with designated parking, renovated kitchen, ski closet, and dog-friendly policy.","","https://ik.imagekit.io/OE/nelson-county/listings/eagles-court-ski-in-ski-out-condo-image1_IK6m9Pd6O","Covered patio with blue-cushioned chairs overlooking a forest and distant hills.","","https://ik.imagekit.io/OE/nelson-county/listings/eagles-court-ski-in-ski-out-condo-image2_kwfGDMJtE","Gray sectional sofa in living room with large window and patterned rug.","","","","","","","Wintergreen Resort, Roseland, VA 22967","josh","","","https://www.google.com/maps/dir/?api=1&destination=Wintergreen%20Resort%2C%20Roseland%2C%20VA%2022967","Skiing; Parking; Pet Friendly; Full Kitchen","false","https://www.google.com/maps/dir/?api=1&destination=Wintergreen%20Resort%2C%20Roseland%2C%20VA%2022967","Contact & Location","With mountain views. Park your car in our designated parking spot and walk to The Market at Wintergreen, the Skyline Pavilion (Ski Rental & Lift Ticket Office) and The Edge & Coppermine restaurants that overlook the slopes. The condo has 2 bedrooms with queen beds and one pullout sectional with a memory foam mattress in the living room.","Location & Directions","Lindsay Klein, lindsayeckertklein@gmail. Yes Find us at Wintergreen Resort.","Important Information","*Lodging descriptions are provided by the host and not independently verified.","",""
"254","Wren House","wren-house","Cabins & Cottages","stay","Afton","Wren House is a five-bedroom country home on nearly five acres with hot tub, fire pit, remodeled kitchen, and sweeping pasture and sunset views.","","https://ik.imagekit.io/OE/nelson-county/listings/wren-house-image1_mfElcPQPJ","Wooden deck house with star, surrounded by trees and grassy yard.","","https://ik.imagekit.io/OE/nelson-county/listings/wren-house-image2_8C5DMqnZS","Bedroom with teal walls, large windows, bed, bedside tables, and red rug.","","","","","","","Afton, VA 22920","josh","","","https://www.google.com/maps/dir/?api=1&destination=Afton%2C%20VA%2022920","Outdoor Seating; Pet Friendly; Full Kitchen; Cabins; Lodging","false","https://www.google.com/maps/dir/?api=1&destination=Afton%2C%20VA%2022920","Amenities & Features","6-7 seat hot tub / spa; Fire pit & Adirondack chairs; Inside fireplace; Recently remodeled kitchen and baths; Room for 12; Pet friendly; New farmhouse kitchen; Spotlessly clean; Luxury quality beds and bedding; Large covered porch with view; Hammock in the oak grove; Large screen smart TV; Great vibes.","Important Information","*Lodging descriptions are provided by the host and not independently verified.","","","",""
"255","WildManDan B&B (Beer centric)","wildmandan-bb-beer-centric","Bed and Breakfast","stay","Afton","Wild Man Dan B&B is an 1870 farmhouse on the Wild Man Dan Brewery property sleeping twelve with wraparound porch, gazebo, fire pit swings, and optional beer classes. Is available to lodging guests (Terri is a chef) and the brewery has space to rent after daily business hours for events of 50-100 people.","","https://ik.imagekit.io/OE/nelson-county/listings/wildmandan-b-b-beer-centric--image1_JoNLwgtDjW","Brick house with white porch amidst lush greenery and blooming flowers.","6930547d5c7cd75eb880dc49","https://ik.imagekit.io/OE/nelson-county/listings/wildmandan-b-b-beer-centric--image2_HP9XWfGqVo","White shampoo bottles, labeled 'WildManDan,' next to beer glass and soap.","693061a05c7cd75eb8d793f6","","","","","(540) 649-2233","279 Avon Road, Afton, VA 22920","josh","","","https://www.google.com/maps/dir/?api=1&destination=279%20Avon%20Road%2C%20Afton%2C%20VA%2022920","Beer; Breakfast; Farm; Lodging; Outdoor Seating; Tastings","false","https://www.google.com/maps/dir/?api=1&destination=279%20Avon%20Road%2C%20Afton%2C%20VA%2022920","Important Information","*Lodging descriptions are provided by the host and not independently verified.","Menu & Offerings","Is available to lodging guests (Terri is a chef) and the brewery has space to rent after daily business hours for events of 50-100 people. We supply a pound of locally roasted coffee and s'more ingredients for that fire pit along with beer shampoo and beer soap. Oh, and great beer is available at the brewery.","","","",""
"256","Fenton Inn","fenton-inn","Bed and Breakfast","stay","Roseland","Fenton Inn is a handcrafted European-style village inn with artisan architecture, bakery breakfast buffet, and direct access to Blue Ridge Parkway adventures. And works of art that it requires a return visit to take it all in.","","https://ik.imagekit.io/OE/nelson-county/listings/fenton-inn-image1_QKOLmh9ddN","Colorful European-style buildings with lit windows, cobblestone path, and trees.","","https://ik.imagekit.io/OE/nelson-county/listings/fenton-inn-image2_Gihyn3fDA","Spacious living room with wooden beams, fireplace, sofas, and chandelier.","","","","","","(434) 361-3539","29 Shelton Laurel Trail, Nellysford, VA 22958","josh","","","https://www.google.com/maps/dir/?api=1&destination=29%20Shelton%20Laurel%20Trail%2C%20Nellysford%2C%20VA%2022958","Bakery; Breakfast; Lodging; Scenic Views","true","https://www.google.com/maps/dir/?api=1&destination=29%20Shelton%20Laurel%20Trail%2C%20Nellysford%2C%20VA%2022958","Menu & Offerings","And works of art that it requires a return visit to take it all in. Wake to a wholesome breakfast buffet in the bakery including Belgium waffles, sausage, eggs or lighter options of fresh fruits, granola and yogurt. Take in the morning views of the National Forest as you plan your day.","Additional Menu Information","European elegance and spectacular views come together in the heart of the Blue Ridge Mountains. The Fenton Inn is surrounded by things to do, wineries, breweries, National Parks, the Appalachian Trail and the ski slopes of Wintergreen, but the most interesting attraction in the area is a stay at the Fenton Inn. The Inn is not just a place to stay, but a must see destination for anyone interested in art, architecture and European history.","Important Information","*Lodging descriptions are provided by the host and not independently verified.","Location & Directions","Lilia Fenton, innkeeper@fentoninn. No Find us at Roseland."
"257","Marley's Cabin","marleys-cabin","Cabins & Cottages","stay","Wintergreen Resort","Marley's Cabin is a renovated Wintergreen mountain home with 180-degree sunrise views, designer interiors, and expansive decks for year-round relaxation.","","https://ik.imagekit.io/OE/nelson-county/listings/marley-s-cabin-image1_WNjFUweoL","Wooden porch with stone pillars, leading to brown door, under clear sky.","","https://ik.imagekit.io/OE/nelson-county/listings/marley-s-cabin-image2_gNrnT-xGf","Mountain view from bright room with large windows and outdoor deck chairs.","","","","","","","Wintergreen Resort, Roseland, VA 22967","josh","","","https://www.google.com/maps/dir/?api=1&destination=Wintergreen%20Resort%2C%20Roseland%2C%20VA%2022967","Scenic Views; Cabins; Lodging","false","https://www.google.com/maps/dir/?api=1&destination=Wintergreen%20Resort%2C%20Roseland%2C%20VA%2022967","Trail Information","Marley's Cabin - a five star getaway on Wintergreen mountain Enjoy dramatic views of the Blue Ridge Mountains from Marley’s Cabin on Wintergreen Mountain, Find us at the heart of Central Virginia. This beautifully renovated home boasts 180-degree mountain and valley views in ultimate peace and quiet. Incredible sunrises and dramatic twilight scenes await year-round.","Contact & Location","House Features 4 bedrooms 3½ bathrooms Hot tub (additional towels included) Well appointed, updated kitchen Keurig coffee maker Rokus with access to streaming content on each television (all four bedrooms, living room, and family room) Alexa-controlled, whole-house music Comfortable bed linens High-quality towels Heating/air conditioning throughout the home Washer and dryer 500ft to ski shuttle pickup at Wintergreen Vistas and High Ridge Place Condos ¼ mile to Chestnut Springs neighborhood pool.","Important Information","*Lodging descriptions are provided by the host and not independently verified.","Location & Directions","John Crain, jmcrain@gmail. No Find us at Wintergreen."
"258","Cozy & Clean Wintergreen Condo (Tanners Ridge)","cozy-clean-wintergreen-condo-tanners-ridge","Vacation Rentals","stay","Roseland","Cozy & Clean Wintergreen Condo features a new king bed, plush linens, fireplace, smart TVs, and dog-friendly patio one mile from the resort core. This is a well-behaved dog friendly and non-smoking condo.","","https://ik.imagekit.io/OE/nelson-county/listings/cozy-clean-wintergreen-condo-tanners-ridge--image1_ueMPwPu27","Gray patio with glass doors, table, chairs, and a small grassy area.","","https://ik.imagekit.io/OE/nelson-county/listings/cozy-clean-wintergreen-condo-tanners-ridge--image2_y1P7Ednde","Cozy living room with gray sofa, fireplace, ski decor, and wall-mounted snowshoes.","","","","","","","Wintergreen Resort, Roseland, VA 22967","josh","","","https://www.google.com/maps/dir/?api=1&destination=Wintergreen%20Resort%2C%20Roseland%2C%20VA%2022967","Pet Friendly; Outdoor Seating","false","https://www.google.com/maps/dir/?api=1&destination=Wintergreen%20Resort%2C%20Roseland%2C%20VA%2022967","Contact & Location","We're nestled in the perfect spot in Wintergreen- convenient to the Resort yet 1 mile from the hustle and bustle of busy weekends. It's quiet and comfortable with all the conveniences of home.","Important Information","*Lodging descriptions are provided by the host and not independently verified.","Location & Directions","Ritta Cunningham, va4cunninghams@yahoo. Yes Find us at Roseland.","",""
"259","Remodeled 3BR/2BA Ski Chalet off Tyro Slope","remodeled-3br-2ba-ski-chalet-off-tyro-slope","Whole House Rentals","stay","Wintergreen Resort","Remodeled 3BR/2BA Ski Chalet off Tyro Slope offers ski-in/out access, gourmet kitchen, heated bathroom floors, wraparound deck, and parking for three. This quaint remodeled Austrian styled 3BR/2BA ski chalet just one row off the Tyro Slopes.","","https://ik.imagekit.io/OE/nelson-county/listings/remodeled-3br-2ba-ski-chalet-off-tyro-slope-image1_LCLwq3hm9","Snow-covered houses and trees under clear blue sky seen from wooden balcony.","","https://ik.imagekit.io/OE/nelson-county/listings/remodeled-3br-2ba-ski-chalet-off-tyro-slope-image2_QCtdVvK3L","Blue sectional sofa with patterned cushions in a cozy living room.","","","","","","","Wintergreen Resort, Roseland, VA 22967","josh","","","https://www.google.com/maps/dir/?api=1&destination=Wintergreen%20Resort%2C%20Roseland%2C%20VA%2022967","Skiing; Outdoor Seating; Scenic Views; Full Kitchen; Pet Friendly; Parking; Cabins; Lodging","false","https://www.google.com/maps/dir/?api=1&destination=Wintergreen%20Resort%2C%20Roseland%2C%20VA%2022967","Amenities & Features","This quaint remodeled Austrian styled 3BR/2BA ski chalet just one row off the Tyro Slopes. The unit has been completely renovated inside and out including new siding, new insulation, new kitchen, new bathrooms with heated floors, all new flooring and paint throughout, new deck, and expanded parking. This house is extremely convenient to all of the amenities of Wintergreen, a Four Season resort nestled next to the Blue Ridge Parkway in Nelson County.","Location & Directions","Thomas Schaaf, Paddington RVA@hotmail. Yes Find us at Wintergreen.","Important Information","*Lodging descriptions are provided by the host and not independently verified.","",""
"260","Three Springs Myndus","three-springs-myndus","Cabins & Cottages","stay","Lovingston","Three Springs Myndus is a three-bedroom mountain home on a 100-acre property with high-speed internet, whirlpool tub, wildlife viewing, and EV charging along the Nelson craft beverage trail. Larger parties, see the Three Springs Plus listing.","","https://ik.imagekit.io/OE/nelson-county/listings/three-springs-myndus-image1_iRtwAxful","House with gray siding, surrounded by trees, gravel driveway, and green hills.","","https://ik.imagekit.io/OE/nelson-county/listings/three-springs-myndus-image2_L3FPHzVZW","Cozy living room with sofas, fireplace, TV, and round coffee table.","","","","","","","Arrington, VA 22922","josh","","","https://www.google.com/maps/dir/?api=1&destination=Arrington%2C%20VA%2022922","Outdoor Seating; Parking; EV Charging; Breakfast; Cabins; Lodging; Swimming Pool","false","https://www.google.com/maps/dir/?api=1&destination=Arrington%2C%20VA%2022922","Important Information","*Lodging descriptions are provided by the host and not independently verified.","Amenities & Features","EV charging available for an additional fee. Garage parking available. Located on 100 acres on quiet, dead-end road for walks, biking, etc.","Location & Directions","Deborah Harvey, threesprings. No Find us at Lovingston.","",""
"261","Lovingston Get-Away","lovingston-get-away","Cabins & Cottages","stay","Lovingston","Lovingston Get-Away is a two-bedroom historic-district home with full kitchen and cozy living room just off Front Street, letting guests walk to shops, dining, and a self-guided village tour while staying central to wineries, Wintergreen adventures, and Blue Ridge landmarks. Lovingston is a great destination for history buffs as the Lovingston Historic District and the courthouse are both listed on the National Register of Historic Places. The original 30 acres was donated by Mr.","","https://ik.imagekit.io/OE/nelson-county/listings/lovingston-get-away-image1_S53B0Y9fZ","Red umbrella on wooden deck, surrounded by leafy green trees, sunny day.","","https://ik.imagekit.io/OE/nelson-county/listings/lovingston-get-away-image2_j5M7fMRLj","Blue couch with striped pillows, brown chair, lamp, and potted plant nearby.","","","","","","","Lovingston, VA 22949","josh","","","https://www.google.com/maps/dir/?api=1&destination=Lovingston%2C%20VA%2022949","Tours; Full Kitchen; Scenic Views; Cabins; Lodging","false","https://www.google.com/maps/dir/?api=1&destination=Lovingston%2C%20VA%2022949","History","Lovingstown, Virginia, as it was first named, began with a land grant and a need to build a courthouse and a county seat for the newly created Nelson County in 1809. James Loving that same year and thus began the construction of this charming historic village. There were 49 lots parceled off in nearly equal measure and then sold.","Contact & Location","Bright Hope Baptist Church, a historic African-American landmark in Lovingston that overlooks the village. The church was built along with a school in 1870 to serve the freed men and women of Nelson. The kept area has over 100 marked graves.","Amenities & Features","Than a meal, head to Wood Ridge Farm Brewery, where a food truck is usually available. It’s a family-friendly place with plenty of outdoor activities. Want to know something interesting.","",""
"262","Rock-n-Creek Cabin","rock-n-creek-cabin","Cabins & Cottages","stay","Montebello","Rock-n-Creek Cabin is a spacious log lodge atop Whetstone Ridge with multiple porches, stone fire pit, three bedrooms plus loft, and scenic river branches on-site. Rock-n-Creek Cabin offers the comforts of country living with all modern amenities.","","https://ik.imagekit.io/OE/nelson-county/listings/rock-n-creek-cabin-image1_wg6J4o7KB","Wooden cabin porch with blue chairs, small plants, and log pile.","","https://ik.imagekit.io/OE/nelson-county/listings/rock-n-creek-cabin-image2_Kf2NxFyXJ","Cozy living room with floral chair, armchair, and patterned rug.","","","","","","(434) 299-6143","2307 Whetstone Ridge Road, Roseland, VA 22967","josh","","","https://www.google.com/maps/dir/?api=1&destination=2307%20Whetstone%20Ridge%20Road%2C%20Roseland%2C%20VA%2022967","Cabins; Scenic Views; Breakfast; Pet Friendly; Lodging; Water Sports","false","https://www.google.com/maps/dir/?api=1&destination=2307%20Whetstone%20Ridge%20Road%2C%20Roseland%2C%20VA%2022967","Menu & Offerings","Rock-n-Creek Cabin offers the comforts of country living with all modern amenities. Nestled high on the pinnacle of Whetstone Ridge in the Blue Ridge Mountains of Virginia. Conveniently located near the BRP, Appalachian Trail & Crabtree Falls.","Accommodation Information","There are numerous things that make Rock-n-Creek Cabin unique. The cabin sits alone on its own property and you don’t have to share cabin or property with other guest. Secluded and Romantic Setting.","Important Information","*Lodging descriptions are provided by the host and not independently verified.","Location & Directions","Richard Christy, rchristy. Yes Find us at Montebello."
"263","The Branch at Afton Mountain Retreat","the-branch-at-afton-mountain-retreat","Whole House Rentals","stay","Afton","The Branch at Afton Mountain Retreat is a remodeled three-bedroom home with screened porch fireplace, pet-friendly policy for hypoallergenic dogs, and location across from Veritas.","","https://ik.imagekit.io/OE/nelson-county/listings/the-branch-at-afton-mountain-retreat-image1_2evspjhBj","White house with porch, brown roof, green lawn, beside trees under clear sky.","","https://ik.imagekit.io/OE/nelson-county/listings/the-branch-at-afton-mountain-retreat-image2_rEDPzVQfA","Modern living room with gray sofas, round wooden table, and patterned rug.","","","","","","","1220 Fox Ridge Lane, Afton, VA 22920","josh","","","https://www.google.com/maps/dir/?api=1&destination=1220%20Fox%20Ridge%20Lane%2C%20Afton%2C%20VA%2022920","Wine; Outdoor Seating; Pet Friendly; Cabins; Lodging","false","https://www.google.com/maps/dir/?api=1&destination=1220%20Fox%20Ridge%20Lane%2C%20Afton%2C%20VA%2022920","","","","","","","",""
"264","The Bungalow at Afton Mountain Retreat","the-bungalow-at-afton-mountain-retreat","Whole House Rentals","stay","Afton","The Bungalow at Afton Mountain Retreat is a renovated 1930s Sears Roebuck home with open concept living, marble bath, kid playroom, and mountain views over Veritas.","","https://ik.imagekit.io/OE/nelson-county/listings/the-bungalow-at-afton-mountain-retreat-image1_KbFZ0ogMN","House with blue siding, front porch, grassy yard, and surrounding trees.","","https://ik.imagekit.io/OE/nelson-county/listings/the-bungalow-at-afton-mountain-retreat-image2_Cx7Zyne7u","Modern kitchen with island, pendant lights, and dining area in natural light.","","","","","","","1230 Fox Ridge Lane, Afton, VA 22920","josh","","","https://www.google.com/maps/dir/?api=1&destination=1230%20Fox%20Ridge%20Lane%2C%20Afton%2C%20VA%2022920","Wine; Scenic Views; Full Kitchen; Cabins; Lodging","false","https://www.google.com/maps/dir/?api=1&destination=1230%20Fox%20Ridge%20Lane%2C%20Afton%2C%20VA%2022920","","","","","","","",""
"265","Avon Hill","avon-hill","Whole House Rentals","stay","Howardsville","Avon Hill is a 100-acre Rockfish River estate with multiple lodging buildings, boxwood gardens, pool, and Bruce's Barn event venue for weddings and retreats. For 150 and makes the perfect setting for your destination wedding.","","https://ik.imagekit.io/OE/nelson-county/listings/avon-hill-image1_rNbvnZUhM","White house with brick chimney, black roof, garden, and blue sky backdrop.","","https://ik.imagekit.io/OE/nelson-county/listings/avon-hill-image2_Evb2hT3rc","Living room with black sofas, brick fireplace, and dining area in background.","","","","","","(434) 361-2519","289 Avon Road, Howardsville, VA 24562","josh","","","https://www.google.com/maps/dir/?api=1&destination=289%20Avon%20Road%2C%20Howardsville%2C%20VA%2024562","Lodging; Pool; Events; Pet Friendly; Cabins; Water Sports; Fishing","false","https://www.google.com/maps/dir/?api=1&destination=289%20Avon%20Road%2C%20Howardsville%2C%20VA%2024562","Important Information","*Lodging descriptions are provided by the host and not independently verified.","Location & Directions","Joceyn O'Twitchell, jocelyn@avonhilllodge. Yes Find us at Howardsville.","","","",""
"266","A Nellysford Nest","a-nellysford-nest","Cabins & Cottages","stay","Nellysford","For the 3 upstairs bedrooms: the first features a king bed, the second features 2 queen beds, and the third features a twin-over-full bunk bed.","","https://ik.imagekit.io/OE/nelson-county/listings/a-nellysford-nest-image1_YuP0qNW9W","Blue house surrounded by forest, with gravel path and garden.","","https://ik.imagekit.io/OE/nelson-county/listings/a-nellysford-nest-image2_DsD58414v","Spacious living room with leather sectional, wooden floor, and large wall-mounted TV.","","","","","","","Nellysford, VA 22958","josh","","","https://www.google.com/maps/dir/?api=1&destination=Nellysford%2C%20VA%2022958","Outdoor Seating; Cabins; Lodging","false","https://www.google.com/maps/dir/?api=1&destination=Nellysford%2C%20VA%2022958","Contact & Location","One of Airbnb's favorites. 5BA on 5 acres in the forest adjacent to 40 acres of private eco-village trails. Centrally located near Nelson County 151 attractions, with Bold Rock right at the top of our street and Devils Backbone 1.","Additional Location Information","For the 3 upstairs bedrooms: the first features a king bed, the second features 2 queen beds, and the third features a twin-over-full bunk bed. There's also a full bathroom. Outside, we offer a Weber grill on the back patio and, again, seating for 8 on our patio set with the red umbrella.","Important Information","*Lodging descriptions are provided by the host and not independently verified.","Location & Directions","Jeff Smidt, jeff@stargazingllc. No Find us at Nellysford."
"267","Love Ridge Mountain Lodging","love-ridge-mountain-lodging","Cabins & Cottages","stay","Lyndhurst","Love Ridge Mountain Lodging offers mountain cabins and wooded campsites at 2,800 feet with birding trails, hot tub, game shed, and Blue Ridge Parkway access. Escape to the heart of Virginia’s Blue Ridge Mountains and immerse yourself in nature.","","https://ik.imagekit.io/OE/nelson-county/listings/love-ridge-mountain-lodging-image1_aUavRAzUY","Two illuminated cabins on stilts surrounded by trees in twilight.","","https://ik.imagekit.io/OE/nelson-county/listings/love-ridge-mountain-lodging-image2_iYHKvRRV9","Cozy living room with brown leather couch, wooden furniture, and kitchen area.","","https://ik.imagekit.io/OE/nelson-county/listings/love-ridge-mountain-lodging-image3_fVzOXzzh8","Spacious living room with sunlight, large windows, and cozy beige sectional sofa.","","","(434) 299-5228","31 Woodridge Trail, Lyndhurst, VA 22952","josh","","","https://www.google.com/maps/dir/?api=1&destination=31%20Woodridge%20Trail%2C%20Lyndhurst%2C%20VA%2022952","Cabins; Full Service Resort; Lodging; Meeting Planners; Pet Friendly; Scenic Views","false","https://www.google.com/maps/dir/?api=1&destination=31%20Woodridge%20Trail%2C%20Lyndhurst%2C%20VA%2022952","Menu & Offerings","With pet-friendly accommodations, even four-legged companions can join the adventure. Onsite, visitors enjoy Virginia Birding and Wildlife Trails, peaceful outdoor spaces, the game shed and outdoor lawn games and starlit nights by the fire, all while being just minutes from Nelson 151’s craft breweries and wineries. Love Ridge is also perfect for groups who want to be together while still enjoying the comforts of their own space.","Important Information","Nestled at an elevation of 2,800 feet, Love Ridge Mountain Lodging invites guests to immerse themselves in the serene beauty of Virginia's Blue Ridge Mountains. This enchanting retreat offers a mix of charming mountain cabins and secluded wooded campsites, each serving as a gateway to the natural wonders that surround it. Here, the details provided come directly from the host, offering a personal touch to the descriptions of the accommodations and amenities available.

As you settle into your chosen haven, whether it be a cozy cabin or a rustic campsite, the allure of the great outdoors beckons. The property boasts an intricate network of birding trails, perfect for those who wish to explore the area's avian inhabitants in their natural habitat. The trails meander through the lush landscape, offering a peaceful respite and an opportunity to reconnect with nature.

For those seeking relaxation, the hot tub provides a soothing escape, where you can unwind while soaking in the breathtaking mountain vistas. It's an idyllic spot to reflect on the day's adventures or simply enjoy a moment of tranquility under the starlit sky.

Adding to the charm and appeal of Love Ridge Mountain Lodging is the game shed. This unique feature caters to guests of all ages, offering a variety of games and activities that promise fun-filled hours for everyone. It's a place where laughter and joy resonate, creating lasting memories with family and friends.

Moreover, the property's proximity to the Blue Ridge Parkway elevates the experience, granting easy access to one of America's most scenic drives. This renowned route opens up a world of exploration, with stunning overlooks, captivating landscapes, and a plethora of outdoor activities at your fingertips.

In essence, Love Ridge Mountain Lodging is more than just a place to stay; it's a destination that offers an authentic mountain experience. From the adventurous soul seeking to explore the great outdoors to the individual yearning for a tranquil retreat amidst nature, this enchanting property promises an unforgettable escape in the heart of Virginia's Blue Ridge Mountains.","Location & Directions","Nestled in the verdant embrace of Virginia's majestic Blue Ridge Mountains, Love Ridge Mountain Lodging offers a tranquil escape for those seeking the serene beauty of nature without forsaking the comforts of home. This idyllic retreat, situated at an elevation of 2,800 feet, provides guests with an array of cozy cabins and secluded wooded campsites, perfect for any outdoor enthusiast.

At Love Ridge Mountain Lodging, every day is an opportunity for adventure or relaxation. Guests can explore the numerous birding trails that weave through the lush landscape, offering a delightful experience for nature lovers and bird watchers alike. For those looking to unwind, the property boasts a hot tub where you can soak your worries away under the canopy of the Blue Ridge sky. Additionally, a game shed is available for some light-hearted recreation, ensuring that there's never a dull moment during your stay.

Access to the scenic Blue Ridge Parkway is conveniently close, making Love Ridge Mountain Lodging an ideal base for exploring the splendors of the surrounding area. Whether you're hiking, biking, or simply enjoying the breathtaking views, the Parkway provides a direct route to the heart of Virginia's natural beauty.

For those interested in experiencing the charm and comfort of Love Ridge Mountain Lodging, you can directly reach out to Natasha Sienitsky at loveridgeva@gmail.com. Find your way to this mountain paradise located in Lyndhurst, where an unforgettable getaway awaits amidst the tranquility and splendor of the Blue Ridge Mountains. Whether you're seeking adventure, relaxation, or a bit of both, Love Ridge Mountain Lodging promises an enchanting escape that you'll remember for years to come.","",""
"268","Open Heart Inn","open-heart-inn","Cabins & Cottages","stay","Roseland","Open Heart Inn is an 1840 farmhouse on ten acres offering whole-house or suite rentals, yoga studio, decks, and nature path minutes from Route 151 attractions. A historic property nestled on ten acres, Open Heart Inn offers boutique whole house or individual suite rentals in our 4 bedroom/4 bathroom farmhouse and charming cabin.","","https://ik.imagekit.io/OE/nelson-county/listings/open-heart-inn-image1_vbafle-Vg","White farmhouse with red roof, surrounded by trees and bushes, gravel driveway.","","https://ik.imagekit.io/OE/nelson-county/listings/open-heart-inn-image2_Nw9TYm2NAw","Yellow bathroom with white vanity, mirror, flowers, leading into bedroom.","","","","","","","9731 Rockfish Valley Highway, Afton, VA 22920","josh","","","https://www.google.com/maps/dir/?api=1&destination=9731%20Rockfish%20Valley%20Highway%2C%20Afton%2C%20VA%2022920","Cabins; Lodging; Farm","false","https://www.google.com/maps/dir/?api=1&destination=9731%20Rockfish%20Valley%20Highway%2C%20Afton%2C%20VA%2022920","Menu & Offerings","Nestled in the heart of tranquility, Open Heart Inn stands as a testament to relaxation and the rejuvenating power of nature. This historic 1840 farmhouse, set on a sprawling ten acres, has been meticulously preserved to offer guests an escape into serenity. At Open Heart Inn, the experience is intentionally tailored to encourage disconnection from the digital world and reconnection with oneself or loved ones.

Here, the absence of televisions in the suites and cabin is a deliberate choice, inviting guests to immerse themselves in the simple pleasures that the surroundings offer. Imagine starting your day with the gentle sounds of birdsong as you savor your morning coffee on one of the many decks that adorn the property. The decks provide the perfect vantage point to breathe in the fresh air and marvel at the beauty of the landscape that envelops you.

For those who seek to explore, a nature path meanders through the back field, offering a peaceful walk among the lush greenery that characterizes the area. This path is more than just a route; it's an invitation to slow down, to notice the details of the natural world, and to find a sense of peace in the rhythm of the steps you take.

Beyond the beauty of its outdoor spaces, Open Heart Inn also boasts a yoga studio, providing a tranquil space for reflection and physical rejuvenation. Whether you're a seasoned yogi or new to the practice, this studio offers a unique opportunity to connect with your inner self in a setting of unparalleled peace.

Offering both whole-house or suite rentals, Open Heart Inn caters to a variety of needs, whether you're seeking a solitary retreat or a memorable getaway with loved ones. Every aspect of the Inn, from its thoughtful amenities to its serene location just minutes from Route 151 attractions, is designed to ensure that your stay is as relaxing as it is memorable.

At Open Heart Inn, the promise is not just a stay but an experience. An experience that strips away the unnecessary, focusing instead on the beauty of simplicity, the joy of nature, and the profound effect of taking a moment to open your heart and breathe.","Important Information","Discover the charm and tranquility of the Open Heart Inn, a historic 1840 farmhouse that sits proudly on ten acres of lush land. This enchanting retreat offers guests the unique opportunity to rent the entire house or choose from one of its cozy suites, providing flexibility and privacy for your stay. The Inn boasts an on-site yoga studio, perfect for those looking to unwind and connect with their inner selves amidst the peace and quiet of nature. Additionally, the property features inviting decks and a nature path, ensuring guests can fully immerse themselves in the serene surroundings.

Nestled just minutes away from the attractions along Route 151, the Open Heart Inn serves as the perfect base for exploring the local area. Whether you're interested in visiting vineyards, breweries, or simply taking in the scenic beauty of the region, the Inn's convenient location makes it easy to experience all that this vibrant area has to offer.

It's important to note that the lodging descriptions provided are based on information from the host and have not been independently verified. This ensures that you get a personal and authentic insight into what the Open Heart Inn has to offer, directly from those who know it best.

Whether you're seeking a peaceful retreat from the hustle and bustle of daily life or an adventurous getaway filled with local exploration, the Open Heart Inn promises a memorable and rejuvenating experience.","Hours & Information","Discover the charm of the Open Heart Inn, an enchanting 1840 farmhouse nestled within the serenity of ten sprawling acres. This idyllic retreat offers guests an exclusive experience, with options ranging from whole-house rentals to individual suite accommodations, making it a perfect escape for both families and solo travelers alike. The Open Heart Inn is a sanctuary not just for those seeking shelter, but for anyone looking to engage in self-care, thanks to its on-site yoga studio. The expansive decks provide a tranquil setting for relaxation or meditation, while the nature path invites guests to explore the surrounding beauty of the area.

Situated just minutes from the allure of Route 151 attractions, the Open Heart Inn combines the tranquility of rural living with the convenience of nearby entertainment and dining options. Whether you're in the mood for a wine tasting, a hike in the local area, or simply enjoying the peace and quiet of the countryside, this location ensures you're never far from your next adventure.

For those interested in experiencing the warmth and hospitality of the Open Heart Inn, Laura Thibault is your point of contact. You can reach out to her directly at openheartinn@gmail.com for bookings or inquiries. The Inn proudly stands in the picturesque Roseland, waiting to be the backdrop for your next serene getaway. The Open Heart Inn isn't just a place to stay; it's a destination that promises a blend of historical charm, modern amenities, and the innate peace that comes from being close to nature.","",""
"269","Hillside Hideaway","hillside-hideaway","Cabins & Cottages","stay","Wintergreen Resort","Hillside Hideaway is a three-bedroom Wintergreen cabin within walking distance of lifts featuring wraparound deck, fire pit, gas grill, and mountain seating areas. A peaceful mountain Wintergreen stay awaits at this 3-bedroom, 2-bath vacation rental.","","https://ik.imagekit.io/OE/nelson-county/listings/hillside-hideaway-image1_FLMr9ko8O","Wooden cabin with wrap-around deck, nestled amid tall green trees.","","https://ik.imagekit.io/OE/nelson-county/listings/hillside-hideaway-image2__cvRZ2F-5","Modern living room with spiral staircase, large windows, and wooden beams.","","","","","","","Wintergreen Resort, Roseland, VA 22967","josh","","","https://www.google.com/maps/dir/?api=1&destination=Wintergreen%20Resort%2C%20Roseland%2C%20VA%2022967","Outdoor Seating; Fuel; Lodging; Skiing; Cabins; Pet Friendly","false","https://www.google.com/maps/dir/?api=1&destination=Wintergreen%20Resort%2C%20Roseland%2C%20VA%2022967","Accommodation Information","Large wraparound deck with ample seating, fire pit, and gas grill.","Important Information","*Lodging descriptions are provided by the host and not independently verified.","Location & Directions","Kailey Di Ferdinando, kailey. Yes Find us at Wintergreen.","",""
"270","Saddleback Sanctuary","saddleback-sanctuary","Cabins & Cottages","stay","Afton","Saddleback Sanctuary is an architect-designed luxury home overlooking Veritas with indoor pool, three en-suite primary bedrooms, and panoramic Blue Ridge views. The convenience of premium toiletries provided for your pampering.","","https://ik.imagekit.io/OE/nelson-county/listings/saddleback-sanctuary-image1_SmI98BWB5","Modern white house with black roofs, surrounded by trees and vineyard fields.","","https://ik.imagekit.io/OE/nelson-county/listings/saddleback-sanctuary-image2_O8Hp1u6xe","Bright living room with white sofas, skylights, large windows, and scenic views.","","","","","","","Afton, VA 22920","josh","","","https://www.google.com/maps/dir/?api=1&destination=Afton%2C%20VA%2022920","Cabins; Lodging; Pool; Scenic Views; Wine","true","https://www.google.com/maps/dir/?api=1&destination=Afton%2C%20VA%2022920","Accommodation Information","The convenience of premium toiletries provided for your pampering.","Important Information","*Lodging descriptions are provided by the host and not independently verified.","Location & Directions","Jamie Inlow, hello@bestillgetaways. No Find us at Afton.","",""
"157","Appalachian Horse Adventures","appalachian-horse-adventures","Horseback Riding","experience","Nelson County","Appalachian Horse Adventures in Montebello guides Blue Ridge trail rides and river crossings for ages six and up.","","https://ik.imagekit.io/OE/nelson-county/listings/appalachian-horse-adventures-image1_B6_FpaVfT","Three people horseback riding near a rustic cabin in the forest.","","","","","","","","","(540) 487-9235","396 Fork Mountain Lane, Montebello, VA 24464","josh","","","https://www.google.com/maps/dir/?api=1&destination=396%20Fork%20Mountain%20Lane%2C%20Montebello%2C%20VA%2024464","Scenic Views; Family Friendly; Hiking; Equestrian; Biking; Water Sports","false","https://www.google.com/maps/dir/?api=1&destination=396%20Fork%20Mountain%20Lane%2C%20Montebello%2C%20VA%2024464","","","","","","","",""
"272","Nonny Cottage","nonny-cottage","Cabins & Cottages","stay","Vesuvius","Nonny Cottage is a remote two-bedroom getaway off the Blue Ridge Parkway with full kitchen, washer/dryer, grill, and fire pit for quiet mountain stays.","","https://ik.imagekit.io/OE/nelson-county/listings/nonny-cottage-image1__YMAk87uO","Single-story house with wooden deck, surrounded by trees and lush greenery.","","https://ik.imagekit.io/OE/nelson-county/listings/nonny-cottage-image2_T1hIUertm","Cozy living room with sofa, lamp, and wooden floor leading to dining area.","","","","","","","Love, VA 22920","josh","","","https://www.google.com/maps/dir/?api=1&destination=Love%2C%20VA%2022920","Full Kitchen; Outdoor Seating; Pet Friendly; Scenic Views; Cabins; Lodging","false","https://www.google.com/maps/dir/?api=1&destination=Love%2C%20VA%2022920","","","","","","","",""
"158","Rebel's Run at Afton Mountain","rebels-run-at-afton-mountain","Horseback Riding","experience","Afton","Rebel's Run at Afton Mountain offers vineyard and mountain horseback rides plus English and Western lessons and kids' camps. Offering trail rides, English and Western lessons and summer camps.","","https://ik.imagekit.io/OE/nelson-county/listings/rebel-s-run-at-afton-mountain-image1_A6RPb2V4_","Two people horseback riding on forest trail, wearing helmets, smiling back.","","","","","","","","","(703) 623-5243","1020 Rockfish Valley Highway, Nellysford, VA 22958","josh","","","https://www.google.com/maps/dir/?api=1&destination=1020%20Rockfish%20Valley%20Highway%2C%20Nellysford%2C%20VA%2022958","Wine; Classes; Hiking; Equestrian; Biking; Farm; Tastings","false","https://www.google.com/maps/dir/?api=1&destination=1020%20Rockfish%20Valley%20Highway%2C%20Nellysford%2C%20VA%2022958","","","","","","","",""
"274","Basecamp 151","basecamp-151","Motels & Inns","stay","Afton","Basecamp 151 is a boutique motel on Route 151 with seven individual suites plus a three-bedroom house, offering memory foam beds, smart TVs, and high-speed Wi-Fi.","","https://ik.imagekit.io/OE/nelson-county/listings/basecamp-151-image1_ikQA2XFDb","Building with gray siding, bright yellow door, and 'BASECAMP 151' sign.","","https://ik.imagekit.io/OE/nelson-county/listings/basecamp-151-image2_luooTicGU","Modern living room with dark sofa, wooden walls, and geometric rug design.","","","","","","(434) 422-0015","2904 Rockfish Valley Highway, Nellysford, VA 22958","josh","","","https://www.google.com/maps/dir/?api=1&destination=2904%20Rockfish%20Valley%20Highway%2C%20Nellysford%2C%20VA%2022958","Wi-Fi; Pet Friendly; Lodging","false","https://www.google.com/maps/dir/?api=1&destination=2904%20Rockfish%20Valley%20Highway%2C%20Nellysford%2C%20VA%2022958","","","","","","","",""
"275","Oak Ledge","oak-ledge","Cabins & Cottages","stay","Wintergreen Resort","Oak Ledge is a newly renovated three-bedroom Wintergreen cabin with fiber Wi-Fi, smart TVs, fully equipped kitchen, and sunset deck moments from trails and Nelson 151 attractions.","","https://ik.imagekit.io/OE/nelson-county/listings/oak-ledge-image1_z8yIdbe06","Cabin surrounded by vibrant autumn trees on sunny day.","","https://ik.imagekit.io/OE/nelson-county/listings/oak-ledge-image2_sA6TYYAI-","Spacious living room with brown furniture, large windows, and a fireplace.","","","","","","","Wintergreen Resort, Roseland, VA 22967","josh","","","https://www.google.com/maps/dir/?api=1&destination=Wintergreen%20Resort%2C%20Roseland%2C%20VA%2022967","Wi-Fi; Full Kitchen; Outdoor Seating; Cabins; Pet Friendly; Lodging","false","https://www.google.com/maps/dir/?api=1&destination=Wintergreen%20Resort%2C%20Roseland%2C%20VA%2022967","","","","","","","",""
"132","Walton's Mountain Museum","waltons-mountain-museum","Museums & Heritage","culture","Schuyler","The Walton’s Mountain Museum showcases the television show of the 1960s, “The Waltons”. Earl Hamner, Jr., creator of The Walton’s, grew up in Schuyler and many of the scripts were based on life as a boy in Schuyler, VA. The museum displays replicas of rooms on the TV show, such as John-Boy’s Bedroom, Ike Godsey’s Store, the kitchen and living room.","","https://ik.imagekit.io/OE/nelson-county/listings/walton-s-mountain-museum-image1_ENJGZOEIs","Brick building labeled 'Walton's Mountain Museum' with nearby sign, trees, and sunlight.","","","","","","","","","(434) 831-2000","6484 Rockfish River Road, Schuyler, VA 22969","josh","","","https://www.google.com/maps/dir/?api=1&destination=6484%20Rockfish%20River%20Road%2C%20Schuyler%2C%20VA%2022969","Retail; Seasonal Menu; Museum","false","https://www.google.com/maps/dir/?api=1&destination=6484%20Rockfish%20River%20Road%2C%20Schuyler%2C%20VA%2022969","History","Nestled in the heart of Schuyler, the Walton's Mountain Museum stands as a beacon for enthusiasts of the cherished 1960s television show, ""The Waltons."" The museum is dedicated to preserving the essence and heartwarming narrative of this iconic series, which was brought to life by the creative genius of Earl Hamner, Jr. Born and raised in Schuyler, Hamner infused the show with the rich tapestry of his own experiences, setting many of the beloved scripts against the stark yet resilient backdrop of life during the Great Depression.

The museum not only serves as a tribute to the enduring legacy of ""The Waltons"" but also offers visitors a deep dive into the cultural and historical context of the era that inspired the series. For those journeying to Schuyler, a visit to the Walton's Mountain Museum is not just encouraged—it's considered a must for anyone looking to connect with the spirit of a bygone era that continues to resonate with audiences today. Through its carefully curated exhibits and memorabilia, the museum invites guests into the world of the Walton family, offering a unique glimpse into the struggles and triumphs of American life during one of its most challenging periods.","History & Background","Nestled within the welcoming confines of the Walton's Mountain Museum, visitors are treated to a fascinating journey back in time, exploring the rich tapestry of 1960s America through the lens of the beloved television show, ""The Waltons"". The museum, a tribute to the show's creator, Earl Hamner, Jr., offers a unique glimpse into the life and times of Schuyler, where Hamner grew up and drew inspiration for many of the show's heartfelt scripts.

Among the museum's highlights, the exhibit on The Rural Electrification Act stands out, offering an insightful look into one of the cornerstone policies of Roosevelt's New Deal. This pivotal piece of legislation, aimed at illuminating rural America, not only revolutionized the landscape of the country but also serves as a testament to the resilience and innovation of the era. The exhibit meticulously details the Act's profound impact on rural communities, weaving together historical narratives with interactive displays that bring the story to life.

Further enriching the museum's offerings is an exhibit dedicated to the history of the area's schools. This particular display is a treasure trove for traveling teachers and students alike, offering a captivating exploration of educational developments over the years. Through a series of engaging panels and artifacts, visitors can trace the evolution of schooling in the region, from one-room schoolhouses to the modern classrooms of today.

The Walton's Mountain Museum succeeds in not only preserving the legacy of a beloved American television show but also in capturing the essence of a bygone era. It stands as a testament to the power of storytelling, the importance of education, and the transformative impact of policy on the fabric of American life. As visitors meander through the exhibits, they are invited to reflect on the past, ponder the present, and imagine the future, all within the walls of this remarkable institution.","Amenities & Services","Nestled in Nelson County, the fall season brings a spectacular transformation as the Blue Ridge Mountains don a breathtaking palette of autumn colors. The vibrancy of these hues reaches its zenith from mid- to late October, drawing visitors from near and far. The allure of fall in Nelson County is not just confined to its visual splendor; the season is characterized by crisp mornings that gently give way to pleasant daytime temperatures, before the day concludes with a nearly-chilly embrace. This climatic harmony creates an idyllic setting for outdoor adventures, ensuring that every moment spent in the embrace of nature is nothing short of magical.

However, the charm of Nelson County extends beyond its natural beauty. For those seeking refuge from the brisk outdoor air, the county offers a myriad of cozy indoor amenities. Among these, the Walton's Mountain Museum stands out as a beacon of cultural and historical significance. Celebrating the iconic 1960s television show, ""The Waltons,"" the museum invites visitors into the world created by Earl Hamner, Jr. Having grown up in Schuyler, Hamner's own life and experiences heavily inspired the beloved series, with many of the scripts drawing directly from his memories of life in the area.

Visiting the Walton's Mountain Museum is not just a journey through a picturesque landscape; it is an immersive experience into a beloved piece of American television history, set against the backdrop of Nelson County's enchanting seasonal canvas.","",""
"277","Wintergreen Getaway for Families","wintergreen-getaway-for-families","Whole House Rentals","stay","Wintergreen Resort","Wintergreen Getaway for Families is a pet-friendly mountain home with two outdoor seating areas, indoor fireplace, and pool/tennis access located minutes from Wintergreen slopes. The resort is found on the Sunrise Side of the Blue Ridge Mountains and is conveniently located close to Charlottesville, Staunton, Lynchburg, and Waynesboro.","","https://ik.imagekit.io/OE/nelson-county/listings/wintergreen-getaway-for-families-image1_xRak2O25W","Yellow house with snow-covered roof, surrounded by snow and evergreen trees.","","https://ik.imagekit.io/OE/nelson-county/listings/wintergreen-getaway-for-families-image2_eLXm2rYc6","Spacious living room with colorful sofas, adjacent kitchen, and wooden flooring.","","","","","","","Wintergreen Resort, Roseland, VA 22967","josh","","","https://www.google.com/maps/dir/?api=1&destination=Wintergreen%20Resort%2C%20Roseland%2C%20VA%2022967","Family Friendly; Pet Friendly; Outdoor Seating; Pool; Tennis; Seasonal Menu","false","https://www.google.com/maps/dir/?api=1&destination=Wintergreen%20Resort%2C%20Roseland%2C%20VA%2022967","Hours & Information","The resort is found on the Sunrise Side of the Blue Ridge Mountains and is conveniently located close to Charlottesville, Staunton, Lynchburg, and Waynesboro. It’s only a three-hour drive from Washington, D. Spend the day at and near Wintergreen Resort any time of the year.","Menu & Offerings","Cooler temperatures and brighter fall foliage than those in the valleys below. The clubhouse is spacious and offers fine dining, snacks, and high-quality merchandise. The view at The Edge restaurant cannot be matched.","","","",""
"278","Wintergreen Resort Cabin","wintergreen-resort-cabin","Cabins & Cottages","stay","Wintergreen Resort","5-bath cabin nestled in the woods Tucked towards to back of the Resort Close to Shamokin Springs Trailhead Close to Chestnut Springs Pool. 5-bath cabin nestled in the woods Tucked towards to back of the Resort Close to Shamokin Springs Trailhead Close to Chestnut Springs Pool.","","https://ik.imagekit.io/OE/nelson-county/listings/wintergreen-resort-cabin-image1_usN-BJKnP","Two-story house with deck, surrounded by autumn trees, overcast sky.","","https://ik.imagekit.io/OE/nelson-county/listings/wintergreen-resort-cabin-image2_pTyogduKY","Cozy living room with gray sectional sofa, wooden ceiling, stairs, and wall art.","","","","","","","Wintergreen Resort, Roseland, VA 22967","josh","","","https://www.google.com/maps/dir/?api=1&destination=Wintergreen%20Resort%2C%20Roseland%2C%20VA%2022967","Fuel; Outdoor Seating; Adventure; Resort; Cabins; Scenic Views; Lodging; Appalachian Trail","false","https://www.google.com/maps/dir/?api=1&destination=Wintergreen%20Resort%2C%20Roseland%2C%20VA%2022967","Amenities & Features","Tucked towards to back of the Resort Close to Shamokin Springs Trailhead Close to Chestnut Springs Pool.","Important Information","*Lodging descriptions are provided by the host and not independently verified.","Location & Directions","Scott & Keli Davis, wtgcabin@gmail. No Find us at Wintergreen.","",""
"279","Bluebird Cottage","bluebird-cottage","Cabins & Cottages","stay","Roseland","Bluebird Cottage is a cozy home less than a mile from Devils Backbone and Wintergreen's base, offering easy access to Route 151 wineries and hiking. This house is less than a mile from Devil's Backbone Brewery; nestled at the bottom of Wintergreen Resort.","","https://ik.imagekit.io/OE/nelson-county/listings/bluebird-cottage-image1_oyrVGESN2","Blue house with red chimney surrounded by large green trees and mountains.","","https://ik.imagekit.io/OE/nelson-county/listings/bluebird-cottage-image2_f4Gyyn1fq","Cozy living room with sofas, wooden table, ceiling fan, and brick fireplace.","","","","","","","Roseland, VA 22967","josh","","","https://www.google.com/maps/dir/?api=1&destination=Roseland%2C%20VA%2022967","Scenic Views; Beer; Breakfast; Pet Friendly; Cabins; Lodging","false","https://www.google.com/maps/dir/?api=1&destination=Roseland%2C%20VA%2022967","Menu & Offerings","Welcome to Bluebird Cottage. This house is less than a mile from Devil's Backbone Brewery; nestled at the bottom of Wintergreen Resort. Located near several local wineries, breweries, and distilleries along 151 as well as the Appalachian Trail, it is the perfect spot to stay during a trip to Nelson County.","Important Information","*Lodging descriptions are provided by the host and not independently verified.","Location & Directions","Ben Butler, caplerhomes@msn. Yes Find us at Roseland.","",""
"280","Bear Tracks Cottage","bear-tracks-cottage","Cabins & Cottages","stay","Nellysford","Bear Tracks Cottage is a three-story cabin with large deck, fire pit, and hot tub tucked near the Nelson 151 Trail for easy access to wineries and hikes.","","https://ik.imagekit.io/OE/nelson-county/listings/bear-tracks-cottage-image1_ao9s_vNaj","Wooden cabin surrounded by lush green forest, with blue chairs outside.","","https://ik.imagekit.io/OE/nelson-county/listings/bear-tracks-cottage-image2_93gHVwAsE","Rustic cabin interior with wooden walls, loft, and cozy seating area.","","","","","","","Roseland, VA 22967","josh","","","https://www.google.com/maps/dir/?api=1&destination=Roseland%2C%20VA%2022967","Cabins; Outdoor Seating; Breakfast; Pet Friendly","false","https://www.google.com/maps/dir/?api=1&destination=Roseland%2C%20VA%2022967","Menu & Offerings","Welcome to Bear Tracks Cottage. This beautiful cabin is tucked away, giving guests a private retreat in Nelson County, but still with easy accessibility to award wining wineries, breweries, and distilleries along the 151 Trail. This cabin features 3 floors, plus ample outdoor space featuring a fire pit, large deck with grill, and hot tub.","Important Information","*Lodging descriptions are provided by the host and not independently verified.","Location & Directions","Ben Butler, caplerhomes@msn. Yes Find us at Nellysford.","",""
"281","Faber Farmhouse","faber-farmhouse","Cabins & Cottages","stay","Faber","Faber Farmhouse is a spacious four-bedroom home with dual living rooms, large deck, and open kitchen located across from Rock Spring Mountain Farm wedding venue.","","https://ik.imagekit.io/OE/nelson-county/listings/faber-farmhouse-image1_ijDX83k94","White two-story house with black roof, deck, surrounded by bare trees.","","https://ik.imagekit.io/OE/nelson-county/listings/faber-farmhouse-image2_IEnn8lZNO","Living room with brown sofa, striped chairs, wooden table, ceiling fan.","","","","","","","Faber, VA 22938","josh","","","https://www.google.com/maps/dir/?api=1&destination=Faber%2C%20VA%2022938","Outdoor Seating; Full Kitchen; Events; Breakfast; Pet Friendly; Cabins; Lodging; Farm","false","https://www.google.com/maps/dir/?api=1&destination=Faber%2C%20VA%2022938","Hours, Contact & Location","Welcome to Faber Farmhouse, conveniently Find us at Faber, VA with easy access to the Nelson 151 corridor, Charlottesville, and the quaint town of Scottsville. This house features ample space for quest, including 4 bedrooms, 2 living rooms, large deck and open concept kitchen and dining space. This house is located right across the street from Rock Spring Mountain Farm Wedding Venue and is just minutes from multiple wineries, breweries and distilleries.","Important Information","*Lodging descriptions are provided by the host and not independently verified.","","","",""
"282","Wintergreen - Fairway Woods","wintergreen-fairway-woods","Vacation Rentals","stay","Wintergreen Resort","Wintergreen – Fairway Woods is a two-bedroom resort condo with cozy fireplace, balcony seating, and electric grill overlooking the Blue Ridge. The resort is found on the Sunrise Side of the Blue Ridge Mountains and is conveniently located close to Charlottesville, Staunton, Lynchburg, and Waynesboro.","","https://ik.imagekit.io/OE/nelson-county/listings/wintergreen-fairway-woods-image1_M5rehxu4c","Wooden deck with tables, surrounded by trees, adjacent to house with large windows.","","https://ik.imagekit.io/OE/nelson-county/listings/wintergreen-fairway-woods-image2_UFqwGpLGY","Cozy living room and dining area with large windows and wooden furniture.","","","","","","","Wintergreen Resort, Roseland, VA 22967","josh","","","https://www.google.com/maps/dir/?api=1&destination=Wintergreen%20Resort%2C%20Roseland%2C%20VA%2022967","Scenic Views; Pet Friendly; Golf","false","https://www.google.com/maps/dir/?api=1&destination=Wintergreen%20Resort%2C%20Roseland%2C%20VA%2022967","Menu & Offerings","Discover the beauty of Wintergreen Resort, VA, and indulge in a memorable stay at this 2-bedroom, 2-bathroom vacation rental condo. Featuring a cozy fireplace, outdoor seating, and an electric grill, this condo offers the perfect blend of comfort and convenience. Explore the nearby Blue Ridge Mountains for scenic hikes or hit the slopes on-site for some thrilling skiing.","Important Information","*Lodging descriptions are provided by the host and not independently verified.","Location & Directions","Dan Ryan, dryan6460@yahoo. Yes Find us at Wintergreen.","Hours & Information","The resort is found on the Sunrise Side of the Blue Ridge Mountains and is conveniently located close to Charlottesville, Staunton, Lynchburg, and Waynesboro. It’s only a three-hour drive from Washington, D. Spend the day at and near Wintergreen Resort any time of the year."
"159","Oakland Museum","oakland-museum","Museums & Heritage","culture","Arrington","Oakland Museum inside the historic 1800s tavern interprets rural electrification, Hurricane Camille, and Nelson County history. Oakland's exhibits were created to promote greater understanding of the county's history and of the connections between the county's history and that of the state of Virginia and the nation.","","https://ik.imagekit.io/OE/nelson-county/listings/oakland-museum-image1_yQz44DJPF","Red brick house with green roof and white stairs in sunlight.","","","","","","","","","(434) 263-8400","5365 Thomas Nelson Highway, Arrington, VA 22922","josh","","","https://www.google.com/maps/dir/?api=1&destination=5365%20Thomas%20Nelson%20Highway%2C%20Arrington%2C%20VA%2022922","Seasonal Menu; Museum","false","https://www.google.com/maps/dir/?api=1&destination=5365%20Thomas%20Nelson%20Highway%2C%20Arrington%2C%20VA%2022922","","","","","","","",""
"284","Peaktime","peaktime","Whole House Rentals","stay","Roseland","Peaktime is a one-bedroom apartment with kitchenette, ideal for couples seeking a simple base near Nelson 151 and Wintergreen.","","https://ik.imagekit.io/OE/nelson-county/listings/peaktime-image1_Bo91oWibu","Wooden house with solar panels, surrounded by greenery, under clear blue sky.","","https://ik.imagekit.io/OE/nelson-county/listings/peaktime-image2_iELPAfFAd","Living room with couches, colorful bear painting, and wooden wall.","","","","","","","Afton, VA 22920","josh","","","https://www.google.com/maps/dir/?api=1&destination=Afton%2C%20VA%2022920","Scenic Views; Full Kitchen; Cabins; Lodging","false","https://www.google.com/maps/dir/?api=1&destination=Afton%2C%20VA%2022920","Important Information","*Lodging descriptions are provided by the host and not independently verified.","Location & Directions","Leigh Houghland, lhoughland@gmail. No Find us at Roseland.","","","",""
"285","Hawthorne","hawthorne","Cabins & Cottages","stay","Nellysford","Hawthorne is a private guest cabin with wood-burning fireplace, outdoor hearth, and deck overlooking wooded acreage near Afton wineries. Entire small guest house/log cabin.","","https://ik.imagekit.io/OE/nelson-county/listings/hawthorne-image1_ZabwDQhh2","Rustic cabin with stone chimney surrounded by lush trees and greenery.","","https://ik.imagekit.io/OE/nelson-county/listings/hawthorne-image2_ru72cyv12","Cozy rustic cabin interior with kitchenette, fireplace, wooden shelves, and wicker baskets.","","","","","","","Afton, VA 22920","josh","","","https://www.google.com/maps/dir/?api=1&destination=Afton%2C%20VA%2022920","Cabins; Outdoor Seating; Lodging","false","https://www.google.com/maps/dir/?api=1&destination=Afton%2C%20VA%2022920","Amenities & Features","Entire small guest house/log cabin. Living room with wood burning fireplace, small kitchen, bedroom with queen bed and full bathroom. Outdoor fireplace and deck looking into the woods.","Location & Directions","Cathleen Coyle, coyleflowers@gmail. No Find us at Nellysford.","Important Information","*Lodging descriptions are provided by the host and not independently verified.","",""
"286","Rockfish Tiny Home","rockfish-tiny-home","Whole House Rentals","stay","Schuyler","Rockfish Tiny Home is a modern tiny retreat with hot tub, fire pit, hanging swing, and spacious interior central to Nelson 151 wineries. Nelson County has something for everyone.","","https://ik.imagekit.io/OE/nelson-county/listings/rockfish-tiny-home-image1_fBeoUJWL3","Modern cabin with black trim, hot tub, and snow-covered yard under sunlight.","","https://ik.imagekit.io/OE/nelson-county/listings/rockfish-tiny-home-image2_ieLcxH-yFI","Modern living room with loft, ladder, sofa, and nature view through glass doors.","","","","","","","Schuyler, VA 22969","josh","","","https://www.google.com/maps/dir/?api=1&destination=Schuyler%2C%20VA%2022969","Outdoor Seating; Cabins; Lodging; Fishing","false","https://www.google.com/maps/dir/?api=1&destination=Schuyler%2C%20VA%2022969","Area Information","Nelson County has something for everyone. Click on the badges below to explore options for your visit.","Important Information","*Lodging descriptions are provided by the host and not independently verified.","Location & Directions","Daniel Urban, rockfishtinyhome@gmail. No Find us at Schuyler.","",""
"287","Tupelo","tupelo","Whole House Rentals","stay","Roseland","Tupelo is a charming 1900 square foot Blue Ridge Bungalow nestled on one acre in the enchanting Rockfish River Valley. Tupelo is newly remodeled, featuring fresh carpets, recycled glass and concrete countertops and new appliances while maintaining it's rustic charm.","","https://ik.imagekit.io/OE/nelson-county/listings/tupelo-image1_UQyvDRap6","Small blue house with red door, surrounded by green grass and trees.","","https://ik.imagekit.io/OE/nelson-county/listings/tupelo-image2_YEMlCkGfY","Cozy bedroom with white bedding, artwork, lamps, and a large window view.","","","","","","","Nellysford, VA 22958","josh","","","https://www.google.com/maps/dir/?api=1&destination=Nellysford%2C%20VA%2022958","Fuel; Pet Friendly; Scenic Views","false","https://www.google.com/maps/dir/?api=1&destination=Nellysford%2C%20VA%2022958","Accommodation Information","Tupelo is newly remodeled, featuring fresh carpets, recycled glass and concrete countertops and new appliances while maintaining it's rustic charm. With original and reclaimed wood flooring and tin roof. A stay at Tupelo is just a stones throw from the Wintergreen Resort entrance, plus a straight shot to Rt.","Important Information","*Lodging descriptions are provided by the host and not independently verified.","","","",""
"288","The Vu, Afton","the-vu-afton","Cabins & Cottages","stay","Afton","This spacious bright and airy home was just renovated to take full advantage of the jaw-dropping 360º views surrounding the property. Perched atop a grassy knoll of peaceful meadows with 360º views of the Blue Ridge Mountains, this newly renovated Afton home is the perfect retreat.","","https://ik.imagekit.io/OE/nelson-county/listings/the-vu-afton-image1_S5BCcnudC","Fire pit with chairs in front of illuminated house at night.","","https://ik.imagekit.io/OE/nelson-county/listings/the-vu-afton-image2_tWSkRspw9","Cozy living room with armchairs, fireplace, large windows, and antler chandelier.","","","","","","","Afton, VA 22920","josh","","","https://www.google.com/maps/dir/?api=1&destination=Afton%2C%20VA%2022920","Lodging; Scenic Views; Full Kitchen; Cabins","false","https://www.google.com/maps/dir/?api=1&destination=Afton%2C%20VA%2022920","Location & Directions","This spacious bright and airy home was just renovated to take full advantage of the jaw-dropping 360º views surrounding the property. In fact, every room has a view including the main living room which captures breathtaking sunrises and sunsets — all from the same seat. The house has all the amenities of modern living with the comforts of home — and some added luxuries.","Menu & Offerings","Perched atop a grassy knoll of peaceful meadows with 360º views of the Blue Ridge Mountains, this newly renovated Afton home is the perfect retreat. Located just off the famous Route 151, the house is conveniently situated near everything you could ask for in your mountain getaway. Whether you want to be adventurous and hike or ski, or take in the region's award-winning wineries and breweries, everything is just a few miles away.","Important Information","*Lodging descriptions are provided by the host and not independently verified.","Additional Location Information","Emily Hutter, emilyhgreenwood@gmail. No Find us at Afton."
"289","Serenity Summit","serenity-summit","Whole House Rentals","stay","Wintergreen Resort","Serenity Summit is a three-bedroom, 3.5-bath Wintergreen home sleeping eight with modern amenities, family-friendly layout, and serene wooded surroundings.","","https://ik.imagekit.io/OE/nelson-county/listings/serenity-summit-image1_cNQynxSjz","Brown house surrounded by vibrant autumn trees and foliage.","","https://ik.imagekit.io/OE/nelson-county/listings/serenity-summit-image2_RAnt8nyEV","Spacious living room with fireplace, large windows, brown sofa, and wooden floor.","","","","","","","Wintergreen Resort, Roseland, VA 22967","josh","","","https://www.google.com/maps/dir/?api=1&destination=Wintergreen%20Resort%2C%20Roseland%2C%20VA%2022967","Family Friendly; Lodging","false","https://www.google.com/maps/dir/?api=1&destination=Wintergreen%20Resort%2C%20Roseland%2C%20VA%2022967","Contact & Location","Discover the perfect getaway at Serenity Summit a stunning 3BR, 3. 5 BA home nestled in the heart of Wintergreen Resort. Ideal for families and friends, this spacious retreat sleeps 8 and offers the perfect blend of comfort, modern amenities, and serene natural surroundings.","Hours & Information","Airy, open concept living space with vaulted ceiling and wood-burning stove-fireplace Exterior living with fire table Two living rooms High-speed fiber Wi-Fi, entertainment center Fully equipped kitchen Outdoor pool. (seasonal availability).","Important Information","*Lodging descriptions are provided by the host and not independently verified.","Trail Information","Tyler & Meredith, hello@designspark. Properties Staff on Site. No Find us at Wintergreen Resort."
"290","The Wooder House","the-wooder-house","Cabins & Cottages","stay","Nellysford","The Wooder House is a 1,900-square-foot four-bedroom, pet-friendly home on a 38-acre forest property with huge windows, fire pit, and outdoor patio.","","https://ik.imagekit.io/OE/nelson-county/listings/the-wooder-house-image1_d3RyCyPHT","Wooden house surrounded by lush green forest and trees.","","https://ik.imagekit.io/OE/nelson-county/listings/the-wooder-house-image2_aqCMSRELO","Cozy living room with large windows, green trees outside, and comfy sofa.","","","","","","","Roseland, VA 22967","josh","","","https://www.google.com/maps/dir/?api=1&destination=Roseland%2C%20VA%2022967","Scenic Views; Outdoor Seating; Pet Friendly; Cabins; Lodging","false","https://www.google.com/maps/dir/?api=1&destination=Roseland%2C%20VA%2022967","","","","","","","",""
"291","The Ash House at Holland Hill","the-ash-house-at-holland-hill","Cabins & Cottages","stay","Faber","The Ash House at Holland Hill is a modern cabin with hot tub, fireplace, and mountain views designed for stargazing and stylish Blue Ridge escapes.","","https://ik.imagekit.io/OE/nelson-county/listings/the-ash-house-at-holland-hill-image1_uMIyEQ7ty","Black wooden cabin surrounded by autumn foliage and sunlight on sloping hill.","","https://ik.imagekit.io/OE/nelson-county/listings/the-ash-house-at-holland-hill-image2_WEdUSCUn_","Spacious living room with wooden beams, black accents, modern furniture, large windows.","","","","","","","Nellysford, VA 22958","josh","","","https://www.google.com/maps/dir/?api=1&destination=Nellysford%2C%20VA%2022958","Cabins; Scenic Views; Lodging","false","https://www.google.com/maps/dir/?api=1&destination=Nellysford%2C%20VA%2022958","","","","","","","",""
"292","D & D's Mountain Home","d-ds-mountain-home","Whole House Rentals","stay","Wintergreen Resort","D & D's Mountain Home is a renovated two-bedroom Stone Ridge condo with gas fireplace, patio, and views over Devils Knob Golf Course.","","https://ik.imagekit.io/OE/nelson-county/listings/d-d-s-mountain-home-image1_PzXkSUD2Q","Wooden railing and stairway beside house with sloped roof surrounded by trees.","","https://ik.imagekit.io/OE/nelson-county/listings/d-d-s-mountain-home-image2_NTKDLMan4","Cozy living room with sofa, lamps, and table by large glass doors.","","","","","","","Wintergreen Resort, Roseland, VA 22967","josh","","","https://www.google.com/maps/dir/?api=1&destination=Wintergreen%20Resort%2C%20Roseland%2C%20VA%2022967","Fuel; Outdoor Seating; Scenic Views; Cabins; Lodging; Golf","false","https://www.google.com/maps/dir/?api=1&destination=Wintergreen%20Resort%2C%20Roseland%2C%20VA%2022967","Hours, Contact & Location","Nestled in the heart of Wintergreen Resort's Stone Ridge Area, D & D's Mountain Home presents an immaculate, newly renovated retreat for those seeking a blend of comfort and style. Spanning over 1,100 square feet, this two-bedroom, two-bathroom condo offers an inviting escape into the serene landscapes of the resort.

Upon entering, guests are welcomed into a spacious open living and dining area, where the warmth of a gas fireplace provides a cozy ambiance perfect for relaxing evenings. The living space flows seamlessly into a well-appointed galley kitchen, ensuring that home-cooked meals can be prepared with ease. Adjacent to the kitchen, a convenient laundry area adds to the comforts of home that this condo graciously offers.

The charm of D & D's Mountain Home extends outdoors to a furnished patio, an ideal spot for absorbing the tranquil views over the Devils Knob Golf Course. Whether you're savoring your morning coffee or unwinding after a day of adventure, the patio serves as a peaceful outdoor living area amidst the natural beauty of the surrounding landscapes.

Fully furnished and thoughtfully designed, D & D's Mountain Home invites guests to immerse themselves in the splendor of Wintergreen Resort while enjoying the privacy and amenities of a personal mountain getaway.","Important Information","Nestled in the heart of nature's serenity, D & D's Mountain Home offers a tranquil retreat for those looking to escape the hustle and bustle of daily life. This meticulously renovated two-bedroom condo in Stone Ridge not only provides the comfort and warmth of a gas fireplace but also opens up to a charming patio, offering stunning views over Devils Knob Golf Course. It's a setting that promises peace, relaxation, and a touch of luxury.

It's important to bear in mind that the descriptions of this lodging, as captivating as they are, come directly from the host. These narratives have not been independently verified, yet they paint a picture of a place where every detail has been thoughtfully considered to ensure guests have a memorable stay. 

As you plan your retreat to D & D's Mountain Home, envision yourself stepping into a space where every element has been curated to enhance your experience of comfort and immersion in the natural beauty surrounding you. This is not just a place to stay; it's a destination that promises a blend of relaxation, scenic beauty, and the warmth of a home away from home.","Location & Directions","Nestled in the heart of Wintergreen Resort, D & D's Mountain Home awaits your arrival, promising an escape that blends the comfort of modern living with the allure of mountain tranquility. This renovated two-bedroom Stone Ridge condo, curated by David Blackstock, beckons you through its doors with the promise of a serene retreat. You can reach out to David at debbstock@outlook.com for any inquiries or additional information.

As you step into this charming abode, you are greeted by a warm gas fireplace, a cozy patio, and breathtaking views over the pristine Devils Knob Golf Course. These features combine to create an ambiance that is both inviting and exhilarating. The condo's location within Wintergreen Resort ensures that your stay is filled with picturesque landscapes right at your doorstep, offering a perfect backdrop for both relaxation and adventure.

Whether you're seeking a peaceful retreat from the daily grind or an adventurous escapade into nature's wonders, D & D's Mountain Home provides the ideal setting. With its prime location, this condo serves as your gateway to all the pleasures and activities that Wintergreen Resort has to offer. From thrilling ski slopes in the winter to lush golf courses in the summer, your stay here promises a myriad of experiences to fill your days with unforgettable memories.

So, pack your bags and set your sights on D & D's Mountain Home for a getaway that offers the perfect blend of homely comfort and outdoor adventure. With every detail thoughtfully arranged to ensure your stay is nothing short of spectacular, this Stone Ridge condo is more than just a place to stay—it's a destination in itself.","",""
"293","Bear Creek Inn","bear-creek-inn","Cabins & Cottages","stay","Tyro","2-3 Bedroom Cottage with large fenced in yard for pets.","","https://ik.imagekit.io/OE/nelson-county/listings/bear-creek-inn-image1_Z8eqXrcOM","Creek flowing past tree and brick house with red roof.","","https://ik.imagekit.io/OE/nelson-county/listings/bear-creek-inn-image2_xQtRkgnIL","Cozy sunroom with green walls, vintage rug, sofa, large windows, and hanging light.","","","","","","(434) 277-5305","Tyro, VA 22976","josh","","","https://www.google.com/maps/dir/?api=1&destination=Tyro%2C%20VA%2022976","Pet Friendly; Outdoor Seating; Cabins; Lodging","false","https://www.google.com/maps/dir/?api=1&destination=Tyro%2C%20VA%2022976","Amenities & Features","Minutes from both Nelson 151, Crabtree Falls, Wintergreen and George Washington National Forest. Several minutes to Appalachian Trail access.","Important Information","*Lodging descriptions are provided by the host and not independently verified.","Location & Directions","Michael Sexton, msexton478@yahoo. Yes Find us at Tyro.","",""
"294","Cookie's Place, LLC","cookies-place-llc","Cabins & Cottages","stay","Afton","Cookie's Place is a three-bedroom, two-bath home with private pool, mountain views, and convenient access to hiking, skiing, and Route 151 venues. Pool, mountain views, quiet yet close to everything, hiking, skiing, restaurants, wineries, breweries, distilleries, Waynesboro and Charlottesville.","","https://ik.imagekit.io/OE/nelson-county/listings/cookie-s-place-llc-image1_YqXSl7cuY","Black patio furniture set on wooden deck near grassy lawn and tennis court.","","https://ik.imagekit.io/OE/nelson-county/listings/cookie-s-place-llc-image2_ipVqKBcc4","Modern living room with gray sectional sofa, wood table, and ceiling fan.","","","","","","","Afton, VA 22920","josh","","","https://www.google.com/maps/dir/?api=1&destination=Afton%2C%20VA%2022920","Scenic Views; Pool; Pet Friendly; Cabins; Lodging; Hiking","false","https://www.google.com/maps/dir/?api=1&destination=Afton%2C%20VA%2022920","Menu & Offerings","Pool, mountain views, quiet yet close to everything, hiking, skiing, restaurants, wineries, breweries, distilleries, Waynesboro and Charlottesville.","Accommodation Information","There’s something to do in Afton every season of the year.","Location & Directions","Myra Brent-Mc Garry, mbrentmcgarry@gmail. No Find us at Afton.","",""
"295","Bearfeet Retreat","bearfeet-retreat","Cabins & Cottages","stay","Wintergreen Resort","Cozy family cabin that sleeps 8 (K, Q, 2x twin bunks) tucked away in a quiet cul-de-sac. It’s the ideal mountain getaway offering the best of seasonal activities like hiking, fishing, swimming, skiing, brewery and orchard tours. 1/4 mile from Wintergreen Resort & Ski Slopes, yet also close to the “Valley” where there are many restaurants, wineries, breweries and cideries.","","https://ik.imagekit.io/OE/nelson-county/listings/bearfeet-retreat-image1_Bi1vj6inZ","Rustic cabin surrounded by trees and wooden fence in a green landscape.","","https://ik.imagekit.io/OE/nelson-county/listings/bearfeet-retreat-image2_a1pK4Hztg","Fire pit on wooden table, surrounded by chairs on porch, with forest view.","","","","","","","Wintergreen Resort, Roseland, VA 22967","josh","","","https://www.google.com/maps/dir/?api=1&destination=Wintergreen%20Resort%2C%20Roseland%2C%20VA%2022967","Outdoor Seating; Wi-Fi; Parking; Cabins; Lodging; Farm","false","https://www.google.com/maps/dir/?api=1&destination=Wintergreen%20Resort%2C%20Roseland%2C%20VA%2022967","","","","","","","",""
"296","Peaceful Mountain Getaway","peaceful-mountain-getaway","Whole House Rentals","stay","Nellysford","Peaceful Mountain Getaway is a pet-friendly Wintergreen retreat with calming décor and hosts available to assist, perfect for families seeking quiet escapes. One story, three bedroom, two bath, well stocked house in Rodes Valley.","","https://ik.imagekit.io/OE/nelson-county/listings/peaceful-mountain-getaway-image1_Ww7fTws2q","Rustic wooden house surrounded by trees, with person sitting on front porch.","","https://ik.imagekit.io/OE/nelson-county/listings/peaceful-mountain-getaway-image2_TEA5EbfCs","Wooden dining table with chairs, floral centerpiece, adjacent large windows.","","","","","","","Wintergreen Resort, Nellysford, VA 22958","josh","","","https://www.google.com/maps/dir/?api=1&destination=Wintergreen%20Resort%2C%20Nellysford%2C%20VA%2022958","Scenic Views; Pet Friendly; Family Friendly","false","https://www.google.com/maps/dir/?api=1&destination=Wintergreen%20Resort%2C%20Nellysford%2C%20VA%2022958","Contact & Location","Nestled in the serene landscapes of Rodes Valley, within the enchanting confines of Wintergreen, the Peaceful Mountain Getaway offers an idyllic retreat for those seeking solace from the hustle and bustle of daily life. This pet-friendly haven is perfectly tailored for families yearning for a tranquil escape, with its calming décor creating a soothing atmosphere that promises relaxation and rejuvenation.

The home itself is a single-story sanctuary, featuring three well-appointed bedrooms and two baths, ensuring ample space for family and furry friends alike. Every corner of this house is well-stocked, ensuring guests have everything they need at their fingertips, making it a home away from home.

But it's not just the comforts of the interior that make the Peaceful Mountain Getaway stand out. Its location is a treasure trove for nature lovers and adventure seekers. Tucked away in a very private setting, the home boasts beautiful views that invite guests to unwind and connect with nature. The majestic surroundings are not just for gazing, though. For those inclined to explore, the getaway is just off Route 151, known as a gateway to an array of outdoor pursuits. Nearby, a selection of vineyards and breweries offer delightful excursions for the palate, providing a taste of the local culture and craftsmanship.

In essence, the Peaceful Mountain Getaway is more than just a place to stay; it's a destination that offers a blend of comfort, privacy, and adventure. With hosts readily available to assist, every aspect of your stay is designed to ensure an unforgettable experience in the heart of Wintergreen's natural beauty. Whether you're seeking a peaceful retreat or an outdoor adventure, this enchanting getaway promises a perfect blend of both.","Important Information","Nestled amidst the serene landscape of Wintergreen, the Peaceful Mountain Getaway emerges as a tranquil sanctuary for families yearning for a quiet escape. This pet-friendly retreat prides itself on its calming decor, designed to soothe the soul and rejuvenate the spirit. The single-story haven boasts three well-appointed bedrooms and two bathrooms, ensuring ample space and privacy for all guests.

Beyond the comfort of the accommodation, the Peaceful Mountain Getaway offers the warmth of hospitality with hosts readily available to assist with any needs, ensuring your stay is seamless and satisfying. It's important to note that while the lodging descriptions emanate from the hosts themselves, they capture the essence of what makes this retreat a sought-after destination for those in pursuit of peace and relaxation.

As you plan your stay at this idyllic mountain retreat, immerse yourself in the promise of tranquility and comfort that the Peaceful Mountain Getaway has been crafted to provide. Whether it's a family adventure or a quiet getaway, this Wintergreen gem stands ready to welcome you to an unforgettable experience.","Location & Directions","Nestled in the heart of tranquility, the Peaceful Mountain Getaway offers a serene retreat in the picturesque town of Nellysford. This charming haven is an ideal choice for families longing for a quiet escape amidst nature. The retreat is pet-friendly, ensuring that your furry friends can also enjoy the calming embrace of the surrounding landscapes. With its soothing décor and a layout that features one story, three bedrooms, and two baths, the home is well-suited to cater to the comfort and relaxation of its guests.

At the helm of this serene escape are the attentive hosts, Laurie Reilly and her team, who are always on hand to ensure your stay is as seamless and enjoyable as possible. Their commitment to guest satisfaction is evident from the moment you make your booking, and they can be reached at lblreilly@icloud.com for any inquiries or assistance needed before or during your stay.

Finding this tranquil retreat is straightforward, as it is conveniently located in Nellysford, a location known for its peaceful ambiance and beautiful natural surroundings. The Peaceful Mountain Getaway stands as a perfect embodiment of what a mountain retreat should be, offering a blend of comfort, beauty, and the warm hospitality of Laurie and her team. Whether you are seeking a peaceful escape from the hustle and bustle of daily life or an opportunity to explore the natural beauty of Nellysford, this whole house rental promises an unforgettable experience for all its guests.","",""
"297","The Afton House","the-afton-house","Whole House Rentals","stay","Afton","The Afton House is a luxury mountain home with sweeping views, multiple gathering spaces, and accommodations for up to sixteen guests.","","https://ik.imagekit.io/OE/nelson-county/listings/the-afton-house-image1_BWCet3f9Y","Modern house with large windows, lit interior, against sunset sky and bare trees.","","https://ik.imagekit.io/OE/nelson-county/listings/the-afton-house-image2_sGu2sep1w","Cozy room with wooden table, chairs, blue shelves, and checkered curtains.","","","","","","","Afton, VA 22920","josh","","","https://www.google.com/maps/dir/?api=1&destination=Afton%2C%20VA%2022920","Lodging; Scenic Views","true","https://www.google.com/maps/dir/?api=1&destination=Afton%2C%20VA%2022920","","","","","","","",""
"298","THE LITTLE FARMHOUSE","thelittlefarmhouse","Cabins & Cottages","stay","Afton","The Little Farmhouse, also known as Cheval Circle, is a rustic-modern home with multiple seating areas, dining for 10, large porch, and horse farm views.","","https://ik.imagekit.io/OE/nelson-county/listings/the-little-farmhouse-image1_HWH41F4Vf","White house with front porch, green lawn, surrounded by trees in sunlight.","","https://ik.imagekit.io/OE/nelson-county/listings/the-little-farmhouse-image2_kht6S_C_a","Modern living room with spiral staircase, large windows, brown sofa, green plants.","","","","","","","Afton, VA 22920","josh","","","https://www.google.com/maps/dir/?api=1&destination=Afton%2C%20VA%2022920","Farm; Outdoor Seating; Cabins; Lodging","false","https://www.google.com/maps/dir/?api=1&destination=Afton%2C%20VA%2022920","","","","","","","",""
"299","Mountaintop Overlook","mountaintop-overlook","Whole House Rentals","stay","Wintergreen Resort","Mountaintop Overlook is a 1,237-square-foot Wintergreen condo with ground-level access, panoramic valley views, wood-burning fireplace, and newly renovated interiors. Unbeatable Panoramic Mountain Views.","","https://ik.imagekit.io/OE/nelson-county/listings/mountaintop-overlook-image1_h0B_F2eNe","Veranda with metal chairs, overlooking hills and colorful sunset sky.","","https://ik.imagekit.io/OE/nelson-county/listings/mountaintop-overlook-image2_ITYn_sBZb","Cozy living room with fireplace, wooden table, and large windows overlooking landscape.","","","","","","","Wintergreen Resort, Roseland, VA 22967","josh","","","https://www.google.com/maps/dir/?api=1&destination=Wintergreen%20Resort%2C%20Roseland%2C%20VA%2022967","Scenic Views; Cabins; Lodging","false","https://www.google.com/maps/dir/?api=1&destination=Wintergreen%20Resort%2C%20Roseland%2C%20VA%2022967","Trail Information","Nestled atop the majestic landscapes of Wintergreen, the Mountaintop Overlook offers a serene retreat into the heart of nature's splendor. This enchanting 1,237-square-foot condo, designed with ground-level access, presents an invitation to immerse oneself in the breathtaking panoramic valley views that stretch endlessly into the horizon. The warmth of the wood-burning fireplace adds a unique charm to this cozy mountain getaway, setting it apart from the typical rental experience. 

Upon entering, guests are greeted with newly renovated interiors that blend modern comfort with rustic elegance, creating an ambiance that feels more like a home than a temporary stay. The spacious layout and thoughtful design ensure that every corner of the Mountaintop Overlook speaks to the heart of those seeking a peaceful escape in the embrace of the mountains.

Beyond the comfort of this picturesque condo lies the allure of the great outdoors. The surrounding landscape is a haven for adventurers and nature lovers alike, offering an array of trails that promise unforgettable journeys through the natural beauty of the area. Whether you're seeking a leisurely stroll or a challenging hike, the trails accessible from the Mountaintop Overlook cater to every level of outdoor enthusiast. With one-way mileage of 2.25 miles, explorers can indulge in the tranquil beauty of the wilderness, where every step brings a new discovery.

The Mountaintop Overlook stands as a testament to the allure of mountain living, offering a unique blend of comfort, beauty, and adventure. It's not just a place to stay; it's an opportunity to create memories that will last a lifetime, surrounded by the unparalleled beauty of panoramic mountain views. Whether you're curling up by the fire or setting out to explore the trails, the Mountaintop Overlook is your gateway to a mountain getaway that you'll find nowhere else.","Important Information","Discover the serene beauty and breathtaking vistas of Mountaintop Overlook, a splendid 1,237-square-foot condo nestled in the heart of Wintergreen. This exceptional retreat offers guests ground-level access, ensuring a seamless arrival to your mountain getaway. The moment you step inside, you'll be greeted by newly renovated interiors that blend modern comfort with rustic charm, creating an inviting atmosphere that feels both luxurious and cozy.

The centerpiece of Mountaintop Overlook is undoubtedly its panoramic valley views. Whether you're sipping your morning coffee or unwinding in the evening with a glass of wine, the sprawling landscapes that stretch out before you are truly unbeatable. These views are complemented by a traditional wood-burning fireplace, providing a perfect backdrop for memorable moments with loved ones.

It's important to note that while the lodging descriptions are graciously provided by the host, they have not been independently verified. However, the allure of Mountaintop Overlook is evident in every carefully curated detail of the property, promising an unforgettable stay amidst the beauty of Wintergreen. Whether you're seeking a peaceful retreat from the hustle and bustle of daily life or an adventurous escape to explore the great outdoors, Mountaintop Overlook offers a unique blend of comfort, beauty, and tranquility.","Location & Directions","Discover the enchanting Mountaintop Overlook, a 1,237-square-foot condo nestled in the heart of Wintergreen. This exquisite property offers ground-level access, making it a seamless entry point to an unforgettable retreat. As you step inside, you're greeted by breathtaking panoramic valley views, a testament to the condo's prime location. The allure of a crackling wood-burning fireplace adds warmth and charm to the newly renovated interiors, creating a cozy haven amidst the expansive mountain scenery.

Mountaintop Overlook is not just a place to stay; it's a destination that captivates with its unbeatable panoramic mountain views. Positioned at the pinnacle of Wintergreen, the condo serves as a perfect base for exploring the surrounding natural beauty or simply unwinding in a serene, picturesque setting. 

For those wishing to experience this unparalleled retreat, Mountaintop Overlook eagerly awaits your arrival. Emily Bauslaugh, reachable at emilybauslaugh@gmail.com, is your point of contact for making this idyllic mountain escape your next vacation destination. Find us at Wintergreen, where adventure meets tranquility, and where every stay is an opportunity to create lasting memories amidst the splendor of the mountains.","",""
"300","Blue Ridge Mountain Retreat","blue-ridge-mountain-retreat","Whole House Rentals","stay","Wintergreen Resort","Blue Ridge Mountain Retreat is a 4,800-square-foot Wintergreen luxury home sleeping 20 with four wood-burning fireplaces, gourmet kitchen, and game room. This home is an amazing 4800 square foot luxury home located just a short distance from Mountain Inn, ski areas, Founders Vision Overlook, Devil’s Knob Golf Course, Tennis Center, Spa, and Fitness Center.","","https://ik.imagekit.io/OE/nelson-county/listings/blue-ridge-mountain-retreat-image1_XiqNB2L3J","Large house with deck, stone wall, surrounded by bare trees, under blue sky.","","https://ik.imagekit.io/OE/nelson-county/listings/blue-ridge-mountain-retreat-image2_fZnRkW9qP","Wooden house porch with triangular roof, surrounded by windows.","","","","","","","Wintergreen Resort, Roseland, VA 22967","josh","","","https://www.google.com/maps/dir/?api=1&destination=Wintergreen%20Resort%2C%20Roseland%2C%20VA%2022967","Full Kitchen; Scenic Views; Lodging","false","https://www.google.com/maps/dir/?api=1&destination=Wintergreen%20Resort%2C%20Roseland%2C%20VA%2022967","Important Information","Nestled in the heart of the majestic Blue Ridge Mountains, the Blue Ridge Mountain Retreat stands as a testament to luxury and comfort. This sprawling 4,800-square-foot Wintergreen luxury home offers a sanctuary for those looking to escape the hustle and bustle of everyday life and immerse themselves in the tranquility of nature. Designed to accommodate up to 20 guests, this retreat is a perfect blend of rustic charm and modern sophistication, ensuring a memorable stay for family gatherings, corporate retreats, or a luxurious getaway with friends.

As you step inside, you are greeted by the warmth of four wood-burning fireplaces, casting a cozy glow over the elegantly furnished spaces. Each fireplace adds a unique character to the rooms, inviting guests to gather around for intimate conversations, storytelling, or simply enjoying the serene ambiance.

The heart of the home is undoubtedly the gourmet kitchen, a dream for both the amateur cook and the seasoned chef. Equipped with top-of-the-line appliances and ample space for culinary experimentation, it's an ideal setting for creating and sharing meals. Whether you're whipping up a hearty breakfast to fuel a day of adventure or preparing a lavish dinner, the kitchen is designed to bring people together through the love of food.

For those seeking entertainment and leisure within the home, the game room stands ready to host evenings of fun and laughter. It's a space where guests can engage in friendly competition, unwind, and create memorable moments, regardless of age.

It's important to note that the descriptions of the lodging, including the lavish details and amenities, are provided by the host. While these details have not been independently verified, the allure of the Blue Ridge Mountain Retreat is evident in its promise of luxury, comfort, and an unforgettable escape into the beauty of the Blue Ridge Mountains. As you plan your retreat to this exquisite home, you're embarking on a journey to a place where luxury meets nature, creating a haven of relaxation and joy.","Menu & Offerings","Wintergreen Resort is a 4 season mountain resort Find us at the beautiful Blue Ridge Mountains. You are less than an hour from Charlottesville, home of UVA, Thomas Jefferson’s Monticello, and the amazing 33 member Monticello Wine Trail, as well as an hour from the city of Lynchburg. The famous Blue Ridge Parkway passes beside Wintergreen offering opportunities for scenic drives, hiking, and year round escapes.","Location & Directions","Nestled in the heart of the majestic Blue Ridge Mountains, the Blue Ridge Mountain Retreat awaits your discovery. This breathtaking 4,800-square-foot luxury home in Wintergreen offers an unparalleled escape for those seeking solace amidst nature's splendor. Accommodating up to 20 guests, this retreat is a haven of comfort and elegance, featuring four wood-burning fireplaces, a gourmet kitchen, and a game room designed to entertain and delight.

As you plan your journey to this exquisite haven, reach out to Ashley Wind at windrentals@gmail.com for seamless coordination and to answer any inquiries you may have. The retreat is conveniently located in the Wintergreen area, known for its serene landscapes and outdoor adventures, making it an easy and scenic drive from wherever you may be coming from.

Prepare to immerse yourself in the tranquility and luxury of the Blue Ridge Mountain Retreat, where every detail has been carefully considered to ensure your stay is nothing short of magical. Whether seeking a peaceful retreat amidst the beauty of nature or an adventurous escape exploring the surrounding landscapes, this home offers the perfect backdrop for your next getaway.","",""
"301","Mountain & Vine Farmhouse","mountain-vine-farmhouse","Whole House Rentals","stay","Faber","Mountain & Vine Farmhouse is a 2,700-square-foot retreat overlooking Delfosse Vineyards with deck, gas grill, and four queen bedrooms for wine country gatherings. 5-bath vacation rental home overlooking Delfosse Vineyards and Winery 2,700 Sq Ft | Deck | Gas Grill | Free Wi Fi Relax, reset, and rejuvenate in this stunning Faber farmhouse - perfect for a peaceful weekend getaway with your best friends.","","https://ik.imagekit.io/OE/nelson-county/listings/mountain-vine-farmhouse-image1_nJkRWBHN5","Sunny backyard with stone path, trees, and distant rolling hills.","","https://ik.imagekit.io/OE/nelson-county/listings/mountain-vine-farmhouse-image2_z0leCk8sr","Cozy living room with leather sofas, glass coffee table, and wooden chairs.","","","","","","","Faber, VA 22938","josh","","","https://www.google.com/maps/dir/?api=1&destination=Faber%2C%20VA%2022938","Outdoor Seating; Fuel; Wi-Fi; Wine; Cabins; Lodging; Farm; Tastings","false","https://www.google.com/maps/dir/?api=1&destination=Faber%2C%20VA%2022938","Hours & Information","Nestled in the heart of Faber, the Mountain & Vine Farmhouse offers an idyllic retreat for those seeking to escape the hustle and bustle of daily life. This exquisite 2,700-square-foot vacation rental home is the epitome of country charm, with its sprawling deck, state-of-the-art gas grill, and seamless Wi-Fi connectivity, ensuring a blend of rustic allure and modern conveniences.

As you step into this stunning farmhouse, you are greeted by a sense of peace and tranquility that invites you to relax, reset, and rejuvenate. Designed with your comfort in mind, the Mountain & Vine Farmhouse is perfect for a peaceful weekend getaway or a memorable gathering with your nearest and dearest.

Overlooking the verdant Delfosse Vineyards, this property offers breathtaking views that promise to captivate and enchant. Whether you are basking in the beauty of the vineyards from the comfort of the deck or exploring the surrounding countryside, the Mountain & Vine Farmhouse serves as the perfect backdrop for your wine country adventures.

With four queen bedrooms, this home comfortably accommodates groups looking to immerse themselves in the serene ambiance of wine country. Each room has been thoughtfully appointed to ensure a restful night's sleep, preparing you for the day ahead.

The Mountain & Vine Farmhouse is not just a place to stay; it is an experience. Whether you are savoring a grilled feast on the deck, sharing stories under the stars, or simply enjoying the quiet moments, this farmhouse is a place where memories are made. So, gather your friends, pack your bags, and prepare for a getaway like no other at the Mountain & Vine Farmhouse.","Important Information","Nestled in the heart of wine country, the Mountain & Vine Farmhouse offers an exquisite retreat that promises both relaxation and adventure. This 2,700-square-foot vacation rental, with its picturesque views of Delfosse Vineyards, is the perfect setting for gatherings of family and friends who share a love for the finer things in life. The property boasts a spacious deck equipped with a gas grill, ideal for evenings spent savoring a glass of wine as the sun sets over the vineyard. Inside, the farmhouse features four queen bedrooms, each designed to provide the utmost comfort and tranquility after a day of exploration.

As you plan your stay at this serene getaway, it's important to note that the lodging descriptions have been thoughtfully provided by the host. These descriptions, while not independently verified, offer a glimpse into the unique charm and amenities that the Mountain & Vine Farmhouse has to offer. Whether you're here to unwind amidst the beauty of nature, embark on culinary adventures, or simply enjoy the company of loved ones in a breathtaking setting, this vacation rental promises an unforgettable experience.","Menu & Offerings","Nestled in the heart of wine country, the Mountain & Vine Farmhouse offers a serene 2,700-square-foot retreat perfect for those looking to immerse themselves in the beauty and tranquility of Delfosse Vineyards. This exquisite vacation rental home boasts a spacious deck equipped with a gas grill, making it an ideal spot for leisurely evenings savoring local wine while taking in the breathtaking views. With four elegantly appointed queen bedrooms, this property is tailor-made for gatherings of wine enthusiasts, friends, and families looking to experience the best of the vineyard lifestyle.

For inquiries about staying at this picturesque locale or to learn more about what the Mountain & Vine Farmhouse has to offer, potential guests are encouraged to reach out directly to Michael Albers. Michael, who can be reached via email at mike@delfossewine.com, is your go-to contact for making reservations or seeking further information about this unique retreat. Though you won't find us with a traditional storefront, our presence in Faber stands as a testament to our deep-rooted connection to the land and our commitment to providing an unforgettable experience for all who visit.

Immerse yourself in the elegance and charm of the Mountain & Vine Farmhouse, where every stay promises to be an encounter with the serene, lush beauty of wine country. Whether you're here to explore the vineyards, celebrate a special occasion, or simply unwind in style, this vacation rental is your gateway to a truly exquisite getaway.","",""
"302","Mountain & Vine Vineyards Log Cabin","mountain-vine-vineyards-log-cabin","Cabins & Cottages","stay","Faber","Mountain & Vine Vineyards Log Cabin is a historic hilltop cabin with loft bedroom, panoramic vineyard vistas, and private tastings available nearby. This 1-bed, 1-bath vacation rental is calling - your next couple's retreat awaits.","","https://ik.imagekit.io/OE/nelson-county/listings/mountain-vine-vineyards-log-cabin-image1_YZLXDugsN","Rustic wooden cabin with porch surrounded by trees and outdoor seating.","","https://ik.imagekit.io/OE/nelson-county/listings/mountain-vine-vineyards-log-cabin-image2_N2UPizOy_","Rustic living room with stone fireplace, leather sofa, and wooden ceiling beams.","","","","","","","Faber, VA 22938","josh","","","https://www.google.com/maps/dir/?api=1&destination=Faber%2C%20VA%2022938","Cabins; Wine; Tastings; Lodging; Farm","false","https://www.google.com/maps/dir/?api=1&destination=Faber%2C%20VA%2022938","History","Nestled atop a serene hill in the picturesque town of Faber, the Mountain & Vine Vineyards Log Cabin presents an idyllic setting for your next romantic getaway. This historic 1-bedroom, 1-bathroom vacation rental offers more than just a place to stay; it's an invitation to immerse yourself in the tranquility of nature. As the sun rises, awaken in the cozy loft bedroom to the breathtaking sight of acres upon acres of terraced vineyards stretching out before you. The cabin's panoramic vistas provide a unique opportunity to witness the beauty of the vineyards from an elevated perspective, making every morning a memorable experience. Whether you're seeking a peaceful retreat or an intimate space to reconnect, the Mountain & Vine Vineyards Log Cabin promises an unforgettable escape amidst the charm and beauty of the countryside.","Important Information","Nestled atop a scenic hill, the Mountain & Vine Vineyards Log Cabin presents an idyllic retreat for those seeking a serene escape amidst nature's bounty. This historic cabin, with its charming loft bedroom, offers guests a cozy sanctuary complemented by breathtaking panoramic views of the surrounding vineyards. As a 1-bed, 1-bath vacation rental, it beckons travelers with the promise of tranquility and the unique opportunity for private tastings at the nearby vineyards, making it a perfect blend of rustic allure and indulgent experiences.

It is important to note that the lodging descriptions are a reflection of the host's own words and haven't been independently verified. However, the allure of the Mountain & Vine Vineyards Log Cabin, as depicted through these descriptions, paints a vivid picture of a haven that's both inviting and steeped in the natural beauty of its vineyard setting. Whether you're yearning for a peaceful retreat or eager to explore the rich tapestry of the vineyard lifestyle, this cabin promises an unforgettable stay.","Menu & Offerings","Nestled atop a scenic hill, the Mountain & Vine Vineyards Log Cabin offers a tranquil retreat unlike any other. This historic cabin, with its charming loft bedroom, invites guests into a world where panoramic vineyard vistas unfold from every window, promising a stay that's both relaxing and visually stunning. The cabin's single bedroom and bathroom layout ensure an intimate setting, perfect for those seeking a serene escape amidst nature's beauty.

For those intrigued by the art of winemaking or simply in love with the taste of a fine vintage, the Mountain & Vine Vineyards Log Cabin elevates the experience by offering private tastings. These exclusive sessions, held at nearby locations, provide an intimate glimpse into the craft behind some of the most exquisite wines in the region. Guests are encouraged to indulge in these personalized tastings, where the flavors and stories of the vineyard come alive.

Should you wish to partake in this unique offering or have any inquiries during your stay, the cabin is under the care of Michael Albers. He can be reached via email at mike@delfossewine.com for any questions or to arrange your private tasting experience. The vineyard is conveniently located in Faber, making it an easy journey from the cabin to the heart of wine country.

The Mountain & Vine Vineyards Log Cabin is more than just a place to stay; it's an invitation to immerse yourself in the tranquil beauty of the vineyards, the rich history of the cabin, and the exquisite taste of local wines. This vacation rental calls out to those who appreciate the finer things in life, offering a getaway that promises relaxation, discovery, and a touch of luxury.","",""
"303","The Fairway Chalet","the-fairway-chalet","Whole House Rentals","stay","Wintergreen Resort","The Fairway Chalet is a 3,000-square-foot Wintergreen retreat with arcade game, ping pong, fire pit, and easy access to skiing, pools, and hiking.","","https://ik.imagekit.io/OE/nelson-county/listings/the-fairway-chalet-image1_OR_6iWhNB","Wooden patio set with two mugs and gray blanket in forest setting.","","https://ik.imagekit.io/OE/nelson-county/listings/the-fairway-chalet-image2_3oLQdDE_F","Cozy living room with stone fireplace, brown sectional, and plaid red carpet.","","","","","","","Wintergreen Resort, Roseland, VA 22967","josh","","","https://www.google.com/maps/dir/?api=1&destination=Wintergreen%20Resort%2C%20Roseland%2C%20VA%2022967","Cabins; Lodging; Golf; Swimming Pool","false","https://www.google.com/maps/dir/?api=1&destination=Wintergreen%20Resort%2C%20Roseland%2C%20VA%2022967","","","","","","","",""
"304","Spruce Creek Garden Cottage","spruce-creek-garden-cottage","Cabins & Cottages","stay","Nellysford","Maximum occupants - 4 people Located 1-3 miles from Bold Rock, Three Notch'd, Devils Backbone and Blue Toad breweries and cideries. 950 square foot home- 2 Bedroom, 1 bath Parking for 2 cars.","","https://ik.imagekit.io/OE/nelson-county/listings/spruce-creek-garden-cottage-image1_DH3_z_VOl","White house with metal roof, lush garden, and gravel path under clear sky.","","https://ik.imagekit.io/OE/nelson-county/listings/spruce-creek-garden-cottage-image2_SNYOLwX-E","Cozy living room with wood floors, armchair, ceiling fan, and large windows.","","","","","","","Nellysford, VA 22958","josh","","","https://www.google.com/maps/dir/?api=1&destination=Nellysford%2C%20VA%2022958","Outdoor Seating; Beer; Parking; Cabins; Lodging","false","https://www.google.com/maps/dir/?api=1&destination=Nellysford%2C%20VA%2022958","Accommodation Information","Quiet country road with shady back deck over looking woods. Front porch with blooming flowers that attract butterflies and hummingbirds during the spring, summer and fall months.","Important Information","*Lodging descriptions are provided by the host and not independently verified.","Location & Directions","Jennifer Arrendale, jmarrendale@gmail. No Find us at Nellysford.","",""
"305","Parrs Camp, Mountain Hollow","parrs-camp-mountain-hollow","Cabins & Cottages","stay","Wintergreen Resort","Parrs Camp, Mountain Hollow is a craftsman-built ADU above a garage on a 70-acre Tye River property with king and double bedrooms, outdoor shower, foosball, and access to hammocks, fire pit, and nearby GW National Forest trails. Your host looks forward to your visit: responsive, helpful, informative and to offer any assistance needed.","","https://ik.imagekit.io/OE/nelson-county/listings/parrs-camp-mountain-hollow-image1_hE64II8eE","Wooden house surrounded by lush green trees and plants under sunlight.","","https://ik.imagekit.io/OE/nelson-county/listings/parrs-camp-mountain-hollow-image2_a18PmQIOk","Cozy living room with armchairs, couch, and sunlight streaming through windows.","","","","","","","Tyro, VA 22976","josh","","","https://www.google.com/maps/dir/?api=1&destination=Tyro%2C%20VA%2022976","Outdoor Seating; Cabins; Lodging; Water Sports","false","https://www.google.com/maps/dir/?api=1&destination=Tyro%2C%20VA%2022976","Important Information","Nestled in the heart of a breathtaking 70-acre Tye River property, Parrs Camp, Mountain Hollow beckons adventurers and serenity seekers alike. This craftsman-built accessory dwelling unit (ADU) gracefully perched above a garage, offers an idyllic retreat from the hustle and bustle of daily life. Designed with meticulous attention to detail, the accommodation features a spacious king bedroom alongside a cozy double bedroom, ensuring a comfortable stay for all guests. 

An experience at Parrs Camp is not just about the luxurious sleeping arrangements. The property boasts an array of amenities designed to enhance your stay. Imagine starting your day with a refreshing outdoor shower, surrounded by the tranquil sights and sounds of nature. For those seeking leisurely entertainment, a game of foosball in the comfort of your cabin awaits. However, the allure of Parrs Camp extends well beyond the walls of the ADU.

Step outside and you'll find yourself in an outdoor enthusiast's paradise. The property offers access to serene hammocks, perfect for afternoon naps or getting lost in a good book. As the sun sets, gather around the fire pit for an evening of storytelling and marshmallow roasting under the starlit sky. And for those eager to explore the surrounding wilderness, nearby trails beckon hikers of all levels to discover the natural beauty of the area.

It's important to note that the lodging descriptions are graciously provided by the host and have not been independently verified. This ensures that every piece of information holds true to the host's firsthand experience and personal touch in creating an unforgettable stay at Parrs Camp, Mountain Hollow. Prepare to immerse yourself in a world of rustic elegance and outdoor adventure, where every detail is designed with your comfort and enjoyment in mind.","Menu & Offerings","With a short drive an abundance of outdoor activities awaits you: the Blue Ridge Parkway, hike the Appalachian Trail, Spy Rock and Crabtree Falls (highest falls east of the Mississippi River), fish the Tye River, skiing (Wintergreen), submerge in local swimming holes or visit local orchards, vineyards, wineries and breweries. Your host looks forward to your visit: responsive, helpful, informative and to offer any assistance needed.","","","",""
"306","Parr's Camp","parrs-camp","Cabins & Cottages","stay","Wintergreen Resort","Parr's Camp is a historic 1940s fishing cabin restored with original paneling, screened porch, pond, and space for seven guests on a 70-acre riverfront estate bordering the George Washington National Forest. Your host looks forward to your visit: responsive, helpful, informative and to offer any assistance needed.","","https://ik.imagekit.io/OE/nelson-county/listings/parr-s-camp-image1_wvauSKQj6","Wooden house surrounded by trees and grass, black fence in foreground.","","https://ik.imagekit.io/OE/nelson-county/listings/parr-s-camp-image2_jeiLu3graS","Cozy living room with stone fireplace, sofas, and wooden floor.","","","","","","","Tyro, VA 22976","josh","","","https://www.google.com/maps/dir/?api=1&destination=Tyro%2C%20VA%2022976","Cabins; Outdoor Seating; Lodging; Water Sports; Fishing","false","https://www.google.com/maps/dir/?api=1&destination=Tyro%2C%20VA%2022976","Important Information","*Lodging descriptions are provided by the host and not independently verified.","Menu & Offerings","With a short drive an abundance of outdoor activities await you; the Blue Ridge Parkway, hike the Appalachian Trail, Spy Rock and Crabtree Falls( highest falls east of the Mississippi River), fish the Tye River, skiing (Wintergreen), submerge in local swimming holes or visit local orchards, vineyards, wineries and breweries. Your host looks forward to your visit: responsive, helpful, informative and to offer any assistance needed.","","","",""
"307","Bella Vista","bella-vista","Cabins & Cottages","stay","Wintergreen Resort","Bella Vista is a pet-friendly Wintergreen getaway with expansive deck, mountain views, and accommodations for couples seeking a quiet resort stay. 5 Bathroom home 7 Minutes walk or 4 minute drive to the slopes Spectacular views off of back deck.","","https://ik.imagekit.io/OE/nelson-county/listings/bella-vista-image1_O0YjaMWRU","Large beige house surrounded by trees and gravel driveway in sunlight.","","https://ik.imagekit.io/OE/nelson-county/listings/bella-vista-image2_P7prXtAdC","Spacious living room with large windows, wooden ceiling, and cozy furniture.","","","","","","","Wintergreen Resort, Roseland, VA 22967","josh","","","https://www.google.com/maps/dir/?api=1&destination=Wintergreen%20Resort%2C%20Roseland%2C%20VA%2022967","Scenic Views; Pet Friendly; Outdoor Seating; Cabins; Lodging","false","https://www.google.com/maps/dir/?api=1&destination=Wintergreen%20Resort%2C%20Roseland%2C%20VA%2022967","Contact & Location","5 Bathroom home 7 Minutes walk or 4 minute drive to the slopes Spectacular views off of back deck.","Important Information","*Lodging descriptions are provided by the host and not independently verified.","Location & Directions","Megan Mac Cutcheon, megan. Yes Find us at Wintergreen.","",""
"308","Red, White and Wintergreen","red-white-and-wintergreen","Whole House Rentals","stay","Wintergreen Resort","Red, White and Wintergreen is a five-bedroom Wintergreen property with large deck, porch hot tub, valley views, and office space for remote-friendly stays. It is perfect for families and large groups with comfortable living areas and a great deck and porch with hot tub.","","https://ik.imagekit.io/OE/nelson-county/listings/red-white-and-wintergreen-image1_k_S21orXm","Houses with warm lights nestled in wooded area at dusk.","","https://ik.imagekit.io/OE/nelson-county/listings/red-white-and-wintergreen-image2_9z7tXGR3K","Cozy living room with red sofas, fireplace, large TV, and natural lighting.","","","","","","","Wintergreen Resort, Roseland, VA 22967","josh","","","https://www.google.com/maps/dir/?api=1&destination=Wintergreen%20Resort%2C%20Roseland%2C%20VA%2022967","Scenic Views; Outdoor Seating; Family Friendly; Lodging","false","https://www.google.com/maps/dir/?api=1&destination=Wintergreen%20Resort%2C%20Roseland%2C%20VA%2022967","Accommodation Information","Beautiful views of the Valley. Fun and friendly rooms. Great office space and brand new hot tub.","Important Information","*Lodging descriptions are provided by the host and not independently verified.","Location & Directions","Erin Penfold Staff on Site. No Find us at Wintergreen.","",""
"309","Mountain View Vista","mountain-view-vista","Whole House Rentals","stay","Wintergreen Resort","Mountain View Vista is a one-bedroom, two-bath Wintergreen condo with spacious kitchen, large deck, and sweeping mountain vistas for couples getaways. 1 Bedroom/2 full baths/ large kitchen Large deck with scenic views.","","https://ik.imagekit.io/OE/nelson-county/listings/mountain-view-vista-image1_lHpoH-D2H","Deck with wooden chairs overlooking scenic mountain landscape under cloudy sky.","","https://ik.imagekit.io/OE/nelson-county/listings/mountain-view-vista-image2_mlKIvbY7B","Modern living room, large windows, ocean view, gray sofa, fireplace, television.","","","","","","","Wintergreen Resort, Roseland, VA 22967","josh","","","https://www.google.com/maps/dir/?api=1&destination=Wintergreen%20Resort%2C%20Roseland%2C%20VA%2022967","Full Kitchen; Outdoor Seating; Scenic Views; Cabins; Lodging","false","https://www.google.com/maps/dir/?api=1&destination=Wintergreen%20Resort%2C%20Roseland%2C%20VA%2022967","Contact & Location","Nestled within the serene landscapes of Wintergreen, Mountain View Vista stands as an idyllic retreat for couples seeking a getaway. This enchanting one-bedroom condo is thoughtfully complemented by two full bathrooms, ensuring ample space and privacy for guests. The heart of this home is its spacious kitchen, where couples can indulge in the joy of cooking together, surrounded by the comfort and warmth of modern amenities.

Stepping outside, the large deck unfolds as the true crown jewel of Mountain View Vista. Here, guests are invited to unwind and soak in the breathtaking mountain vistas that stretch out into the horizon. Whether it's savoring a morning cup of coffee as the sun rises or toasting to the sunset with a glass of wine, the deck offers a panoramic backdrop that captivates and relaxes.

Mountain View Vista is more than just a place to stay; it's a destination that offers a blend of comfort, charm, and natural beauty, making it the perfect setting for a memorable couples getaway.","Location & Directions","Nestled in the heart of Wintergreen, Mountain View Vista awaits as an idyllic retreat for couples seeking a serene getaway. This exquisite one-bedroom, two-bath condo combines the comforts of home with the breathtaking beauty of the mountains. From the spacious kitchen perfect for culinary explorations to the large deck designed for soaking in the panoramic vistas, every detail of Mountain View Vista has been curated for your relaxation and enjoyment.

Discovering this hidden gem is straightforward. Managed by James Reynolds, who can be reached at jreynolds@findclarityvision, Mountain View Vista is easily accessible for those yearning to escape the hustle and bustle of daily life. Though specific directions are tailored to each guest to ensure a seamless arrival experience, rest assured that finding this haven in Wintergreen is part of the adventure. As you wind your way through the scenic roads leading to the condo, the anticipation builds until you are finally greeted by the tranquil ambiance and stunning views that define Mountain View Vista.

Perfect for romantic getaways, this condo invites couples to unwind in a setting that promises both relaxation and rejuvenation. Whether you're sipping morning coffee on the deck as the sun rises over the mountains or enjoying a glass of wine under the stars, Mountain View Vista offers an unparalleled experience for those seeking to create lasting memories in the beauty of Wintergreen.","Important Information","Nestled within the serene landscapes of Wintergreen, Mountain View Vista offers an idyllic retreat for couples seeking a blend of comfort and scenic beauty. This exquisite one-bedroom, two-bath condo is not just a place to stay; it's a destination in itself, crafted with care to enhance your getaway experiences. The descriptions of this enchanting lodging are provided by the host, enveloping guests in the authenticity and personal touch of their hospitality journey.

Upon entering Mountain View Vista, guests are greeted by a spacious kitchen, fully equipped to cater to culinary enthusiasts who love to sprinkle their getaways with homemade meals. The condo's layout flows effortlessly into a living space that opens up to a large deck. It's here that the magic of Mountain View Vista truly unfolds. The deck, an expansive outdoor living area, offers sweeping vistas of the mountains that encircle the property. These views serve as a dynamic backdrop to your stay, changing hues with the time of day and season, promising a unique spectacle of nature's beauty at every glance.

The accommodation is thoughtfully designed with a couple's privacy and comfort in mind, featuring two full baths to ensure a leisurely and unrushed start to each day. Whether you're sipping your morning coffee on the deck or cuddling up as the sun sets behind the mountains, Mountain View Vista is a testament to the allure of mountain getaways.

As you plan your escape to this haven of tranquility and majestic views, remember that the charm of Mountain View Vista extends beyond its physical amenities. It lies in the promise of unforgettable moments, quietly woven into the fabric of your stay. Here, at Mountain View Vista, your perfect couples getaway awaits, offering not just a place to rest, but a space to live, love, and revel in the beauty of Wintergreen's natural landscapes.","",""
"310","Art & Soul Guesthouse","art-soul-guesthouse","Whole House Rentals","stay","Roseland","Art & Soul Guesthouse is a design-forward one-bedroom plus loft retreat with sauna, EV charger, and sunset views, steps from Nelson 151 adventures.","","https://ik.imagekit.io/OE/nelson-county/listings/art-soul-guesthouse-image1_-uTzD7Lq4","Modern wooden house with large windows surrounded by trees at dusk.","","https://ik.imagekit.io/OE/nelson-county/listings/art-soul-guesthouse-image2_1H122tsdB","Spacious room with triangular windows, round table, easel, and modern light fixture.","","","","","","","Roseland, VA 22967","josh","","","https://www.google.com/maps/dir/?api=1&destination=Roseland%2C%20VA%2022967","EV Charging; Cabins; Lodging","false","https://www.google.com/maps/dir/?api=1&destination=Roseland%2C%20VA%2022967","Trail Information","Nestled within the heart of a picturesque mountain laurel forest, Art & Soul Guesthouse emerges as a sanctuary of design and serenity. This one-bedroom plus loft retreat is meticulously crafted to blend seamlessly with the natural landscape, offering guests an unparalleled experience of luxury and tranquility. From the moment you arrive, you are invited into a world where every detail is designed to surprise and delight, from the stunning sunset views that can be enjoyed from the comfort of your own sauna to the convenience of an EV charger, ensuring that your stay is as relaxing as it is eco-friendly.

Art & Soul is more than just a place to stay; it is a gateway to the adventures that await along Nelson 151. Here, you are merely steps away from embarking on journeys through rolling hills and lush forests, where the beauty of nature is on full display. Whether you are seeking a peaceful retreat from the hustle and bustle of daily life or an adventurous escape to explore the great outdoors, Art & Soul Guesthouse offers the perfect backdrop for your next adventure.

As the sun dips below the horizon, painting the sky in hues of orange and pink, you'll find no better place to be than relaxing in the sauna, where the day's end brings a spectacular view that is truly unforgettable. This is a place where the unexpected becomes the norm, and the rush of exploring the mountains is met with the tranquility of a peaceful, design-forward retreat.

At Art & Soul, every aspect of your stay is curated to offer an experience that is as enriching as it is relaxing. Whether you are charging up for your next day's adventure or winding down amidst the natural beauty of the mountain laurel forest, you'll find that this guesthouse isn't just a place to stay—it's a destination in itself, inviting you to connect with art, nature, and the soul of adventure.","Important Information","Nestled in the heart of adventure, the Art & Soul Guesthouse emerges as a beacon for those seeking a blend of comfort, creativity, and connection with nature. This design-forward retreat, conceived with an eye for detail and a touch for the unique, offers a sanctuary for guests. It's not merely a place to stay; it's an experience, meticulously shaped by the vision of its hosts, though it's worth noting that these descriptions come directly from them and haven't been independently verified.

The guesthouse boasts a one-bedroom plus a loft layout, making it an ideal escape for both couples looking for a romantic getaway and small families or groups of friends in pursuit of adventure. The heart of the house beats with a warmth only a sauna can provide, perfect for unwinding after a day exploring the nearby Nelson 151 adventures.

For those arriving in electric vehicles, the guesthouse offers an EV charger, ensuring that both you and your vehicle are fully recharged for the next day's journey. But perhaps the most captivating feature of the Art & Soul Guesthouse is its ability to frame the end of the day with its stunning sunset views, a daily spectacle that guests can enjoy, reminding them of the simple pleasures and the beauty that surrounds us.

Just steps away, the Nelson 151 trail awaits, offering an array of adventures. Whether you're drawn to the call of the wild, the lure of local vineyards, or the thrill of outdoor activities, there's something nearby to satisfy your soul's yearning for exploration and excitement.

In crafting your stay at the Art & Soul Guesthouse, you're not just booking a place to sleep; you're curating an experience that will linger in your memories, much like the art that adorns its walls. It’s a unique fusion of home comfort and the spirit of adventure, making it a perfect retreat for those looking to explore, relax, and rejuvenate with a backdrop of natural beauty and artistic inspiration.","Location & Directions","Nestled in the heart of adventure, the Art & Soul Guesthouse emerges as a beacon for those seeking a retreat that marries design with the soul of outdoor exploration. This exquisitely designed one-bedroom plus loft haven is more than just a place to stay; it's a destination in itself. With its own sauna, EV charger, and the promise of breathtaking sunset views, this guesthouse is a masterpiece located mere steps from the myriad adventures offered along Nelson 151.

For inquiries or directions to this serene escape, reach out to Karen Rucker at karenrucker59@gmail.com. The Art & Soul Guesthouse proudly stands in Roseland, inviting guests to immerse themselves in a setting where every detail has been thoughtfully curated to enhance your stay. Whether you're here to recharge or to embark on the countless adventures that await in the surrounding area, this guesthouse ensures your experience is unparalleled.","",""
"311","Art & Soul Main House","art-soul-main-house","Whole House Rentals","stay","Wintergreen Resort","Art & Soul Main House offers three en-suite bedrooms plus loft sleeping, gourmet kitchen, saltwater hot tub, dry sauna, and extensive decks for groups up to ten. And stunning landscapes and skies.","","https://ik.imagekit.io/OE/nelson-county/listings/art-soul-main-house-image1_uQK2zI80u","Cozy house with lit windows, surrounded by stone walls, steps, and trees.","","https://ik.imagekit.io/OE/nelson-county/listings/art-soul-main-house-image2_6BsnLLMKw","Modern kitchen with large island, wooden cabinets, and stainless steel appliances.","","","","","","","Roseland, VA 22967","josh","","","https://www.google.com/maps/dir/?api=1&destination=Roseland%2C%20VA%2022967","Scenic Views; Full Kitchen; Lodging; Water Sports","false","https://www.google.com/maps/dir/?api=1&destination=Roseland%2C%20VA%2022967","Trail Information","Nestled in the heart of the mountains, Art & Soul Main House is not just a place to stay—it's a journey into the heart of nature's beauty, seamlessly blending modern comforts with the wild, untamed beauty of the landscape. This remarkable property offers a unique retreat for groups of up to ten, featuring three en-suite bedrooms, additional loft sleeping arrangements, a gourmet kitchen, and luxurious amenities including a saltwater hot tub and a dry sauna. 

But what sets Art & Soul apart is its dedication to providing an immersive outdoor experience. The house is thoughtfully designed to accentuate the natural beauty of its surroundings, ensuring that every moment of your stay is as breathtaking as the next. Whether you're soaking in the saltwater hot tub or charging your electric vehicle, ready for the next day's adventure, you'll find yourself surrounded by a panorama of stunning landscapes and skies that shift from the vivid blues of day to the rich hues of sunset.

The property acts as a gateway to the serene and peaceful world of a mountain laurel forest, offering guests the rare opportunity to disconnect from the bustle of daily life and reconnect with nature. The location promises not just stunning views but also an unexpected tranquility that envelops you as you explore the nearby trails or simply relax on the extensive decks.

Art & Soul is more than just a place to rest after a day of adventuring in the mountains—it's a space designed for those who seek the unexpected, who yearn for a relaxing retreat without sacrificing the thrill of outdoor play. With every detail curated to enhance your experience, from the luxury of a sauna with a sunset view to the practicality of an EV charger, Art & Soul Main House invites you to expect the unexpected and embrace the peace and beauty of the mountain landscape.","Location & Directions","Nestled amidst breathtaking landscapes under expansive skies, the Art & Soul Main House is an embodiment of luxury and tranquility, designed to accommodate groups of up to ten. This exquisite property features three en-suite bedrooms, complemented by a cozy loft sleeping area, ensuring comfort and privacy for all guests. The heart of the house, a gourmet kitchen, is fully equipped to cater to culinary enthusiasts eager to indulge in their passion. Meals prepared here can be savored around a magnificent live edge dining table, masterfully handcrafted in Nelson County, offering seating for ten, with additional space for four more guests at the nearby kitchen island. 

The opulence extends to the bathrooms, where two luxurious bathrooms alongside two additional high-end bathrooms serve the four bedrooms, blending functionality with elegance. For relaxation and leisure, the house boasts a saltwater hot tub and a dry sauna, promising serene moments under the stars. The extensive decks that wrap around the property offer the perfect vantage point to immerse oneself in the stunning surroundings. Whether it's the allure of the landscapes, the sophistication of the living spaces, or the promise of unwinding in style, the Art & Soul Main House is a haven of artistry and soulful experiences.","Important Information","Nestled in a serene location, the Art & Soul Main House stands as an exquisite retreat for those seeking a blend of comfort and adventure. With the promise of an unforgettable stay, this haven is meticulously crafted to cater to groups of up to ten guests. It boasts three elegantly designed en-suite bedrooms, complemented by an additional loft space for sleeping, ensuring that every guest finds their perfect spot for rest and rejuvenation.

The house whispers tales of culinary delight with its gourmet kitchen, inviting guests to indulge in their cooking fantasies. Whether it's a hearty breakfast to kickstart a day of exploration or a sumptuous dinner to celebrate the day's adventures, the kitchen is equipped to handle it all with ease.

But the allure of the Art & Soul Main House extends beyond its interiors. Step outside to discover extensive decks that offer panoramic views of the surrounding landscapes and skies — a painter's dream and a nature lover's paradise. The decks serve as the perfect backdrop for a morning cup of coffee or an evening glass of wine, allowing guests to immerse themselves in the tranquil beauty of their surroundings.

For those looking to unwind, the property doesn't disappoint. A saltwater hot tub promises soothing soaks under the stars, while a dry sauna awaits to envelop you in its warm embrace, offering a perfect end to an active day.

It's important to note that the lodging descriptions provided have been carefully curated by the host to ensure an accurate representation of what guests can expect. However, these descriptions are not independently verified, highlighting the host's commitment to offering an authentic and transparent overview of the Art & Soul Main House.

In essence, the Art & Soul Main House is more than just a place to stay; it's a destination that offers a rich tapestry of experiences. From its luxurious accommodations to its breathtaking natural surroundings, it stands as a testament to the beauty of combining art, soul, and the great outdoors. Whether you're seeking a peaceful retreat or an adventurous getaway, the Art & Soul Main House is poised to welcome you with open arms and an open heart.","Additional Location Information","Nestled within the serene embrace of Wintergreen, the Art & Soul Main House emerges as a premier destination for those seeking an escape into the world of elegance and tranquility. This exquisite property is the brainchild of Karen Rucker, who can be contacted at karenrucker59@gmail.com for inquiries or bookings. The house itself is a masterpiece of comfort and luxury, designed to accommodate groups of up to ten guests with ease and sophistication.

Upon entering the Art & Soul Main House, guests are greeted by three beautifully appointed en-suite bedrooms, each a sanctuary of peace and privacy. For those who require additional sleeping arrangements, the loft provides a cozy and inviting space, perfect for drifting off under the watchful eyes of the stars.

The heart of the home is undoubtedly its gourmet kitchen, a dream for any culinary enthusiast. Here, the art of cooking comes to life, with state-of-the-art appliances and ample space for creating meals that are as memorable as the moments spent with loved ones.

But the allure of Art & Soul Main House extends far beyond its walls. Outside, an extensive deck offers the perfect vantage point for admiring the breathtaking landscapes and skies that make Wintergreen a destination like no other. Whether soaking in the saltwater hot tub or unwinding in the dry sauna, guests are treated to an experience that rejuvenates the body and soul.

Art & Soul Main House is more than just a place to stay; it is a journey into a world where art, nature, and comfort converge. Here, every detail has been thoughtfully curated to ensure an unforgettable stay, making it the ideal retreat for those seeking solace, inspiration, or simply a moment of beauty."
"312","The Cottage at River Circle Farm","the-cottage-at-river-circle-farm","Cabins & Cottages","stay","Wintergreen Resort","The Cottage at River Circle Farm is a one-bedroom riverside retreat with private pool, on-site nature trails, and quiet grounds along the James River.","","https://ik.imagekit.io/OE/nelson-county/listings/the-cottage-at-river-circle-farm-image1_kI4pcscYm","Blue swimming pool in backyard with trees and house under clear sky.","","https://ik.imagekit.io/OE/nelson-county/listings/the-cottage-at-river-circle-farm-image2_KlDXHx3yF","Cozy living room with a sofa, ceiling fan, and paintings, lit by sunlight.","","","","","","","Scottsville, VA 24590","josh","","","https://www.google.com/maps/dir/?api=1&destination=Scottsville%2C%20VA%2024590","Pool; Cabins; Lodging; Water Sports","false","https://www.google.com/maps/dir/?api=1&destination=Scottsville%2C%20VA%2024590","","","","","","","",""
"313","Berry Hill Lake","berry-hill-lake","Cabins & Cottages","stay","Nellysford","Berry Hill Lake is a modern-rustic four-bedroom, 3.5-bath home overlooking a private two-acre lake with indoor/outdoor fireplaces, bunk rooms, and movie room on 250 wooded acres.","","https://ik.imagekit.io/OE/nelson-county/listings/berry-hill-lake-image1_2Z8GdFy77","Rustic cottage with chimney surrounded by trees under a clear sky.","","https://ik.imagekit.io/OE/nelson-county/listings/berry-hill-lake-image2_8f_09seUw","Cozy living room with stone fireplace, leather sofas, large windows, and rustic decor.","","","","","","","Roseland, VA 22967","josh","","","https://www.google.com/maps/dir/?api=1&destination=Roseland%2C%20VA%2022967","Outdoor Seating; Pet Friendly; Cabins; Lodging","false","https://www.google.com/maps/dir/?api=1&destination=Roseland%2C%20VA%2022967","Contact & Location","Berry Hill Lake is a mountain getaway featuring a new, modern-rustic 4 bedroom/3. 5 bath home overlooking a private, 2-acre lake and surrounded by 250 acres of beautiful wooded mountain land. The house features traditional board and batten siding, original stonework, hardwood floors throughout and two fireplaces, an indoor gas fire place and an outdoor wood burning fireplace.","Important Information","*Lodging descriptions are provided by the host and not independently verified.","Location & Directions","Rich Daughtridge, rich@daughtridge. Yes Find us at Nellysford.","",""
"314","Afton Awaits","afton-awaits","Cabins & Cottages","stay","Afton","Nestled in the picturesque hills of Afton, Virginia, this luxury modern farmhouse offers the perfect blend of rustic charm and contemporary elegance.","","https://ik.imagekit.io/OE/nelson-county/listings/afton-awaits-image1_cw5wL1FDQ","Countryside house with green lawn, mountains, and colorful sunset sky.","","https://ik.imagekit.io/OE/nelson-county/listings/afton-awaits-image2_ZDpe6Zg-a","Open-concept living room and kitchen with wooden floors and modern decor.","","","","","","","Afton, VA 22920","josh","","","https://www.google.com/maps/dir/?api=1&destination=Afton%2C%20VA%2022920","Cabins; Farm; Lodging; Outdoor Seating; Pool; Scenic Views","true","https://www.google.com/maps/dir/?api=1&destination=Afton%2C%20VA%2022920","Contact & Location","Nestled in the picturesque hills of Afton, Virginia, this luxury modern farmhouse offers the perfect blend of rustic charm and contemporary elegance. Set on a tranquil estate, the home features 3 beautifully appointed bedrooms, each designed with comfort and style in mind.","Additional Location Information","Step outside and enjoy a dip in the pool or hot tub while you soak in the stunning mountain views. The house is located right off Nelson 151 Brew Trail, just minutes from award-wining wineries, breweries, and distilleries, as well as Wintergreen Resort. The University of Virginia is just 30 minutes away.","Important Information","*Lodging descriptions are provided by the host and not independently verified.","",""
"315","Pilotview Hollow","pilotview-hollow","Whole House Rentals","stay","Nellysford","Pilotview Hollow is a five-bedroom, 4.5-bath estate on 42 acres with hot tub, dual primary suites, game room, outdoor fire pit, and proximity to Route 151 and Wintergreen. Private space on 42 acres, game room, hot tub, 2 primary bedrooms with ensuite bathrooms.","","https://ik.imagekit.io/OE/nelson-county/listings/pilotview-hollow-image1_4hZKeDrC7","Modern cabin with large windows, stone chimney, and wooden deck in forest setting.","","https://ik.imagekit.io/OE/nelson-county/listings/pilotview-hollow-image2_6Cs4l6yWl","Modern living room with beige sofa, wooden ceiling, and black staircase.","","","","","","","Nellysford, VA 22958","josh","","","https://www.google.com/maps/dir/?api=1&destination=Nellysford%2C%20VA%2022958","Parking; Lodging","false","https://www.google.com/maps/dir/?api=1&destination=Nellysford%2C%20VA%2022958","Contact & Location","Private space on 42 acres, game room, hot tub, 2 primary bedrooms with ensuite bathrooms. Outdoor firepit and wood burning fireplace.","Important Information","*Lodging descriptions are provided by the host and not independently verified.","Location & Directions","Katherine Shields, pilotviewhollow@gmail. No Find us at Nellysford.","",""
"316","Nelson Cozy Cabin","nelson-cozy-cabin","Cabins & Cottages","stay","Nellysford","Nelson Cozy Cabin is a renovated three-bedroom, two-bath cabin on four wooded acres in Stoney Creek with deck, fire pit, and access to Wintergreen POA pools and fishing. Perfectly renovated cabin on 4 wooded acres in Stoney Creek/Wintergreen.","","https://ik.imagekit.io/OE/nelson-county/listings/nelson-cozy-cabin-image1_Ill0EU3Eo","Gray cabin in a forest with bare trees and wooden deck.","","https://ik.imagekit.io/OE/nelson-county/listings/nelson-cozy-cabin-image2_9xPS2w_t4","Cozy living room with stone fireplace, wooden furniture, and large windows.","","","","","","","Nellysford, VA 22958","josh","","","https://www.google.com/maps/dir/?api=1&destination=Nellysford%2C%20VA%2022958","Outdoor Seating; Cabins; Pet Friendly; Lodging; Water Sports; Fishing; Swimming Pool","false","https://www.google.com/maps/dir/?api=1&destination=Nellysford%2C%20VA%2022958","Contact & Location","Perfectly renovated cabin on 4 wooded acres in Stoney Creek/Wintergreen. 3 Bedrooms, 2 Full baths with deck and firepit. Great for families & small groups.","Important Information","*Lodging descriptions are provided by the host and not independently verified.","Location & Directions","Klara Reilly, klarareilly@gmail. Yes Find us at Nellysford.","",""
"317","Kneeling Shepherd","kneeling-shepherd","Cabins & Cottages","stay","Roseland","Kneeling Shepherd is a new-construction farmhouse on 12 acres with hot tub, fire pit, mountain views, and easy access to the Tye River, Wintergreen, and Appalachian Trail. Relax with the family on 12 private acres at our peaceful new construction farmhouse.","","https://ik.imagekit.io/OE/nelson-county/listings/kneeling-shepherd-image1_Uw6uGu8lr","White farmhouse with porch, evening lighting, cloudy sky, surrounded by trees.","","https://ik.imagekit.io/OE/nelson-county/listings/kneeling-shepherd-image2_kQtAmT1tE","Living room with brown leather sofas, fireplace, and large windows.","","","","","","","Roseland, VA 22967","josh","","","https://www.google.com/maps/dir/?api=1&destination=Roseland%2C%20VA%2022967","Scenic Views; Cabins; Lodging; Appalachian Trail; Farm; Water Sports","false","https://www.google.com/maps/dir/?api=1&destination=Roseland%2C%20VA%2022967","Contact & Location","Relax with the family on 12 private acres at our peaceful new construction farmhouse. We're just 12 miles to Wintergreen Ski Resort and Stoney Creek golf, breweries and wineries. Three bedroom, tow and half bath with full kitchen and family room.","Important Information","*Lodging descriptions are provided by the host and not independently verified.","Location & Directions","David Duncan, davideduncan84@hotmail. No Find us at Roseland.","",""
"318","Kremer Cabin","kremer-cabin","Cabins & Cottages","stay","Faber","Kremer Cabin is a Cape Cod on six acres with screened porch swings, two porch swings, and room for up to 12 guests surrounded by mountain views. Lovely Cape Cod surrounded by mountains on 6 acres.","","https://ik.imagekit.io/OE/nelson-county/listings/kremer-cabin-image1_ZWFmIrxZP","Brown wooden house surrounded by trees behind a rustic wooden fence.","","https://ik.imagekit.io/OE/nelson-county/listings/kremer-cabin-image2_7bnrIxMzK","Outdoor patio with fire pit, wicker furniture, swing, and lush greenery outside.","","","","","","","Faber, VA 22938","josh","","","https://www.google.com/maps/dir/?api=1&destination=Faber%2C%20VA%2022938","Cabins; Scenic Views; Outdoor Seating; Lodging","false","https://www.google.com/maps/dir/?api=1&destination=Faber%2C%20VA%2022938","Contact & Location","Room for the whole family with accommodations up to 12 guests.","Important Information","*Lodging descriptions are provided by the host and not independently verified.","","","",""
"319","Stewart's Place","stewarts-place","Whole House Rentals","stay","Faber","Stewart's Place is a rustic, private retreat with spacious yard and homey comforts—ideal for guests seeking a quiet Faber getaway.","","https://ik.imagekit.io/OE/nelson-county/listings/stewart-s-place-image1_TIJ0wB_xf","Small white house with black roof, porch, surrounded by trees.","","https://ik.imagekit.io/OE/nelson-county/listings/stewart-s-place-image2_2S4PBVrjx","Gray sofa in cozy living room with rug, plants, and desk.","","","","","","","Faber, VA 22938","josh","","","https://www.google.com/maps/dir/?api=1&destination=Faber%2C%20VA%2022938","Scenic Views; Cabins; Lodging","false","https://www.google.com/maps/dir/?api=1&destination=Faber%2C%20VA%2022938","Important Information","Nestled within the serene landscapes of Faber, Stewart's Place presents itself as a quintessential retreat for those who seek a tranquil escape from the hustle and bustle of daily life. This charming abode is a rustic sanctuary, boasting a spacious yard that invites guests to immerse themselves in the gentle embrace of nature. With its cozy and welcoming ambiance, Stewart's Place is meticulously crafted to be your home away from home, offering an unparalleled experience of comfort and privacy.

As you plan your stay at this idyllic getaway, it's important to note that the lodging descriptions are thoughtfully provided by the host. These insights into Stewart's Place have not been independently verified but are intended to guide you in envisioning your peaceful retreat in the heart of Faber. With every detail thoughtfully curated to enhance your stay, Stewart's Place is poised to be the backdrop for your most cherished memories, offering a unique blend of homey comforts set against the backdrop of nature's untouched beauty. Whether you're seeking a solitary retreat or a cozy hideaway to unwind, Stewart's Place promises an experience that is both enriching and rejuvenating.","Location & Directions","Nestled in the heart of Faber, Stewart's Place offers a rustic and private retreat that promises homey comforts and a spacious yard, making it the perfect haven for guests yearning for a serene getaway. This charming whole house rental embodies the essence of tranquility, providing an idyllic setting for those seeking to escape the hustle and bustle of daily life.

For inquiries or to plan your stay, Shedana Esdaile warmly welcomes potential guests to reach out through stewartsplace422@gmail.com. As you set your sights on this peaceful retreat, you'll find that Stewart's Place is conveniently located in Faber, ensuring an easy and straightforward journey to tranquility. The precise details and directions to guide you to this haven will be shared, ensuring your arrival is as smooth as the peaceful stay that awaits you.

Each moment at Stewart's Place is designed to offer an unparalleled experience of relaxation and comfort, set against the backdrop of Faber's natural beauty. This listing not only promises a getaway filled with peaceful moments but also ensures every guest feels right at home, surrounded by the rustic charm and spacious elegance of Stewart's Place.","","","",""
"320","Boho Cliff House Retreat","boho-cliff-house-retreat","Whole House Rentals","stay","Wintergreen Resort","Boho Cliff House Retreat offers dramatic Blue Ridge views in a design-forward setting—ideal for couples or friends seeking a stylish mountain escape.","","https://ik.imagekit.io/OE/nelson-county/listings/boho-cliff-house-retreat-image1_L3zCUtUrE","Outdoor deck with cozy seating and string lights, surrounded by trees.","","https://ik.imagekit.io/OE/nelson-county/listings/boho-cliff-house-retreat-image2_GsbtJb4yQ","Spacious living room with large windows, brown furniture, and fireplace. Bright natural light.","","","","","","","Roseland, VA 22967","josh","","","https://www.google.com/maps/dir/?api=1&destination=Roseland%2C%20VA%2022967","Retail; Scenic Views; Cabins; Lodging","false","https://www.google.com/maps/dir/?api=1&destination=Roseland%2C%20VA%2022967","Important Information","*Lodging descriptions are provided by the host and not independently verified.","Trail Information","Michael Hodges, hello@designsparkproperties. No Find us at Wintergreen.","","","",""
"321","Airkey Boutique Rentals","airkey","Cabins & Cottages","stay","Afton","Airkey Boutique Rentals curates charming nature-centric stays near Nelson 151 breweries, wineries, and hiking trails—visit myairkey.com for available suites. Looking for a cozy mountain hideaway. We offer the perfect getaway for adventure seekers and serenity lovers alike There’s something to do in Afton every season of the year.","","https://ik.imagekit.io/OE/nelson-county/listings/airkey-boutique-rentals-image1_cmGf9y1jA","Modern kitchen with wooden beams, island, chairs, and stainless steel appliances.","","https://ik.imagekit.io/OE/nelson-county/listings/airkey-boutique-rentals-image2__RwGQDmNm6","Wooden patio with metal furniture, open view of mountains and sky.","","","","","https://myairkey.com","(434) 466-6942","Afton, VA 22920","WG","","","https://www.google.com/maps/dir/?api=1&destination=Afton%2C%20VA%2022920","Retail; Beer; Cabins; Lodging","false","https://www.google.com/maps/dir/?api=1&destination=Afton%2C%20VA%2022920","Trail Information","Looking for a cozy mountain hideaway. we offer the perfect getaway for adventure seekers and serenity lovers alike. Whether you're hiking, climbing, kayaking or vineyard hopping let us be your home base for mountain magic.","Contact & Location","Airkey +14344666942 Staff on Site. No Find us at Afton.","Accommodation Information","There’s something to do in Afton every season of the year.","",""
"322","Three Ridge Retreat","three-ridge-retreat","Vacation Rentals","stay","Wintergreen Resort","Three Ridge Retreat is a two-bedroom, two-bath dog-friendly Wintergreen condo within walking distance of slopes, restaurants, and resort trails.","","https://ik.imagekit.io/OE/nelson-county/listings/three-ridge-retreat-image1_nWA5bIf41j","Cozy living room with white armchairs, fireplace, and decorative items on shelves.","","https://ik.imagekit.io/OE/nelson-county/listings/three-ridge-retreat-image2_5zTu74E-i","Stacked firewood beside a black fireplace on a gray stone mantel.","","","","","","","Wintergreen Resort, Roseland, VA 22967","josh","","","https://www.google.com/maps/dir/?api=1&destination=Wintergreen%20Resort%2C%20Roseland%2C%20VA%2022967","Pet Friendly; Skiing; Resort","false","https://www.google.com/maps/dir/?api=1&destination=Wintergreen%20Resort%2C%20Roseland%2C%20VA%2022967","Trail Information","Three Ridge Retreat is within walking distance to most amenities at the Resort including the ski slopes, restaurants, the Lodge and many of the trails.","Important Information","*Lodging descriptions are provided by the host and not independently verified.","Location & Directions","Justin Muchard Staff on Site. Yes Find us at Wintergreen.","",""
"323","Sunset Vista Villa","sunset-vista-villa","Whole House Rentals","stay","Roseland","Sunset Vista Villa is a two-bedroom, two-bath Wintergreen condo with elevated first-floor views, ideal for sunset watching and family getaways. Welcome to Sunset Vista Villa, this stunning 2 bedroom, 2 bathroom retreat offers breathtaking views that stretch for miles.","","https://ik.imagekit.io/OE/nelson-county/listings/sunset-vista-villa-image1_1BgIsS1S4","Large house surrounded by bare trees and rocks under clear blue sky.","","https://ik.imagekit.io/OE/nelson-county/listings/sunset-vista-villa-image2_sR8bwvtW0X","Cozy living room with fireplace, couches, TV, art, and warm lighting.","","","","","","","Wintergreen Resort, Roseland, VA 22967","josh","","","https://www.google.com/maps/dir/?api=1&destination=Wintergreen%20Resort%2C%20Roseland%2C%20VA%2022967","Resort; Parking; Cabins; Lodging","false","https://www.google.com/maps/dir/?api=1&destination=Wintergreen%20Resort%2C%20Roseland%2C%20VA%2022967","Important Information","*Lodging descriptions are provided by the host and not independently verified.","Location & Directions","Rebecca Precious Staff on Site. No Find us at Wintergreen Resort.","","","",""
"324","Arrowwood Lane","arrowwood-lane","Whole House Rentals","stay","Wintergreen Resort","Arrowwood Lane is a four-bedroom Wintergreen home sleeping 10 with covered hot tub, dual living areas with fireplaces, deck, and central HVAC. There are two separate living areas, each with a fire place.","","https://ik.imagekit.io/OE/nelson-county/listings/arrowwood-lane-image1_danFDpnJe","A-frame house with stone facade, surrounded by trees, gravel driveway.","","https://ik.imagekit.io/OE/nelson-county/listings/arrowwood-lane-image2_CnDTS-x1G","Wooden kitchen interior with stainless steel appliances, black countertops, and ceiling beams.","","","","","","","Wintergreen Resort, Roseland, VA 22967","josh","","","https://www.google.com/maps/dir/?api=1&destination=Wintergreen%20Resort%2C%20Roseland%2C%20VA%2022967","Outdoor Seating; Pet Friendly","false","https://www.google.com/maps/dir/?api=1&destination=Wintergreen%20Resort%2C%20Roseland%2C%20VA%2022967","Location & Directions","Joe Jernigan Staff on Site. Yes Find us at Wintergreen.","Additional Location Information","There are two separate living areas, each with a fire place.","Important Information","*Lodging descriptions are provided by the host and not independently verified.","",""
"325","Winterhaven","winterhaven","Whole House Rentals","stay","Wintergreen Resort","Winterhaven is a five-bedroom, 4.5-bath Wintergreen house half a mile from the lodge with updated interiors for large groups.","","https://ik.imagekit.io/OE/nelson-county/listings/winterhaven-image1_2nWZeI-Ga","Wooden house surrounded by autumn trees, lit by bright sunlight.","","https://ik.imagekit.io/OE/nelson-county/listings/winterhaven-image2_yuq8VtqX-","Cozy bedroom with quilted bedspread, wooden furniture, and ceiling fan.","","","","","","","Wintergreen Resort, Roseland, VA 22967","josh","","","https://www.google.com/maps/dir/?api=1&destination=Wintergreen%20Resort%2C%20Roseland%2C%20VA%2022967","Scenic Views; Lodging","false","https://www.google.com/maps/dir/?api=1&destination=Wintergreen%20Resort%2C%20Roseland%2C%20VA%2022967","Important Information","*Lodging descriptions are provided by the host and not independently verified.","Location & Directions","Neal Beggan Staff on Site. No Find us at Wintergreen.","","","",""
"326","779 Blue Ridge Drive","779-blue-ridge-drive","Whole House Rentals","stay","Wintergreen Resort","779 Blue Ridge Drive is a four-bedroom, 4.5-bath mountain home with hot tub, gas fireplace, and king beds in every suite, located four minutes from skiing. Four king suites, a bubbling hot tub, and a great room anchored by a stone fireplace make 779 Blue Ridge Drive a go-to for families who want to be on the slopes in under five minutes.","","https://ik.imagekit.io/OE/nelson-county/listings/779-blue-ridge-drive-image1_xIPDm9uIl","Wooden house surrounded by lush green trees and wooden railing.","","https://ik.imagekit.io/OE/nelson-county/listings/779-blue-ridge-drive-image2_-yIXfhkXl","Cozy living room with brown sofas, stone fireplace, large windows, and TV.","","","","","","","Wintergreen Resort, Roseland, VA 22967","josh","","","https://www.google.com/maps/dir/?api=1&destination=Wintergreen%20Resort%2C%20Roseland%2C%20VA%2022967","Seasonal Menu; Skiing; Scenic Views; Fuel; Pet Friendly","false","https://www.google.com/maps/dir/?api=1&destination=Wintergreen%20Resort%2C%20Roseland%2C%20VA%2022967","Accommodation Information","In the middle of 4 acres. 2 Story fireplace with gas logs.","Important Information","*Lodging descriptions are provided by the host and not independently verified.","Contact & Location","779 Blue Ridge Drive Staff on Site. Yes Find us at Wintergreen.","",""
"327","Belties","belties","Coffee Shops","taste","Nellysford","Belties is a farmhouse café pouring handcrafted coffee, 18-layer scratch biscuits, and seasonal fare with Blue Ridge views and grazing Belted Galloway cows. At Belties, we offer more than just hand-crafted coffee and 18-layer scratch biscuits—we offer an experience.","","https://ik.imagekit.io/OE/nelson-county/listings/belties-image1_KkVKcuyY5","Red barn with white lettering, surrounded by green grass and blue sky.","","https://ik.imagekit.io/OE/nelson-county/listings/belties-image2_XwoNmwbjX","Dessert with pastry, whipped cream, strawberries, and mint on wooden board.","","https://ik.imagekit.io/OE/nelson-county/listings/belties-image3_d4641Q6LvL","Wooden bench with pillows, lantern, and sign on white shiplap wall.","","","(703) 989-0556","2884 Rockfish Valley Highway, Nellysford, VA 22958","WG","","","https://www.google.com/maps/dir/?api=1&destination=2884%20Rockfish%20Valley%20Highway%2C%20Nellysford%2C%20VA%2022958","Bar; Cafe; Coffee; Farm; Scenic Views; Seasonal Menu; Tea","true","https://www.google.com/maps/dir/?api=1&destination=2884%20Rockfish%20Valley%20Highway%2C%20Nellysford%2C%20VA%2022958","","","","","","","",""
"328","Ski in Style At Sapphire Squirrel","ski-in-style-at-sapphire-squirrel","Whole House Rentals","stay","Wintergreen Resort","Ski in Style at Sapphire Squirrel is a three-bedroom Wintergreen home steps from the slopes with fully equipped kitchen, dedicated workspace, deck, and gas grill for up to six guests.","","https://ik.imagekit.io/OE/nelson-county/listings/ski-in-style-at-sapphire-squirrel-image1_WUGk-MjNJ","Elevated white cabin surrounded by dense green forest trees.","","https://ik.imagekit.io/OE/nelson-county/listings/ski-in-style-at-sapphire-squirrel-image2_EK-9dLGZt","Cozy living room with leather sofa, large windows, and decorative rug.","","","","","","","Wintergreen Resort, Roseland, VA 22967","josh","","","https://www.google.com/maps/dir/?api=1&destination=Wintergreen%20Resort%2C%20Roseland%2C%20VA%2022967","Scenic Views; Fuel; Full Kitchen; Outdoor Seating; Parking; Lodging","false","https://www.google.com/maps/dir/?api=1&destination=Wintergreen%20Resort%2C%20Roseland%2C%20VA%2022967","Trail Information","Comfort, convenience and stunning mountain views. Book your stay today.","Important Information","*Lodging descriptions are provided by the host and not independently verified.","Location & Directions","Sherri-Lyn Whitfield Staff on Site. No Find us at Wintergreen.","",""
"329","The Retreat at Three Ridges","the-retreat-at-three-ridges","Whole House Rentals","stay","Wintergreen Resort","The Retreat at Three Ridges is a Scandinavian-inspired Wintergreen condo just a three-minute walk from the slopes, featuring a modern aesthetic, cozy fireplace with provided wood, well-stocked kitchen, and relaxing outdoor space. Scandi style meets mountain coziness at The Retreat at Three Ridges, where wood-burning fires, a sleek kitchen, and a quick three-minute stroll deliver you to Wintergreen's lifts.","","https://ik.imagekit.io/OE/nelson-county/listings/the-retreat-at-three-ridges-image1_jm1zHFdXu","Modern kitchen with white cabinets, island, and black stools, overlooking balcony.","","https://ik.imagekit.io/OE/nelson-county/listings/the-retreat-at-three-ridges-image2_MvonG0ZX_J","Cozy living room with fireplace, gray sofa, light wood floor, minimal decor.","","","","","","","Wintergreen Resort, Roseland, VA 22967","josh","","","https://www.google.com/maps/dir/?api=1&destination=Wintergreen%20Resort%2C%20Roseland%2C%20VA%2022967","Scenic Views; Lodging; Outdoor Seating; Full Kitchen; Parking; Cabins","false","https://www.google.com/maps/dir/?api=1&destination=Wintergreen%20Resort%2C%20Roseland%2C%20VA%2022967","","","","","","","",""
"330","Wintergreen Condo 1437 Highlands","wintergreen-condo-1437-highlands","Whole House Rentals","stay","Wintergreen Resort","Wintergreen Condo 1437 Highlands is a ski-in/ski-out Highlands building condo showcasing incredible views and modern finishes steps from resort amenities. Highlands 1437 offers true ski-in/ski-out access plus sweeping valley vistas, making the refreshed condo a smart pick for guests who want modern finishes right above the slopes.","","https://ik.imagekit.io/OE/nelson-county/listings/wintergreen-condo-1437-highlands-image1_B9we_8sYO","Cozy living room with brown sofa, wooden table, large windows showing scenic view.","","https://ik.imagekit.io/OE/nelson-county/listings/wintergreen-condo-1437-highlands-image2_shyvdLeQR","Bedroom with blue bed, wooden floor, fireplace, and large window.","","","","","","","Wintergreen Resort, Roseland, VA 22967","josh","","","https://www.google.com/maps/dir/?api=1&destination=Wintergreen%20Resort%2C%20Roseland%2C%20VA%2022967","Skiing; Scenic Views; Cabins; Lodging","false","https://www.google.com/maps/dir/?api=1&destination=Wintergreen%20Resort%2C%20Roseland%2C%20VA%2022967","Important Information","*Lodging descriptions are provided by the host and not independently verified.","Location & Directions","Chad Barbour Staff on Site. No Find us at Wintergreen.","Hours & Information","The resort is found on the Sunrise Side of the Blue Ridge Mountains and is conveniently located close to Charlottesville, Staunton, Lynchburg, and Waynesboro. It’s only a three-hour drive from Washington, D. Spend the day at and near Wintergreen Resort any time of the year.","",""
"331","Time Out","time-out","Whole House Rentals","stay","Wintergreen Resort","Time Out is a pet-friendly Wintergreen escape sleeping seven with hot tub, fast Wi-Fi, smart TVs, and three queen bedrooms plus single sofa bed. Activities are endless: apple picking, breweries/wineries, hiking, lake, horseback riding, golf, tennis, skiiing.","","https://ik.imagekit.io/OE/nelson-county/listings/time-out-image1_WA5ToIiMM","Cabin with red chairs on porch surrounded by autumn trees and fallen leaves.","","https://ik.imagekit.io/OE/nelson-county/listings/time-out-image2_hNPstmersg","Wooden kitchen with stainless steel appliances, granite countertops, and bright overhead lighting.","","","","","","","Wintergreen Resort, Roseland, VA 22967","josh","","","https://www.google.com/maps/dir/?api=1&destination=Wintergreen%20Resort%2C%20Roseland%2C%20VA%2022967","Wi-Fi; Scenic Views; Pet Friendly","false","https://www.google.com/maps/dir/?api=1&destination=Wintergreen%20Resort%2C%20Roseland%2C%20VA%2022967","Menu & Offerings","Activities are endless: apple picking, breweries/wineries, hiking, lake, horseback riding, golf, tennis, skiiing. Take a peaceful morning walk on path across the street from the cabin. One mile to Founder's Overlook and amazing sunrises.","Important Information","*Lodging descriptions are provided by the host and not independently verified.","Location & Directions","Nancy Oates Staff on Site. Yes Find us at Wintergreen.","",""
"332","Cub Creek Cabin","cub-creek-cabin","Cabins & Cottages","stay","Roseland","Cub Creek Cabin is a secluded two-bedroom rustic retreat minutes from Devils Backbone, Wintergreen Ski Resort, Appalachian Trail, and Blue Ridge Parkway with porch views of Three Ridges and a spring-fed creek soundtrack. Fall asleep to the sound of a spring-fed creek at Cub Creek Cabin, a two-bedroom hideaway perfectly positioned between Devils Backbone, the Appalachian Trail, and the Parkway.","","https://ik.imagekit.io/OE/nelson-county/listings/cub-creek-cabin-image1_h6q1evBln","Wooden cabin with porch surrounded by dense green forest. Sunlit exterior.","","https://ik.imagekit.io/OE/nelson-county/listings/cub-creek-cabin-image2_bRRxtVEEsJ","Cozy living room with fireplace, wooden table, chairs, bookshelves, and large window.","","","","","","","Roseland, VA 22967","josh","","","https://www.google.com/maps/dir/?api=1&destination=Roseland%2C%20VA%2022967","Cabins; Outdoor Seating; Scenic Views; Lodging; Appalachian Trail","false","https://www.google.com/maps/dir/?api=1&destination=Roseland%2C%20VA%2022967","Accommodation Information","Views of Three Ridges from the porch. Sounds of spring fed creek from the porch.","Important Information","*Lodging descriptions are provided by the host and not independently verified.","Location & Directions","Jacob Keeler Staff on Site. No Find us at Roseland.","",""
"333","Tyebello Cabins","tyebello-cabins","Cabins & Cottages","stay","Montebello","Tyebello Cabins offer pet-friendly lodging with kitchen, free Wi-Fi, and air conditioning for Blue Ridge travelers seeking simple comforts near Tyro. Tyebello Cabins offer pet-friendly lodging with kitchen, free Wi-Fi, and air conditioning for Blue Ridge travelers seeking simple comforts near Tyro.","","https://ik.imagekit.io/OE/nelson-county/listings/tyebello-cabins-image1_v7ATLrmSv","Two green chairs by fire pit, overlooking stream and trees.","","https://ik.imagekit.io/OE/nelson-county/listings/tyebello-cabins-image2_5RkKGEK6p","Glass shower enclosure reflecting wood-paneled wall, mirror, and sink with faucet.","","","","","","","Tyro, VA 22976","josh","","","https://www.google.com/maps/dir/?api=1&destination=Tyro%2C%20VA%2022976","Wi-Fi; Pet Friendly; Lodging; Cabins; Full Kitchen; Scenic Views","false","https://www.google.com/maps/dir/?api=1&destination=Tyro%2C%20VA%2022976","Amenities & Features","Kitchen Free Wi-Fi Pet friendly Air conditioning Mountain views.","Contact & Location","Great hiking off Blue Ridge Parkway, Appalachian Trail and on our property itself. Wineries, breweries, distilleries, Crabtree Falls all nearby. Piney River biking trail 25 minutes away.","Important Information","*Lodging descriptions are provided by the host and not independently verified.","Location & Directions","Jerry Bowman Staff on Site. Yes Find us at Montebello."
"334","Glass & Pine","glass-pine","Cabins & Cottages","stay","Nellysford","The house is located on 5 acres in a neighborhood with homes spaciously set apart from another and very wooded.","","https://ik.imagekit.io/OE/nelson-county/listings/glass-pine-image1_cAuZONr-w","Modern cabin with large windows in snowy woodland setting, clear blue sky.","","https://ik.imagekit.io/OE/nelson-county/listings/glass-pine-image2_RB2rG0JRn7","Spacious living room with couch, wooden table, and large windows with scenic views.","","","","","","","Nellysford, VA 22958","josh","","","https://www.google.com/maps/dir/?api=1&destination=Nellysford%2C%20VA%2022958","Scenic Views; Beer; Cabins; Lodging","false","https://www.google.com/maps/dir/?api=1&destination=Nellysford%2C%20VA%2022958","Location & Directions","The house is located on 5 acres in a neighborhood with homes spaciously set apart from another and very wooded.","Important Information","*Lodging descriptions are provided by the host and not independently verified.","Additional Location Information","Mark Jeschke Staff on Site. No Find us at Nellysford.","",""
"335","Wintergreen 19 Ivy Glen Lane","wintergreen-19-ivy-glen-lane","Vacation Rentals","stay","Wintergreen Resort","Wintergreen 19 Ivy Glen Lane is a four-bedroom, 3.5-bath end-unit townhouse with two-car garage, steps from shuttle stop, spa, pools, golf, tennis, and hiking.

19 Ivy Glen Lane brings townhouse convenience to Wintergreen—four bedrooms, 3.5 baths, two-car garage, and front-door access to shuttles, spa amenities, pools, golf, and tennis.","","https://ik.imagekit.io/OE/nelson-county/listings/wintergreen-19-ivy-glen-lane-image1_M8YMHOmi7N","Modern brown house with large windows, driveway, and white SUV parked outside.","","https://ik.imagekit.io/OE/nelson-county/listings/wintergreen-19-ivy-glen-lane-image2_Lirrcwn4D","Modern kitchen with granite countertops, stainless steel appliances, and two bar stools.","","","","","","","Wintergreen Resort, Roseland, VA 22967","josh","","","https://www.google.com/maps/dir/?api=1&destination=Wintergreen%20Resort%2C%20Roseland%2C%20VA%2022967","Resort; Pool; Pet Friendly; Spa; Golf","false","https://www.google.com/maps/dir/?api=1&destination=Wintergreen%20Resort%2C%20Roseland%2C%20VA%2022967","Contact & Location","Close to the spa, pools and hot tubs; tennis, golf, and great hikes. Shuttle stop to lifts is 40 steps away.","Important Information","*Lodging descriptions are provided by the host and not independently verified.","Location & Directions","Christine Baker Staff on Site. Yes Find us at Wintergreen.","",""
"336","The Brown Bear Lodge","the-brown-bear-lodge","Whole House Rentals","stay","Wintergreen Resort","The Brown Bear Lodge is a renovated three-bedroom, 2.5-bath Wintergreen house within walking distance of resort core, featuring bunk room, original stone fireplace, gas fireplace, grill, and fire pit. The Brown Bear Lodge blends classic and contemporary with its original stone fireplace, bunk room, gas stove, and outdoor fire pit all within walking distance of the resort core.","","https://ik.imagekit.io/OE/nelson-county/listings/the-brown-bear-lodge-image1_MNgHSMy6u","Green house with wooden deck in forest, surrounded by leafless trees.","","https://ik.imagekit.io/OE/nelson-county/listings/the-brown-bear-lodge-image2_WFvplR59eU","Modern kitchen with white cabinets, wooden island, stools, and stainless steel appliances.","","","","","","","Wintergreen Resort, Roseland, VA 22967","josh","","","https://www.google.com/maps/dir/?api=1&destination=Wintergreen%20Resort%2C%20Roseland%2C%20VA%2022967","Family Friendly; Fuel; Resort; Lodging","false","https://www.google.com/maps/dir/?api=1&destination=Wintergreen%20Resort%2C%20Roseland%2C%20VA%2022967","","","","","","","",""
"337","Mountain Home in Nelson County","mountain-home-in-nelson-county","Cabins & Cottages","stay","Faber","Mountain Home in Nelson County offers quiet mountain views 10 minutes from Pippin Hill Winery and 30 minutes to Wintergreen, ideal for Charlottesville-area wine getaways. This Nelson County mountain home keeps wine lovers close to Pippin Hill and Charlottesville while promising peaceful deck views and a private setting for recovery days.","","https://ik.imagekit.io/OE/nelson-county/listings/mountain-home-in-nelson-county-image1_IxXLR3b9jm","Wooden stairs and black door entrance, white walls, brown shutters, potted plants.","","https://ik.imagekit.io/OE/nelson-county/listings/mountain-home-in-nelson-county-image2_FTxe4AMlvU","Modern kitchen with island, wooden beams, barstools, pendant lights, and outdoor view.","","","","","","","North Garden, VA 22959","josh","","","https://www.google.com/maps/dir/?api=1&destination=North%20Garden%2C%20VA%2022959","Scenic Views; Wine; Cabins; Lodging; Tastings","false","https://www.google.com/maps/dir/?api=1&destination=North%20Garden%2C%20VA%2022959","Important Information","Nestled in the heart of Nelson County, the Mountain Home emerges as a serene retreat, perfect for those looking to immerse themselves in the tranquility of mountain views. This cabin, while offering peace and quiet, is conveniently situated merely 10 minutes away from the renowned Pippin Hill Winery, making it an ideal spot for wine enthusiasts. Furthermore, for those who wish to indulge in winter sports or simply enjoy the scenic beauty of a ski resort, Wintergreen is a short 30-minute drive away. This location strikes a perfect balance, offering a getaway close to some of Charlottesville-area’s most desirable destinations.

It's important to note that the descriptions of the lodging provided here are based on information given by the host and have not been independently verified. This ensures that the narrative retains the personal touch and authenticity of the host's original portrayal of Mountain Home, giving potential visitors a genuine insight into what they can expect from their stay. This unfiltered description invites travelers to a place that promises not only a refuge from the hustle and bustle of daily life but also an intimate connection with the natural beauty and local culture of Nelson County.","Area Information","Nestled within the picturesque landscape of Virginia, Nelson County emerges as a treasure trove for travelers seeking both tranquility and adventure. The Mountain Home in Nelson County stands as a testament to this, offering serene mountain views that promise a respite from the hustle and bustle of daily life. Just a stone's throw away, merely 10 minutes from the renowned Pippin Hill Winery and a 30-minute drive to Wintergreen, this cabin situates itself as the perfect base for those exploring the Charlottesville area's famed wine getaways.

Nelson County is a place where the phrase ""something for everyone"" truly comes to life. From the lush, rolling hills that beckon hikers and nature lovers, to the vibrant local vineyards that invite oenophiles to indulge in tastings and tours, the county offers a diverse array of attractions. Whether you're drawn to the peacefulness of mountain views or the excitement of exploring new trails, Nelson County caters to all. Its rich landscape is not just a backdrop but an invitation to immerse yourself in outdoor recreation, local cuisine, and the arts.

With its strategic location, the Mountain Home in Nelson County ensures that guests are perfectly positioned to enjoy the best the area has to offer. The cabin itself, a haven of tranquility, mirrors the calmness of its surroundings, providing a cozy retreat after a day spent discovering the charms of Nelson County. Whether you're here for a wine-centric getaway, a hiking adventure, or simply to soak in the natural beauty, this mountain home offers a gateway to an unforgettable experience in one of Virginia's most beloved counties.","","","",""
"338","Spy Run Hideaway","spy-run-hideaway","Cabins & Cottages","stay","Wintergreen Resort","Spy Run Hideaway is a secluded three-bedroom, two-bath cabin on 17 acres that sleeps eight, providing a quiet base for Blue Ridge exploration. Spy Run Hideaway spreads out over 17 wooded acres, giving the three-bedroom, two-bath cabin room for hammocks, wildlife watching, and unplugged evenings after Blue Ridge adventures.","","https://ik.imagekit.io/OE/nelson-county/listings/spy-run-hideaway-image1_SR1H-tiDB","House with wooden porch surrounded by green lawn and trees.","","https://ik.imagekit.io/OE/nelson-county/listings/spy-run-hideaway-image2_QnJSRmXM0","Cozy living room with gray couches, wooden table, and maroon accent wall.","","","","","","","Roseland, VA 22967","josh","","","https://www.google.com/maps/dir/?api=1&destination=Roseland%2C%20VA%2022967","Scenic Views; Pet Friendly; Full Kitchen","false","https://www.google.com/maps/dir/?api=1&destination=Roseland%2C%20VA%2022967","Contact & Location","3 bedroom, 2 full bath, sleeps 8, on 17 acres. Secluded quiet and relaxing area.","Important Information","*Lodging descriptions are provided by the host and not independently verified.","Location & Directions","Frank Lehner Staff on Site. Yes Find us at Vesuvius.","",""
"339","Love of Mountains Oh Fill My Cup","love-of-mountains-oh-fill-my-cup","Whole House Rentals","stay","Wintergreen Resort","Love of Mountains Oh Fill My Cup is a modern third-floor two-bedroom condo with upgraded kitchen, private golf course views, and access to public/community pools at Wintergreen. Relax with the whole family at this peaceful place to stay.","","https://ik.imagekit.io/OE/nelson-county/listings/love-of-mountains-oh-fill-my-cup-image1_IeSxTT1aBT","Tall beige house with multiple balconies, surrounded by trees and greenery.","","https://ik.imagekit.io/OE/nelson-county/listings/love-of-mountains-oh-fill-my-cup-image2_7bJGndeuCM","Modern living room with fireplace, kitchen island, and sliding glass doors to balcony.","","","","","","","Wintergreen Resort, Roseland, VA 22967","josh","","","https://www.google.com/maps/dir/?api=1&destination=Wintergreen%20Resort%2C%20Roseland%2C%20VA%2022967","Golf; Full Kitchen; Cabins; Lodging; Swimming Pool","false","https://www.google.com/maps/dir/?api=1&destination=Wintergreen%20Resort%2C%20Roseland%2C%20VA%2022967","Amenities & Features","Discover the essence of mountain serenity at ""Love of Mountains Oh Fill My Cup,"" a modern sanctuary perched on the third floor, offering an exquisite retreat for those who adore the great outdoors. This two-bedroom condominium has been thoughtfully designed with luxury and comfort in mind, featuring an upgraded kitchen that caters to your culinary desires, whether you're whipping up a quick breakfast or preparing a gourmet meal.

As you step onto the private balcony, you're greeted by uninterrupted views of a lush golf course, a sight so calming, it's like watching nature's own masterpiece unfold before your eyes. This haven doesn't just offer a visual feast; guests are bestowed with the privilege of access to not one, but two public/community pools. The Chestnut Springs pool, located in the upper region of Wintergreen, offers a refreshing escape amidst the trees, while the Rhodes Farm pool in the lower Wintergreen/Nellysford area provides a serene dip with a side of local charm. For those who prefer the embrace of lake waters, Lake Sherando awaits nearby, offering its crystal-clear waters for swimming, kayaking, or simply basking in the beauty of the surroundings.

""Love of Mountains Oh Fill My Cup"" is more than just a place to stay; it's a doorway to experiences, memories, and moments of pure bliss nestled in the heart of Wintergreen. Whether you're seeking a peaceful retreat from the hustle and bustle of daily life or an adventurous exploration of nature's wonders, this condominium is your perfect basecamp. Here, every detail has been curated to ensure your stay is not just comfortable, but utterly unforgettable.","Important Information","Nestled in the heart of mountain serenity, ""Love of Mountains Oh Fill My Cup"" presents a picturesque retreat for those who yearn to embrace the tranquility of nature without forgoing the comforts of modern living. This enchanting third-floor condo, thoughtfully designed with an eye for detail, offers guests a luxurious stay with its two well-appointed bedrooms, an upgraded kitchen boasting state-of-the-art appliances, and awe-inspiring private views of the adjacent golf course. 

Beyond the confines of this modern sanctuary, guests are invited to indulge in the communal pleasures provided by Wintergreen's public and community pools. Whether you're looking to cool off after a day of exploration or simply wish to relax under the sun, these pools serve as the perfect backdrop for both leisure and exhilaration.

It's important to note that the descriptions of this lodging experience, as captivating as they may be, come directly from the host. While not independently verified, they paint a vivid picture of what guests can expect: a seamless blend of natural beauty and contemporary luxury, all designed to fill your cup with the love of the mountains.","","","",""
"340","Marigold on the Mountain","marigold-on-the-mountain","Whole House Rentals","stay","Wintergreen Resort","Marigold on the Mountain is a five-bedroom, four-bath Wintergreen home sleeping 14 with hot tub, cedar barrel sauna, two-tier deck with fire pit, and separate game room. Marigold on the Mountain was built for big groups—five bedrooms, four baths, a hot tub, cedar barrel sauna, two-tier deck with fire pit, and a separate game room handle up to 14 guests in style.","","https://ik.imagekit.io/OE/nelson-county/listings/marigold-on-the-mountain-image1_yac4pWcIy","Outdoor hot tub with bubbles and glowing lights under a wooden canopy.","","https://ik.imagekit.io/OE/nelson-county/listings/marigold-on-the-mountain-image2_THfCTqEMZ","Spacious living room with stone fireplace, large windows, and modern furniture.","","","","","","","Wintergreen Resort, Roseland, VA 22967","josh","","","https://www.google.com/maps/dir/?api=1&destination=Wintergreen%20Resort%2C%20Roseland%2C%20VA%2022967","Outdoor Seating; Pet Friendly","false","https://www.google.com/maps/dir/?api=1&destination=Wintergreen%20Resort%2C%20Roseland%2C%20VA%2022967","Hours, Contact & Location","Nestled amidst the serene beauty of Wintergreen, Marigold on the Mountain stands as a beacon of comfort and luxury for those seeking an escape to nature without sacrificing the amenities of modern living. This exquisite five-bedroom, four-bathroom home comfortably accommodates up to 14 guests, making it an ideal retreat for large families, groups of friends, or anyone looking to immerse themselves in the tranquility of the mountains.

Upon entering Marigold, guests are immediately greeted by the breathtaking open-concept living space, where the soaring ceilings and abundant natural light create an atmosphere of spaciousness and warmth. The heart of the home, this area seamlessly blends the living room, dining area, and kitchen, ensuring that whether you're cooking up a storm, enjoying a meal, or relaxing on the couch, you're never far from the conversation and camaraderie of your group.

The allure of Marigold extends beyond its interior, with the lower deck home to a luxurious hot tub and cedar barrel sauna - perfect for unwinding after a day of adventure in the great outdoors. The relaxation continues on the upper deck, where a propane fire pit awaits to provide warmth and ambiance as you dine al fresco with seating for 10 under the starlit sky.

For those who relish competition or simply seek more leisurely pursuits, the separate game room offers a haven of entertainment, promising hours of fun and laughter.

Marigold on the Mountain is more than just a place to stay; it's a destination that enriches your travel experience, blending the peacefulness of mountain living with the comforts and joys of a home away from home. Whether you're soaking in the hot tub, savoring the warmth of the fire pit, or simply basking in the beauty of the surrounding landscape, Marigold on the Mountain ensures your time spent here is nothing short of magical.","Trail Information","Nestled in the heart of the stunning Wintergreen, Virginia, Marigold on the Mountain stands as an exquisite retreat, offering a unique blend of comfort and adventure for guests of all ages, regardless of the season. This splendid five-bedroom, four-bath home comfortably accommodates up to 14 guests and is equipped with luxurious amenities including a hot tub, cedar barrel sauna, a two-tier deck with a fire pit, and a separate game room, ensuring a stay that combines relaxation with entertainment.

But what truly sets Marigold on the Mountain apart is its prime location. Just a short drive will take you to the bustling slopes, as well as to a variety of dining and entertainment options available at Wintergreen Resort. Yet, for those who seek the tranquility and beauty of nature, some of Virginia's most scenic hiking trails await.

Merely 15 minutes from your doorstep is the renowned Blue Ridge Parkway, a haven for outdoor enthusiasts. Here, you can embark on journeys through lush forests and over majestic mountains, with trails that cater to every level of experience. Additionally, a mere stone's throw from the home, guests will find a plethora of other trails that promise equally breathtaking views and serene moments in nature.

Marigold on the Mountain is not just a place to stay; it's a gateway to exploring the rich natural beauty of Virginia's landscapes. Whether you're gliding down the snowy slopes, savoring the local cuisine, or wandering through the verdant trails off the Blue Ridge Parkway, your stay at Marigold on the Mountain is sure to be an unforgettable adventure.","Important Information","Nestled in the heart of Wintergreen, Marigold on the Mountain stands as a testament to luxurious mountain living, offering guests an unparalleled experience of comfort and adventure. This exquisite five-bedroom, four-bath home welcomes up to 14 guests, making it an ideal retreat for large families, groups of friends, or anyone looking to escape the hustle and bustle of everyday life. 

As you step into Marigold on the Mountain, you are greeted by an ambiance of warmth and elegance, intricately designed to make your stay unforgettable. The home boasts a myriad of amenities designed for relaxation and fun. Immerse yourself in the soothing waters of the hot tub, or let the steam of the cedar barrel sauna envelop you, offering a perfect respite after a day of exploring the mountainous terrain.

The outdoor space of Marigold on the Mountain is nothing short of spectacular, featuring a two-tier deck that invites you to bask in the beauty of your surroundings. As evening falls, gather around the fire pit, where stories are shared, and memories are made under the starlit sky. 

For those who seek entertainment indoors, Marigold on the Mountain does not disappoint. A separate game room stands ready to host your competitive spirit, offering endless hours of enjoyment for guests of all ages.

It's important to note that the lodging descriptions provided are based on the host's account and have not been independently verified. However, Marigold on the Mountain's commitment to providing an exceptional stay is evident in every detail, promising an experience that is as seamless as it is luxurious.

In choosing Marigold on the Mountain for your next getaway, you're not just selecting a place to stay; you're immersing yourself in an experience that will linger in your heart long after your departure. Whether it's the thrill of outdoor adventures, the tranquility of mountain living, or the joy of quality time spent with loved ones, Marigold on the Mountain is the key to unlocking a treasure trove of cherished moments.","Location & Directions","Nestled within the enchanting Wintergreen, Marigold on the Mountain stands as a beacon of relaxation and entertainment. This exquisite five-bedroom, four-bath home comfortably accommodates up to 14 guests, making it an ideal retreat for large families, groups of friends, or anyone looking to escape the hustle and bustle of everyday life. The property boasts an array of luxurious amenities designed to provide an unforgettable experience. Guests can indulge in the soothing warmth of the hot tub, rejuvenate in the cedar barrel sauna, or gather around the fire pit on the two-tier deck for unforgettable evenings under the stars. Additionally, a separate game room offers endless entertainment options for guests of all ages.

Crystal Allen, our dedicated staff member, is on-site to ensure your stay at Marigold on the Mountain is seamless and comfortable. With her knowledge of the area and attention to detail, Crystal is ready to assist with any needs or questions that may arise during your visit. 

Marigold on the Mountain is more than just a place to stay—it's a destination where memories are made, and the worries of the world melt away. Whether you're seeking adventure or relaxation, this Wintergreen home serves as the perfect base for exploring the natural beauty of the area or simply enjoying time spent with loved ones."
"341","Top of The Mountain Hideaway","top-of-the-mountain-hideaway","Whole House Rentals","stay","Wintergreen Resort","Top of The Mountain Hideaway is a three-bedroom, three-bath Wintergreen home near the Mountain Inn featuring hot tub, shuffleboard table, and easy access to wineries and breweries. Top of The Mountain Hideaway places you near the Mountain Inn yet still feels private, thanks to a hot tub deck, shuffleboard lounge, and three bedrooms with en-suite baths.","","https://ik.imagekit.io/OE/nelson-county/listings/top-of-the-mountain-hideaway-image1_Zf0QHLEUu","Wooden A-frame house surrounded by lush green trees and mist.","","https://ik.imagekit.io/OE/nelson-county/listings/top-of-the-mountain-hideaway-image2_AQER_PUCe5","Rustic living room with wooden ceiling, floral couch, large windows, and chandelier.","","","","","","","Wintergreen Resort, Roseland, VA 22967","josh","","","https://www.google.com/maps/dir/?api=1&destination=Wintergreen%20Resort%2C%20Roseland%2C%20VA%2022967","Scenic Views; Lodging; Pet Friendly; Beer","false","https://www.google.com/maps/dir/?api=1&destination=Wintergreen%20Resort%2C%20Roseland%2C%20VA%2022967","Trail Information","Nestled near the pinnacle of Wintergreen, Top of The Mountain Hideaway stands as a serene sanctuary for those seeking an escape into the lush embrace of nature without forsaking the comforts of a private, beautifully appointed home. Just one mile from the Mountain Inn, this three-bedroom, three-bath retreat offers an oasis of relaxation and entertainment. After a day of skiing or exploring the winding trails, guests can unwind in the bubbling hot tub or engage in friendly competition at the shuffleboard table.

Beyond the walls of this cozy haven, the surrounding area beckons with its breathtaking scenery and an array of activities. Whether it's a day spent on the slopes, a hike through the verdant landscapes, or a leisurely tour of the nearby wineries and breweries, Top of The Mountain Hideaway serves as the perfect basecamp for all your adventures. 

Experience the best of both worlds – thrilling outdoor pursuits and the warmth of a home-away-from-home – at Top of The Mountain Hideaway.","Important Information","Tucked away in the serene embrace of Wintergreen, Top of The Mountain Hideaway offers an unparalleled retreat experience for those looking to escape the mundane. This three-bedroom, three-bath home, situated near the Mountain Inn, promises a stay filled with relaxation and leisure. It is not just the comfort of the home that stands out; the amenities elevate your stay to a luxurious experience. Picture yourself unwinding in the hot tub after a day of exploration or engaging in some friendly competition at the shuffleboard table. 

But the allure of Top of The Mountain Hideaway extends beyond its walls. Nestled in a location that boasts easy access to the region's renowned wineries and breweries, it invites guests to indulge in the local flavors and craftsmanship. Whether you are a connoisseur or simply curious, the proximity to these local attractions adds a delightful layer to your getaway.

It's important to note that while the host provides the descriptions of this enchanting hideaway, they have not been independently verified. However, the promise of a secluded escape, coupled with the charm of luxurious amenities and the lure of local culture, makes Top of The Mountain Hideaway an appealing choice for those seeking both relaxation and adventure in the heart of Wintergreen.","Location & Directions","Nestled in the serene embrace of Wintergreen, Top of The Mountain Hideaway awaits your arrival, promising an unforgettable escape. This exquisite three-bedroom, three-bath home near the Mountain Inn is not just a place to stay; it's a destination in itself. With a luxurious hot tub, an entertaining shuffleboard table, and the convenience of having Jill Sandoval's expert staff on-site to cater to your needs, your stay is guaranteed to be comfortable and worry-free.

But what truly sets Top of The Mountain Hideaway apart is its prime location. Whether you're a connoisseur of fine wines or have a penchant for craft beers, you'll find yourself in the heart of a region celebrated for its wineries and breweries. Each visit promises new flavors and experiences, with the local establishments offering a taste of the area's rich culinary heritage. 

The beauty of staying at Top of The Mountain Hideaway is not just in its amenities or even its proximity to gastronomic delights. It's the ease with which you can immerse yourself in the natural splendor and outdoor adventures that Wintergreen has to offer. From the moment you arrive, you'll feel the stress of daily life melt away, replaced by the tranquility of mountain living. 

Top of The Mountain Hideaway is more than just a place to sleep; it's a gateway to experiences that will linger in your memory long after your departure. Whether you're seeking a peaceful retreat or an adventure-filled getaway, this Wintergreen home is the perfect backdrop for your next journey.","",""
"342","On The Rocks","on-the-rocks","Cabins & Cottages","stay","Wintergreen Resort","On The Rocks is a three-bedroom, two-bath A-frame less than two miles from Wintergreen Ski Lodge with flat driveway access and dog-friendly policies. On The Rocks brings A-frame charm to the Wintergreen corridor, delivering dog-friendly stays, flat driveway access, and a location less than two miles from the ski lodge.","","https://ik.imagekit.io/OE/nelson-county/listings/on-the-rocks-image1_TKRsUl-HN","Warmly lit cabin porch nestled in dark forest setting at dusk.","","https://ik.imagekit.io/OE/nelson-county/listings/on-the-rocks-image2_mlZZPZ20e","Cozy living room, black sofa, colorful rug, wood stove, large windows.","","","","","","","Wintergreen Resort, Roseland, VA 22967","josh","","","https://www.google.com/maps/dir/?api=1&destination=Wintergreen%20Resort%2C%20Roseland%2C%20VA%2022967","Pet Friendly; Parking; Full Kitchen","false","https://www.google.com/maps/dir/?api=1&destination=Wintergreen%20Resort%2C%20Roseland%2C%20VA%2022967","Trail Information","3 BR/ 2 BA - A frame less than 2 miles from the Ski Lodge in Wintergreen.","Important Information","*Lodging descriptions are provided by the host and not independently verified.","Location & Directions","Elise Dunton Staff on Site. Yes Find us at Wintergreen.","",""
"343","Our Mountain Getaway","our-mountain-getaway","Whole House Rentals","stay","Wintergreen Resort","Our Mountain Getaway is a six-bedroom, 5.5-bath Wintergreen home overlooking the 12th hole with expansive views, ideal for large groups. Our Mountain Getaway overlooks the 12th hole and packs six bedrooms plus 5.5 baths, giving large families plenty of elbow room and panoramic valley views.","","https://ik.imagekit.io/OE/nelson-county/listings/our-mountain-getaway-image1_QQ7tsWytv","Large house with steep gables, surrounded by trees, sunny day.","","https://ik.imagekit.io/OE/nelson-county/listings/our-mountain-getaway-image2_QjleEHkdu","Spacious living room with stone fireplace, leather couch, and large windows showing trees.","","","","","","","Wintergreen Resort, Roseland, VA 22967","josh","","","https://www.google.com/maps/dir/?api=1&destination=Wintergreen%20Resort%2C%20Roseland%2C%20VA%2022967","Golf; Lodging","false","https://www.google.com/maps/dir/?api=1&destination=Wintergreen%20Resort%2C%20Roseland%2C%20VA%2022967","Accommodation Information","Nestled in the heart of the scenic Wintergreen Resort, Our Mountain Getaway offers a luxurious retreat with a stunning view that overlooks the 12th hole of the golf course. This grand six-bedroom, 5.5-bath home is perfectly designed for large groups seeking an unforgettable experience in the embrace of nature. Each window frames a picturesque view of the lush, manicured greens, providing a serene backdrop for your stay. Whether you're here to challenge the fairways, explore the surrounding beauty, or simply unwind in comfort, Our Mountain Getaway is your ideal destination.","Important Information","Nestled in the heart of Wintergreen, Our Mountain Getaway presents an exquisite retreat that promises both relaxation and adventure for large groups. This remarkable six-bedroom, 5.5-bath home boasts a prime location overlooking the 12th hole of the renowned golf course, offering guests not just a place to stay, but a panoramic experience of the lush landscapes that define this area.

As you step into Our Mountain Getaway, you're welcomed by the warmth and elegance of a home thoughtfully designed to cater to every need of its guests. Each lodging description, carefully penned by the host, paints a vivid picture of what to expect, though it's important to note these descriptions are based on the host's account and haven't been independently verified. However, the consistent acclaim from guests underscores the home's ability to deliver an experience as breathtaking as the vistas it overlooks.

Whether you're here to bask in the serenity of the mountains, challenge yourself on the golf course, or explore the myriad of outdoor activities that Wintergreen has to offer, Our Mountain Getaway positions you perfectly to enjoy the best of this vibrant region. Its spacious layout, with six generously sized bedrooms and ample living spaces, ensures that up to twelve guests can comfortably enjoy their stay, making it an ideal choice for family reunions, corporate retreats, or a getaway with friends.

In embracing the spirit of outdoor recreation, this home serves not just as a base but as a gateway to the adventures that lie beyond its doors. From the crisp mornings perfect for golfing to the serene evenings ideal for gatherings with loved ones, Our Mountain Getaway encapsulates the essence of a mountain retreat.

So, if you're looking to immerse yourself in the beauty of Wintergreen with a large group, Our Mountain Getaway offers not just a place to stay, but a destination to be experienced.","Location & Directions","Nestled within the lush, verdant landscapes of Wintergreen, Our Mountain Getaway presents a serene escape for those looking to immerse themselves in the tranquility of nature, without forgoing the comforts of a spacious and luxuriously appointed home. This exquisite six-bedroom, 5.5-bath abode is perfectly situated to provide sweeping views of the golf course, specifically overlooking the 12th hole, making it an idyllic retreat for large groups and families seeking both relaxation and adventure.

As you plan your journey to this haven, you'll be pleased to know that Craig Zeigler, a dedicated staff member, is present on site, ensuring your stay is as comfortable and seamless as possible. Finding Our Mountain Getaway is straightforward, thanks to its prominent location within the Wintergreen community, renowned for its breathtaking landscapes and array of outdoor activities. 

Upon arrival, you'll be greeted by the stunning architecture of the home, which harmoniously blends with its natural surroundings, inviting you to step inside and explore the myriad of comforts awaiting you. This is more than just a place to stay; it's a destination that promises unforgettable memories, set against the backdrop of one of the most picturesque settings in the region.","",""
"344","Rockfish Cabin","rockfish-cabin","Cabins & Cottages","stay","Faber","Rockfish Cabin is a three-level post-and-beam retreat on 13 wooded acres with granite kitchen, wraparound porch, and a riverside clearing with Adirondack chairs and fire pit. Rockfish Cabin layers a granite chef's kitchen, wraparound porch, and riverside clearing with fire pit across 13 wooded acres—ideal for guests who want privacy without sacrificing comfort.","","https://ik.imagekit.io/OE/nelson-county/listings/rockfish-cabin-image1_84_d29dwaB","Wooden cabin with green roof, surrounded by trees and lush greenery.","","https://ik.imagekit.io/OE/nelson-county/listings/rockfish-cabin-image2_X0BibehzI","Cozy wooden cabin interior with leather couch, staircase, and kitchen area.","","","","","","","Afton, VA 22920","josh","","","https://www.google.com/maps/dir/?api=1&destination=Afton%2C%20VA%2022920","Cabins; Fuel; Full Kitchen; Outdoor Seating; Lodging; Water Sports; Fishing","false","https://www.google.com/maps/dir/?api=1&destination=Afton%2C%20VA%2022920","Menu & Offerings","Main level boasts sliding glass doors to generous porch, well-stocked kitchen (granite countertops, gas stove), gas fireplace, comfortable seating, farm table, twin bedroom and luxurious bath. Top level has its own living space - perfect for reading, game playing, or even cocktails. Master bedroom with upscale full bath and Juliet balcony.","Amenities & Features","Beautiful cabin -13 acre wooded hillside along Rockfish River. Home provides a wonderful blend of modern comfort (high speed internet, updated kitchen) in a rustic exposed post and beam cabin; 3 floors of living spaces allow options for gathering, working, playing together but also apart. Sliding glass doors lead to a large wrap around porch with gas grill, dining table, plenty of seating and a tree level view of the natural setting and wildlife.","Important Information","*Lodging descriptions are provided by the host and not independently verified.","",""
"345","Blue Ridge Cabin","blue-ridge-cabin","Cabins & Cottages","stay","Roseland","Blue Ridge Cabin is a four-bedroom mountain escape on two private acres at the base of Route 151 with two kitchens, 2 king beds, and quick access to breweries, hikes, and Wintergreen. Enjoy a memorable getaway at this cabin with mountain views with 3 floors of living & entertaining space, 4 bedrooms, 6 beds ( 2 kings), 3 bathrooms & 2 kitchens at the base of the mountain on the “Rt.","","https://ik.imagekit.io/OE/nelson-county/listings/blue-ridge-cabin-image1_rQ-5AuQor","Wooden cabin with deck, surrounded by trees, chairs, and firepit in yard.","","https://ik.imagekit.io/OE/nelson-county/listings/blue-ridge-cabin-image2_FjLMY_7oV","Wooden cabin interior with plush seats, stairway, round table, and chandelier lighting.","","","","","","","Roseland, VA 22967","josh","","","https://www.google.com/maps/dir/?api=1&destination=Roseland%2C%20VA%2022967","Scenic Views; Cabins; Lodging; Hiking; Beer","false","https://www.google.com/maps/dir/?api=1&destination=Roseland%2C%20VA%2022967","Contact & Location","Enjoy a memorable getaway at this cabin with mountain views with 3 floors of living & entertaining space, 4 bedrooms, 6 beds ( 2 kings), 3 bathrooms & 2 kitchens at the base of the mountain on the “Rt. 151 Brew Ridge Trail”. You’ll be able to soak in the natural beauty of the Blue Ridge Mountains on 2 private acres while being close to all the fun.","Menu & Offerings","A mountain vaca in this fun bear-themed cabin on 2 private acres, tucked away yet close to it all. Enjoy 12+ wineries & breweries just 15mins away, 1/2 mi to Devils Backbone Brewery, 1 mi to Bold Rock Cider, 10 mins to the App Trail, Shenandoah Nat. Park & Wintergreen Ski Resort.","Important Information","*Lodging descriptions are provided by the host and not independently verified.","",""
"346","Wintergreen Duplex","wintergreen-duplex","Whole House Rentals","stay","Wintergreen Resort","Wintergreen Duplex is a three-floor, four-bedroom, 3.5-bath townhome with wood-burning fireplace, back deck, laundry, and shuttle access across from the spa. Across from the Wintergreen Spa, Wintergreen Duplex stacks three floors, four bedrooms, and 3.5 baths into a townhome with a wood-burning hearth, back deck, laundry, and front-door shuttle access.","","https://ik.imagekit.io/OE/nelson-county/listings/wintergreen-duplex-image1_s8r0SUoXj","Gray house with wooden stairs surrounded by colorful autumn trees.","","https://ik.imagekit.io/OE/nelson-county/listings/wintergreen-duplex-image2_Ohf82pn4p","Cozy living room with leather furniture, large windows, and a fireplace.","","","","","","","Wintergreen Resort, Roseland, VA 22967","josh","","","https://www.google.com/maps/dir/?api=1&destination=Wintergreen%20Resort%2C%20Roseland%2C%20VA%2022967","Outdoor Seating; Scenic Views; Spa; Lodging","false","https://www.google.com/maps/dir/?api=1&destination=Wintergreen%20Resort%2C%20Roseland%2C%20VA%2022967","Location & Directions","Duplex with 3 floors with 4 BR & 3. Wood Burning fireplace, back deck, full size washer and dryer. Close to everything.","Additional Location Information","Emily Piacentino Staff on Site. No Find us at Wintergreen.","Important Information","*Lodging descriptions are provided by the host and not independently verified.","",""
"347","Sunrise on the Trail","sunrise-on-the-trail","Cabins & Cottages","stay","Afton","Sunrise on the Trail is a renovated home with modern kitchen, coffee bar, smart HDTV, washer/dryer, fire pit, gazebo, and queen bedrooms with wireless charging. Sunrise on the Trail treats guests to a barista-worthy coffee station, smart HDTV, gazebo, and fire pit—everything you need to relax between hikes, especially with wireless-charging queen suites at day's end.","","https://ik.imagekit.io/OE/nelson-county/listings/sunrise-on-the-trail-image1_3XqAqmEtB","Small tan house with front yard, large tree, and mountains in background.","","https://ik.imagekit.io/OE/nelson-county/listings/sunrise-on-the-trail-image2_FQx0N8B4R","Beige living room with sectional sofa, wooden tables, and decorative wall accents.","","","","","","","Afton, VA 22920","josh","","","https://www.google.com/maps/dir/?api=1&destination=Afton%2C%20VA%2022920","Coffee; Bar; Outdoor Seating; Tea; Full Kitchen; Cabins; Lodging","false","https://www.google.com/maps/dir/?api=1&destination=Afton%2C%20VA%2022920","Menu & Offerings","Nestled in the heart of nature, Sunrise on the Trail welcomes guests with the warmth and comfort of a newly renovated home, designed with meticulous attention to detail and an eye for modern conveniences. Upon stepping inside, you're greeted by a beautifully appointed kitchen, complete with modern appliances that promise to make cooking a pleasure, whether you're preparing a simple breakfast or a lavish dinner. The dining area, adjacent to the kitchen, offers a cozy spot for guests to gather and enjoy meals together, while the coffee bar stands ready to satisfy those early morning or late-night caffeine cravings with a Keurig Duo coffee maker.

The comforts of Sunrise on the Trail extend beyond the kitchen and dining area. The living space is anchored by a 50-inch Smart HDTV, perfect for movie nights or catching up on your favorite series in high definition. The convenience of a full-size washer and dryer means guests can pack light and leave room in their suitcases for souvenirs.

When the day is done, retreat to one of the serene queen bedrooms, each outfitted with plush bedding that promises a restful night's sleep. An added modern touch, wireless phone charging, ensures that your devices are powered up and ready for the next day's adventures.

Sunrise on the Trail isn't just a place to stay; it's a place to live, even if just for a short while. It's a promise of comfort, convenience, and unforgettable memories in the making.","Additional Menu Information","Nestled in the heart of the brew trail, Sunrise on the Trail offers an exceptional retreat that promises both serenity and adventure. This beautifully renovated home is not just a place to stay; it's an invitation to experience the best of local culture and natural beauty. With modern amenities such as a fully equipped kitchen, a cozy coffee bar for your morning rituals, smart HDTV for your entertainment needs, and the convenience of a washer/dryer, every detail has been thoughtfully considered to ensure your comfort and satisfaction. The outdoor spaces are equally inviting, featuring a fire pit for memorable evenings under the stars, a charming gazebo for peaceful afternoons, and queen bedrooms equipped with wireless charging to keep your devices powered up.

What sets Sunrise on the Trail apart is its enviable location. A mere stone's throw from the main road, this home provides easy access to the region's celebrated wineries, breweries, and distilleries, making it a perfect base for explorers eager to taste their way through the best local offerings. Yet, despite its central location, Sunrise on the Trail is a tranquil oasis, set back from the hustle and bustle to preserve a quiet, family-friendly atmosphere that feels worlds away from the everyday.

For those drawn to the call of the wild, the area around Sunrise on the Trail is a haven of outdoor activities, offering abundant hiking trails that promise breathtaking views and invigorating experiences. Whether you're an avid hiker looking to explore the scenic trails or simply someone who loves the peace and beauty of nature, this location serves as the perfect gateway to the great outdoors.

In essence, Sunrise on the Trail is more than just a place to sleep; it's a destination that offers a blend of relaxation, adventure, and cultural exploration. From its stylish interiors and thoughtful amenities to its prime location amidst the best local attractions, this home is an ideal choice for travelers seeking a unique and enriching getaway.","Important Information","Nestled in a serene landscape, Sunrise on the Trail stands as a testament to modern comfort intertwined with the tranquility of nature. This renovated home welcomes guests with an array of contemporary amenities designed to make every stay memorable. The heart of this cozy retreat is its modern kitchen, equipped to cater to the culinary desires of any guest, from the amateur cook to the seasoned chef. Alongside, the coffee bar serves as a perfect nook for morning contemplation as you watch the sunrise, cradling a warm cup of your favorite brew.

The living space is anchored by a smart HDTV, offering endless entertainment options for those evenings when you just want to curl up and relax indoors. For your convenience, the inclusion of a washer and dryer ensures that your outdoor adventures can go on without the worry of running out of clean clothes.

As the day fades into night, the outdoor area of Sunrise on the Trail beckons. Here, a fire pit awaits, promising memorable nights under the stars, sharing stories or enjoying the quiet of the wilderness. The gazebo offers a sheltered spot to immerse in the sounds and sights of nature, perhaps with a book in hand or simply savoring the peace.

The bedrooms, each furnished with a queen-sized bed, embody comfort and restfulness. The modern touch of wireless charging stations ensures that your devices are ready to capture the moments of your adventure as soon as you wake up, without cluttering your space with cords and cables.

Sunrise on the Trail extends an invitation to those seeking a blend of outdoor adventure and indoor comfort. With its thoughtful amenities and serene location, it promises a stay that rejuvenates the body, refreshes the mind, and replenishes the soul. Please note, the details and descriptions provided about the lodging have been furnished by the host and have not undergone independent verification, ensuring that your experience will be as unique and personal as the majestic surroundings.","",""
"348","Mima's Mountain House","mimas-mountain-house","Whole House Rentals","stay","Massies Mill","Mima's Mountain House is a five-bedroom, three-bath creekside retreat sleeping ten with porch views of The Priest and easy access to Route 56 adventures.","","https://ik.imagekit.io/OE/nelson-county/listings/mima-s-mountain-house-image1_EsyoRLgzz","House surrounded by green forest, with distant mountains under clear blue sky.","","https://ik.imagekit.io/OE/nelson-county/listings/mima-s-mountain-house-image2_c8qZTjZZu","Spacious kitchen with island, pendant lights, wood flooring, and large stainless steel fridge.","","","","","","","Massies Mill, VA 22943","josh","","","https://www.google.com/maps/dir/?api=1&destination=Massies%20Mill%2C%20VA%2022943","Outdoor Seating; Wi-Fi; Pet Friendly; Full Kitchen; Lodging; Hiking; Water Sports; Fishing","false","https://www.google.com/maps/dir/?api=1&destination=Massies%20Mill%2C%20VA%2022943","Trail Information","Nestled in the heart of nature's serene beauty, Mima's Mountain House offers an idyllic escape for those looking to immerse themselves in the tranquility of the great outdoors. This charming creekside retreat, boasting five generously sized bedrooms and three well-appointed bathrooms, comfortably accommodates up to ten guests. From the moment you step onto the porch, you are greeted with breathtaking views of The Priest, promising a stay that is as visually stunning as it is comfortable.

But what truly sets Mima's Mountain House apart is its unparalleled access to outdoor adventures. Located conveniently near Route 56, guests have easy access to a myriad of trails that cater to both the casual walker and the seasoned hiker. Each trail promises its own unique set of natural wonders, offering an intimate glimpse into the area's rich biodiversity and stunning landscapes.

For those keen on exploring, the trail information provided with the house rental is invaluable. You'll find that one of the highlighted trails begins just a stone's throw away from your doorstep, offering a moderate hike with a one-way mileage of 2.25 miles. This particular trail, perfect for a morning or afternoon adventure, meanders through lush forests and along babbling brooks, leading to panoramic vistas that are sure to take your breath away.

Whether you're seeking a peaceful retreat to disconnect and rejuvenate or looking to embark on outdoor adventures that invigorate the soul, Mima's Mountain House serves as the perfect base camp. With its cozy accommodations, stunning mountain and creekside views, and easy access to scenic trails, your stay promises to be nothing short of memorable.","Important Information","Nestled along a serene creek, Mima's Mountain House emerges as a picturesque retreat, offering a tranquil escape for those looking to immerse themselves in the natural beauty that envelopes the area. This charming residence, boasting five well-appointed bedrooms and three bathrooms, is an ideal haven for up to ten guests seeking solace and adventure in equal measure. 

As you step onto the property, the expansive porch greets you, offering unrivaled views of The Priest, a majestic natural landmark that promises to captivate your senses. The house's strategic location provides effortless access to Route 56, a gateway to countless adventures that await in the surrounding landscape.

While the descriptions of this creekside sanctuary are provided by the host, the allure of Mima's Mountain House is undeniable. The promise of comfort, coupled with the natural wonders that beckon just beyond the doorstep, makes this mountain house a must-visit for anyone yearning for a retreat from the hustle and bustle of everyday life. Whether you're looking to explore the great outdoors or simply relax and take in the breathtaking scenery from the comfort of the porch, Mima's Mountain House offers the perfect backdrop for an unforgettable escape.","Location & Directions","Tucked away in the serene landscape of Massies Mill, Mima's Mountain House emerges as a picturesque creekside retreat that promises an escape like no other. This charming abode offers the warmth and comfort of a five-bedroom, three-bath residence, perfectly accommodating up to ten guests seeking adventure or tranquility. From the moment you step onto the porch, you are greeted with breathtaking views of The Priest, setting a majestic backdrop for your stay. 

Ensuring a seamless experience for every guest, Anne Panas stands ready on-site, offering her expertise and warm hospitality to make your visit truly memorable. Located with easy access to Route 56, Mima's Mountain House serves as a gateway to the myriad of adventures that await in the surrounding area. Whether you're drawn by the call of the wild or the lure of the mountains, this idyllic retreat is your perfect basecamp for exploring the natural beauty and outdoor pursuits that this region is renowned for. 

In essence, Mima's Mountain House is not just a place to stay; it's a destination in itself, inviting you to immerse in the peace and splendor of Massies Mill.","",""
"349","Village Antiques","villageantiques","Restaurants","taste","Lovingston","Serving brunch and lunch, homemade quiche and sandwiches. Serving brunch and lunch, homemade quiche and sandwiches.","","https://ik.imagekit.io/OE/nelson-county/listings/village-antiques-image1_pMNc-IvgF","Turquoise umbrella and door, black awning, outside brick storefront with tables.","","","","","","","","","(434) 263-4800","605 Front Street, Lovingston, VA 22949","WG","","","https://www.google.com/maps/dir/?api=1&destination=605%20Front%20Street%2C%20Lovingston%2C%20VA%2022949","Coffee; Bakery; Baked Goods; Tea; Brunch","false","https://www.google.com/maps/dir/?api=1&destination=605%20Front%20Street%2C%20Lovingston%2C%20VA%2022949","History","One claim to fame is that that town jail was designed by Thomas Jefferson. Lovingston’s most historic African-American landmark is Bright Hope Baptist Church, which was built in 1870 for the freedmen and women living in Nelson.","Contact & Location","Bright Hope Baptist Church, a historic African-American landmark in Lovingston that overlooks the village. The church was built along with a school in 1870 to serve the freed men and women of Nelson. The kept area has over 100 marked graves.","Amenities & Services","Than a meal, head to Wood Ridge Farm Brewery, where a food truck is usually available. It’s a family-friendly place with plenty of outdoor activities. Want to know something interesting.","",""
"350","Cliffs Edge","cliffs-edge","Whole House Rentals","stay","Wintergreen Resort","Cliffs Edge is a Southern Living-featured contemporary mountain home with floor-to-ceiling windows, cantilevered decks, shoji screens, and dramatic Crawford's Knob views. An open floor plan with high ceilings and large skylights, this amazingly engineered home will stun you with its incredible mountain views.","","https://ik.imagekit.io/OE/nelson-county/listings/cliffs-edge-image1_PghL6fozc","Beige house with sloped roof, surrounded by trees and rocks.","","https://ik.imagekit.io/OE/nelson-county/listings/cliffs-edge-image2_swMItGy72","Spacious living room with large windows, two sofas, and outdoor forest view.","","","","","","","Wintergreen Resort, Roseland, VA 22967","josh","","","https://www.google.com/maps/dir/?api=1&destination=Wintergreen%20Resort%2C%20Roseland%2C%20VA%2022967","Scenic Views; Lodging","false","https://www.google.com/maps/dir/?api=1&destination=Wintergreen%20Resort%2C%20Roseland%2C%20VA%2022967","Menu & Offerings","An open floor plan with high ceilings and large skylights, this amazingly engineered home will stun you with its incredible mountain views. This spacious three bedroom, three bathroom home with its cantilevered decks, makes this perfect for any family. The large upstairs loft, adjacent to the upstairs bedrooms, offers movies, games, puzzles, and comfortable seating.","Trail Information","The beautiful shoji screens are designed to give the loft elegant privacy. This is truly a four-season home where Visitors can enjoy vistas of the Blue Ridge Parkway and watch the seasons change from spring to summer to the beautiful fall foliage of Autumn, then snow and skiing of Winter.","Important Information","*Lodging descriptions are provided by the host and not independently verified.","Location & Directions","Karen Brown Staff on Site. No Find us at Wintergreen."
"351","Slopes At Tyro","slopes-at-tyro","Whole House Rentals","stay","Wintergreen Resort","Slopes at Tyro is a slope-side four-bedroom Wintergreen home with hot tub and wood-burning fireplace providing direct ski-in/ski-out access, including night skiing. Our property manager at Wintergreen is Julie Fitzgerald.","","https://ik.imagekit.io/OE/nelson-county/listings/slopes-at-tyro-image1_SkMvBj_Gr","Wooden house surrounded by dense green forest and sunlight.","","https://ik.imagekit.io/OE/nelson-county/listings/slopes-at-tyro-image2_RcjJmJPTw2","Cozy living room with black leather sofa, wooden table, and large windows.","","","","","","","Wintergreen Resort, Roseland, VA 22967","josh","","","https://www.google.com/maps/dir/?api=1&destination=Wintergreen%20Resort%2C%20Roseland%2C%20VA%2022967","Skiing; Snow Sports; Pet Friendly","false","https://www.google.com/maps/dir/?api=1&destination=Wintergreen%20Resort%2C%20Roseland%2C%20VA%2022967","Amenities & Features","We're one of the few ski-in/ski-out homes at Wintergreen with access to night skiing.","Important Information","*Lodging descriptions are provided by the host and not independently verified.","Location & Directions","Julie Fitzgerald Staff on Site. Yes Find us at Wintergreen.","",""
"352","Home on the Ridge","home-on-the-ridge","Whole House Rentals","stay","Wintergreen Resort","Home on the Ridge is a two-bedroom, two-bath condo overlooking the 18th hole at Devils Knob with kitchen, balcony, and easy access to golf, tennis, and skiing. Home on the Ridge overlooks Devils Knob's 18th hole, giving condo guests a balcony for post-round drinks, full kitchen for easy meals, and immediate access to golf, tennis, and skiing.","","https://ik.imagekit.io/OE/nelson-county/listings/home-on-the-ridge-image1_FIqU4391T","Patio with metal chairs, table, surrounded by trees, sunlight filtering through branches.","","https://ik.imagekit.io/OE/nelson-county/listings/home-on-the-ridge-image2_qnVMO-7qU","Cozy living room with armchair, fireplace, lamp, and coffee table.","","","","","","","Wintergreen Resort, Roseland, VA 22967","josh","","","https://www.google.com/maps/dir/?api=1&destination=Wintergreen%20Resort%2C%20Roseland%2C%20VA%2022967","Resort; Golf; Tennis; Full Kitchen; Wi-Fi; Parking; Cabins; Lodging","false","https://www.google.com/maps/dir/?api=1&destination=Wintergreen%20Resort%2C%20Roseland%2C%20VA%2022967","Amenities & Features","Easy access to golf, tennis or skiing. Great view of golf course.","Important Information","*Lodging descriptions are provided by the host and not independently verified.","Location & Directions","Marilyn Alphin Staff on Site. No Find us at Wintergreen.","",""
"353","Peppers Mountain Pad","peppers-mountain-pad","Vacation Rentals","stay","Wintergreen Resort","Pepper's Mountain Pad is a two-bedroom Wintergreen condo walking distance to The Market, village, and Laurelwood pool with wood-burning fireplace, smart TVs, stocked kitchen, and private patio. Peppers Mountain Pad feels like your own village pied-à-terre—walk to The Market or Laurelwood pool, then settle in by the wood-burning fireplace or stream a movie on the smart TVs.","","https://ik.imagekit.io/OE/nelson-county/listings/peppers-mountain-pad-image1_IcQF5f6FJ","Wooden bridge leads to two-story brown cabin surrounded by leafless trees.","","https://ik.imagekit.io/OE/nelson-county/listings/peppers-mountain-pad-image2_UIJfSEJGvn","Cozy living room with stone fireplace, wall-mounted TV, and patterned chairs.","","","","","","","Wintergreen Resort, Roseland, VA 22967","josh","","","https://www.google.com/maps/dir/?api=1&destination=Wintergreen%20Resort%2C%20Roseland%2C%20VA%2022967","Wi-Fi; Market; Pool; Pet Friendly; Full Kitchen; Outdoor Seating","false","https://www.google.com/maps/dir/?api=1&destination=Wintergreen%20Resort%2C%20Roseland%2C%20VA%2022967","Menu & Offerings","Nestled in the heart of Wintergreen, Pepper's Mountain Pad presents an inviting two-bedroom condo that promises a blend of comfort and convenience for those seeking a serene getaway. A mere stroll away, guests will find themselves at the doorstep of local favorites such as The Market and The Village, not to mention exclusive access to the Laurelwood private pool, ensuring a stay that is both relaxing and filled with exploration.

Upon entering the condo, visitors are greeted by a master bedroom that boasts a luxurious king-sized bed, designed to provide the ultimate night's sleep. The second bedroom is equally inviting, featuring a cozy queen bed that promises rest and relaxation. For larger groups or families, the living room offers a queen sleeper sofa, ensuring ample space for everyone to unwind.

The heart of Pepper's Mountain Pad is the living area, where a wood-burning fireplace awaits to provide warmth and ambiance on chilly evenings. Guests are invited to snuggle up by the fire, perhaps with a good book or to watch a movie on one of the smart TVs available throughout the condo. The experience is made all the more comforting with firewood provided, ensuring a hassle-free retreat from the hustle and bustle of daily life.

Culinary enthusiasts will delight in the fully stocked kitchen, equipped with everything needed to prepare delicious meals. Whether it's a quick breakfast before heading out to explore the surroundings or a cozy dinner shared with loved ones, the kitchen offers both the tools and the setting for memorable moments.

The condo also features a private patio, offering a tranquil spot to enjoy a morning cup of coffee or to reflect on the day's adventures under the stars.

Pepper's Mountain Pad is more than just a place to stay; it's a gateway to creating lasting memories in the enchanting setting of Wintergreen. Whether seeking adventure or relaxation, guests will find this condo to be the perfect home base for their journey.","Important Information","Discover the charm and comfort of Pepper's Mountain Pad, a delightful two-bedroom condo nestled in the heart of Wintergreen. This enchanting retreat is mere steps away from The Market, the vibrant village, and the refreshing Laurelwood pool, making it an ideal spot for those who wish to immerse themselves in the serene beauty and lively atmosphere of the area.

As you step inside Pepper's Mountain Pad, you are greeted by a cozy ambiance accentuated by a wood-burning fireplace, perfect for those crisp evenings when you crave the warmth and crackle of a real fire. The living space is thoughtfully designed to cater to your relaxation and entertainment needs, featuring smart TVs that ensure your favorite shows and movies are just a click away.

For those who love to cook, the kitchen will not disappoint. It comes fully stocked, making meal preparation not just convenient but also enjoyable. Whether you're whipping up a quick breakfast before heading out for a day of adventure or preparing a sumptuous dinner to enjoy with your loved ones, you'll find everything you need at your fingertips.

Step outside onto the private patio, a serene haven where you can sip your morning coffee or unwind after a day of exploration. It's a small, intimate space that invites you to breathe in the fresh mountain air and enjoy moments of quiet reflection or intimate conversations.

Please note that while we strive to provide you with a vivid and accurate portrayal of Pepper's Mountain Pad, the lodging descriptions are furnished by the host and have not been independently verified. We invite you to embark on a journey of comfort and discovery at Pepper's Mountain Pad, where every detail is designed with your experience in mind.","Location & Directions","Nestled in the heart of Wintergreen, Pepper's Mountain Pad offers an idyllic getaway for those looking to immerse themselves in the tranquility of mountain life. This charming two-bedroom condo is perfectly situated within walking distance to not just The Market and village, where a plethora of dining and shopping options await, but also the serene Laurelwood pool. It’s a haven for anyone seeking both adventure and relaxation.

Upon stepping inside Pepper's Mountain Pad, guests are greeted by a cozy wood-burning fireplace, setting the stage for evenings filled with warmth and stories. The living space is thoughtfully equipped with smart TVs, ensuring entertainment is always at your fingertips, whether it's a lazy afternoon or a quiet night in. The kitchen doesn't disappoint either, boasting a generous stock of utensils and appliances ready to handle any culinary challenge. It’s a delight for both the seasoned chef and the novice cook.

The private patio offers a secluded spot to enjoy the crisp mountain air and perhaps a cup of coffee in the morning or a glass of wine as the sun sets. It's these little moments of peace that truly define the essence of a mountain retreat.

Cindy Torres, a dedicated staff member, is always on site, ensuring that your stay is comfortable and your needs are met with the warmth and hospitality that Wintergreen is known for.

Finding Pepper's Mountain Pad is a breeze, as it is centrally located in Wintergreen, a destination known not only for its stunning landscapes but also for its welcoming community. Whether you're here to hit the slopes, explore the trails, or simply unwind, Pepper's Mountain Pad is your perfect home away from home.","",""
"354","Rockfish Valley Retreat","rockfish-valley-retreat","Whole House Rentals","stay","Nellysford","Rockfish Valley Retreat is a three-bedroom, two-bath valley home sleeping nine with outdoor space, horse farm views, and short drives to trails, wineries, and breweries. Rockfish Valley Retreat frames horse farm vistas from its decks, sleeps nine guests, and keeps wineries, breweries, and trailheads just a short country drive away.","","https://ik.imagekit.io/OE/nelson-county/listings/rockfish-valley-retreat-image1_9uA2hVVt0","Wooden house with porch beneath a faint rainbow in overcast sky.","","https://ik.imagekit.io/OE/nelson-county/listings/rockfish-valley-retreat-image2_R0PJrMdQU","Cozy wooden cabin interior with large windows, fireplace, and comfortable seating.","","","","","","","Nellysford, VA 22958","josh","","","https://www.google.com/maps/dir/?api=1&destination=Nellysford%2C%20VA%2022958","Farm; Outdoor Seating; Pet Friendly; Fishing","false","https://www.google.com/maps/dir/?api=1&destination=Nellysford%2C%20VA%2022958","Menu & Offerings","Find us at the valley area of Wintergreen. we're close to some of the area's most popular hiking and outdoor destinations, including Crabtree Falls, Blue Ridge Tunnel hike and more than 30 miles of trails at Wintergreen Resort. we're also a short drive from many wineries and breweries.","Important Information","*Lodging descriptions are provided by the host and not independently verified.","Location & Directions","Stacey Newton Staff on Site. Yes Find us at Nellysford.","",""
"355","Dobie Condo 323 at Wintergreen","dobie-condo-323-at-wintergreen","Whole House Rentals","stay","Wintergreen Resort","Dobie Condo 323 is a two-bedroom, two-bath Wintergreen condo with fireplace and immediate access to resort entertainment for ski weekends or quiet retreats. The resort is found on the Sunrise Side of the Blue Ridge Mountains and is conveniently located close to Charlottesville, Staunton, Lynchburg, and Waynesboro.","","https://ik.imagekit.io/OE/nelson-county/listings/dobie-condo-323-at-wintergreen-image1_hQp6Rs-TR","Outdoor patio with round table, chairs, string lights, and greenery.","","https://ik.imagekit.io/OE/nelson-county/listings/dobie-condo-323-at-wintergreen-image2_QrFqSkZCh","Cozy room with fireplace, large windows, and wooden ceiling.","","","","","","","Wintergreen Resort, Roseland, VA 22967","josh","","","https://www.google.com/maps/dir/?api=1&destination=Wintergreen%20Resort%2C%20Roseland%2C%20VA%2022967","Resort; Cabins; Lodging","false","https://www.google.com/maps/dir/?api=1&destination=Wintergreen%20Resort%2C%20Roseland%2C%20VA%2022967","Hours & Information","The resort is found on the Sunrise Side of the Blue Ridge Mountains and is conveniently located close to Charlottesville, Staunton, Lynchburg, and Waynesboro. It’s only a three-hour drive from Washington, D. Spend the day at and near Wintergreen Resort any time of the year.","Important Information","*Lodging descriptions are provided by the host and not independently verified.","Location & Directions","Gioia Niquita Staff on Site. No Find us at Wintergreen.","",""
"356","Highlands 1426 Condo","highlands-1426-condo","Whole House Rentals","stay","Wintergreen Resort","Highlands 1426 Condo is a renovated two-bedroom, two-bath ski-front condo with sunrise vistas, easy entry, and property manager nearby for Wintergreen stays. Highlands 1426 condenses sunrise views, ski-front access, and fresh renovations into a two-bedroom condo, backed by a nearby property manager for worry-free Wintergreen stays.","","https://ik.imagekit.io/OE/nelson-county/listings/highlands-1426-condo-image1_zKMwuE_gb","Wooden walkway leading to a snow-covered building entrance with green trees.","","https://ik.imagekit.io/OE/nelson-county/listings/highlands-1426-condo-image2_jPHrYJBsj","Modern living room with brown sofa, dining table, shelves, and mountain view.","","","","","","","Wintergreen Resort, Roseland, VA 22967","josh","","","https://www.google.com/maps/dir/?api=1&destination=Wintergreen%20Resort%2C%20Roseland%2C%20VA%2022967","Skiing; Scenic Views; Local Ingredients; Cabins; Lodging","false","https://www.google.com/maps/dir/?api=1&destination=Wintergreen%20Resort%2C%20Roseland%2C%20VA%2022967","Hours & Information","Enjoy breathtaking mountain, valley and sunrise views from this beautifully renovated 2 BR, 2 BA condo. Open and bright floor plan on one level. Beautifully decorated.","Amenities & Features","Highlands is a ski front neighborhood and the Wintergraden Spa & Aquatics is just across the street. Very easy access from the parking to the condo entry.","Important Information","*Lodging descriptions are provided by the host and not independently verified.","Location & Directions","Niquita Gioia Staff on Site. No Find us at Wintergreen."
"357","Gumtree Drive 134","gumtree-drive-134","Cabins & Cottages","stay","Wintergreen Resort","Gumtree Drive 134 is a four-bedroom, four-bath Wintergreen home with game room, hot tub, and direct access to Laurel Ridge hiking trail on the property. Gumtree Drive 134 gives hikers literal backyard access to the Laurel Ridge Trail, plus four bedrooms, four baths, a hot tub, and a lower-level game room for rainy days.","","https://ik.imagekit.io/OE/nelson-county/listings/gumtree-drive-134-image1_PmgjY0N-m","Wooden house in forest with American flag and surrounding trees.","","https://ik.imagekit.io/OE/nelson-county/listings/gumtree-drive-134-image2_wbhEDYpwz","Cozy kitchen with hanging pots, green walls, and sunlight streaming through windows.","","","","","","","Wintergreen Resort, Roseland, VA 22967","josh","","","https://www.google.com/maps/dir/?api=1&destination=Wintergreen%20Resort%2C%20Roseland%2C%20VA%2022967","Pet Friendly; Cabins; Lodging","false","https://www.google.com/maps/dir/?api=1&destination=Wintergreen%20Resort%2C%20Roseland%2C%20VA%2022967","Contact & Location","4 Bedroom, 4 Bath house with game room with 2 big screen TV's Hot Tub.","Important Information","*Lodging descriptions are provided by the host and not independently verified.","Location & Directions","Scott Hartwick Staff on Site. Yes Find us at Wintergreen.","",""
"358","Wake In The Clouds","wake-in-the-clouds","Whole House Rentals","stay","Wintergreen Resort","Wake in the Clouds is a renovated one-bedroom, two-bath condo with spectacular sunrises, modern finishes, and resort convenience. Wake in the Clouds is aptly named—this renovated one-bedroom, two-bath condo faces the sunrise, offering modern finishes and instant access to Wintergreen amenities.","","https://ik.imagekit.io/OE/nelson-county/listings/wake-in-the-clouds-image1_wf-ReZDWi","Wooden ramp leading to house entrance beneath leafy green trees.","","https://ik.imagekit.io/OE/nelson-county/listings/wake-in-the-clouds-image2_tL-VlvIQu","Cozy bedroom with large bed, scenic window view, neutral decor accents.","","","","","","","Wintergreen Resort, Roseland, VA 22967","josh","","","https://www.google.com/maps/dir/?api=1&destination=Wintergreen%20Resort%2C%20Roseland%2C%20VA%2022967","Scenic Views; Wi-Fi; Full Kitchen; Cabins; Lodging","false","https://www.google.com/maps/dir/?api=1&destination=Wintergreen%20Resort%2C%20Roseland%2C%20VA%2022967","Trail Information","Wake up to spectacular sunrises in this completely renovated mountain condo.","Important Information","*Lodging descriptions are provided by the host and not independently verified.","Location & Directions","John Mandryk Staff on Site. No Find us at Wintergreen.","",""
"359","Nectar Landing","nectar-landing","Whole House Rentals","stay","Roseland","Nectar Landing is a three-bedroom, 2.5-bath ranch sleeping ten with game room, Wi-Fi, front porch, back deck hot tub, and open-concept kitchen perfect for multi-family trips. Nectar Landing mixes indoor-outdoor fun via a game room, open kitchen, front porch rockers, and a back-deck hot tub, sleeping up to ten guests in a single-level layout.","","https://ik.imagekit.io/OE/nelson-county/listings/nectar-landing-image1_6Tn_5IKLo","Snow-covered hill, house, bare trees, colorful sunset sky.","","https://ik.imagekit.io/OE/nelson-county/listings/nectar-landing-image2_WbZSWw4gD","Modern living room with grey sofa, wooden furniture, and wall-mounted TV.","","","","","","","Nellysford, VA 22958","josh","","","https://www.google.com/maps/dir/?api=1&destination=Nellysford%2C%20VA%2022958","Wi-Fi; Outdoor Seating; Full Kitchen; Pet Friendly; Parking","false","https://www.google.com/maps/dir/?api=1&destination=Nellysford%2C%20VA%2022958","Contact & Location","5 Bath Ranch style home, sleeps 10 Large game room, wifi, front porch, back deck with hot tub.","Menu & Offerings","Nectar Landing is a vacation home designed for multi-family or multi generational trips. The home is open concept with dining table and breakfast bar, fully stocked kitchen with SS appliances. There are quiet corners throughout this cozy home, but the game room on the far end is where the party's at, with ping pong, foosball, and shelves of puzzles and board games.","Important Information","*Lodging descriptions are provided by the host and not independently verified.","Location & Directions","Katherine Currin Staff on Site. Yes Find us at Roseland."
"360","Nelson 151 Views and Brews","nelson-151-views-and-brews","Whole House Rentals","stay","Afton","Nelson 151 Views and Brews is a one-bedroom apartment with full kitchen and washer/dryer, offering Humpback Rock views and proximity to the Route 151 craft beverage trail.","","https://ik.imagekit.io/OE/nelson-county/listings/nelson-151-views-and-brews-image1_y8zi1-2K8","Three-car garage under sunny sky with brick and siding exterior.","","https://ik.imagekit.io/OE/nelson-county/listings/nelson-151-views-and-brews-image2_X0_Ohw004","Cozy living space with kitchen, dining table, and brown sofa. Bright natural light.","","","","","","","Afton, VA 22920","josh","","","https://www.google.com/maps/dir/?api=1&destination=Afton%2C%20VA%2022920","Full Kitchen; Scenic Views; Parking; Cabins; Lodging","false","https://www.google.com/maps/dir/?api=1&destination=Afton%2C%20VA%2022920","Contact & Location","Full kitchen with washing machine and dryer Close proximity to gas station and 151 Centrally located between Staunton and Charlottesville Close to Blue Ridge Parkway and Shenandoah National Park Close to Appalachian Trail Very Clean and comfortable.","Important Information","*Lodging descriptions are provided by the host and not independently verified.","","","",""
"361","Woodland Hideaway","woodland-hideaway","Whole House Rentals","stay","Shipman","Woodland Hideaway is a one-bedroom apartment with separate entrance, full kitchen, dining area, and access to forest trails and Dutch Creek on a secluded property. Woodland Hideaway gives guests their own private apartment—full kitchen, dining nook, and forest-trail access to Dutch Creek—tucked within a larger wooded property.","","https://ik.imagekit.io/OE/nelson-county/listings/woodland-hideaway-image1_UfzqzNiCm","Rustic wooden cabin surrounded by lush green trees and potted plants.","","https://ik.imagekit.io/OE/nelson-county/listings/woodland-hideaway-image2_xPFD6spfm","Cozy bedroom with wooden bed and furniture, blue walls, and warm lighting.","","","","","","","Afton, VA 22920","josh","","","https://www.google.com/maps/dir/?api=1&destination=Afton%2C%20VA%2022920","Full Kitchen; Wi-Fi; Cabins; Lodging","false","https://www.google.com/maps/dir/?api=1&destination=Afton%2C%20VA%2022920","Amenities & Features","Secluded in forested property with trails and access to Dutch Creek.","Important Information","*Lodging descriptions are provided by the host and not independently verified.","Location & Directions","Barbara Fiske Staff on Site. No Find us at Shipman.","",""
"362","Cuatro Climas At 130 Pedlars Point","cuatro-climas-at-130-pedlars-point","Whole House Rentals","stay","Wintergreen Resort","Cuatro Climas at 130 Pedlars Point is a four-bedroom, 3.5-bath Wintergreen house five minutes from resort amenities, with wood-burning fireplace, mountain views, and multiple levels. Cuatro Climas spans multiple levels with a wood-burning hearth, mountain vistas, and four bedrooms just five minutes from Wintergreen's core amenities.","","https://ik.imagekit.io/OE/nelson-county/listings/cuatro-climas-at-130-pedlars-point-image1_X8M5LDqHUn","Wooden cabin in lush forest, dappled sunlight, surrounded by green trees.","","https://ik.imagekit.io/OE/nelson-county/listings/cuatro-climas-at-130-pedlars-point-image2_ySF0_Ziku","Living room with stone fireplace, plaid sofas, and large television.","","","","","","","Wintergreen Resort, Roseland, VA 22967","josh","","","https://www.google.com/maps/dir/?api=1&destination=Wintergreen%20Resort%2C%20Roseland%2C%20VA%2022967","Family Friendly; Scenic Views; Parking; Lodging","false","https://www.google.com/maps/dir/?api=1&destination=Wintergreen%20Resort%2C%20Roseland%2C%20VA%2022967","Contact & Location","5 minute drive to Wintergreen Wood burning fireplace Mountain views Hot Tub.","Important Information","*Lodging descriptions are provided by the host and not independently verified.","Location & Directions","Jennifer Hernandez Staff on Site. No Find us at Wintergreen.","",""
"363","Rockfish River Ranch Guest House","rockfish-river-ranch-guest-house","Bed and Breakfast","stay","Shipman","Rockfish River Ranch Guest House sits on a 100-acre ranch with private trails, creek, bunk beds, high chairs, and family-friendly amenities near breweries and Wintergreen. Families love Rockfish River Ranch Guest House for its 100-acre setting—private trails, creek access, bunk beds, high chairs, and quick hops to breweries and Wintergreen.","","https://ik.imagekit.io/OE/nelson-county/listings/rockfish-river-ranch-guest-house-image1_ZhXm92QrC","Tree with swing in front of modern house, sunny day.","","https://ik.imagekit.io/OE/nelson-county/listings/rockfish-river-ranch-guest-house-image2_gGy1is3pj","Modern kitchen with island, pendant lights, and large windows. Wooden floors and ceilings.","","","","","","","Shipman, VA 22971","josh","","","https://www.google.com/maps/dir/?api=1&destination=Shipman%2C%20VA%2022971","Family Friendly; Beer; Breakfast; Lodging; Water Sports; Fishing","false","https://www.google.com/maps/dir/?api=1&destination=Shipman%2C%20VA%2022971","Menu & Offerings","Nestled in the heart of Nelson County, the Rockfish River Ranch Guest House offers an idyllic retreat on a sprawling 100-acre estate. This charming bed and breakfast is a haven for families, providing a perfect blend of rustic charm and modern comforts amidst the serene beauty of nature. Guests are invited to explore the private trails that meander through the property, follow the gentle babble of the creek, and enjoy the cozy warmth of bunk beds after a day full of adventure. The guest house is thoughtfully equipped with family-friendly amenities, including high chairs, ensuring a comfortable and hassle-free stay for guests of all ages.

The Rockfish River Ranch Guest House is strategically located near a plethora of breweries and wineries, making it an ideal base for guests looking to experience the local flavors of Nelson County. Whether you're looking to unwind with a glass of wine from a nearby vineyard or savor a craft beer from a local brewery, you'll find yourself spoilt for choice.

This enchanting guest house offers more than just a place to stay; it's a gateway to exploring the natural beauty and culinary delights of the region. With its welcoming atmosphere, stunning surroundings, and proximity to local attractions, the Rockfish River Ranch Guest House is a perfect getaway for families seeking a memorable outdoor adventure.","Hours & Information","Nestled amidst the serene beauty of a 100-acre ranch, the Rockfish River Ranch Guest House offers an idyllic retreat for families and outdoor enthusiasts alike. From the moment you step inside, the open floor space invites you into a realm of comfort and convenience, complemented by a fully stocked kitchen that caters to your every culinary need. The guest house is thoughtfully equipped with family-friendly amenities, ensuring that guests of all ages feel right at home. Young families will particularly appreciate the inclusion of bunk beds, pack & play, and high chairs, making it an effortless escape from the daily grind.

But the allure of Rockfish River Ranch Guest House extends far beyond its cozy interiors. The ranch itself is a haven for adventure and exploration, boasting private trails that meander through the woods and run alongside a tranquil creek, leading toward the site of a future pond. This picturesque landscape offers guests a unique opportunity to connect with nature, whether through a leisurely walk, an invigorating hike, or simply by soaking in the peaceful surroundings.

Located in close proximity to an array of breweries and the Wintergreen resort, the Rockfish River Ranch Guest House strikes a perfect balance between seclusion and convenience. It's an ideal base for those wishing to explore the local area, indulge in some craft beer tasting, or enjoy the myriad of outdoor activities that Wintergreen has to offer.

In essence, Rockfish River Ranch Guest House is not just a place to stay; it's a destination in itself. It's a retreat where families can come together, where adventures await at your doorstep, and where the beauty of nature is an integral part of your stay. Whether you're seeking a peaceful getaway or an active holiday, the Rockfish River Ranch Guest House promises an unforgettable experience amidst the splendor of the great outdoors.","Important Information","Nestled within the sprawling expanse of a 100-acre ranch, the Rockfish River Ranch Guest House offers a serene retreat for families and outdoor enthusiasts alike. This charming bed and breakfast is more than just a place to stay; it's an experience that invites guests to immerse themselves in the tranquility of nature. The host, who personally provides descriptions of the lodging, ensures that every detail contributes to an unforgettable stay, although these descriptions are yet to be independently verified.

At the heart of this idyllic escape are the private trails that meander through the property, perfect for those eager to explore the natural beauty on foot. The gentle babble of the creek adds a soundtrack to the adventures, as guests can wander along its banks or simply enjoy the peaceful sounds from a distance. 

Accommodations are thoughtfully designed with families in mind. Bunk beds add a touch of excitement for younger guests, while high chairs and other family-friendly amenities ensure a comfortable and convenient stay for all ages. It's a place that understands the needs of families, making it a beloved choice for those traveling with children.

But the allure of Rockfish River Ranch Guest House extends beyond its immediate grounds. Its proximity to local breweries offers a delightful opportunity for adults to explore the craft beer scene, while the nearby Wintergreen resort provides seasonal activities ranging from skiing in the winter to golfing in the summer.

In every way, Rockfish River Ranch Guest House is designed to be a haven for guests seeking a blend of relaxation and adventure. Whether it's the allure of the private trails and creek, the family-friendly accommodations, or the easy access to local attractions, there's something at this bed and breakfast that speaks to every traveler's heart.","Location & Directions","Nestled within the serene landscapes of Shipman, the Rockfish River Ranch Guest House offers a unique getaway experience on a sprawling 100-acre ranch. This idyllic retreat is not only a haven for families but also an adventure seeker's paradise, boasting private trails that meander through lush forests and along a babbling creek, perfect for those tranquil morning walks or invigorating runs.

Under the watchful eye of Michael Roper, a dedicated staff member always on-site, guests are ensured a comfortable and hassle-free stay. The guest house is thoughtfully equipped with family-friendly amenities, including bunk beds for the little adventurers and high chairs for the youngest guests, making it an ideal choice for families.

What sets the Rockfish River Ranch Guest House apart is its proximity to a variety of local attractions. For those interested in exploring beyond the ranch, a rich tapestry of experiences awaits. The property is conveniently located near an array of breweries, offering guests the chance to indulge in the local craft beer scene. Moreover, the Wintergreen Resort is just a stone's throw away, providing a plethora of outdoor activities year-round, from skiing and snowboarding in the winter to golf and tennis during the warmer months.

Whether you're seeking a peaceful retreat in nature, an adventure-filled holiday, or simply a cozy base to explore the local culture and attractions, Rockfish River Ranch Guest House is the perfect destination for an unforgettable experience."
"364","The Treetops Lodge","the-treetops-lodge","Cabins & Cottages","stay","Lovingston","The Treetops Lodge is a secluded luxury cabin sleeping ten with three stories of living space, bunk room, and ample indoor/outdoor seating near Nelson County attractions. Lovingston is a great destination for history buffs as the Lovingston Historic District and the courthouse are both listed on the National Register of Historic Places.","","https://ik.imagekit.io/OE/nelson-county/listings/the-treetops-lodge-image1_oFIPlvrDl","House with large windows, surrounded by trees, with a fire pit and chairs.","","https://ik.imagekit.io/OE/nelson-county/listings/the-treetops-lodge-image2_iVMFGutl0","Spacious living room with large windows, wooden beams, and cozy furniture.","","","","","","","Afton, VA 22920","josh","","","https://www.google.com/maps/dir/?api=1&destination=Afton%2C%20VA%2022920","Cabins; Beer; Wi-Fi; Outdoor Seating; Lodging","false","https://www.google.com/maps/dir/?api=1&destination=Afton%2C%20VA%2022920","History","Lovingstown, Virginia, as it was first named, began with a land grant and a need to build a courthouse and a county seat for the newly created Nelson County in 1809. James Loving that same year and thus began the construction of this charming historic village. There were 49 lots parceled off in nearly equal measure and then sold.","Contact & Location","Bright Hope Baptist Church, a historic African-American landmark in Lovingston that overlooks the village. The church was built along with a school in 1870 to serve the freed men and women of Nelson. The kept area has over 100 marked graves.","Amenities & Features","Than a meal, head to Wood Ridge Farm Brewery, where a food truck is usually available. It’s a family-friendly place with plenty of outdoor activities. Want to know something interesting.","",""
"365","Cabin on Eagles Ridge Road","cabin-on-eagles-ridge-road","Cabins & Cottages","stay","Nellysford","Cabin on Eagles Ridge Road is a private cabin with two en-suite master bedrooms, wood-burning fireplace, bluestone fire pit, and walking distance to Devils Backbone and Bold Rock. Cabin on Eagles Ridge Road balances rustic and convenient: twin master suites, bluestone fire pit, and walkable access to Devils Backbone and Bold Rock.","","https://ik.imagekit.io/OE/nelson-county/listings/cabin-on-eagles-ridge-road-image1_BtjxSGEWL","Wooden house with chimney surrounded by bare trees in forest setting.","","https://ik.imagekit.io/OE/nelson-county/listings/cabin-on-eagles-ridge-road-image2_n6wnBFOoG","Stone fireplace in cozy living room with large windows and warm lighting.","","","","","","","Nellysford, VA 22958","josh","","","https://www.google.com/maps/dir/?api=1&destination=Nellysford%2C%20VA%2022958","Outdoor Seating; Pet Friendly; Cabins; Lodging","false","https://www.google.com/maps/dir/?api=1&destination=Nellysford%2C%20VA%2022958","Amenities & Features","Secluded and private, wood burning fireplace Outdoor space with blue stone firepit.","Important Information","*Lodging descriptions are provided by the host and not independently verified.","Location & Directions","Anthony Freddo Staff on Site. Yes Find us at Nellysford.","",""
"366","1639 Overlook","1639-overlook","Vacation Rentals","stay","Wintergreen Resort","1639 Overlook is a recently renovated four-bedroom, four-bath Wintergreen condo with panoramic mountain views, golf course proximity, and small-dog-friendly policy. 1639 Overlook was recently renovated to showcase four bedrooms, four baths, pet-friendly policies for small dogs, and sweeping Wintergreen vistas beside the golf course.","","https://ik.imagekit.io/OE/nelson-county/listings/1639-overlook-image1_EdGAE6RoV","Buildings illuminated at dusk against a colorful sunset sky, mountainous backdrop.","","https://ik.imagekit.io/OE/nelson-county/listings/1639-overlook-image2_HYWjm-YwE","Modern kitchen, dining area with mountains visible through large window.","","","","","","","Wintergreen Resort, Roseland, VA 22967","josh","","","https://www.google.com/maps/dir/?api=1&destination=Wintergreen%20Resort%2C%20Roseland%2C%20VA%2022967","Scenic Views; Resort; Golf; Pet Friendly; Parking","false","https://www.google.com/maps/dir/?api=1&destination=Wintergreen%20Resort%2C%20Roseland%2C%20VA%2022967","","","","","","","",""
"367","Foxfire Cottage","foxfire-cottage","Cabins & Cottages","stay","Roseland","House has high ceilings, stone fireplace, updated kitchen.","","https://ik.imagekit.io/OE/nelson-county/listings/foxfire-cottage-image1_1b-v730_AV","White house with wooden chairs on porch, surrounded by trees and grass lawn.","","https://ik.imagekit.io/OE/nelson-county/listings/foxfire-cottage-image2_PHmCD3Qp_","Living room with stone fireplace, leather couch, colorful stairs, and modern kitchen.","","","","","","","Roseland, VA 22967","josh","","","https://www.google.com/maps/dir/?api=1&destination=Roseland%2C%20VA%2022967","Beer; Scenic Views; Wi-Fi; Full Kitchen; Cabins; Lodging","false","https://www.google.com/maps/dir/?api=1&destination=Roseland%2C%20VA%2022967","Amenities & Features","Located near Wintergreen for outdoor recreation and within a mile of Devils Backbone Brewing Co and other attractions along Nelson 151. Enjoy the many outdoor living spaces with multiple decks to include a private back deck with pergola and wonderful mountain views.","Important Information","*Lodging descriptions are provided by the host and not independently verified.","Location & Directions","Ashley Carman Staff on Site. No Find us at Roseland.","",""
"368","The Ski House","the-ski-house","Whole House Rentals","stay","Wintergreen Resort","The Ski House is a fully renovated three-bedroom, two-bath ski-in/ski-out home perched over Eagle's Swoop at Wintergreen. The Ski House perches directly over Eagle's Swoop, delivering a fully renovated three-bedroom, two-bath ski-in/ski-out experience with unbeatable slope views.","","https://ik.imagekit.io/OE/nelson-county/listings/the-ski-house-image1_raYunZw2V","Snow machines operating near wooden house among leafless trees.","","https://ik.imagekit.io/OE/nelson-county/listings/the-ski-house-image2_rtwU6I6qK","Two cozy twin beds with bear-themed quilts under slanted wooden ceiling.","","","","","","","Wintergreen Resort, Roseland, VA 22967","josh","","","https://www.google.com/maps/dir/?api=1&destination=Wintergreen%20Resort%2C%20Roseland%2C%20VA%2022967","Skiing; Snow Sports; Lodging","false","https://www.google.com/maps/dir/?api=1&destination=Wintergreen%20Resort%2C%20Roseland%2C%20VA%2022967","","","","","","","",""
"369","1566 Vistas Condo","1566-vistas-condo","Whole House Rentals","stay","Wintergreen Resort","1566 Vistas Condo is a renovated top-floor, three-bedroom, three-bath condo with skylights, ridgeline views, and quick access to Wintergreen spa and Devil's Knob. 1566 Vistas Condo crowns its building with skylights, ridgeline panoramas, and three ensuite bedrooms, steps from the spa and Devil's Knob facilities.","","https://ik.imagekit.io/OE/nelson-county/listings/1566-vistas-condo-image1_d3ikqxeVz","Gray townhouses with bare tree, entryway, and green numbered sign.","","https://ik.imagekit.io/OE/nelson-county/listings/1566-vistas-condo-image2_GsLDdAviC","Cozy living room with fireplace, couch, and mountain view through large windows.","","","","","","","Wintergreen Resort, Roseland, VA 22967","josh","","","https://www.google.com/maps/dir/?api=1&destination=Wintergreen%20Resort%2C%20Roseland%2C%20VA%2022967","Spa; Cabins; Lodging","false","https://www.google.com/maps/dir/?api=1&destination=Wintergreen%20Resort%2C%20Roseland%2C%20VA%2022967","Amenities & Features","Views/skylights Child friendly Proximity HOA amenities (pools, etc).","Important Information","*Lodging descriptions are provided by the host and not independently verified.","Location & Directions","Rebecca Rockey Staff on Site. No Find us at Wintergreen.","",""
"370","Afton Mountain Inn","afton-mountain-inn","Bed and Breakfast","stay","Afton","Afton Mountain Inn is an 1848 farmhouse turned boutique hotel with six suites and a premium villa offering premium bedding, Wi-Fi, robes, snack bar, two hot tubs, pool, decks, fire pits, badminton, and private trail across ten acres. Built in 1848, more than a decade before the start of the American Civil War, our historic farmhouse features original heart pine flooring, ornate woodwork, and a stained glass entryway.","","https://ik.imagekit.io/OE/nelson-county/listings/afton-mountain-inn-image1_Vnwizc0IW","White two-story house with green roof surrounded by trees and bushes.","","https://ik.imagekit.io/OE/nelson-county/listings/afton-mountain-inn-image2_3Gy0qwzhk","Elegant bedroom with cozy bed, rug, bathroom view, and natural light through windows.","","","","","","","10273 Rockfish Valley Highway, Afton, VA 22920","josh","","","https://www.google.com/maps/dir/?api=1&destination=10273%20Rockfish%20Valley%20Highway%2C%20Afton%2C%20VA%2022920","Coffee; Farm; Lodging; Pool; Retail; Tea; Wi-Fi","true","https://www.google.com/maps/dir/?api=1&destination=10273%20Rockfish%20Valley%20Highway%2C%20Afton%2C%20VA%2022920","Menu & Offerings","Built in 1848, more than a decade before the start of the American Civil War, our historic farmhouse features original heart pine flooring, ornate woodwork, and a stained glass entryway. Nearly two centuries later, the property has been converted into the comfortable self-check-in boutique hotel you see today. The inn features six one-bedroom guest suites, as well as a two-bedroom Premium Villa.","Additional Menu Information","All guests enjoy premium bedding and linens, free Wi Fi Internet, complimentary robes and pool towels, wine glasses, free coffee, free snack bar with ice cream, high-definition flat panel TVs, blackout curtains, sound machines, and mini-fridges. The 10-acre property features a series of outdoor amenities, include a pool (open May-September), two hot tubs, a series of outdoor decks and lounge areas, three fire pits, a badminton court, and a private nature trail.","Important Information","*Lodging descriptions are provided by the host and not independently verified.","Location & Directions","Be Still Getaways Staff on Site. No Find us at Afton."
"371","M 260","m-260","Cabins & Cottages","stay","Nellysford","M 260 is a Stoney Creek mountain home with views, three bedrooms, three baths, hot tub, ping pong, foosball, deck seating, and seasonal waterfall walkway. M 260 treats guests to waterfall walkways, ping pong and foosball games, a bubbling hot tub, and three bedrooms overlooking Stoney Creek's valley.","","https://ik.imagekit.io/OE/nelson-county/listings/m-260-image1_dQ4d42Kku","Modern grey house with large deck surrounded by lush green trees.","","https://ik.imagekit.io/OE/nelson-county/listings/m-260-image2_okYF6M7kOE","Modern kitchen with green island, stainless appliances, wooden cabinets, and stone flooring.","","","","","","","Nellysford, VA 22958","josh","","","https://www.google.com/maps/dir/?api=1&destination=Nellysford%2C%20VA%2022958","Cabins; Full Kitchen; Lodging; Outdoor Seating; Scenic Views; Water Sports; Wi-Fi","true","https://www.google.com/maps/dir/?api=1&destination=Nellysford%2C%20VA%2022958","Location & Directions","Fully stocked rental with probably everything a person could imagine in terms of a kitchen and living areas. Always great reviews online and in our guest book.","Important Information","*Lodging descriptions are provided by the host and not independently verified.","","","",""
"372","Sanctuary Retreat Center","sanctuaryretreatcenter","Whole House Rentals","stay","Nellysford","Sanctuary Retreat Center hosts 3–7-day holistic retreats on 120 forested acres with meditation, breathwork, lodging, and meals included—overnight stays only during scheduled programs. The peaceful, holistic atmosphere of Sanctuary.","","https://ik.imagekit.io/OE/nelson-county/listings/sanctuary-retreat-center-image1_WJ_oqMdVRL","Pink flowering tree beside house, surrounded by lush greenery and shrubs.","","https://ik.imagekit.io/OE/nelson-county/listings/sanctuary-retreat-center-image2_WMNFybvoy","Wooden deck with chairs, surrounded by lush green trees and blue hydrangeas.","","https://ik.imagekit.io/OE/nelson-county/listings/sanctuary-retreat-center-image3_hgweSYfrN","Cozy bedroom with wooden ceiling, white bedding, lamp, window, and artwork.","","","","Nellysford, VA 22958","WG","","","https://www.google.com/maps/dir/?api=1&destination=Nellysford%2C%20VA%2022958","Lodging; Cabins","false","https://www.google.com/maps/dir/?api=1&destination=Nellysford%2C%20VA%2022958","Accommodation Details","And inspiration rooted in ancient holistic wisdom, Sanctuary retreats invite you into a nourishing space to ground, balance, and renew. Come home to your heart through a retreat experience that blends meditation, engaging sessions, and nature immersion. We look forward to welcoming you.","Important Information","*Lodging descriptions are provided by the host and not independently verified.","","","",""
"373","Trinacria Restaurant & Pizzeria","trinacria","Restaurants","taste","Nellysford","Trinacria Restaurant & Pizzeria opens August 10, 2025, serving family-owned Italian fare on Rockfish Valley Highway. Trinacria Restaurant & Pizzeria brings family-owned Italian classics to Rockfish Valley Highway beginning August 10, 2025—think quiche, pizza, and homestyle plates in a cozy cafe.","","https://ik.imagekit.io/OE/nelson-county/listings/trinacria-restaurant-pizzeria-image1_CmQd67ELy","Black mug with latte foam art in progress, hands holding cup and stick.","","https://ik.imagekit.io/OE/nelson-county/listings/trinacria-restaurant-pizzeria-image2_CPRNPSN0op","Trinacria logo with Medusa head, three legs, wheat, red-black color scheme.","","","","","","(434) 361-1100","2842 Rockfish Valley Highway, Nellysford, VA 22958","WG","","","https://www.google.com/maps/dir/?api=1&destination=2842%20Rockfish%20Valley%20Highway%2C%20Nellysford%2C%20VA%2022958","Family Friendly; Fishing","false","https://www.google.com/maps/dir/?api=1&destination=2842%20Rockfish%20Valley%20Highway%2C%20Nellysford%2C%20VA%2022958","","","","","","","",""
"374","Rockfish Valley Farm Guest House","rockfish-valley-farm-guest-house","Bed and Breakfast","stay","Nellysford","Rockfish Valley Farm Guest House is a four-bedroom ranch with mountain views, rockers on the porch, and donkeys on-site between Bold Rock and Devils Backbone. Rockfish Valley Farm Guest House sits between Bold Rock and Devils Backbone, offering a four-bedroom ranch where you can sip coffee with mountain views and wave to the resident donkeys.","","https://ik.imagekit.io/OE/nelson-county/listings/rockfish-valley-farm-guest-house-image1_nCX2OavrY","House with porch, large tree, mountains in background, clear sky above.","","https://ik.imagekit.io/OE/nelson-county/listings/rockfish-valley-farm-guest-house-image2_VugIF5jJP","Cozy living room with red patterned rug, beige sofa, and wooden furniture.","","","","","","","Nellysford, VA 22958","josh","","","https://www.google.com/maps/dir/?api=1&destination=Nellysford%2C%20VA%2022958","Full Kitchen; Breakfast; Outdoor Seating; Scenic Views; Lodging; Farm; Fishing","false","https://www.google.com/maps/dir/?api=1&destination=Nellysford%2C%20VA%2022958","Trail Information","The site is unique in that it is surrounded by several waterways and almost 360 degrees of Blue Ridge Mountains. The Rockfish Trails connect to it that lead to swimming holes. There are two donkeys in residence that are very friendly.","Important Information","*Lodging descriptions are provided by the host and not independently verified.","Location & Directions","Peter Agelasto Staff on Site. No Find us at Nellysford.","",""
"375","Shenandoah Ridge 11","shenandoah-ridge-11","Whole House Rentals","stay","Wintergreen Resort","Shenandoah Ridge 11 is a four-bedroom, 4.5-bath townhouse in Wintergreen's Shenandoah Ridge development with access to all resort amenities. Shenandoah Ridge 11 gives Wintergreen visitors four bedrooms, 4.5 baths, and townhouse privacy while keeping all resort amenities—golf, spa, tennis, shuttles—right at their fingertips.","","https://ik.imagekit.io/OE/nelson-county/listings/shenandoah-ridge-11-image1_r7j-EXO-c","Beige house with multiple gabled roofs and white railing on wooden pathway.","","https://ik.imagekit.io/OE/nelson-county/listings/shenandoah-ridge-11-image2_Mf1_TDmYw","Spacious kitchen with stainless steel appliances, white countertops, and wooden cabinets.","","","","","","","Wintergreen Resort, Roseland, VA 22967","josh","","","https://www.google.com/maps/dir/?api=1&destination=Wintergreen%20Resort%2C%20Roseland%2C%20VA%2022967","Resort; Family Friendly; Skiing; Lodging; Golf","false","https://www.google.com/maps/dir/?api=1&destination=Wintergreen%20Resort%2C%20Roseland%2C%20VA%2022967","","","","","","","",""
"376","Inn at the Woods","inn-at-the-woods","Cabins & Cottages","stay","Roseland","Inn at the Woods is a farmhouse minutes from Devils Backbone with three queen bedrooms, pull-out sofa, screened patio, and access to nearby breweries, wineries, and Wintergreen. Inn at the Woods puts three queen suites, a sleeper sofa, and a breezy screened patio minutes from Devils Backbone, creating a farmhouse base for brewery tours and Wintergreen excursions.","","https://ik.imagekit.io/OE/nelson-county/listings/inn-at-the-woods-image1_MQa9smdzT","White house surrounded by autumn trees, with mountains in the background.","","https://ik.imagekit.io/OE/nelson-county/listings/inn-at-the-woods-image2_U8RNeR8IC","White bathroom with dual sinks, round mirrors, wood accents, and glass shower.","","","","","","","Roseland, VA 22967","josh","","","https://www.google.com/maps/dir/?api=1&destination=Roseland%2C%20VA%2022967","Outdoor Seating; Scenic Views; Cabins; Lodging; Farm; Tastings; Beer","false","https://www.google.com/maps/dir/?api=1&destination=Roseland%2C%20VA%2022967","","","","","","","",""
"377","Country Cottage","country-cottage","Cabins & Cottages","stay","Faber","Country Cottage is a stand-alone woodland hideout with full kitchen, laundry, and a sunny front deck, keeping you equidistant from Charlottesville and the Route 151 craft trail.","","https://ik.imagekit.io/OE/nelson-county/listings/country-cottage-image1_CGfeKlhal","Small house with porch in forest setting, surrounded by trees and greenery.","","https://ik.imagekit.io/OE/nelson-county/listings/country-cottage-image2_Kj0DoaIrT","Cozy bedroom with colorful bedspread, open shelves, and sunlight through windows.","","","","","","","Afton, VA 22920","josh","","","https://www.google.com/maps/dir/?api=1&destination=Afton%2C%20VA%2022920","Full Kitchen; Outdoor Seating; Beer; Wi-Fi; Cabins; Lodging","false","https://www.google.com/maps/dir/?api=1&destination=Afton%2C%20VA%2022920","","","","","","","",""
"378","The View at Crawfords Edge","the-view-at-crawfords-edge","Whole House Rentals","stay","Wintergreen Resort","The View at Crawfords Edge is a four-bedroom, four-ensuite Wintergreen retreat with multi-level outdoor living, fire table, pizza oven, vaulted ceilings, and dual living rooms. The View at Crawfords Edge layers four ensuite bedrooms, vaulted living spaces, a pizza oven, and tiered outdoor lounges so your group can toast sunsets high above Wintergreen.","","https://ik.imagekit.io/OE/nelson-county/listings/the-view-at-crawfords-edge-image1_TGpMMFwo_","House with lit porch, surrounded by trees, at dusk.","","https://ik.imagekit.io/OE/nelson-county/listings/the-view-at-crawfords-edge-image2_EtZamV93K","Spacious living room with stone fireplace, wooden ceiling, large windows, and cozy seating.","","","","","","","Wintergreen Resort, Roseland, VA 22967","josh","","","https://www.google.com/maps/dir/?api=1&destination=Wintergreen%20Resort%2C%20Roseland%2C%20VA%2022967","Outdoor Seating; BBQ; Pizza; Pet Friendly; Lodging","false","https://www.google.com/maps/dir/?api=1&destination=Wintergreen%20Resort%2C%20Roseland%2C%20VA%2022967","","","","","","","",""
"379","Altitude Adjustment","altitude-adjustment","Whole House Rentals","stay","Nellysford","Altitude Adjustment is a five-bedroom, four-bath mountain retreat with large windows, multiple decks, high-flame fire pit, sauna, outdoor shower, game room, and EV charger. The whole group will love this spacious and unique space.","","https://ik.imagekit.io/OE/nelson-county/listings/altitude-adjustment-image1_8Jxku4-8O","Modern house surrounded by trees, pickup truck parked on driveway.","","https://ik.imagekit.io/OE/nelson-county/listings/altitude-adjustment-image2_aQDSzS4Tb","Modern living room with large window, mountain view, wooden floor, and kitchen area.","","","","","","","Wintergreen Resort, Roseland, VA 22967","josh","","","https://www.google.com/maps/dir/?api=1&destination=Wintergreen%20Resort%2C%20Roseland%2C%20VA%2022967","Fuel; Outdoor Seating; EV Charging; Lodging","false","https://www.google.com/maps/dir/?api=1&destination=Wintergreen%20Resort%2C%20Roseland%2C%20VA%2022967","Contact & Location","The whole group will love this spacious and unique space. Grand views abound with this 5 bedroom, 4 bath mountain retreat. Contemporary design features large windows in every room with spectacular views of the Blue Ridge Mountains.","Important Information","*Lodging descriptions are provided by the host and not independently verified.","Location & Directions","Gregory Monnett Staff on Site. No Find us at Nellysford.","",""
"380","Chateau Greenstone","chateau-greenstone","Whole House Rentals","stay","Wintergreen Resort","Chateau Greenstone is a six-bedroom, four-bath Wintergreen retreat sleeping 18 with multiple game zones, 'zen den,' heated TV porch, hot tub, sauna, and four outdoor gathering areas. We wanted to design a getaway that truly has something for everyone and we think Chateau Greenstone gets as close to this lofty goal as any Wintergreen Property.","","https://ik.imagekit.io/OE/nelson-county/listings/chateau-greenstone-image1_4nRWeaflw","A-frame house with wooden deck surrounded by trees at dusk.","","https://ik.imagekit.io/OE/nelson-county/listings/chateau-greenstone-image2_VT5zUm2L7","Outdoor hot tub with bubbles on covered patio overlooking lush green trees.","","","","","","","Wintergreen Resort, Roseland, VA 22967","josh","","","https://www.google.com/maps/dir/?api=1&destination=Wintergreen%20Resort%2C%20Roseland%2C%20VA%2022967","Pool; Spa; Outdoor Seating; Lodging","false","https://www.google.com/maps/dir/?api=1&destination=Wintergreen%20Resort%2C%20Roseland%2C%20VA%2022967","Contact & Location","The Wintergreen Retreat has something for everyone. 6 Bedrooms, 4 baths, 3 game areas for kids of all ages(shuffleboard, bumper pool, ping pong, foosball, pinball arcade, kids cubby) and areas for Moms and Dads to relax, including the""zen den"" mini-spa with massage chair. 4 distinct outdoor areas (2 covered, plus the""Vista Balcony"".","Amenities & Features","Rarely does everyone in a group particularly a large one, share the same interests. We wanted to design a getaway that truly has something for everyone and we think Chateau Greenstone gets as close to this lofty goal as any Wintergreen Property. Young or old, active or relaxed lifestyle, outdoor enthusiast or indoor dweller, this retreat has it all.","Important Information","*Lodging descriptions are provided by the host and not independently verified.","Location & Directions","Thomas Dieringer Staff on Site. No Find us at Wintergreen."
"381","Blue Sky Retreat","blue-sky-retreat","Whole House Rentals","stay","Wintergreen Resort","Blue Sky Retreat is a luxury 4,100+ sq ft designer home with six bedrooms, media and game rooms, sauna, cold plunge, hot tub, and golf course frontage with mountain views. Blue Sky Retreat spans 4,100 designer square feet with six bedrooms, media and game rooms, sauna, cold plunge, and golf-course frontage that frames the Blue Ridge.","","https://ik.imagekit.io/OE/nelson-county/listings/blue-sky-retreat-image1_9b5vAS6Ui","Cozy outdoor deck with fire pit, sofas, and scenic sunset view.","","https://ik.imagekit.io/OE/nelson-county/listings/blue-sky-retreat-image2_pHAwV0gTc","Modern kitchen with wooden island, black granite countertop, hanging lights, and staircase.","","","","","","","Wintergreen Resort, Roseland, VA 22967","josh","","","https://www.google.com/maps/dir/?api=1&destination=Wintergreen%20Resort%2C%20Roseland%2C%20VA%2022967","Scenic Views; Golf; Pet Friendly","false","https://www.google.com/maps/dir/?api=1&destination=Wintergreen%20Resort%2C%20Roseland%2C%20VA%2022967","Contact & Location","Luxury 4100+ sqft designer resort-style home in Wintergreen with top and unique amenities: • 6 bedrooms, 4. 5 baths, 12 beds—including 4 King beds • Game & media rooms: Pool table, shuffleboard, arcade machines, 100-inch TV, & home theater • Dining seating: Indoor (10-seat & 6-seat tables) + 3 bar stools • Outdoor spaces: 10-seat dining, 8-seat couch, fire pit, grill; 6-seat couch • Golf course-front with Mountain & Valley views • Backyard oasis: Hot tub, barrel sauna, cold plunge.","Important Information","*Lodging descriptions are provided by the host and not independently verified.","Location & Directions","Shilpa Menon Staff on Site. Yes Find us at Wintergreen.","",""
"382","The Treehouse","thetreehouse","Whole House Rentals","stay","Afton","The Treehouse is a 3,200 sq ft modern home on ten acres with hot tub, outdoor shower, 10-person dining, fire pit, heated floors, and award-winning design minutes from breweries and Charlottesville. The Treehouse spreads across ten wooded acres, pairing award-winning architecture with heated floors, expansive dining space, hot tub, outdoor shower, and easy drives to Charlottesville breweries.","","https://ik.imagekit.io/OE/nelson-county/listings/the-treehouse-image1_XvJDexZqi","Modern house with large windows, patio furniture, and fire pit in the backyard.","","https://ik.imagekit.io/OE/nelson-county/listings/the-treehouse-image2_3vr40-VSg","Spacious modern living room with high ceiling, large windows, and wooden staircase.","","","","","","","Afton, VA 22920","WG","","","https://www.google.com/maps/dir/?api=1&destination=Afton%2C%20VA%2022920","Outdoor Seating; Full Kitchen; Lodging; Beer","false","https://www.google.com/maps/dir/?api=1&destination=Afton%2C%20VA%2022920","","","","","","","",""
"162","Woodson's Mill","woodsons-mill","Museums & Heritage","culture","Roseland","1794 Woodson's Mill still grinds Virginia-grown grains with original water-powered stones, offering stone-milled flour and heritage tours. 1794 Woodson's Mill still grinds Virginia-grown grains with original water-powered stones, offering stone-milled flour and heritage tours.","","https://ik.imagekit.io/OE/nelson-county/listings/woodson-s-mill-image1_ZE7ZqH35G","Wooden water mill with red wheel and surrounding greenery in sunlight.","","","","","","","","","(540) 430-0532","3211 Lowesville Road, Roseland, VA 22967","josh","","","https://www.google.com/maps/dir/?api=1&destination=3211%20Lowesville%20Road%2C%20Roseland%2C%20VA%2022967","Museum; Retail; Seasonal Menu; Water Sports","true","https://www.google.com/maps/dir/?api=1&destination=3211%20Lowesville%20Road%2C%20Roseland%2C%20VA%2022967","","","","","","","",""
"168","Rockfish Valley Natural History Center","rockfish-valley-natural-history-center","Museums & Heritage","culture","Nellysford","Rockfish Valley Natural History Center showcases wildlife exhibits from the Virginia Museum of Natural History inside the old Wintergreen schoolhouse. The Rockfish Valley Foundation's Natural History Center features exhibits from the Virginia Museum of Natural History.","","https://ik.imagekit.io/OE/nelson-county/listings/rockfish-valley-natural-history-center-image1_aIErl8JZ0","White building with a porch and sign, surrounded by leafless trees and grass.","","","","","","","","","(434) 361-0271","1368 Rockfish Valley Highway, Nellysford, VA 22958","josh","","","https://www.google.com/maps/dir/?api=1&destination=1368%20Rockfish%20Valley%20Highway%2C%20Nellysford%2C%20VA%2022958","Museum; Fishing","false","https://www.google.com/maps/dir/?api=1&destination=1368%20Rockfish%20Valley%20Highway%2C%20Nellysford%2C%20VA%2022958","","","","","","","",""
"385","The Goldfinch","the-goldfinch","Cabins & Cottages","stay","Afton","The Goldfinch is a two-bedroom, two-bath home with screened porch, garage, and central HVAC near Veritas Vineyards, Route 151, Blue Ridge Parkway, and Charlottesville. The Goldfinch gives two-bedroom convenience near Veritas with perks like a screened porch, garage parking, central HVAC, and quick access to Route 151 and the Parkway.","","https://ik.imagekit.io/OE/nelson-county/listings/the-goldfinch-image1_w_8X4s7VT","Small house, autumn trees, driveway with red truck, evening light.","","https://ik.imagekit.io/OE/nelson-county/listings/the-goldfinch-image2__phpH4Uv-","Gray sofa with floral pillows, candles, and vase on wooden table.","","","","","","(757) 778-1160","Afton, VA 22920","josh","","","https://www.google.com/maps/dir/?api=1&destination=Afton%2C%20VA%2022920","Outdoor Seating; Full Kitchen; Pet Friendly; Scenic Views; Cabins; Farm; Tastings","false","https://www.google.com/maps/dir/?api=1&destination=Afton%2C%20VA%2022920","","","","","","","",""
"118","Swimming","swimming","Swimming","experience","Montebello","Indoor and outdoor swimming across Wintergreen Resort, including year-round Aquatics Center pools and Lake Monocan's summer beach.","","https://ik.imagekit.io/OE/nelson-county/listings/swimming-image1_K6MZpkrv3","Indoor pool, surrounded by potted plants and lounge seating inside a spacious room.","","","","","","","","","(434) 325-8280","Wintergreen Aquatics & Fitness Center, 39 Mountain Inn Loop, Wintergreen, VA 22967","josh","","","https://www.google.com/maps/dir/?api=1&destination=Wintergreen%20Aquatics%20%26%20Fitness%20Center%2C%2039%20Mountain%20Inn%20Loop%2C%20Wintergreen%2C%20VA%2022967","Pool; Outdoor Seating; Seasonal Menu; Resort; Water Sports; Fishing","false","https://www.google.com/maps/dir/?api=1&destination=Wintergreen%20Aquatics%20%26%20Fitness%20Center%2C%2039%20Mountain%20Inn%20Loop%2C%20Wintergreen%2C%20VA%2022967","","","","","","","",""
"387","Rockwell Ridge Inn","rockwellridgeinn","Cabins & Cottages","stay","Afton","Rockwell Ridge Inn is a pet-friendly retreat on 20 acres in Afton with private trails, seasonal gardens, creeks, and accommodations including a 3-bedroom inn, pet-friendly cottages, and nature immersion spaces. Rockwell Ridge Inn invites guests to roam 20 acres of Afton trails, gardens, and creeks while choosing between a three-bedroom inn or pet-friendly cottages for a true nature immersion.","","https://ik.imagekit.io/OE/nelson-county/listings/rockwell-ridge-inn-image1_7TKqEFWib","Blue cabin with wooden doors, decorated wreaths, surrounded by trees.","","https://ik.imagekit.io/OE/nelson-county/listings/rockwell-ridge-inn-image2_XBpXGhjEG","Blue wooden cabin with porch, surrounded by trees and shrubs.","","https://ik.imagekit.io/OE/nelson-county/listings/rockwell-ridge-inn-image3_AOrMTU8L0","Wooden kitchen with vaulted ceiling, island, and dining table under pendant lights.","","","","Afton, VA 22920","WG","","","https://www.google.com/maps/dir/?api=1&destination=Afton%2C%20VA%2022920","Pet Friendly; Seasonal Menu; Lodging; Cabins","false","https://www.google.com/maps/dir/?api=1&destination=Afton%2C%20VA%2022920","","","","","","","",""
"388","Everett Estate","everettestate","Whole House Rentals","stay","Wintergreen Resort","Everett Estate (duplicate entry)—verify active listing details before enriching. Ethan's Den has been decorated to compliment the beautiful setting it is in.","","https://ik.imagekit.io/OE/nelson-county/listings/everett-estate-image1_hDitKstLu","House with trees, stairs leading up, and stone wall in foreground.","","https://ik.imagekit.io/OE/nelson-county/listings/everett-estate-image2_y5dCp-_c7","White house with large tree, fountain, and green lawn under clear blue sky.","","https://ik.imagekit.io/OE/nelson-county/listings/everett-estate-image3_pntIHpCJ6","Floral wallpapered kitchen, stained glass window, wooden table with floral centerpiece.","","","","56 Rodes Farm Drive, Nellysford, VA 22958","WG","","","https://www.google.com/maps/dir/?api=1&destination=56%20Rodes%20Farm%20Drive%2C%20Nellysford%2C%20VA%2022958","Coffee; Events; Scenic Views; Tea; Pet Friendly; Lodging","false","https://www.google.com/maps/dir/?api=1&destination=56%20Rodes%20Farm%20Drive%2C%20Nellysford%2C%20VA%2022958","Menu & Offerings","Ethan's Den has been decorated to compliment the beautiful setting it is in. It is decorated in natural materials such as leather, wrought iron and wood. It features heated floors throughout and a beautiful oak live edge breakfast bar made by the owners.","Important Information","*Lodging descriptions are provided by the host and not independently verified.","Location & Directions","Monica Barker, monica@celticscots. Yes Find us at Wintergreen Resort.","",""
"389","Don Lupe Mexican Restaurant","donlupe","Restaurants","taste","Roseland","Don Lupe Mexican Restaurant serves authentic Mexican cuisine with high-quality ingredients and attentive service on Rockfish Valley Highway. At Don Lupe Restaurant, we take pride in offering the authentic taste of Mexican cuisine in each of our dishes.","","https://ik.imagekit.io/OE/nelson-county/listings/don-lupe-mexican-restaurant-image1_CFnON7sma","Child playing guitar in sombrero and poncho near cactus.","","","","","","","","","(434) 218-1789","2815 Rockfish Valley Highway, Nellysford, VA 22958","WG","","","https://www.google.com/maps/dir/?api=1&destination=2815%20Rockfish%20Valley%20Highway%2C%20Nellysford%2C%20VA%2022958","Local Ingredients; Fishing","false","https://www.google.com/maps/dir/?api=1&destination=2815%20Rockfish%20Valley%20Highway%2C%20Nellysford%2C%20VA%2022958","","","","","","","",""
"12-ridges-vineyard","12 Ridges Vineyard","12-ridges-vineyard","Vineyards & Wineries","taste","Vesuvius","A new vision has come to life at one of the most beautiful locations in all of Virginia. ​ 12 Ridges, a family-owned vineyard formerly known as Skylark Farm, now offers an intimate Tasting Room, over seven thousand five hundred square feet of outdoor patio space, and glorious 360 degree hilltop views.","","https://ik.imagekit.io/OE/nelson-county/listings/12-ridges-vineyard-image1_2M-P87f-B","","","","","","","","","https://12ridges.com/","(434) 996-4252","24981 Blue Ridge Pkwy, Vesuvius, VA 24483","josh","","","https://www.google.com/maps/dir/?api=1&destination=24981%20Blue%20Ridge%20Pkwy%2C%20Vesuvius%2C%20VA%2024483","Events; Farm; Outdoor Seating; Scenic Views; Tastings; Wine","false","https://www.google.com/maps/dir/?api=1&destination=24981%20Blue%20Ridge%20Pkwy%2C%20Vesuvius%2C%20VA%2024483","","","","","","","",""
