id,name,slug,type,category,area,description,detailedDescription,customHtml,image1,image1Desc,image1FileId,image2,image2Desc,image2FileId,image3,image3Desc,image3FileId,website,phone,address,authorName,publishedDate,modifiedDate,directionsLink,videoLink,document1,document1Name,document2,document2Name,accordionPanel1Title,accordionPanel1Content,accordionPanel2Title,accordionPanel2Content,accordionPanel3Title,accordionPanel3Content,accordionPanel4Title,accordionPanel4Content,amenities,featured,googleMapsUrl,private
64,Devils Knob Trail,devils-knob-trail,Hikes & Trails,outdoor,Wintergreen Resort,"0.6-mile stroll from the Blue Ridge Overlook across catoctin greenstone ledges with rock 'gardens,' birding, and views toward Pond Hollow. 0.6-mile stroll from the Blue Ridge Overlook across catoctin greenstone ledges with rock 'gardens,' birding, and views toward Pond Hollow.",,,https://ik.imagekit.io/OE/nelson-county/listings/devils-knob-trail-image1_9-WjX9SyQ,Rocky forest trail with scattered sunlight filtering through green foliage.,,,,,,,,,(434) 263-7015,"8519 Thomas Nelson Hwy, Lovingston, VA 22949",josh,2026-01-05,2026-01-12,https://www.google.com/maps/dir/?api=1&destination=8519%20Thomas%20Nelson%20Hwy%2C%20Lovingston%2C%20VA%2022949,https://www.youtube.com/watch?v=0b9Jg-76Mug,,,,,,,,,,,,,Scenic Views; Biking; Hiking,false,https://www.google.com/maps/dir/?api=1&destination=8519%20Thomas%20Nelson%20Hwy%2C%20Lovingston%2C%20VA%2022949,false
65,Fortune's Cove Nature Preserve,fortunes-cove-nature-preserve,Hikes & Trails,outdoor,Lovingston,"Fortune's Cove Nature Preserve challenges hikers with a 5.3-mile loop that gains 1,500 feet before rewarding them with rocky glade vistas, rare plant communities, and a shorter lower loop option for quicker outings. Strenuous 5.3-mile loop managed by The Nature Conservancy climbing 1,500 feet through rocky glades and intact forest to panoramic cove overlooks.",,,https://ik.imagekit.io/OE/nelson-county/listings/fortune-s-cove-nature-preserve-image1__i7ZniCv5,"Trail sign on curved tree, surrounded by dense green forest.",,,,,,,,,(434) 977-4837,"1920 Fortune's Cove Lane, Lovingston, VA 22949",josh,2026-01-05,2026-01-12,https://www.google.com/maps/dir/?api=1&destination=1920%20Fortune%E2%80%99s%20Cove%20Lane%2C%20Lovingston%2C%20VA%2022949,https://www.youtube.com/watch?v=0wCPsQBnei8,,,,,Overview,<p>Fortune’s Cove Nature Preserve protects a rugged section of forested land along the Maury River and offers a network of hiking trails through diverse natural habitats.</p><p>The preserve is managed for conservation and low-impact recreation.</p>,Trail Experience,"<p>Trails within the preserve range from <strong>moderate to strenuous</strong> and include rocky terrain, elevation changes, and river views.</p><p>Routes vary in length and can be combined for longer hikes.</p>",Safety & Stewardship,"<p>Because of steep terrain and natural hazards, visitors should remain on designated trails and follow posted guidance.</p><p>Practicing Leave No Trace principles helps protect sensitive habitats.</p>",Planning Your Visit,"<p>The preserve is best suited for experienced hikers. Visitors should plan ahead, bring adequate supplies, and be prepared for limited facilities.</p>",Hiking; Biking,false,https://www.google.com/maps/dir/?api=1&destination=1920%20Fortune%E2%80%99s%20Cove%20Lane%2C%20Lovingston%2C%20VA%2022949,false
84,The Plunge,the-plunge,Hikes & Trails,outdoor,Wintergreen Resort,"Short yellow access spur to Blackrock featuring steep pedlar gneiss formations, panoramic overlooks, and a signature family photo spot. The Plunge is a short, steep 0.2-mile connector to Blackrock Trail that packs in pedlar gneiss rock formations, dramatic overlooks, and prime family photo spots.","Miles: 0.2
Blaze Color: Yellow
Difficulty Level: Moderate (if you take your time)

Directions: <a href=https://goo.gl/maps/1p9jDyMyTjJqYpvo6 target=_blank rel=noopener noreferrer>Google Maps</a>

One of the shortest trails on the mountain, The Plunge is an excellent introduction to the beauty and natural history of the area as it serves as an access trail to the <a href=/explore/blackrock-trail>Blackrock Trail</a>. Hikers will encounter a steep climb around rock formations known as pedlar gneiss, which were created millions of years ago. The Plunge offers incredible overlooks and great family photo spots at both the top (Blackrock Park on Blackrock Circle) and the bottom of the trail. Please use extra caution in winter.

Miles: 2.6
Difficulty Level: Moderate

A 2.6-mile moderate hike along the Appalachian Trail features a wooden swinging bridge over the Tye River. The trail meanders through stands of mountain laurel and rhododendron, leading to the Harpers Creek Shelter (AT) and Harper’s Creek, where water gurgles over large cascading rocks. Multiple campsites are located on each side of the creek, and there is a vault toilet situated up the hill from the shelter.

Directions from State Route 56 at Crabtree Falls: Take SR 56 east for approximately 3-4 miles. The Appalachian Trail crosses SR 56, and an AT parking lot is available on the right (south side) of SR 56. Cross the street from the parking lot (north) onto the AT, across the swinging bridge, and continue up the trail towards Harper’s Creek Shelter.",,https://ik.imagekit.io/OE/nelson-county/listings/the-plunge-image1_RX1pJhwfh,"Rocky viewpoint overlooking lush, green mountains under clear blue sky.",,,,,,,,,(434) 263-7015,"8519 Thomas Nelson Hwy, Lovingston, VA 22949",josh,2026-01-05,2026-01-12,https://www.google.com/maps/dir/?api=1&destination=8519%20Thomas%20Nelson%20Hwy%2C%20Lovingston%2C%20VA%2022949,https://www.youtube.com/watch?v=5_RUc2yc2JU,,,,,,,,,,,,,Family Friendly; Biking; Hiking,false,https://www.google.com/maps/dir/?api=1&destination=8519%20Thomas%20Nelson%20Hwy%2C%20Lovingston%2C%20VA%2022949,false
68,Highlands Leisure Trail,highlands-leisure-trail,Hikes & Trails,outdoor,Wintergreen Resort,"Highlands Leisure Trail connects Wintergreen's Blackrock Village to the Wintergarden via a 0.5-mile yellow-blazed path that dips through older-growth forest and includes an overlook of the Highlands ski slopes. Half-mile connector between Blackrock Village and the Wintergarden with short climbs, older-growth forest, and an overlook of Highlands ski slopes.",,,https://ik.imagekit.io/OE/nelson-county/listings/highlands-leisure-trail-image1_14-OGVdVb,Wooded trail with steps surrounded by lush green foliage and sunlight.,,,,,,,,,(434) 263-7015,"8519 Thomas Nelson Hwy, Lovingston, VA 22949",josh,2026-01-05,2026-01-12,https://www.google.com/maps/dir/?api=1&destination=8519%20Thomas%20Nelson%20Hwy%2C%20Lovingston%2C%20VA%2022949,https://www.youtube.com/watch?v=6Hgw0sY6GOM,,,,,,,,,,,,,Scenic Views; Resort; Biking; Hiking,false,https://www.google.com/maps/dir/?api=1&destination=8519%20Thomas%20Nelson%20Hwy%2C%20Lovingston%2C%20VA%2022949,false
78,Old Appalachian Trail,old-appalachian-trail,Hikes & Trails,outdoor,Wintergreen Resort,"Moderate-to-difficult grades reward hikers with Shenandoah Valley vistas and quiet, historic tread. 3.3-mile former Appalachian Trail alignment with greenstone ledges, Shenandoah Valley overlooks, and spring wildflowers across multiple access points.","Miles: 3.3
Blaze Color: Red-Yellow
Difficulty Level: Moderate to Difficult

Directions: <a href=https://goo.gl/maps/ANsHVLfkx6f3PNAaA target=_blank rel=noopener noreferrer>Google Maps</a>

This trail features an array of access points and varying hike lengths, making it suitable for different skill levels. Enjoy the beautiful scenery and diverse terrain as you explore the Old Appalachian Trail.",,https://ik.imagekit.io/OE/nelson-county/listings/old-appalachian-trail-image1_mjlB71z_w,"Narrow dirt path with yellow moss, surrounded by trees in a forest.",,,,,,,,,(434) 263-7015,"8519 Thomas Nelson Hwy, Lovingston, VA 22949",josh,2026-01-05,2026-01-12,https://www.google.com/maps/dir/?api=1&destination=8519%20Thomas%20Nelson%20Hwy%2C%20Lovingston%2C%20VA%2022949,https://www.youtube.com/watch?v=7Nh0uDKNoHg,,,,,,,,,,,,,Hiking; Biking; Appalachian Trail,false,https://www.google.com/maps/dir/?api=1&destination=8519%20Thomas%20Nelson%20Hwy%2C%20Lovingston%2C%20VA%2022949,false
79,Paul's Creek Trail,pauls-creek-trail,Hikes & Trails,outdoor,Wintergreen Resort,Paul's Creek Trail is a 0.6-mile blue-blazed family favorite that follows a lush valley to smooth rock chutes and a series of cascading waterfalls near Crawford's Knob. Pack water shoes and a camera—the polished boulders and cool pools are irresistible on summer days.,,,https://ik.imagekit.io/OE/nelson-county/listings/paul-s-creek-trail-image1_MwER-wYqT,Forest stream flowing over rocks surrounded by trees and autumn leaves.,,,,,,,,,(434) 263-7015,"8519 Thomas Nelson Hwy, Lovingston, VA 22949",josh,2026-01-05,2026-01-12,https://www.google.com/maps/dir/?api=1&destination=8519%20Thomas%20Nelson%20Hwy%2C%20Lovingston%2C%20VA%2022949,https://www.youtube.com/watch?v=7sY95GxqXgQ,,,,,,,,,,,,,Family Friendly; Biking; Hiking; Water Sports; Swimming Pool,false,https://www.google.com/maps/dir/?api=1&destination=8519%20Thomas%20Nelson%20Hwy%2C%20Lovingston%2C%20VA%2022949,false
59,Blue Ridge Tunnel,blue-ridge-tunnel,Hikes & Trails,outdoor,Afton,"Walk the restored 1850s Blue Ridge Railroad tunnel on a 2.25-mile crushed-gravel path with dramatic stone portals linking Afton and the Rockfish Valley. The Blue Ridge Tunnel, engineered by Claudius Crozet in the 1850s beneath Rockfish Gap, now lets hikers and cyclists travel nearly a mile through the historic rail bore between Skyline Drive and the Blue Ridge Parkway.","The Blue Ridge Tunnel, constructed between 1850 and 1858 beneath Rockfish Gap in the Blue Ridge Mountains of central Virginia, offers a unique experience for visitors. CSX Transportation generously donated the tunnel to Nelson County in 2007.

Located at the convergence of the southern entrance of Shenandoah National Park’s Skyline Drive, the northern entrance of the Blue Ridge Parkway, the Appalachian Trail, and U.S. Bicycle Route 76, the tunnel is easily accessible. Both Interstate 64 and U.S. 250 cross over the tunnel at Rockfish Gap. Traveling through the long, dark tunnel is a stirring experience for a variety of visitors, including hikers and cyclists of every level, wildlife watchers, history enthusiasts, railroad buffs, heritage tourists, school children on field trips, and nearby residents.",,https://ik.imagekit.io/OE/nelson-county/listings/blue-ridge-tunnel-image1_PrnI6PqE9,"Cyclist with headlight in dark tunnel, wet rocky walls.",,https://ik.imagekit.io/OE/nelson-county/listings/Blue-Ridge-Tunnel-Video-Preview_orwEUvRjO.jpg,"Person holding light inside dark, arched tunnel.",,https://ik.imagekit.io/OE/nelson-county/listings/Blue-Ridge-Tunnel-Opening_QtYh0xz0N.jpg,"Stone archway entrance to dark tunnel, surrounded by rocky landscape.",,,(434) 263-7015,"215 Afton Depot Lane, Afton, VA 22920",josh,2026-01-05,2026-01-12,https://www.google.com/maps/dir/?api=1&destination=215%20Afton%20Depot%20Lane%2C%20Afton%2C%20VA%2022920,https://www.youtube.com/watch?v=9TllH8bjlHQ,https://ik.imagekit.io/OE/nelson-county/listings/Blue_Ridge_Tunnel_Map_OxY941XXoL.pdf,Blue Ridge Tunnel Map,,,About the Tunnel,"<h4>History</h4>

<p>The Blue Ridge Tunnel was designed by French-born engineer Claudius Crozet (1789–1864), one of the most influential transportation engineers of the 19th century. A graduate of the École Polytechnique in Paris, Crozet later taught engineering at the U.S. Military Academy at West Point and helped found the Virginia Military Institute.</p>

<p>As chief engineer, Crozet surveyed a rail route through Rockfish Gap to connect eastern and western Virginia. His plan included several tunnels, extensive embankments, and the nearly one-mile-long Blue Ridge Tunnel between Nelson and Augusta counties.</p>

<p>Construction proved far more difficult than expected due to extremely hard rock, particularly greenstone. Despite these challenges, Irish immigrant laborers successfully bored through the mountain, meeting with remarkable precision in December 1856.</p>

<p>The tunnel opened to rail traffic on April 13, 1858, becoming the longest railroad tunnel in North America at the time. Although Crozet had resigned shortly before its completion, his engineering vision was essential to the project’s success.</p>

<p>Learn more about the tunnel’s history at the <a href='https://www.blueridgetunnel.org' target='_blank'>Blue Ridge Tunnel Foundation</a>.</p>",Trail & Park Rules,"<h4>Trail & Park Rules</h4>

<p>The Blue Ridge Tunnel Trail is open daily from <strong>sunrise to sunset</strong>. Visitors should remain aware of other trail users, watch for uneven ground inside the tunnel, and <strong>bring flashlights or headlamps</strong> at all times.</p>

<p>Trailhead parking areas are small and limited. When parking areas are full, the trail is considered full. Visitors should park only in designated spaces and never along roadways. There is no overnight parking, RV parking, or camping at either trailhead.</p>

<p>For a less strenuous experience, including improved accessibility for wheelchair users, the <strong>east trailhead</strong> is recommended. Cyclists are also encouraged to use the east side and must always yield to pedestrians.</p>

<p>Help protect the natural environment by staying on designated trails and avoiding damage to plants, trees, and wildlife. Collecting plants or animals is prohibited, and visitors should pack out all trash. Feeding wildlife and releasing balloons are not allowed.</p>

<p>Mountain bikes are permitted only on designated roads. The use of motorized vehicles, drones, fireworks, and unmanned aircraft is prohibited. Alcohol use is not permitted, and smoking is not allowed inside the tunnel.</p>

<p>Overnight camping is prohibited and considered trespassing. All visitors are expected to follow Virginia law while using the trail.</p>",Trail Conditions & What to Expect,"<h4>Trail Conditions & What to Expect</h4>

<h5>Distance & Time</h5>
<p>At a comfortable walking pace, a hike to the western portal and back typically takes about <strong>1.5 hours</strong>. The trail is approximately <strong>2.25 miles one way</strong> and <strong>4.5 miles round trip</strong> when walking from one trailhead to the other and returning.</p>

<h5>Trail Surface</h5>
<p>The trail is primarily crushed gravel with some steep inclines. Inside the tunnel, the surface may be uneven due to ruts and puddles caused by constant water drip.</p>

<h5>Lighting & Visibility</h5>
<p>The tunnel is not lit and is very dark. A <strong>high-powered flashlight or headlamp is strongly recommended</strong> for all visitors.</p>

<h5>Weather & Clothing</h5>
<p>The interior of the tunnel remains cool year-round, typically between <strong>55–65°F</strong>. Water drips continuously from the ceiling and walls, so visitors should wear appropriate clothing and sturdy, comfortable shoes.</p>

<h5>Wet Areas & Stream Crossing</h5>
<p>Puddles are common inside the tunnel. On the west side of the trail, a concrete stream crossing may have water flowing over it during or after rainstorms. Use caution in wet conditions.</p>

<h5>Facilities</h5>
<p>Portable restrooms are available at both the eastern and western parking areas but are not located along the trail. There are no water fountains on the trail, so visitors should bring drinking water.</p>",Frequently Asked Questions,"<h4>Frequently Asked Questions</h4>

<h5>Is the trail suitable for wheelchairs?</h5>
<p>The trail surface is crushed gravel. The <strong>east trail</strong> has minimal elevation change and is generally the most accessible option. The tunnel is unlit and remains cool year-round (approximately <strong>55–65°F</strong>), with constant water dripping that can create puddles and ruts. Visitors should consider these conditions when planning their visit.</p>

<h5>Trail grades and accessibility details</h5>
<p><strong>East Trail to Tunnel Entrance:</strong> 0.63 miles with a gentle average grade of approximately 1.5%.</p>
<p><strong>Tunnel:</strong> Approximately 4,273 feet long with a gradual average grade of 1.3%.</p>
<p><strong>West Trail to Tunnel Entrance:</strong> Steeper terrain with sustained grades over 5% and a maximum grade of approximately 19%. This section is more challenging.</p>

<h5>Are dogs allowed?</h5>
<p>Yes. Dogs are permitted on the trail and in the tunnel but must be kept on a leash at all times. Owners are responsible for cleaning up after their pets.</p>

<h5>How long is the trail and tunnel?</h5>
<p>The full trail from one trailhead to the other is approximately <strong>2.25 miles</strong>. The tunnel itself is nearly one mile long.</p>
<p>From the east trailhead through the tunnel: approximately <strong>1.44 miles</strong>. From the west trailhead through the tunnel: approximately <strong>1.62 miles</strong>.</p>

<h5>Who manages the trail?</h5>
<p>The trail and tunnel are owned by Nelson County and maintained by the Nelson County Parks and Recreation Department.</p>

<h5>Are restrooms or amenities available?</h5>
<p>Portable restrooms are located at both the east and west trailheads. There are no restrooms or water fountains along the trail.</p>

<h5>What are the visiting hours?</h5>
<p>The trail and tunnel are open daily from <strong>sunrise to sunset</strong>.</p>

<h5>Is the tunnel lit?</h5>
<p>No. Visitors must bring <strong>high-powered flashlights or headlamps</strong> to safely travel through the tunnel.</p>

<h5>Can I ride a bike on the trail?</h5>
<p>Yes. Cyclists are encouraged to use the east trail, which has gentler grades. The west trail is steeper and best suited for experienced riders. Bicyclists must yield to pedestrians and be prepared for wet, uneven conditions inside the tunnel.</p>",Biking; Educational; Hiking; Parking; Scenic Views,true,https://www.google.com/maps/dir/?api=1&destination=215%20Afton%20Depot%20Lane%2C%20Afton%2C%20VA%2022920,false
72,Laurel Ridge Loop,laurel-ridge-loop,Hikes & Trails,outdoor,Wintergreen Resort,"1.6-mile yellow loop sampling mountain laurel, birch, and oak-hickory forest with rocky footing and parking at Wintergreen's Lot F. 1.6-mile yellow loop sampling mountain laurel, birch, and oak-hickory forest with rocky footing and parking at Wintergreen's Lot F.",,,https://ik.imagekit.io/OE/nelson-county/listings/laurel-ridge-loop-image1_k_xUZ0XKg,Wooden trail sign with yellow and red text in forest setting.,,,,,,,,,(434) 263-7015,"8519 Thomas Nelson Hwy, Lovingston, VA 22949",josh,2026-01-05,2026-01-12,https://www.google.com/maps/dir/?api=1&destination=8519%20Thomas%20Nelson%20Hwy%2C%20Lovingston%2C%20VA%2022949,https://www.youtube.com/watch?v=a8Oc3URmNJI,,,,,Overview,"<p>The Laurel Ridge Loop is a wooded hiking trail that travels along ridgelines through dense mountain vegetation. It offers a longer, more immersive forest experience.</p>",Trail Experience,<p>The loop covers <strong>several miles</strong> and is generally considered <strong>moderate to strenuous</strong> due to elevation changes and uneven terrain.</p>,Planning Notes,"<p>Because the trail passes through remote forest, hikers should carry water, allow adequate time to complete the loop, and be prepared for limited cell service.</p>",,,Hiking; Parking; Biking,false,https://www.google.com/maps/dir/?api=1&destination=8519%20Thomas%20Nelson%20Hwy%2C%20Lovingston%2C%20VA%2022949,false
73,Lower Shamokin Falls Trail,lower-shamokin-falls-trail,Hikes & Trails,outdoor,Wintergreen Resort,"1.7-mile blue-blazed trek ending at Lower Shamokin Falls, weaving through dense forest after a jeep-road approach from Old Stoney Creek Road. 1.7-mile blue-blazed trek ending at Lower Shamokin Falls, weaving through dense forest after a jeep-road approach from Old Stoney Creek Road.","Miles: 1.7
Blaze Color: Blue
Difficulty Level: Moderate

Perhaps the longest destination hike on the property, the Lower Shamokin Falls Trail begins on a jeep trail and meanders through dense forest cover. The end of the trail is located at the base of a cascading waterfall that begins just below the Upper Shamokin Falls Trail.

Directions: From Rt. 151 in Nellysford, take a left onto Rt. 751 (Old Stoney Creek Road). The trail begins at the end of the road at the gate.

Miles: 2.6
Difficulty Level: Moderate

A 2.6-mile moderate hike along the Appalachian Trail traverses a wooden Swinging Bridge over the Tye River and travels through stands of mountain laurel and rhododendron to the Harpers Creek Shelter (AT) and Harper’s Creek, where the water gurgles through the large cascading rocks. Multiple campsites are on each side of the creek, and there’s a vault toilet up the hill from the shelter.

Directions: From State Route 56 at Crabtree Falls, take SR 56 east for approximately 3-4 miles. The Appalachian Trail crosses SR 56, and an AT parking lot is available to the right (south side) of SR 56. Head across the street from the parking lot (north) on the AT across the Swinging Bridge, and continue up the trail towards Harper’s Creek Shelter.",,https://ik.imagekit.io/OE/nelson-county/listings/lower-shamokin-falls-trail-image1_BIy5ezGql,Trail sign on tree reads 'Lower Shamokin Falls Trail' in lush forest.,,,,,,,,,(434) 263-7015,"8519 Thomas Nelson Hwy, Lovingston, VA 22949",josh,2026-01-05,2026-01-12,https://www.google.com/maps/dir/?api=1&destination=8519%20Thomas%20Nelson%20Hwy%2C%20Lovingston%2C%20VA%2022949,https://www.youtube.com/watch?v=a8Oc3URmNJI,,,,,,,,,,,,,Hiking; Biking; Water Sports,false,https://www.google.com/maps/dir/?api=1&destination=8519%20Thomas%20Nelson%20Hwy%2C%20Lovingston%2C%20VA%2022949,false
60,Brimstone Trail,brimstone-trail,Hikes & Trails,outdoor,Wintergreen Resort,"Steep 0.8-mile red-blazed climb skirting rocky cliffs with sweeping Three Ridges views, laurel thickets, and fern-covered 'rock gardens.' Brimstone Trail tackles 0.8 miles of rocky cliffs beneath Wintergreen's Plunge, mixing steep ups and downs, laurel thickets, and sweeping views toward Three Ridges—best tackled with care during icy months.","Miles: 0.8
Blaze Color: Red
Difficulty Level: Difficult

The steep and rocky cliffs provide incredible views of Three Ridges Mountain and points to the southwest. The trail meanders below the Plunge and consists of a series of steep, short up and down sections. Mountain laurel and rhododendron cover these dry-soiled slopes, along with chestnut oaks. These thickets are interrupted by “rock gardens” where rock cap fern and fly poison lily grow. Use caution in winter.

Miles: 2.6
Difficulty Level: Moderate

A 2.6-mile moderate hike along the Appalachian Trail traverses a wooden Swinging Bridge over the Tye River and travels through stands of mountain laurel and rhododendron to the Harpers Creek Shelter (AT) and Harper’s Creek, where the water gurgles through the large cascading rocks. Multiple campsites are on each side of the creek, and there’s a vault toilet up the hill from the shelter.

Directions: From State Route 56 at Crabtree Falls, take SR 56 east for approximately 3-4 miles. The Appalachian Trail crosses SR 56, and an AT parking lot is available to the right (south side) of SR 56. Head across the street from the parking lot (north) on the AT across the Swinging Bridge, and continue up the trail towards Harper’s Creek Shelter.",,https://ik.imagekit.io/OE/nelson-county/listings/brimstone-trail-image1_opRNVPbgI,"Rocky trail with hiker in distance, green leaves in foreground.",,https://ik.imagekit.io/OE/nelson-county/listings/brimstone-trail-image2_zX3Kal7WOD,"Wooden sign with red and yellow text, directions to trails, gravel road background.",,,,,,(434) 263-7015,"8519 Thomas Nelson Hwy, Lovingston, VA 22949",josh,2026-01-05,2026-01-12,https://www.google.com/maps/dir/?api=1&destination=8519%20Thomas%20Nelson%20Hwy%2C%20Lovingston%2C%20VA%2022949,https://www.youtube.com/watch?v=C90XOQeKhLw,,,,,,,,,,,,,Scenic Views; Biking; Hiking; Fishing,false,https://www.google.com/maps/dir/?api=1&destination=8519%20Thomas%20Nelson%20Hwy%2C%20Lovingston%2C%20VA%2022949,false
80,Pedlars Edge Trail,pedlars-edge-trail,Hikes & Trails,outdoor,Wintergreen Resort,"1.6-mile difficult red trail paralleling Blackrock with pedlar formation geology, open powerline birding, and wildflower-rich edge habitat. 1.6-mile difficult red trail paralleling Blackrock with pedlar formation geology, open powerline birding, and wildflower-rich edge habitat.",,,https://ik.imagekit.io/OE/nelson-county/listings/pedlars-edge-trail-image1_vnTLjWNB-,"Bird perched on icy branch, blue sky background.",,,,,,,,,(434) 263-7015,"8519 Thomas Nelson Hwy, Lovingston, VA 22949",josh,2026-01-05,2026-01-12,https://www.google.com/maps/dir/?api=1&destination=8519%20Thomas%20Nelson%20Hwy%2C%20Lovingston%2C%20VA%2022949,https://www.youtube.com/watch?v=CEseBebiAoc,,,,,,,,,,,,,Biking; Hiking,false,https://www.google.com/maps/dir/?api=1&destination=8519%20Thomas%20Nelson%20Hwy%2C%20Lovingston%2C%20VA%2022949,false
116,Skiing & Snowboarding,skiing-snowboarding,Activities,experience,Wintergreen Resort,Twice named “Best Ski Resort” by the readers of Washington Post. Twice named “Best Ski Resort” by the readers of Washington Post.,"Skiing & Snowboarding

Twice named “Best Ski Resort” by the readers of WashingtonPost.com, Wintergreen Resort boasts the most thrilling winter playground in the Mid-Atlantic. Its snow-covered amenities include the most extensive beginner-to-expert terrain for skiers and riders alike, as well as Virginia’s largest tubing park. Nestled atop the ancient Blue Ridge Mountains, Wintergreen Resort is perfect for skiing, snowboarding, and tubing—whether you’re a beginner or pro. Enjoy more time on the slopes while avoiding the lines, thanks to five chairlifts, including two lightning-fast “six pack” lifts. The resort is conveniently located for easy access from Washington D.C., Richmond, Hampton Roads, and Raleigh/Durham/Chapel Hill via well-maintained roadways.

Whether you’re planning a winter day trip or an overnight escape, look no further than this 11,000-acre resort. Wintergreen Resort offers learn-to-ski or snowboard programs for all ages and ability levels. Whether your aim is to conquer Potato Patch or hit The Highlands in style, our instructors will help you reach your goals. Sign up at the Snowsports school desk on the middle level of the Skyline Pavilion Ski Center. You will need a pre-purchased lift ticket and equipment for group lessons, private lessons, and specialty workshops. Please allow at least one hour to pick up your rentals and get situated before a lesson. The Terrain Park offers both skiers and riders the chance to hone their freestyle skills and is designed to accommodate a variety of skill levels. Some of the varieties of rails that you might find on any given day include rainbows, straight rails, battle ships, down-kinks, s-rails, and fun boxes. As for snow features, there might be tabletops, spines, or hips. Look for something new each time you come to ski or ride.

The Plunge at Wintergreen Resort is Virginia’s largest tubing park. Imagine being on top of a ten-story building and looking out over a hill that’s longer than three football fields. Now imagine going downhill on a tube at speeds reaching 30 mph. That’s The Plunge! Thrills and chills without the spills. To make it even easier, our conveyor lift will bring you and your tube comfortably and quickly back up the hill so you can do it again and again. Some of our guests call it the “scream machine,” and we think you’ll agree! It’s just plain tubular fun.",,https://ik.imagekit.io/OE/nelson-county/listings/skiing-snowboarding-image1_AF2O5qfQA,"Two snowboarders in winter gear, smiling, holding snowboards, with mountain background.",,,,,,,,,(434) 325-2100,"39 Mountain Inn Loop, Wintergreen, VA 22967",josh,2026-01-05,2026-01-12,https://www.google.com/maps/dir/?api=1&destination=39%20Mountain%20Inn%20Loop%2C%20Wintergreen%2C%20VA%2022967,https://www.youtube.com/watch?v=ddJ2_pjukfI,,,,,,,,,,,,,Scenic Views; Snow Sports; Water Sports,true,https://www.google.com/maps/dir/?api=1&destination=39%20Mountain%20Inn%20Loop%2C%20Wintergreen%2C%20VA%2022967,false
62,Chestnut Springs Trail,chestnut-springs-trail,Hikes & Trails,outdoor,Wintergreen Resort,"1.1-mile yellow-red loop leaving Shamokin Gorge to traverse oak-hickory ridges, spring wildflowers, and stream crossings near Wintergreen. 1.1-mile yellow-red loop leaving Shamokin Gorge to traverse oak-hickory ridges, spring wildflowers, and stream crossings near Wintergreen.","Miles: 1.1
Blaze Color: Yellow-Red
Difficulty Level: Moderate
Directions: <a href=https://goo.gl/maps/fpNe9zxvjvkMc2Ks9 target=_blank rel=noopener noreferrer>Google Maps</a>

The north end of the Chestnut Springs Trail leaves the stream and the yellow birches and rhododendron of the Shamokin Gorge, entering an oak-hickory forest. As the trail moves into south-facing territory, several small streams cross the path.

This southern end is ideal for spring wildflowers such as bloodroot, wild ginger, and violets, all of which bloom in April. Be cautious of stinging nettle (long pants recommended) and use caution in winter.",,https://ik.imagekit.io/OE/nelson-county/listings/chestnut-springs-trail-image1_QehjN4ktm,Wooden trail sign with engraved text surrounded by lush green foliage.,,,,,,,,,(434) 263-7015,"8519 Thomas Nelson Hwy, Lovingston, VA 22949",josh,2026-01-05,2026-01-12,https://www.google.com/maps/dir/?api=1&destination=8519%20Thomas%20Nelson%20Hwy%2C%20Lovingston%2C%20VA%2022949,https://www.youtube.com/watch?v=E5Fj329cUBc,,,,,,,,,,,,,Hiking; Biking,false,https://www.google.com/maps/dir/?api=1&destination=8519%20Thomas%20Nelson%20Hwy%2C%20Lovingston%2C%20VA%2022949,false
115,Soaring,soaring,Activities,experience,Lovingston,"Shenandoah Valley Soaring operates from a gliderport in Nellysford, inviting visitors to watch—or join—weekend flights over the Blue Ridge with a 50-member club that flies classic and modern sailplanes. This group group of 50+ members enjoys soaring over the Blue Ridge Mountains in classic and state of the art gliders, harnessing the power of nature to sustain our flights.","Soaring is a vibrant group of 50+ members who enjoy soaring over the Blue Ridge Mountains in both classic and state-of-the-art gliders, harnessing the power of nature to sustain our flights. We always welcome visitors interested in flight! SVS is a very active club, with operations on nearly every flyable weekend day throughout the year.

On most flying days, we have canopies set up with lawn chairs and snacks, allowing everyone to enjoy their time both in the air and on the ground. Visitors are always welcome, and we hope you will come to visit and consider joining the club to become a regular member.",,https://ik.imagekit.io/OE/nelson-county/listings/soaring-image1_yNKVZurmi,Two aircraft on grassy field with mountains and cloudy sky background.,,,,,,,,,(434) 981-4359,"604 Dillard Hill Road, Lovingston, VA 22949",josh,2026-01-05,2026-01-12,https://www.google.com/maps/dir/?api=1&destination=604%20Dillard%20Hill%20Road%2C%20Lovingston%2C%20VA%2022949,https://www.youtube.com/watch?v=fj13w5vb9Nk,,,,,,,,,,,,,Scenic Views; Tastings,false,https://www.google.com/maps/dir/?api=1&destination=604%20Dillard%20Hill%20Road%2C%20Lovingston%2C%20VA%2022949,false
87,Upper Shamokin Gorge Trail,upper-shamokin-gorge-trail,Hikes & Trails,outdoor,Wintergreen Resort,"Challenging 0.8-mile red trail in the Upper Shamokin Gorge with stream crossings, lush understory, and links to the Appalachian Trail. Challenging 0.8-mile red trail in the Upper Shamokin Gorge with stream crossings, lush understory, and links to the Appalachian Trail.","Miles: 0.8
Blaze Color: Red
Difficulty Level: Difficult

Directions: <a href=https://goo.gl/maps/worqnjvdmccjF1MJ9 target=_blank rel=noopener noreferrer>Google Maps</a>

One of the more beautiful and challenging hikes on the mountain, the Upper Shamokin Gorge Trail starts on Laurel Springs Drive near Wolftrap Lane. It follows and crosses the headwaters of Stoney Creek at several spots. Enjoy the stunning scenery as you navigate this rewarding trail!",,https://ik.imagekit.io/OE/nelson-county/listings/upper-shamokin-gorge-trail-image1_tKh9Zdsqi,Flowing stream through forest with rocks and autumn foliage.,,,,,,,,,(434) 263-7015,"8519 Thomas Nelson Hwy, Lovingston, VA 22949",josh,2026-01-05,2026-01-12,https://www.google.com/maps/dir/?api=1&destination=8519%20Thomas%20Nelson%20Hwy%2C%20Lovingston%2C%20VA%2022949,https://www.youtube.com/watch?v=hd-69eHiBg0,,,,,,,,,,,,,Hiking; Biking; Appalachian Trail; Water Sports,false,https://www.google.com/maps/dir/?api=1&destination=8519%20Thomas%20Nelson%20Hwy%2C%20Lovingston%2C%20VA%2022949,false
74,Mau-Har Trail,mau-har-trail,Hikes & Trails,outdoor,Tyro,"Three-mile Mau-Har connector through the Three Ridges Wilderness linking with the Appalachian Trail past cascades, rock scrambles, and shelters. Three-mile Mau-Har connector through the Three Ridges Wilderness linking with the Appalachian Trail past cascades, rock scrambles, and shelters.","The blue-blazed Mau-Har Trail provides an excellent circuit hike in conjunction with the <a href=https://en.wikipedia.org/wiki/Appalachian_Trail target=_blank rel=noopener noreferrer>Appalachian Trail</a> through the <a href=https://en.wikipedia.org/wiki/Three_Ridges_Wilderness target=_blank rel=noopener noreferrer>Three Ridges Wilderness</a> area in Nelson County. The Appalachian Trail crosses through the wilderness for approximately ten miles. This section of the Appalachian Trail, combined with the three-mile-long Mau-Har Trail, creates “one of the best loop trails in the state of Virginia,” according to one guidebook. These trails are maintained by the Tidewater Appalachian Trail Club, a trail maintenance club affiliated with the <a href=https://en.wikipedia.org/wiki/Appalachian_Trail_Conservancy target=_blank rel=noopener noreferrer>Appalachian Trail Conservancy</a>.

There are two Appalachian Trail shelters within the wilderness: the Maupin Field Shelter to the north and the Harper’s Creek Shelter, located 2.6 trail miles from the Tye River. The trail begins on the A.T. 1.8 miles from Reeds Gap and continues for 3.3 miles through steep terrain, passing near the 50-foot Campbell’s Creek waterfall. The trail ends on the A.T., 1.5 miles from the junction of the A.T. and Route 56.",,https://ik.imagekit.io/OE/nelson-county/listings/mau-har-trail-image1_eNNMwbi1U,Small waterfall cascading over rocks surrounded by autumn foliage.,,,,,,,,,(434) 263-7015,"Blue Ridge Parkway Milepost 13.7, Roseland, VA 22967",josh,2026-01-05,2026-01-12,https://www.google.com/maps/dir/?api=1&destination=Blue%20Ridge%20Parkway%20Milepost%2013.7%2C%20Roseland%2C%20VA%2022967,https://www.youtube.com/watch?v=I0-Z8sJtkvg,,,,,Overview,"<p>The Mau-Har Trail is a scenic backcountry hiking route in the George Washington National Forest, known for its waterfalls, stream crossings, and forested mountain terrain.</p><p>The trail is often used as part of a loop hike that includes the nearby Appalachian Trail.</p>",Trail Experience,"<p>The Mau-Har Trail is approximately <strong>3 miles one way</strong> and is considered <strong>moderate to strenuous</strong>. The route follows a creek corridor with multiple stream crossings and includes steady elevation change.</p><p>Footing can be rocky and uneven, particularly after rain.</p>",Safety Information,"<p>Stream crossings may be difficult during periods of high water. Visitors should use caution, especially after heavy rainfall.</p><p>Because this is a backcountry trail, preparation and navigation awareness are important.</p>",Planning Your Visit,"<p>Hikers should carry sufficient water, wear sturdy footwear, and allow adequate time for the hike. Checking weather conditions before starting is strongly recommended.</p>",Hiking; Biking; Appalachian Trail; Water Sports,false,https://www.google.com/maps/dir/?api=1&destination=Blue%20Ridge%20Parkway%20Milepost%2013.7%2C%20Roseland%2C%20VA%2022967,false
82,Ravens Roost Park,ravens-roost-park,Hikes & Trails,outdoor,Wintergreen Resort,"0.5-mile yellow loop through mixed forest with wildflower displays, solitude, and access from White Oak Drive or Wintergreen Drive. Ravens Roost Park offers a half-mile yellow-blazed wander through deep forest to a favorite Skyline Drive overlook for sunrise, sunset, and wildflower spotting.",,,https://ik.imagekit.io/OE/nelson-county/listings/ravens-roost-park-image1_1twDjr3Lr,Wooden deck overlooks vast green forest landscape and distant horizon.,,,,,,,,,(434) 263-7015,"8519 Thomas Nelson Hwy, Lovingston, VA 22949",josh,2026-01-05,2026-01-12,https://www.google.com/maps/dir/?api=1&destination=8519%20Thomas%20Nelson%20Hwy%2C%20Lovingston%2C%20VA%2022949,https://www.youtube.com/watch?v=im3xJ1yNeao,,,,,,,,,,,,,Seasonal Menu; Hiking; Biking,false,https://www.google.com/maps/dir/?api=1&destination=8519%20Thomas%20Nelson%20Hwy%2C%20Lovingston%2C%20VA%2022949,false
85,Trillium Field,trillium-field,Hikes & Trails,outdoor,Wintergreen Resort,"Trillium Field is a pocket-sized 0.1-mile stroll where thousands of white and pink trillium bloom in early May on the corner of Wintergreen Drive and Devils Knob Loop. Easy 0.1-mile stroll where thousands of trillium bloom each May along Wintergreen Drive and Devils Knob Loop, with wildflowers through summer.","Miles: 0.1
Blaze Color: Yellow
Difficulty Level: Easy

In early May, the bloom from thousands of trillium blankets the forest floor with white and pink. The Trillium Field provides habitat for wildflower species that bloom throughout the warmer months.

Miles: 2.6
Difficulty Level: Moderate

A 2.6-mile moderate hike along the Appalachian Trail traverses a wooden swinging bridge over the Tye River and travels through stands of mountain laurel and rhododendron to the Harpers Creek Shelter (AT) and Harper’s Creek, where the water gurgles through the large cascading rocks. Multiple campsites are located on each side of the creek, and there’s a vault toilet up the hill from the shelter.

Directions: From State Route 56 at Crabtree Falls, take SR 56 east for approximately 3-4 miles. The Appalachian Trail crosses SR 56, and an AT parking lot is available to the right (south side) of SR 56. Head across the street from the parking lot (north) on the AT across the swinging bridge, and continue up the trail towards Harper’s Creek Shelter.",,https://ik.imagekit.io/OE/nelson-county/listings/trillium-field-image1_7pHAG-Gk3,Pink and white flowers with green leaves in a forest setting.,,,,,,,,,(434) 263-7015,"8519 Thomas Nelson Hwy, Lovingston, VA 22949",josh,2026-01-05,2026-01-12,https://www.google.com/maps/dir/?api=1&destination=8519%20Thomas%20Nelson%20Hwy%2C%20Lovingston%2C%20VA%2022949,https://www.youtube.com/watch?v=im3xJ1yNeao,,,,,,,,,,,,,Seasonal Menu; Biking; Hiking,false,https://www.google.com/maps/dir/?api=1&destination=8519%20Thomas%20Nelson%20Hwy%2C%20Lovingston%2C%20VA%2022949,false
88,White Oak Trail,white-oak-trail,Hikes & Trails,outdoor,Wintergreen Resort,"White Oak Trail serves up a half-mile of shady solitude, spring wildflowers, and birdwatching between White Oak Drive and Wintergreen Drive. 0.5-mile moderate yellow trail offering bird-friendly woods, wildflowers, and a quiet loop accessible from White Oak or Wintergreen drives.",,,https://ik.imagekit.io/OE/nelson-county/listings/white-oak-trail-image1_X40JzxeuX,Trail sign surrounded by lush green foliage in misty forest.,,,,,,,,,(434) 263-7015,"8519 Thomas Nelson Hwy, Lovingston, VA 22949",josh,2026-01-05,2026-01-12,https://www.google.com/maps/dir/?api=1&destination=8519%20Thomas%20Nelson%20Hwy%2C%20Lovingston%2C%20VA%2022949,https://www.youtube.com/watch?v=im3xJ1yNeao,,,,,,,,,,,,,Seasonal Menu; Hiking; Biking,false,https://www.google.com/maps/dir/?api=1&destination=8519%20Thomas%20Nelson%20Hwy%2C%20Lovingston%2C%20VA%2022949,false
90,Three Ridges,three-ridges,Hikes & Trails,outdoor,Tyro,"The 13.3-mile Three Ridges loop is one of Virginia's premier backpacking routes, delivering waterfalls, rocky knife-edge climbs, and big Appalachian vistas south of Wintergreen. Expect strenuous terrain, overnight camping zones, and bragging rights after tackling this rugged circuit.","Miles: 13.3
Blaze Color: Red
Difficulty Level: Difficult

For a very long and rugged trail near Wintergreen, check out Three Ridges Trail. It is a 13.3-mile heavily trafficked loop that some hikers take two days to cover. The trail features a waterfall and is rated as difficult.

Another option is the Three Ridges on Hiking Upward, which offers a 2.6-mile moderate hike along the Appalachian Trail. This route traverses a wooden Swinging Bridge over the Tye River and travels through stands of mountain laurel and rhododendron to the Harpers Creek Shelter (AT) and Harper’s Creek, where the water gurgles through large cascading rocks. Multiple campsites are available on each side of the creek, and there’s a vault toilet up the hill from the shelter.

Directions from State Route 56 at Crabtree Falls: Take SR 56 east for approximately 3-4 miles. The Appalachian Trail crosses SR 56, and an AT parking lot is available to the right (south side) of SR 56. Head across the street from the parking lot (north) on the AT across the Swinging Bridge, and continue up the trail towards Harper’s Creek Shelter.",,https://ik.imagekit.io/OE/nelson-county/listings/three-ridges-image1_FeDL-sZPk,"Small waterfall flowing over rocks, surrounded by autumn leaves and trees.",,,,,,,,,(434) 263-7015,"Reeds Gap Trailhead, Route 664, Roseland, VA 22967",josh,2026-01-05,2026-01-12,https://www.google.com/maps/dir/?api=1&destination=Reeds%20Gap%20Trailhead%2C%20Route%20664%2C%20Roseland%2C%20VA%2022967,https://www.youtube.com/watch?v=INMLTLKSVAk,,,,,,,,,,,,,Hiking; Biking; Appalachian Trail; Water Sports,false,https://www.google.com/maps/dir/?api=1&destination=Reeds%20Gap%20Trailhead%2C%20Route%20664%2C%20Roseland%2C%20VA%2022967,false
69,Humpback Rocks,humpback-rocks,Hikes & Trails,outdoor,Lyndhurst,"Humpback Rocks rewards a short but steep 2-mile loop climb with 360-degree Blue Ridge panoramas; start from the visitor center near Parkway milepost 5.8 and plan on about 45 minutes up, 20 down. Popular 2-mile loop to the Humpback Rocks summit, ascending 740 feet for 360° Blue Ridge views near Parkway milepost 5.8.",,,https://ik.imagekit.io/OE/nelson-county/listings/humpback-rocks-image1_f_nN7bZ7z,Sunrise over misty valley with rocky foreground and scattered clouds.,,,,,,,,,(540) 943-4716,"Humpback Gap Parking Area, Milepost 5.8 Blue Ridge Parkway, Lyndhurst, VA 22952",josh,2026-01-05,2026-01-12,https://www.google.com/maps/dir/?api=1&destination=Humpback%20Gap%20Parking%20Area%2C%20Milepost%205.8%20Blue%20Ridge%20Parkway%2C%20Lyndhurst%2C%20VA%2022952,https://www.youtube.com/watch?v=MouDyX0MDvo,,,,,Overview,"<p>Humpback Rocks is one of the most popular hiking destinations in the Blue Ridge Mountains, known for its dramatic rock outcrop and sweeping views of the Shenandoah Valley and surrounding ridgelines.</p><p>The summit provides one of the most recognizable viewpoints along the Blue Ridge Parkway.</p>",Trail Experience,"<p>The primary trail to Humpback Rocks is approximately <strong>2 miles round-trip</strong> and is considered <strong>strenuous</strong> due to its steep climb and rocky steps.</p><p>Although the distance is short, the elevation gain is significant and requires good physical conditioning.</p>",Safety Information,"<p>The summit area includes exposed rock and steep drop-offs. Visitors should use caution near edges and be mindful of weather conditions, particularly high winds or wet surfaces.</p>",Planning Your Visit,"<p>Because of its popularity, Humpback Rocks can be busy during peak seasons. Arriving early and wearing sturdy footwear can help ensure a safer and more enjoyable hike.</p>",Scenic Views; Biking; Hiking,false,https://www.google.com/maps/dir/?api=1&destination=Humpback%20Gap%20Parking%20Area%2C%20Milepost%205.8%20Blue%20Ridge%20Parkway%2C%20Lyndhurst%2C%20VA%2022952,false
81,Pond Hollow Trail,pond-hollow-trail,Hikes & Trails,outdoor,Wintergreen Resort,"One-mile red-blazed route along a geologic fault line with displaced boulders, varied plant communities, and bobcat-friendly habitat. Pond Hollow Trail is a demanding 1-mile route threaded through a geologic fault line littered with house-sized boulders and prime bobcat habitat.",,,https://ik.imagekit.io/OE/nelson-county/listings/pond-hollow-trail-image1_Ej7WY6jiu,Group of people walking through lush green forest near rocky cliff.,,,,,,,,,(434) 263-7015,"8519 Thomas Nelson Hwy, Lovingston, VA 22949",josh,2026-01-05,2026-01-12,https://www.google.com/maps/dir/?api=1&destination=8519%20Thomas%20Nelson%20Hwy%2C%20Lovingston%2C%20VA%2022949,https://www.youtube.com/watch?v=nLlzm-zJRYU,,,,,,,,,,,,,Biking; Hiking,false,https://www.google.com/maps/dir/?api=1&destination=8519%20Thomas%20Nelson%20Hwy%2C%20Lovingston%2C%20VA%2022949,false
61,Cedar Ciffs North Trail,cedar-ciffs-north-trail,Hikes & Trails,outdoor,Wintergreen Resort,"Cool, damp 0.7-mile north-facing spur paralleling Cedar Cliffs with mossy boulders, ferny slopes, and connections to the primary overlook trail. Cool, damp 0.7-mile north-facing spur paralleling Cedar Cliffs with mossy boulders, ferny slopes, and connections to the primary overlook trail.","Miles: 0.7
Blaze Color: Red
Difficulty Level: Moderate to Difficult
Directions: <a href=https://goo.gl/maps/7WU3boDV7oaX85P79 target=_blank rel=noopener noreferrer>Google Maps</a>

Cedar Cliffs North Trail runs parallel to the Cedar Cliffs Main Trail on a north-facing slope, creating cool, damp conditions. The trail is boulder-strewn and offers a beautifully scenic walk. While it presents some challenges, the effort is well worth it as it connects to the Cedar Cliffs Main Trail and overlook. Please note that the trail is closed in winter.",,https://ik.imagekit.io/OE/nelson-county/listings/cedar-ciffs-north-trail-image1_43xSez7xo,"Wooden trail sign with colored text and arrow, rocky background, and greenery.",,,,,,,,,(434) 263-7015,"8519 Thomas Nelson Hwy, Lovingston, VA 22949",josh,2026-01-05,2026-01-12,https://www.google.com/maps/dir/?api=1&destination=8519%20Thomas%20Nelson%20Hwy%2C%20Lovingston%2C%20VA%2022949,https://www.youtube.com/watch?v=NMIQRgCLF4c,,,,,,,,,,,,,Scenic Views; Seasonal Menu; Biking; Hiking,false,https://www.google.com/maps/dir/?api=1&destination=8519%20Thomas%20Nelson%20Hwy%2C%20Lovingston%2C%20VA%2022949,false
63,Crabtree Falls,crabtree-falls,Hikes & Trails,outdoor,Montebello,"Crabtree Falls features five major cascades dropping 1,200 feet—the highest vertical-drop waterfall east of the Mississippi—with paved lower overlook and a 3-mile trail to upper vistas. Crabtree Falls cascades 1,200 vertical feet across five major drops, with an accessible first overlook near the parking area and a 3-mile trail to additional viewpoints for hikers seeking panoramic Blue Ridge vistas.","Crabtree Falls, photo credit: Matthew Blouir. Travelers have been trading in their long vacations for shorter day trips during these unprecedented times. Those who are looking for the perfect day trip should travel peaceful Nelson County roads to Crabtree Falls. This picturesque and historic location is seriously beautiful any time of the year.

Crabtree Falls is located in the Montebello area and is dubbed the highest cascading waterfall east of the Mississippi River. The falls are comprised of five major cascades, with the first overlook just 700 feet from the upper parking lot along a gentle, paved trail. The Crabtree Falls hike is unique; as you wind around the mountain, you will be hiking next to the falls for the entire way up. For amateur photographers, there are plenty of scenic views at which to stop and take pictures. Hikers of all ages and abilities can enjoy views of the falls. There is a small parking fee per vehicle. If you’re enjoying a day trip with your dog, just make sure they are well-behaved and on a leash. Always stay on the trail. The falls are open year-round from dawn to dusk, and it takes around three hours for a round-trip hike. If you’re thinking of staying a night, there are nearby cabins, glamping, and camping options. Spring in Nelson County is all misty skies and bright flower buds.",,https://ik.imagekit.io/OE/nelson-county/listings/crabtree-falls-image1_IXQ2lOEKu,Waterfall cascading over rocks surrounded by lush green foliage.,,,,,,,,,,"11581 Crabtree Falls Highway, Montebello, VA 24464",josh,2026-01-05,2026-01-12,https://www.google.com/maps/dir/?api=1&destination=11581%20Crabtree%20Falls%20Highway%2C%20Montebello%2C%20VA%2024464,https://www.youtube.com/watch?v=NQTLh-j5MzA,,,,,Overview,"<p>Crabtree Falls is one of the most well-known waterfall hikes in Virginia, featuring a series of cascading waterfalls that descend more than 1,200 feet along the eastern slope of the Blue Ridge Mountains. The trail follows Crabtree Creek through a steep, wooded gorge and offers multiple designated viewpoints of the falls.</p><p>The site is managed as a protected natural area and is valued for both its scenic beauty and its challenging terrain.</p>",Trail Experience,"<p>The main trail to Crabtree Falls is approximately <strong>3 miles round-trip</strong> and is considered <strong>strenuous</strong>. The route is steep and rocky, with uneven footing, exposed roots, and narrow sections along the gorge.</p><p>Elevation gain is significant, especially on the return hike uphill, and the trail requires good physical condition and sturdy footwear.</p>",Safety Information,"<p>Crabtree Falls has a history of serious accidents, often caused by visitors leaving the marked trail or climbing on wet rocks near the water. Staying on designated paths and observing posted warnings is essential.</p><p>Visitors should never attempt to climb the falls or cross barriers placed for safety.</p>",Planning Your Visit,"<p>Due to the difficulty of the trail, Crabtree Falls is best suited for experienced hikers. Visitors should allow adequate time for the hike, carry water, and be prepared for changing weather conditions.</p><p>Practicing Leave No Trace principles helps protect both visitors and the natural environment.</p>",Scenic Views; Parking; Biking; Hiking; Water Sports,false,https://www.google.com/maps/dir/?api=1&destination=11581%20Crabtree%20Falls%20Highway%2C%20Montebello%2C%20VA%2024464,false
89,White Rock Falls,white-rock-falls,Hikes & Trails,outdoor,Montebello,"White Rock Falls is a 2.5-mile moderate hike along the Blue Ridge Parkway that showcases an impressive gorge, a wading-friendly waterfall, and northeast-facing mountain views on the climb out. 2.5-mile moderate waterfall hike with natural wading pools, gorge views, and options to extend via the Slacks Overlook loop on the Parkway.",,,https://ik.imagekit.io/OE/nelson-county/listings/white-rock-falls-image1_t3PUF_tMy,Small waterfall flowing down rocky terrain surrounded by trees.,,,,,,,,,(434) 263-7015,"Blue Ridge Parkway Milepost 19, Montebello, VA 24464",josh,2026-01-05,2026-01-12,https://www.google.com/maps/dir/?api=1&destination=Blue%20Ridge%20Parkway%20Milepost%2019%2C%20Montebello%2C%20VA%2024464,https://www.youtube.com/watch?v=ROOLpZZYbHQ,,,,,Overview,"<p>White Rock Falls is a scenic waterfall located in the Blue Ridge Mountains, reached by a forested hiking trail. The falls cascade over exposed rock, creating a striking natural feature that varies with seasonal water flow.</p><p>The area is quieter and less developed than some nearby waterfall destinations.</p>",Trail Experience,"<p>The hike to White Rock Falls is relatively short but considered <strong>moderate to strenuous</strong> due to rocky footing, elevation changes, and stream crossings.</p><p>While the distance is manageable, hikers should expect uneven terrain and steady climbing.</p>",Safety & Planning,"<p>Trail conditions can change with weather and rainfall, making rocks and stream crossings slippery. Sturdy footwear is recommended.</p><p>Visitors should remain on the established trail to reduce risk and protect the surrounding environment.</p>",,,Pool; Biking; Hiking; Water Sports,false,https://www.google.com/maps/dir/?api=1&destination=Blue%20Ridge%20Parkway%20Milepost%2019%2C%20Montebello%2C%20VA%2024464,false
67,Hemlock Springs Loop,hemlock-springs-loop,Hikes & Trails,outdoor,Wintergreen Resort,"Hemlock Springs Loop is a 0.8-mile route known for pink and yellow lady's slippers and an old-growth hemlock stand impacted by woolly adelgid—offering a sensitive habitat best navigated with care. 0.8-mile yellow-red loop highlighting pink and yellow lady's-slipper habitat, old-growth hemlock remnants, and moderate climbs near Wintergreen.","Miles: 0.8
Blaze Color: Yellow-Red
Difficulty Level: Moderate to Difficult

Directions: <a href=https://goo.gl/maps/worqnjvdmccjF1MJ9 target=_blank rel=noopener noreferrer>Google Maps</a>

This trail is one of the only areas that provides habitat for both pink and yellow ladyslippers. Enjoy a scenic hike that showcases the beauty of these unique flowers in their natural environment.",,https://ik.imagekit.io/OE/nelson-county/listings/hemlock-springs-loop-image1_hX7dh-gSI,Person standing on large rock surrounded by green grass.,,,,,,,,,(434) 263-7015,"8519 Thomas Nelson Hwy, Lovingston, VA 22949",josh,2026-01-05,2026-01-12,https://www.google.com/maps/dir/?api=1&destination=8519%20Thomas%20Nelson%20Hwy%2C%20Lovingston%2C%20VA%2022949,https://www.youtube.com/watch?v=rxKTg8wKULo,,,,,,,,,,,,,Hiking; Biking,false,https://www.google.com/maps/dir/?api=1&destination=8519%20Thomas%20Nelson%20Hwy%2C%20Lovingston%2C%20VA%2022949,false
76,Nelson County Wilderness Area,nelson-county-wilderness-area,Hikes & Trails,outdoor,Montebello,"Protected wilderness spanning The Priest and Three Ridges with rugged Appalachian Trail miles, dramatic elevation changes, and backcountry solitude. Protected wilderness spanning The Priest and Three Ridges with rugged Appalachian Trail miles, dramatic elevation changes, and backcountry solitude.","<a href=http://www.wilderness.net/NWPS/wildView?WID=601 target=_blank rel=noopener noreferrer>The Wilderness</a> designation provides permanent protection for the two areas in their natural state. <a href=https://www.hikingupward.com/GWNF/ThePriest/ target=_blank rel=noopener noreferrer>The Priest</a>, nearly 6,000 acres, rises from an elevation of about 1,000 feet at the Tye River to 4,063 feet. <a href=https://www.hikingupward.com/gwnf/threeridges/ target=_blank rel=noopener noreferrer>Three Ridges</a>, encompassing 4,608 acres, is one of the wildest and most rugged areas in the Virginia Blue Ridge.

One of the accesses to the area is the <a href=https://appalachiantrail.org/ target=_blank rel=noopener noreferrer>Appalachian Trail</a>, which runs through this scenic wilderness. The Three Ridges Map indicates a 2.6-mile hike with a moderate difficulty level. This trail traverses a wooden swinging bridge over the Tye River and travels through stands of mountain laurel and rhododendron to the Harpers Creek Shelter (AT) and Harper’s Creek, where the water gurgles through large cascading rocks. Multiple campsites are located on each side of the creek, and there’s a vault toilet up the hill from the shelter.

Directions from State Route 56 at Crabtree Falls: Take SR 56 east for approximately 3-4 miles. The Appalachian Trail crosses SR 56, and an AT parking lot is available to the right (south side) of SR 56. Head across the street from the parking lot (north) on the AT across the swinging bridge, and continue up the trail towards Harper’s Creek Shelter.",,https://ik.imagekit.io/OE/nelson-county/listings/nelson-county-wilderness-area-image1_kdVr3IMtp,Hiker with a green backpack walking through a forest.,,,,,,,,,(434) 263-7015,"George Washington National Forest, Montebello, VA 24464",josh,2026-01-05,2026-01-12,https://www.google.com/maps/dir/?api=1&destination=George%20Washington%20National%20Forest%2C%20Montebello%2C%20VA%2024464,https://www.youtube.com/watch?v=sAtnq74NMgI,,,,,,,,,,,,,Hiking; Biking; Appalachian Trail; Water Sports,false,https://www.google.com/maps/dir/?api=1&destination=George%20Washington%20National%20Forest%2C%20Montebello%2C%20VA%2024464,false
58,Blackrock Trail,blackrock-trail,Hikes & Trails,outdoor,Wintergreen Resort,"0.8-mile red-blazed climb on a south-facing slope showcasing mountain laurel, rose azalea, and pedlar gneiss outcrops with connections to Pedlars Edge Trail. Blackrock Trail is a steep 0.8-mile red-blazed climb over pedlar gneiss outcrops where chestnut oak, mountain laurel, and table mountain pine cling to dry slopes—rewarding hikers with rugged views each June bloom season.","Miles: 0.8
Blaze Color: Red
Difficulty Level: Difficult

Blackrock Trail is located on a south-facing slope, which promotes the dry, thin soils along the Pedlar gneiss rock formations. Mountain laurel, blueberry, and rose azalea thrive in this harsh environment and are in bloom during June. The dominant tree species found along the trail are chestnut oak and table mountain pine; note the way the southwest winds shape these pines. The trail connects to the Pedlars Edge Trail. Use caution in winter.

Miles: 2.6
Difficulty Level: Moderate

A 2.6-mile moderate hike along the Appalachian Trail traverses a wooden Swinging Bridge over the Tye River and travels through stands of mountain laurel and rhododendron to the Harpers Creek Shelter (AT) and Harper’s Creek, where the water gurgles through the large cascading rocks. Multiple campsites are on each side of the creek, and there’s a vault toilet up the hill from the shelter.

Directions: From State Route 56 at Crabtree Falls, take SR 56 east for approximately 3-4 miles. The Appalachian Trail crosses SR 56, and an AT parking lot is available to the right (south side) of SR 56. Head across the street from the parking lot (north) on the AT across the Swinging Bridge, and continue up the trail towards Harper’s Creek Shelter.",,https://ik.imagekit.io/OE/nelson-county/listings/blackrock-trail-image1_icsrDn5Xh,Forest trail with rocks and dense green foliage surrounding trees.,,,,,,,,,(434) 263-7015,"8519 Thomas Nelson Hwy, Lovingston, VA 22949",josh,2026-01-05,2026-01-12,https://www.google.com/maps/dir/?api=1&destination=8519%20Thomas%20Nelson%20Hwy%2C%20Lovingston%2C%20VA%2022949,https://www.youtube.com/watch?v=TrcrOdSjQwQ,,,,,,,,,,,,,Scenic Views; Biking; Hiking,false,https://www.google.com/maps/dir/?api=1&destination=8519%20Thomas%20Nelson%20Hwy%2C%20Lovingston%2C%20VA%2022949,false
83,Shamokin Springs Nature Preserve,shamokin-springs-nature-preserve,Hikes & Trails,outdoor,Lovingston,"0.3-mile preserve loop protecting high-elevation wetlands with braided streams, northern plant species, and easy access for families. 0.3-mile preserve loop protecting high-elevation wetlands with braided streams, northern plant species, and easy access for families.","Miles: 0.3
Blaze Color: Yellow
Difficulty Level: Easy

This nature preserve, located in the heart of Wintergreen’s community, is one of the most unique environments on the mountain. The high elevation wetland features braided streams and is home to northern plant species, making it a favorite destination for families. A Nature Preserve Guide can be found at the trail entrance or at <a href=https://www.tnfw.org/trilliumhouse target=_blank rel=noopener noreferrer>Trillium House</a>.

Miles: 2.6
Difficulty Level: Moderate

For a more challenging experience, a 2.6-mile moderate hike along the Appalachian Trail traverses a wooden Swinging Bridge over the Tye River. This trail travels through stands of mountain laurel and rhododendron, leading to the Harpers Creek Shelter and Harper’s Creek, where the water gurgles through large cascading rocks. Multiple campsites are available on each side of the creek, and there’s a vault toilet located up the hill from the shelter.

Directions: From State Route 56 at Crabtree Falls, take SR 56 east for approximately 3-4 miles. The Appalachian Trail crosses SR 56, and an AT parking lot is available on the right (south side) of SR 56. Head across the street from the parking lot (north) on the AT, cross the Swinging Bridge, and continue up the trail towards Harper’s Creek Shelter.",,https://ik.imagekit.io/OE/nelson-county/listings/shamokin-springs-nature-preserve-image1_06TPiH1-t,Small waterfall cascading over rocks in a forest stream.,,https://ik.imagekit.io/OE/nelson-county/listings/shamokin-springs-nature-preserve-image2_sDnCAzjbr,Mountain landscape with distant green hills and scattered clouds beneath blue sky.,,,,,,(434) 263-7015,"8519 Thomas Nelson Hwy, Lovingston, VA 22949",josh,2026-01-05,2026-01-12,https://www.google.com/maps/dir/?api=1&destination=8519%20Thomas%20Nelson%20Hwy%2C%20Lovingston%2C%20VA%2022949,https://www.youtube.com/watch?v=VPlJNnuUq8g,,,,,,,,,,,,,Educational; Family Friendly; Biking; Hiking,false,https://www.google.com/maps/dir/?api=1&destination=8519%20Thomas%20Nelson%20Hwy%2C%20Lovingston%2C%20VA%2022949,false
86,Upper Shamokin Falls Trail,upper-shamokin-falls-trail,Hikes & Trails,outdoor,Wintergreen Resort,"Upper Shamokin Falls Trail is a gentle 0.4-mile walk that follows the sound of tumbling water to fern-draped cascades—perfect for all ages. Stay on the marked path and off the slick rock edges, but don't forget the camera for this signature Wintergreen scene.","Miles: 0.4
Blaze Color: Yellow
Difficulty Level: Easy

Directions: <a href=https://goo.gl/maps/7nf9BFjD9zG5dzJS7 target=_blank rel=noopener noreferrer>Google Maps</a>

One of the most popular and beautiful hikes on the mountain. Enjoy the scenic views and the tranquility of nature as you explore this easy trail. Perfect for families and casual hikers alike!",,https://ik.imagekit.io/OE/nelson-county/listings/upper-shamokin-falls-trail-image1_ce-OXirm6,"Waterfall cascading over moss-covered rocks, surrounded by lush green forest.",,,,,,,,,(434) 263-7015,"8519 Thomas Nelson Hwy, Lovingston, VA 22949",josh,2026-01-05,2026-01-12,https://www.google.com/maps/dir/?api=1&destination=8519%20Thomas%20Nelson%20Hwy%2C%20Lovingston%2C%20VA%2022949,https://www.youtube.com/watch?v=VPlJNnuUq8g,,,,,,,,,,,,,Family Friendly; Hiking; Biking; Water Sports,false,https://www.google.com/maps/dir/?api=1&destination=8519%20Thomas%20Nelson%20Hwy%2C%20Lovingston%2C%20VA%2022949,false
66,Fortune's Ridge Trail,fortunes-ridge-trail,Hikes & Trails,outdoor,Wintergreen Resort,"1.1-mile red-blazed path following Fortunes Ridge stream with cascades, laurel blooms, and access points from Fortunes Ridge and Wintergreen Drive. 1.1-mile red-blazed path following Fortunes Ridge stream with cascades, laurel blooms, and access points from Fortunes Ridge and Wintergreen Drive.","Miles: 1.1
Blaze Color: Red
Difficulty Level: Moderate to Difficult

Fortune's Ridge Trail follows a cold mountain stream over cascading rock formations. This scenic hike offers a blend of natural beauty and challenging terrain, making it a rewarding experience for outdoor enthusiasts. Enjoy the sights and sounds of nature as you navigate this captivating trail.",,https://ik.imagekit.io/OE/nelson-county/listings/fortune-s-ridge-trail-image1_INFnASltm,Wooden trail sign reads 'Laurel Ridge Loop 3 Mile' in forest.,,,,,,,,,(434) 263-7015,"8519 Thomas Nelson Hwy, Lovingston, VA 22949",josh,2026-01-05,2026-01-12,https://www.google.com/maps/dir/?api=1&destination=8519%20Thomas%20Nelson%20Hwy%2C%20Lovingston%2C%20VA%2022949,https://www.youtube.com/watch?v=vQsfriAzwkk,,,,,,,,,,,,,Scenic Views; Biking; Hiking; Water Sports,false,https://www.google.com/maps/dir/?api=1&destination=8519%20Thomas%20Nelson%20Hwy%2C%20Lovingston%2C%20VA%2022949,false
386,Glass Hollow Studio & Gallery,glasshollow,Art & Artisans,culture,Afton,"Glass Hollow Studio & Gallery in the Rockfish Valley offers glassblowing demonstrations, handcrafted glass art, and 'Make Your Own Glass Pumpkin' workshops every Saturday in September. Glass Hollow Studio and Gallery. Discover the art of glassmaking at Glass Hollow Studio and Gallery, nestled in the scenic Rockfish Valley.","Whether you’re interested in watching the mesmerizing process of glassblowing or trying your hand at creating your own piece, Glass Hollow Studio and Gallery offers an unforgettable experience in the heart of Nelson County.",,https://ik.imagekit.io/OE/nelson-county/listings/glass-hollow-studio-gallery-image1_P9hwkSskV,Blue glass orb being shaped in bright orange flame.,,https://ik.imagekit.io/OE/nelson-county/listings/glass-hollow-studio-gallery-image2_xTwMG5Mnc,Circular logo with blue mountains and glassblowing tool. Text around edges.,,,,,https://glasshollow.com,(434) 270-6104,"9080 Rockfish Valley Highway, Afton, VA 22920",Brittany Niemeyer,2026-01-05,2026-01-12,https://www.google.com/maps/dir/?api=1&destination=9080%20Rockfish%20Valley%20Highway%2C%20Afton%2C%20VA%2022920,,,,,,,,,,,,,,Museum; Retail,true,https://www.google.com/maps/dir/?api=1&destination=9080%20Rockfish%20Valley%20Highway%2C%20Afton%2C%20VA%2022920,false
56,Allen Creek Nature Preserve,allen-creek-nature-preserve,Hikes & Trails,outdoor,Wintergreen Resort,"Allen Creek Nature Preserve is a 0.7-mile, family-friendly Wintergreen loop through a rare high-elevation wetland, complete with interpretive guides describing the braided streams and northern plant species that thrive there. 0.7-mile family-friendly loop through a high-elevation wetland at Wintergreen featuring braided streams, rare northern plants, and interpretive guides at the trailhead.","Miles: 0.7
Blaze Color: Yellow
Difficulty Level: EASY

This nature preserve, located in the heart of Wintergreen’s community, is one of the most unique environments on the mountain. Enjoy a serene hike through diverse landscapes, making it a perfect spot for nature enthusiasts and families alike.",,https://ik.imagekit.io/OE/nelson-county/listings/allen-creek-nature-preserve-image1_hUFD6CEWI,Purple violets amidst green leaves and grass on forest floor.,,,,,,,,,(434) 263-7015,,,2026-01-05,2026-01-12,https://www.google.com/maps/dir/?api=1&destination=8519%20Thomas%20Nelson%20Hwy%2C%20Lovingston%2C%20VA%2022949,https://www.youtube.com/watch?v=VtiRHsUcEuE,,,,,,,,,,,,,Tours; Family Friendly; Hiking; Biking,false,https://www.google.com/maps/dir/?api=1&destination=8519%20Thomas%20Nelson%20Hwy%2C%20Lovingston%2C%20VA%2022949,false
71,Kids in Parks: Virginia Blue Ridge Railway Trail,kids-in-parks-virginia-blue-ridge-railway-trail,Hikes & Trails,outdoor,Piney River,"Family-friendly TRACK Trail at Piney River Depot with self-guided nature activities, flat rail-trail mileage, and prizes through Kids in Parks.","This Blue Ridge Parkway Foundation program helps get kids and families “un-plugged,” outdoors, and actively engaged in nature for their health and the health of our parks. Each <a href=https://www.kidsinparks.com/virginia-blue-ridge-railway-trail target=_blank rel=noopener noreferrer>TRACK Trail</a> provides a series of self-guided, brochure-led adventures designed to turn an ordinary hike into a fun-filled adventure.

Kids who register their TRACK Trail adventures on the KIDS IN PARKS website become members of the program’s Trail TRACKer Team and earn prizes designed to make their next adventure more fun.",,https://ik.imagekit.io/OE/nelson-county/listings/kids-in-parks-virginia-blue-ridge-railway-trail-image1_uPNIvt_fZ,Wooden covered bridge over forest path; red bicycle leaning nearby.,,,,,,,,,(434) 263-7130,"3124 Patrick Henry Highway, Piney River, VA 22964",josh,2026-01-05,2026-01-12,https://www.google.com/maps/dir/?api=1&destination=3124%20Patrick%20Henry%20Highway%2C%20Piney%20River%2C%20VA%2022964,https://www.youtube.com/watch?v=xLH-a3FUtDw,,,,,Overview,"<p>This Kids in Parks trail follows portions of the Virginia Blue Ridge Railway corridor, offering a gentle outdoor experience tied to local history.</p>",Trail Experience,"<p>The trail is considered <strong>easy</strong> and is well suited for children, families, and casual walkers.</p>",Program Information,<p>Families can participate in self-guided activities that encourage exploration and learning along the trail.</p>,,,Hiking; Adventure; Family Friendly; Parking; Biking; Water Sports; Hunting,false,https://www.google.com/maps/dir/?api=1&destination=3124%20Patrick%20Henry%20Highway%2C%20Piney%20River%2C%20VA%2022964,false
156,Kids in Parks: Rockfish River Trailhead,kids-in-parks-rockfish-river-trailhead,Hikes & Trails,outdoor,Nellysford,"Kids in Parks TRACK Trail loop along the Rockfish River featuring story walk signage, riparian habitats, and a flat one-mile family route. This is another of the Blue Ridge Parkway Foundation's Kids in Parks Track Trail programs of self guided outdoor opportunities for kids and families to connect with nature.","The Rockfish Valley <a href=http://www.kidsinparks.com/ target=_blank rel=noopener noreferrer>Kids in Parks Track Trail</a> is located at the scenic Rockfish River Trailhead, nestled within the beautiful surroundings of the <a href=http://www.rockfishvalley.org/ target=_blank rel=noopener noreferrer>Rockfish Valley Foundation</a>. This trail offers a wonderful opportunity for families to explore nature and engage in outdoor activities together.

Enjoy a memorable hiking experience that encourages kids to connect with the environment while having fun along the way!",,https://ik.imagekit.io/OE/nelson-county/listings/kids-in-parks-rockfish-river-trailhead-image1_QtOY0MxuS,"Bare trees by a flowing stream, mountain and clear sky in background.",,,,,,,,,(434) 226-0446,"Rockfish River Trailhead, 1368 Rockfish Valley Highway, Nellysford, VA 22958",josh,2026-01-05,2026-01-12,https://www.google.com/maps/dir/?api=1&destination=Rockfish%20River%20Trailhead%2C%201368%20Rockfish%20Valley%20Highway%2C%20Nellysford%2C%20VA%2022958,https://www.youtube.com/watch?v=xLH-a3FUtDw,,,,,Overview,<p>The Kids in Parks Rockfish River Trailhead is part of a family-focused program designed to encourage children and families to explore nature together.</p>,Trail Experience,"<p>Routes accessed from this trailhead are <strong>easy</strong> and family-friendly, with relatively flat terrain and manageable distances.</p>",Program Information,<p>The Kids in Parks program uses guided activities and challenges to promote outdoor learning and exploration.</p>,,,Adventure; Hiking; Biking; Water Sports; Fishing,false,https://www.google.com/maps/dir/?api=1&destination=Rockfish%20River%20Trailhead%2C%201368%20Rockfish%20Valley%20Highway%2C%20Nellysford%2C%20VA%2022958,false
3,Trager Brothers Coffee 1.0,trager-brothers-coffee-1-0,Coffee Shops,taste,Lovingston,"TBC is family-owned and operated, small-batch, and completely “a mano.” We sight roast to order and do not warehouse roasted coffee of any kind. The café pours fresh espresso, sells whole beans, and champions sustainable sourcing relationships with growers worldwide.","TBC is a family-owned and operated, small-batch coffee roastery that is completely “a mano.” We sight roast to order and do not warehouse roasted coffee of any kind. Our roasters and baristas meticulously cup each coffee we source, collectively creating roast profiles that coax out and enhance the inherent flavor characteristics unique to each particular origin.

We are proud to serve only organic coffee and are an OCIA certified organic coffee roastery. We are committed to bringing you the highest quality, freshest, environmentally sound coffee on the market. We believe in sourcing coffee from farms that are dedicated to environmental sustainability and fair wages for farmers and their families. This commitment has led us to a lifelong pursuit of building relationships with like-minded individuals in the Specialty Coffee Industry and with farms and collectives throughout the world.",,https://ik.imagekit.io/OE/nelson-county/listings/trager-brothers-coffee-1-0-image1_CD5zSPxJ7,"Two people smiling, one holding coffee logo sticker towards camera.",,,,,,,,https://www.tbcroasters.com/,(434) 263-8916,"486 Front Street, Lovingston, VA 22949",josh,2026-01-05,2026-01-12,https://www.google.com/maps/dir/?api=1&destination=486%20Front%20Street%2C%20Lovingston%2C%20VA%2022949,,,,,,,,,,,,,,Cafe; Coffee; Order Pickup; Organic; Tea,false,https://www.google.com/maps/dir/?api=1&destination=486%20Front%20Street%2C%20Lovingston%2C%20VA%2022949,false
4,Trager Brothers Coffee 2.0,trager-brothers-coffee-2-0,Coffee Shops,taste,Afton,"Organic coffeehouse at the Rockfish Valley School campus with freshly roasted beans, espresso drinks, and grab-and-go service from Trager Brothers Coffee. TBC is family-owned and operated, small-batch, and completely “a mano.” We sight roast to order and do not warehouse roasted coffee of any kind.","TBC is a family-owned and operated, small-batch coffee roastery that is completely “a mano.” We sight roast to order and do not warehouse roasted coffee of any kind. Our roasters and baristas meticulously cup each coffee we source, collectively creating roast profiles that coax out and enhance the inherent flavor characteristics special to each particular origin.

We are proud to serve only organic coffee and are an OCIA certified organic coffee roastery. We are committed to bringing you the highest quality, freshest, environmentally sound coffee on the market. We believe in sourcing coffee from farms that are dedicated to environmental sustainability and fair wages for farmers and their families. This has led us to a lifelong pursuit of building relationships with like-minded people in the specialty coffee industry and with farms and collectives throughout the world.",,https://ik.imagekit.io/OE/nelson-county/listings/trager-brothers-coffee-2-0-image1_onAYYsQs0L,Barista decorating coffee foam with chocolate in a black cup.,,,,,,,,https://www.tbcroasters.com/,(434) 263-8916,"190 Rockfish Valley School Lane, Afton, VA 22920",josh,2026-01-05,2026-01-12,https://www.google.com/maps/dir/?api=1&destination=190%20Rockfish%20Valley%20School%20Lane%2C%20Afton%2C%20VA%2022920,,,,,,,,,,,,,,Coffee; Organic; Bar; Tea; Cafe; Fishing,false,https://www.google.com/maps/dir/?api=1&destination=190%20Rockfish%20Valley%20School%20Lane%2C%20Afton%2C%20VA%2022920,false
5,Afton Market,afton-market,Markets & Delis,taste,Afton,"Afton Market is a locally owned convenience stop offering fuel plus a short-order deli that fries up chicken, biscuits, and hot lunch plates. Locally owned convenience store and gas station with a breakfast-and-lunch deli known for fried chicken, fresh coffee, and fountain drinks.",,,https://ik.imagekit.io/OE/nelson-county/listings/Screenshot_2025-11-14_at_6.38.31_PM_U31i9aoWc.png,"Gas station with cars, convenience store, and trees in the background.",,,,,,,,,(540) 456-6111,"10185 Rockfish Valley Highway, Afton, VA",josh,2026-01-05,2026-01-12,https://www.google.com/maps/dir/?api=1&destination=10185%20Rockfish%20Valley%20Highway%2C%20Afton%2C%20VA%2022920,,,,,,,,,,,,,,Breakfast; Coffee; Deli; Fuel; Lunch; Market; Retail; Tea; Beer,false,https://www.google.com/maps/dir/?api=1&destination=10185%20Rockfish%20Valley%20Highway%2C%20Afton%2C%20VA%2022920,false
6,Ashley's Market,ashleys-market,Markets & Delis,taste,Afton,"Family-run convenience and gas stop with a deli serving breakfast biscuits, lunch sandwiches, fried chicken, and deli salads. Ashley's Market pairs gas pumps with a home-style deli serving breakfast biscuits, subs, fried chicken, and deli salads made to order.",,,https://ik.imagekit.io/OE/nelson-county/listings/ashley-s-market-image1_-O8C_lefS,Market storefront under clear blue sky with vending machines outside.,,https://ik.imagekit.io/OE/nelson-county/listings/ashley-s-market-image2_BHBW3b0b2,Market entrance with vending machines under a clear blue sky.,,,,,https://www.facebook.com/ashleysmaket151/,(434) 361-2087,"6445 Rockfish Valley Highway, Afton, VA 22920",josh,2026-01-05,2026-01-12,https://www.google.com/maps/dir/?api=1&destination=6445%20Rockfish%20Valley%20Highway%2C%20Afton%2C%20VA%2022920,,,,,,,,,,,,,,Fuel; Breakfast; Deli; Lunch; Market; Hiking,false,https://www.google.com/maps/dir/?api=1&destination=6445%20Rockfish%20Valley%20Highway%2C%20Afton%2C%20VA%2022920,false
7,Chicken Coop,chicken-coop,Markets & Delis,taste,Lovingston,"Inside the Nelson Food Mart Exxon, Chicken Coop turns out crispy fried chicken, smoked barbecue, burgers, and hearty sandwiches plus sides like mac and cheese. It's a quick-service comfort-food counter where everything is cooked to order for dine-in or carryout.",,,https://ik.imagekit.io/OE/nelson-county/listings/chicken-coop-image1_PIMkxTnKd,Cars parked in front of a brick food market.,,,,,,,,,(434) 263-7818,"40 Front Street, Lovingston, VA 22949",josh,2026-01-05,2026-01-12,https://www.google.com/maps/dir/?api=1&destination=40%20Front%20Street%2C%20Lovingston%2C%20VA%2022949,,,,,,,,,,,,,,BBQ; Retail; Full Kitchen; Market; Deli,false,https://www.google.com/maps/dir/?api=1&destination=40%20Front%20Street%2C%20Lovingston%2C%20VA%2022949,false
8,Colleen Deli,colleen-deli,Markets & Delis,taste,Arrington,"Exxon deli serving all-day breakfast, daily lunch specials, sandwiches, wraps, and homemade baked goods with a summertime salad bar. Exxon deli serving all-day breakfast, daily lunch specials, sandwiches, wraps, and homemade baked goods with a summertime salad bar.",,,https://ik.imagekit.io/OE/nelson-county/listings/colleen-deli-image1_Qm3EZKyhY,"Gas station with red canopy, two pumps, parked cars, and convenience store in background.",,,,,,,,,(434) 263-8300,"4071 Thomas Nelson Hwy, Arrington, VA 22922",josh,2026-01-05,2026-01-12,https://www.google.com/maps/dir/?api=1&destination=4071%20Thomas%20Nelson%20Hwy%2C%20Arrington%2C%20VA%2022922,,,,,,,,,,,,,,Breakfast; Lunch; Bar; Seasonal Menu; Bakery; Baked Goods; Deli; Market,false,https://www.google.com/maps/dir/?api=1&destination=4071%20Thomas%20Nelson%20Hwy%2C%20Arrington%2C%20VA%2022922,false
9,Corner Market,corner-market,Markets & Delis,taste,Schuyler,Neighborhood convenience store and gas station with a short-order deli serving breakfast biscuits and hot lunch items.,,,https://ik.imagekit.io/OE/nelson-county/listings/corner-market-image1_wiPXqe1ES,"Small convenience store with illuminated signs, parked car, and visible interior lights.",,,,,,,,,(434) 263-5500,"11309 James River Road in Shipman, VA",josh,2026-01-05,2026-01-12,https://www.google.com/maps/dir/?api=1&destination=11309%20James%20River%20Road%2C%20Shipman%2C%20VA%2022971,,,,,,,,,,,,,,Retail; Fuel; Breakfast; Deli; Lunch; Market; Water Sports,false,https://www.google.com/maps/dir/?api=1&destination=11309%20James%20River%20Road%2C%20Shipman%2C%20VA%2022971,false
10,Graves Grocery & Deli,graves-grocery-deli,Markets & Delis,community,Nellysford,"Graves Grocery & Deli is a long-running Route 151 fixture where travelers top off the tank, grab breakfast sandwiches, and order made-to-order lunches before exploring the Rockfish Valley. Friendly counter service and quick deli classics make it a reliable daily stop.",,,https://ik.imagekit.io/OE/nelson-county/listings/graves-grocery-deli-image1_DBJko9s0a,"Storefront with red sign, vending machines, and newspaper stands outside.",,,,,,,,,(434) 361-2504,"1779 Rockfish Valley Highway, Nellysford, VA 22958",josh,2026-01-05,2026-01-12,https://www.google.com/maps/dir/?api=1&destination=1779%20Rockfish%20Valley%20Highway%2C%20Nellysford%2C%20VA%2022958,,,,,,,,,,,,,,Retail; Fuel; Breakfast; Lunch; Deli; Market; Fishing,false,https://www.google.com/maps/dir/?api=1&destination=1779%20Rockfish%20Valley%20Highway%2C%20Nellysford%2C%20VA%2022958,false
11,Hickman's Exxon Grocery,hickmans-exxon-grocery,Markets & Delis,community,Roseland,"Hickman's Exxon Grocery near Beech Grove supplies fuel, hunting gear, and a hot breakfast-and-lunch deli favored by Wintergreen visitors. The store also serves as a certified game-checking station, making it a handy hub during deer, bear, and turkey seasons.",,,https://ik.imagekit.io/OE/nelson-county/listings/hickman-s-exxon-grocery-image1_s5gtjxUQJ,"Small shop with red roof, 'Open' sign, and outdoor seating under sunny sky.",,,,,,,,,(434) 361-1205,"1311 Beech Grove Road, Roseland, VA 22967",josh,2026-01-05,2026-01-12,https://www.google.com/maps/dir/?api=1&destination=1311%20Beech%20Grove%20Road%2C%20Roseland%2C%20VA%2022967,,,,,,,,,,,,,,Fuel; Breakfast; Lunch; Deli; Hunting; Market,false,https://www.google.com/maps/dir/?api=1&destination=1311%20Beech%20Grove%20Road%2C%20Roseland%2C%20VA%2022967,false
12,IGA Blue Ridge Grocery,iga-blue-ridge-grocery,Markets & Delis,community,Nellysford,"Community supermarket providing full groceries, everyday essentials, and friendly service in the Rockfish Valley.",,,https://ik.imagekit.io/OE/nelson-county/listings/iga-blue-ridge-grocery-image1_9UYmGsIn7,"Grocery store facade with shopping carts, icy machine, and open sign.",,,,,,,,,(434) 361-1105,"2797 Rockfish Valley Highway, Nellysford, VA",josh,2026-01-05,2026-01-12,https://www.google.com/maps/dir/?api=1&destination=2797%20Rockfish%20Valley%20Highway%2C%20Nellysford%2C%20VA%2022958,,,,,,,,,,,,,,Market; Local Ingredients; Order Pickup; Parking; Deli; Fishing,false,https://www.google.com/maps/dir/?api=1&destination=2797%20Rockfish%20Valley%20Highway%2C%20Nellysford%2C%20VA%2022958,false
13,Ike's Market & Deli,ikes-market-deli,Markets & Delis,community,Schuyler,"Ike's Market & Deli on Rockfish River Road stocks convenience essentials, fishing supplies, and a deli counter with rotating daily specials. Riverside convenience store and deli featuring hot menu specials, grab-and-go items, and a game checking station.",,,https://ik.imagekit.io/OE/nelson-county/listings/ike-s-market-deli-image1_7BFICV0DZ,"Baked potato with cheese, baked beans, carrots, and saucy pulled pork on plate.",,,,,,,,,(434) 831-1185,"6597 Rockfish River Road in Schuyler, VA",josh,2026-01-05,2026-01-12,https://www.google.com/maps/dir/?api=1&destination=6597%20Rockfish%20River%20Road%2C%20Schuyler%2C%20VA%2022969,,,,,,,,,,,,,,Deli; Fishing; Hunting; Market; Retail; Water Sports,false,https://www.google.com/maps/dir/?api=1&destination=6597%20Rockfish%20River%20Road%2C%20Schuyler%2C%20VA%2022969,false
14,Indian Oven,indian-oven,Restaurants,taste,Lovingston,"Embark on a culinary journey through India at Indian Oven, where authentic dishes are prepared with the freshest ingredients and meticulous attention to detail. From fiery curries to coconut-infused delights, our menu offers something for everyone.

Immerse yourself in the warm and inviting atmosphere of our restaurant and savor the flavors of India.",,,https://ik.imagekit.io/OE/nelson-county/listings/indian-oven-image1_0QlheMSPI,Restaurant entrance with 'Indian Oven' sign on white brick exterior wall.,,,,,,,,,(434) 263-4080,"10749 Thomas Nelson Hwy, Lovingston, VA 22949",josh,2026-01-05,2026-01-12,https://www.google.com/maps/dir/?api=1&destination=10749%20Thomas%20Nelson%20Hwy%2C%20Lovingston%2C%20VA%2022949,,,,,,,,,,,,,,Takeout; Family Friendly; Market; Deli,false,https://www.google.com/maps/dir/?api=1&destination=10749%20Thomas%20Nelson%20Hwy%2C%20Lovingston%2C%20VA%2022949,false
15,Mac's Country Store,macs-country-store,Markets & Delis,community,Roseland,"Serving breakfast, lunch, and dinner, Mac's Country Store offers daily specials for both eat-in and take-out. Our famous fried chicken is renowned as the best around, and we also feature a selection of subs and deli salads.

In addition to our delicious meals, we sell antiques within the store. Stop by and enjoy a taste of local flavor in a welcoming atmosphere!",,,https://ik.imagekit.io/OE/nelson-county/listings/mac-s-country-store-image1_Gk_Ua_dFF,"White building with vending machines, parked car, and trees in the background.",,https://ik.imagekit.io/OE/nelson-county/listings/mac-s-country-store-image2_YzwsuX-Df,"White building with vending machines, parked car, and wooden porch surrounded by trees.",,https://ik.imagekit.io/OE/nelson-county/listings/mac-s-country-store-image3_SvqK4KDnb,Tie-dye background with bold white text in cursive font.,,,(434) 277-5305,"7023 Patrick Henry Highway, Roseland, VA 22967",josh,2026-01-05,2026-01-12,https://www.google.com/maps/dir/?api=1&destination=7023%20Patrick%20Henry%20Highway%2C%20Roseland%2C%20VA%2022967,,,,,,,,,,,,,,Breakfast; Lunch; Dinner; Takeout; Market; Deli,false,https://www.google.com/maps/dir/?api=1&destination=7023%20Patrick%20Henry%20Highway%2C%20Roseland%2C%20VA%2022967,false
16,Subway,subway,Markets & Delis,taste,Lovingston,"Subway franchise in Annie Land Plaza making customizable sandwiches, salads, and wraps seven days a week. (open later on Fridays, earlier-closing Sundays).",,,https://ik.imagekit.io/OE/nelson-county/listings/subway-image1_ASH5hYhT2,"Brick storefront with Subway and tobacco shop signs, under clear blue sky.",,https://ik.imagekit.io/OE/nelson-county/listings/subway-image2_FsH2B7eDE,"Brick building with Subway and vape shop, clear sky above.",,,,,https://restaurants.subway.com/united-states/va/lovingston/65-callohill-drive,(434) 263-6800,"65 Callohill Drive, Lovingston, VA 22949",josh,2026-01-05,2026-01-12,https://www.google.com/maps/dir/?api=1&destination=65%20Callohill%20Drive%2C%20Lovingston%2C%20VA%2022949,,,,,,,,,,,,,,Deli; Market,false,https://www.google.com/maps/dir/?api=1&destination=65%20Callohill%20Drive%2C%20Lovingston%2C%20VA%2022949,false
17,The Market at Wintergreen,the-market-at-wintergreen,Markets & Delis,community,Wintergreen Resort,"The Market at Wintergreen offers a convenient shopping experience with a variety of groceries, deli items, and gas services. You can also find Wintergreen sweatshirts and tee shirts to take home as a souvenir.

Our deli is open daily from 7:30 am to 7:30 pm, providing fresh options for your meals and snacks.",,,https://ik.imagekit.io/OE/nelson-county/listings/the-market-at-wintergreen-image1_mYJhz6AkM,"Customers at deli counter inside a market, browsing and buying packaged food items.",,,,,,,,,(434) 325-8224,"189 Mountain Inn Loop, Wintergreen, VA",josh,2026-01-05,2026-01-12,https://www.google.com/maps/dir/?api=1&destination=189%20Mountain%20Inn%20Loop%2C%20Wintergreen%2C%20VA%2022958,,,,,,,,,,,,,,Deli; Resort; Fuel; Market,false,https://www.google.com/maps/dir/?api=1&destination=189%20Mountain%20Inn%20Loop%2C%20Wintergreen%2C%20VA%2022958,false
18,Williams Grocery,williams-grocery,Markets & Delis,community,Schuyler,"Williams Grocery is your go-to destination for all your grocery needs and fuel. We proudly feature local honey, fishing supplies, and bait, making it easy for you to stock up on essentials while enjoying the local flavors.

Whether you're preparing for a fishing trip or simply looking for quality groceries, Williams Grocery has you covered!",,,https://ik.imagekit.io/OE/nelson-county/listings/williams-grocery-image1_7ZxBQDA49,Gas pumps and store building surrounded by trees and hills under blue sky.,,,,,,,,,(434) 263-4746,439 Williamstown Road in Shipman or 6445 Rockfish Va,josh,2026-01-05,2026-01-12,https://www.google.com/maps/dir/?api=1&destination=439%20Williamstown%20Road%2C%20Shipman%2C%20VA%2022971,,,,,,,,,,,,,,Retail; Fuel; Local Ingredients; Market; Deli; Water Sports; Fishing; Hunting,false,https://www.google.com/maps/dir/?api=1&destination=439%20Williamstown%20Road%2C%20Shipman%2C%20VA%2022971,false
19,Ann's Family Restaurant,anns-family-restaurant,Restaurants,taste,Arrington,The homestyle spot closes Saturdays but keeps loyal regulars coming back for dependable Southern comfort food. The homestyle spot closes Saturdays but keeps loyal regulars coming back for dependable Southern comfort food.,,,https://ik.imagekit.io/OE/nelson-county/listings/ann-s-family-restaurant-image1_wg1eO0bow,Red-roofed restaurant with parked cars and campaign signs on grass.,,,,,,,,,(434) 263-8110,"1170 Thomas Nelson Highway, Arrington, VA 22922",josh,2026-01-05,2026-01-12,https://www.google.com/maps/dir/?api=1&destination=1170%20Thomas%20Nelson%20Highway%2C%20Arrington%2C%20VA%2022922,,,,,,,,,,,,,,Family Friendly,false,https://www.google.com/maps/dir/?api=1&destination=1170%20Thomas%20Nelson%20Highway%2C%20Arrington%2C%20VA%2022922,false
20,Basic Necessities,basic-necessities,Restaurants,taste,Nellysford,"Basic Necessities is a European-inspired café, wine, and cheese shop in the Rockfish Valley serving soups, salads, seasonal dinners with live music, and a popular Sunday brunch. Sunday brunch often features a harpist, and the shelves brim with imported cheeses, breads, and affordable bottles.","Basic Necessities is an off-beat café, wine, and cheese shop nestled in the Rockfish Valley of the Blue Ridge Mountains near Nellysford, Virginia. Since 1997, it has been offering what many call “a taste of Europe in the Blue Ridge Mountains.” It is known for great wines at affordable prices, imported cheeses, a source of fresh local baked breads, and delicious meals in a colorful and creative atmosphere.

The staff welcomes locals, skiers at Wintergreen Resort, traveling foodies, and those simply exploring beautiful Nelson County. At lunch, they have long featured Sue Pfaltz’s delicious and innovative soups, big house salads, and seasonal specialties. Reservations are advised for Friday and Saturday night dinners, where guests find creatively prepared dishes and musical entertainment. The popular Sunday brunch is from 10-2 and frequently features a harpist during the middle of the day.",,https://ik.imagekit.io/OE/nelson-county/listings/basic-necessities-image1_xjB3aTYi6,Cozy house with glowing string lights on fence at dusk.,,,,,,,,,(434) 361-1776,"2226 Rockfish Valley Highway, Nellysford, VA 22958",josh,2026-01-05,2026-01-12,https://www.google.com/maps/dir/?api=1&destination=2226%20Rockfish%20Valley%20Highway%2C%20Nellysford%2C%20VA%2022958,,,,,,,,,,,,,,Wine; Retail; Dinner; Live Music; Brunch; Fishing,false,https://www.google.com/maps/dir/?api=1&destination=2226%20Rockfish%20Valley%20Highway%2C%20Nellysford%2C%20VA%2022958,false
21,Blue Mountain Brewery,blue-mountain-brewery,Breweries & Cideries,taste,Afton,Route 151 brewpub pouring flagship and seasonal ales alongside a from-scratch kitchen with sweeping Blue Ridge views. Route 151 brewpub pouring flagship and seasonal ales alongside a from-scratch kitchen with sweeping Blue Ridge views..,"Our full-service restaurant features appetizers, salads, sandwiches, burgers, specialty pizzas, and desserts made from scratch using the highest quality ingredients we can find. We offer 8-10 Blue Mountain draft beers, along with local wine, cider, and kombucha available daily.

Restaurant hours are 11 AM to 10 PM Monday through Saturday and 11 AM to 9 PM on Sunday.",,https://ik.imagekit.io/OE/nelson-county/listings/blue-mountain-brewery-image1_tGxjiiEoX,"Pizza, beer, and grapes on a wooden table in outdoor sunlight.",,,,,,,,https://www.bluemountainbrewery.com/,(540) 456-8020,"9519 Critzers Shop Road, Afton, VA 22920",josh,2026-01-05,2026-01-12,https://www.google.com/maps/dir/?api=1&destination=9519%20Critzers%20Shop%20Road%2C%20Afton%2C%20VA%2022920,,,,,,,,,,,,,,Beer; Cider; Events; Family Friendly; Full Kitchen; Meeting Planners; Outdoor Seating; Scenic Views; Tastings,false,https://www.google.com/maps/dir/?api=1&destination=9519%20Critzers%20Shop%20Road%2C%20Afton%2C%20VA%2022920,false
22,Blue Ridge Pig,blue-ridge-pig,Restaurants,taste,Nellysford,"Blue Ridge Pig is a roadside smokehouse known for Strawberry Goodwin's on-site smoked meats, from classic pulled pork with slaw to Turkey Croissants with signature dill sauce. Blue Ridge Pig smokes pork, turkey, and other meats behind its tiny roadside shack, drawing fans for pulled pork sandwiches, turkey croissants, and house dill sauce.","Whether it be the classic Pork Barbeque with slaw or the Turkey Croissant with the works (lettuce, tomato, cheddar cheese, mayo, and our special dill sauce), this quaint establishment will always keep you coming back for your Blue Ridge Pig fix. All of our meats are smoked on-site behind the restaurant by none other than Strawberry Goodwin himself.

Every one of our recipes is unique, not only to the local area but also to the entire east coast. The only way to experience this one-of-a-kind hog heaven is to stop by and check it out for yourself!",,https://ik.imagekit.io/OE/nelson-county/listings/blue-ridge-pig-image1_yZZLDI6Ia,Cartoon pig with chef hat on weathered sign against trees and sky.,,,,,,,,,(434) 361-1170,"2198 Rockfish Valley Highway, Nellysford, VA 22958",josh,2026-01-05,2026-01-12,https://www.google.com/maps/dir/?api=1&destination=2198%20Rockfish%20Valley%20Highway%2C%20Nellysford%2C%20VA%2022958,,,,,,,,,,,,,,BBQ; Takeout; Scenic Views,false,https://www.google.com/maps/dir/?api=1&destination=2198%20Rockfish%20Valley%20Highway%2C%20Nellysford%2C%20VA%2022958,false
23,Bold Kitchen at Bold Rock,bold-kitchen-at-bold-rock,Restaurants,taste,Nellysford,Bold Kitchen at Bold Rock is a local restaurant serving a variety of dishes in a welcoming atmosphere.,"Bold Kitchen at Bold Rock is a local restaurant serving a variety of dishes in a welcoming atmosphere. Guests can enjoy a diverse menu that caters to different tastes, making it an ideal spot for gatherings with family and friends.

Whether you're looking for a casual meal or a special dining experience, Bold Kitchen offers a comfortable setting to savor delicious food and create lasting memories.",,https://ik.imagekit.io/OE/nelson-county/listings/bold-kitchen-at-bold-rock-image1_XleEsXz-D,"Outdoor patio with tables, umbrellas, and mountain view under a clear blue sky.",,,,,,,,,,"1020 Rockfish Valley Highway, Nellysford, VA 22958",josh,2026-01-05,2026-01-12,https://www.google.com/maps/dir/?api=1&destination=1020%20Rockfish%20Valley%20Highway%2C%20Nellysford%2C%20VA%2022958,,,,,,,,,,,,,,Bar; Cider; Tastings; Full Kitchen,false,https://www.google.com/maps/dir/?api=1&destination=1020%20Rockfish%20Valley%20Highway%2C%20Nellysford%2C%20VA%2022958,false
24,Chen's Restaurant,chens-restaurant,Restaurants,taste,Lovingston,"Chen's Restaurant serves Chinese cuisine in Lovingston, offering a variety of dishes including fried chicken, stir-fries, and traditional Chinese favorites for lunch and takeout.",,,https://ik.imagekit.io/OE/nelson-county/listings/chen-s-restaurant-image1_yGrDjUjGy,"Glazed fried chicken pieces with broccoli florets, arranged closely together.",,,,,,,,,(434) 263-8865,"73 Callohill Drive, Lovingston, VA 22949",josh,2026-01-05,2026-01-12,https://www.google.com/maps/dir/?api=1&destination=73%20Callohill%20Drive%2C%20Lovingston%2C%20VA%2022949,,,,,,,,,,,,,,Takeout; Lunch,false,https://www.google.com/maps/dir/?api=1&destination=73%20Callohill%20Drive%2C%20Lovingston%2C%20VA%2022949,false
25,Chirio's Pizza,chirios-pizza,Restaurants,taste,Nellysford,"Chirio's Pizza is Nelson County's longest-running pizzeria, serving New York-style pies, subs, salads, and ice cream with eat-in, takeout, and delivery options from Valley Green Shopping Center. Chirio's Pizza, the county's oldest pizzeria since 1989, slings hand-tossed New York–style pies plus subs, salads, ice cream, and delivery from Valley Green Shopping Center.",,,https://ik.imagekit.io/OE/nelson-county/listings/chirio-s-pizza-image1_UVtpKdV9N,Pepperoni pizza with olives and broccoli on a golden crust.,,,,,,,,,(434) 361-9188,"2777 Rockfish Valley Highway, Nellysford, VA 22958",josh,2026-01-05,2026-01-12,https://www.google.com/maps/dir/?api=1&destination=2777%20Rockfish%20Valley%20Highway%2C%20Nellysford%2C%20VA%2022958,,,,,,,,,,,,,,Family Friendly; Takeout; Delivery; Desserts; Pizza,false,https://www.google.com/maps/dir/?api=1&destination=2777%20Rockfish%20Valley%20Highway%2C%20Nellysford%2C%20VA%2022958,false
26,Coquito Kitchen,coquito-kitchen,Restaurants,taste,Nellysford,"Coquito Kitchen blends Argentine and Southern comfort fare out of the Rockfish Valley Community Center, offering lunch Thursday through Saturday with rotating empanadas, sandwiches, and sides. Coquito Kitchen brings Rockfish Valley Community Center a mashup of Argentine comfort food and Virginia family recipes, serving empanadas, sandwiches, and seasonal sides Thursday through Saturday from late morning to early evening.",,,https://ik.imagekit.io/OE/nelson-county/listings/coquito-kitchen-image1_0G55fEaHh,"Cartoon bear and toucan with banjo, yellow circle background, 'Coquito' text.",,,,,,,,,,"190 Rockfish School Lane, Afton, VA 22920",josh,2026-01-05,2026-01-12,https://www.google.com/maps/dir/?api=1&destination=190%20Rockfish%20School%20Lane%2C%20Afton%2C%20VA%2022920,,,,,,,,,,,,,,Lunch; Full Kitchen; Fishing,false,https://www.google.com/maps/dir/?api=1&destination=190%20Rockfish%20School%20Lane%2C%20Afton%2C%20VA%2022920,false
27,Devils Backbone Brewing,devils-backbone-brewing,Restaurants,taste,Roseland,"Devils Backbone Basecamp pairs a wood-fired kitchen with 16 taps of house beer, coffee bar mornings, and meadow seating for concerts and events. Devils Backbone Basecamp pairs a wood-fired kitchen with 16 taps of house beer, coffee bar mornings, and meadow seating for concerts and events.",,,https://ik.imagekit.io/OE/nelson-county/listings/devils-backbone-brewing-image1_fuU0b-q4C,"Rustic building with stone pillars, wooden roof, and red umbrella-covered tables outside.",,,,,,,,https://www.dbbrewingcompany.com/visit/basecamp/,(434) 361-1001,"200 Mosbys Run, Roseland, VA 22967",josh,2026-01-05,2026-01-12,https://www.google.com/maps/dir/?api=1&destination=200%20Mosbys%20Run%2C%20Roseland%2C%20VA%2022967,,,,,,,,,,,,,,Beer; Outdoor Seating; Live Music; Full Kitchen; Coffee; Tea; Biking; Hiking,false,https://www.google.com/maps/dir/?api=1&destination=200%20Mosbys%20Run%2C%20Roseland%2C%20VA%2022967,false
28,El Mariachi Mexican Food,el-mariachi-mexican-food,Restaurants,taste,Lovingston,"El Mariachi Mexican Food serves classic Mexican dishes in Lovingston with weekday and weekend hours extending to 10 pm and gift certificates available. El Mariachi keeps Lovingston supplied with sizzling fajitas, burritos, and combo platters seven days a week, with extended weekend hours, margaritas, and gift cards so visitors can share their favorite Mexican comfort dishes. Lovingston is a great destination for history buffs as the Lovingston Historic District and the courthouse are both listed on the National Register of Historic Places.",,,https://ik.imagekit.io/OE/nelson-county/listings/el-mariachi-mexican-food-image1_lrhnaZQny,"Two musicians in sombreros playing guitar and violin, 'El Mariachi' text beside them.",,,,,,,,,(434) 263-5999,"165 Front Street, Lovingston, VA 22949",josh,2026-01-05,2026-01-12,https://www.google.com/maps/dir/?api=1&destination=165%20Front%20Street%2C%20Lovingston%2C%20VA%2022949,,,,,,,,,,,,,,Retail; Local Ingredients,false,https://www.google.com/maps/dir/?api=1&destination=165%20Front%20Street%2C%20Lovingston%2C%20VA%2022949,false
29,Fire & Frost Wood Fired Bakehouse,fire-frost-wood-fired-bakehouse,Restaurants,taste,Nellysford,"Fire & Frost Wood Fired Bakehouse at Wintergreen slings blistered Neapolitan-style pizzas, antipasti, and cocktails from a cozy alpine dining room, giving skiers and leaf peepers a taste of Italy on the mountain. Fire & Frost Wood Fired Bakehouse brings wood-fired pizzas and Italian-inspired fare to Wintergreen Resort in a warm alpine setting.","Fire & Frost Wood Fired Bakehouse offers a unique dining experience centered around the art of wood-fired cooking. Our menu features a delightful selection of artisanal pizzas, freshly baked breads, and seasonal dishes, all crafted with high-quality ingredients and a passion for flavor.

Join us for a cozy meal where the warmth of the fire complements the chill of the frost, creating a perfect atmosphere for friends and family to gather. Enjoy the rich, smoky flavors that only a wood-fired oven can provide, and savor the essence of our culinary creations.",,https://ik.imagekit.io/OE/nelson-county/listings/fire-frost-wood-fired-bakehouse-image1_pWDMelTVX,"Mosaic pizza oven with open fire, wood stacked below, tools hanging nearby.",,,,,,,,,(434) 326-5639,"121 Blue Ridge Drive, Roseland, VA 22967",josh,2026-01-05,2026-01-12,https://www.google.com/maps/dir/?api=1&destination=121%20Blue%20Ridge%20Drive%2C%20Roseland%2C%20VA%2022967,,,,,,,,,,,,,,Scenic Views; Resort; Pizza,false,https://www.google.com/maps/dir/?api=1&destination=121%20Blue%20Ridge%20Drive%2C%20Roseland%2C%20VA%2022967,false
30,Iron and Ale,iron-and-ale,Restaurants,taste,Nellysford,"Iron & Ale is a chef-driven bistro in Stoney Creek offering rotating menus, patio dining, and curated wine and beer lists for date nights and gatherings. Iron & Ale is a Stoney Creek destination for date nights, pairing chef-driven seasonal menus and veranda dining with curated wines and rotating craft taps so every visit feels like a special occasion.",,,https://ik.imagekit.io/OE/nelson-county/listings/iron-and-ale-image1_Phj7hhJ9W,Illuminated sign reading 'Iron & Ale' on a building porch at night.,,,,,,,,,(540) 440-2140,"1354 Stoney Creek West, Nellysford, VA 22958",josh,2026-01-05,2026-01-12,https://www.google.com/maps/dir/?api=1&destination=1354%20Stoney%20Creek%20West%2C%20Nellysford%2C%20VA%2022958,,,,,,,,,,,,,,Seasonal Menu; Wine; Outdoor Seating; Beer,false,https://www.google.com/maps/dir/?api=1&destination=1354%20Stoney%20Creek%20West%2C%20Nellysford%2C%20VA%2022958,false
31,McDonald's,mcdonalds,Restaurants,taste,Lovingston,"Daily (midnight on weekends) with drive-thru staples, Mc Café drinks, and late-night snacks steps from hotels and gas stations. Daily (midnight on weekends) with drive-thru staples, Mc Café drinks, and late-night snacks steps from hotels and gas stations.","Open 7 days a week from 6 am to 11 pm, with extended hours until midnight on Friday and Saturday nights.

Visit us on Highway 29 in Lovingston for a delicious meal and a welcoming atmosphere. Enjoy a variety of menu options that cater to all tastes!",,https://ik.imagekit.io/OE/nelson-county/listings/mcdonald-s-image1_xLvXtaYOs,Illuminated McDonald's sign with golden arches against a dark night sky.,,,,,,,,,(434) 263-8066,"44 Callohill Drive, Lovingston, VA 22949",josh,2026-01-05,2026-01-12,https://www.google.com/maps/dir/?api=1&destination=44%20Callohill%20Drive%2C%20Lovingston%2C%20VA%2022949,,,,,,,,,,,,,,Takeout; Breakfast; Lunch; Dinner,false,https://www.google.com/maps/dir/?api=1&destination=44%20Callohill%20Drive%2C%20Lovingston%2C%20VA%2022949,false
32,Montebello Country Store & Cafe,montebello-country-store-cafe,Restaurants,taste,Montebello,"Montebello Country Store & Cafe is a fifth-generation general store near Crabtree Falls with groceries, camping supplies, and a cafe serving chili and country fare.","A family operation for five generations, Montebello Country Store & Cafe is an interesting place to explore—just think “Country Store.” We offer a unique collection of toys for children, McCutcheon’s jams and jellies, custom t-shirts, sweatshirts, caps, and gift items, as well as a great selection of camping and fishing supplies. Additionally, we provide a full line of groceries, ice, and fuel.

Try your hand at trout fishing, then come in for a bowl of our chili!",,https://ik.imagekit.io/OE/nelson-county/listings/montebello-country-store-cafe-image1_D_nYeoKbj,Wooden sign carved with 'Montebello Country Store' text on light wall.,,,,,,,,,(540) 377-2650,"15072 Crabtree Falls Highway, Montebello, VA 24464",josh,2026-01-05,2026-01-12,https://www.google.com/maps/dir/?api=1&destination=15072%20Crabtree%20Falls%20Highway%2C%20Montebello%2C%20VA%2024464,,,,,,,,,,,,,,Retail; Family Friendly; Water Sports; Fishing,false,https://www.google.com/maps/dir/?api=1&destination=15072%20Crabtree%20Falls%20Highway%2C%20Montebello%2C%20VA%2024464,false
33,Paulie's Pig Out,paulies-pig-out,Restaurants,taste,Afton,"Paulie's Pig Out smokes pork and chicken for over-stuffed sandwiches, plus homestyle sides and desserts, making it an easy Nelson 151 detour when you crave barbecue platters and mac 'n' cheese.","Paulie's Pig Out is a barbecue restaurant specializing in delicious pork and chicken dishes. Our menu features mouthwatering sides such as mac n’ cheese, beans, potato salad, and cheesy garlic potatoes.

Be sure to check out our amazing desserts!",,https://ik.imagekit.io/OE/nelson-county/listings/paulie-s-pig-out-image1_8dXrFbPav,"Pulled pork sandwich with coleslaw on a rustic bun, set on paper.",,,,,,,,,(434) 361-2001,"7376 Rockfish Valley Highway in Afton, VA",josh,2026-01-05,2026-01-12,https://www.google.com/maps/dir/?api=1&destination=7376%20Rockfish%20Valley%20Highway%2C%20Afton%2C%20VA%2022920,,,,,,,,,,,,,,BBQ,false,https://www.google.com/maps/dir/?api=1&destination=7376%20Rockfish%20Valley%20Highway%2C%20Afton%2C%20VA%2022920,false
34,Smokin' Barrel Restaurant,smokin-barrel-restaurant,Restaurants,taste,Arrington,"Smokin' Barrel Restaurant operates inside Blue Mountain Barrel House with pub fare, BBQ plates, burgers, soups, and desserts for taproom guests. Smokin' Barrel Restaurant operates inside Blue Mountain Barrel House with pub fare, BBQ plates, burgers, soups, and desserts for taproom guests.",,,https://ik.imagekit.io/OE/nelson-county/listings/smokin-barrel-restaurant-image1_O6_IquE9r,"People relaxing on patio with chairs, umbrellas, sunset, and mountain view.",,,,,,,,,(434) 226-2450,"495 Cooperative Way, Arrington, VA 22922",josh,2026-01-05,2026-01-12,https://www.google.com/maps/dir/?api=1&destination=495%20Cooperative%20Way%2C%20Arrington%2C%20VA%2022922,,,,,,,,,,,,,,Beer; Scenic Views; BBQ; Bar; Family Friendly; Full Kitchen; Tastings,false,https://www.google.com/maps/dir/?api=1&destination=495%20Cooperative%20Way%2C%20Arrington%2C%20VA%2022922,false
35,The Copper Mine Bistro,the-copper-mine-bistro,Restaurants,taste,Roseland,"The Copper Mine Bistro anchors Wintergreen's Blackrock Village with traditional breakfast, Mediterranean-inspired dinners, and weekend lunches during ski season.","Located in the heart of the mountain’s Blackrock Village, The Copper Mine Bistro serves a traditional breakfast in the morning and an innovative Mediterranean menu at dinner. During the winter, the Bistro offers lunch on weekends and during holiday periods.

The atmosphere is casual and comfortable, providing the perfect setting following a day on the links, the courts, or the slopes. Enjoy our creative menu featuring tapas, small and large plates, and popular gourmet pizzas. Hours may vary by season, so please check <a href=https://www.wintergreenresort.com/the-wintergreen-weekly/ target=_blank rel=noopener noreferrer>This Week at Wintergreen</a> for current hours of operation.",,https://ik.imagekit.io/OE/nelson-county/listings/the-copper-mine-bistro-image1_3GowztWtV,"Cozy restaurant with diners, warm fireplace, and elegantly set tables.",,https://ik.imagekit.io/OE/nelson-county/listings/the-copper-mine-bistro-image2_QsKokoOVE,"People sitting at a rustic bar. Wooden walls, beer taps, and overhead chandelier.",,,,,,(434) 325-8090,"39 Wintergreen Drive, Roseland, VA 22967",josh,2026-01-05,2026-01-12,https://www.google.com/maps/dir/?api=1&destination=39%20Wintergreen%20Drive%2C%20Roseland%2C%20VA%2022967,,,,,,,,,,,,,,Breakfast; Lunch; Seasonal Menu; Dinner,false,https://www.google.com/maps/dir/?api=1&destination=39%20Wintergreen%20Drive%2C%20Roseland%2C%20VA%2022967,false
36,The Edge,the-edge,Restaurants,taste,Wintergreen Resort,"The Edge is Wintergreen's casual slope-side restaurant with mountain views, hearty comfort food, and a lively bar with seasonal live music.","The Edge is a casual and family-friendly restaurant with a rustic mountain flair. At lunch and dinner, savor a complete menu of tempting appetizers, seasonal salads, flavorful sandwiches, and hearty entrées, all served with the best view on the mountain. The energetic bar is the place to be when the sun sets, with live music offered seasonally.

Hours may vary by season, so please check <a href=https://www.wintergreenresort.com/the-wintergreen-weekly/ target=_blank rel=noopener noreferrer>This Week at Wintergreen</a> for current hours of operation.",,https://ik.imagekit.io/OE/nelson-county/listings/the-edge-image1_3m2oRzZrd,People seated at rustic bar with wooden walls and large chandelier.,,,,,,,,,(434) 325-8080,"11 Grassy Ridge Road, Wintergreen, VA 22958",josh,2026-01-05,2026-01-12,https://www.google.com/maps/dir/?api=1&destination=11%20Grassy%20Ridge%20Road%2C%20Wintergreen%2C%20VA%2022958,,,,,,,,,,,,,,Scenic Views; Snow Sports; Bar; Live Music; Seasonal Menu,false,https://www.google.com/maps/dir/?api=1&destination=11%20Grassy%20Ridge%20Road%2C%20Wintergreen%2C%20VA%2022958,false
37,The Farmhouse at Veritas,the-farmhouse-at-veritas,Restaurants,taste,Afton,"The Farmhouse at Veritas is part luxury inn, part wine country dining room, delivering four-course, wine-paired Farmhouse Dinners Wednesday through Sunday plus curated lodging surrounded by Blue Ridge vineyards and breweries. The Farmhouse at Veritas hosts four-course, wine-paired farm-to-table dinners Wednesday through Sunday in an intimate setting on the Veritas vineyard estate.","Surrounded by the Blue Ridge Mountains and located in the heart of Virginia wine country, The Farmhouse at Veritas was named one of the Top 10 Best Wine Travel Destinations in 2012 by Wine Enthusiast Magazine. Seven wineries, three breweries, a cidery, and a distillery are all located within a 10-mile radius. The Farmhouse at Veritas combines excellence in service, lodging, fine dining, wine, and ambiance.

BedandBreakfast.com has recognized The Farmhouse at Veritas as one of the Top Ten B&Bs in the country. Farmhouse Dinners are offered Wednesday through Sunday nights at 6:30 PM. These four-course, wine-paired meals feature homegrown and house-made Farm-to-Fork menus prepared weekly by Chef Daniel. Guests can enjoy dining al fresco in the summer or cozy up by the fire in the winter. Upon arrival, guests will be greeted with a glass of Veritas Sparkling Wine and seated before 7 PM. Advance reservations are required, with a 24-hour notice for booking.",,https://ik.imagekit.io/OE/nelson-county/listings/the-farmhouse-at-veritas-image1_LBC9TWPstE,"Table with wine glasses, flowers, on outdoor patio with garden view.",,,,,,,,,(540) 456-8100,"72 Saddleback Farm, Afton, VA 22920",josh,2026-01-05,2026-01-12,https://www.google.com/maps/dir/?api=1&destination=72%20Saddleback%20Farm%2C%20Afton%2C%20VA%2022920,,,,,,,,,,,,,,Wine; Farm; Tastings; Golf; Beer,false,https://www.google.com/maps/dir/?api=1&destination=72%20Saddleback%20Farm%2C%20Afton%2C%20VA%2022920,false
38,Vito's Pizza & Italian Grill,vitos-pizza-italian-grill,Restaurants,taste,Lovingston,"Vito's Pizza & Italian Grill is a family-owned Italian restaurant in Lovingston serving pizzas, pasta, and grill favorites rooted in chef Salvatore Mannino's Sicilian heritage. Vito's Pizza & Italian Grill is a longtime Lovingston staple for New York pies, subs, pasta, and Italian-American comfort, rooted in founder Vito's Sicilian training and decades of family hospitality. Lovingston is a great destination for history buffs as the Lovingston Historic District and the courthouse are both listed on the National Register of Historic Places.","It all began in Carini, Italy. I was just thirteen years old, working at my brother-in-law's restaurant as a dishwasher and prep cook. After a couple of years, I started to help the chefs who were professionals trained in Venice. In 1981, when I was sixteen years old, I moved to America.

I was living in Virginia and working in a pizzeria—dishwashing, of course—and again, I worked my way up. I then moved to Massachusetts and worked at my brother's restaurant as a cook. I was just 20 years old when I opened my first restaurant in Massachusetts. After twelve years, in 1999, I moved back to Virginia, where I opened Vito’s in Lovingston. It has become a very successful business, thanks to the people in this country and all around. And of course… my wife, employees, and clientele who helped make this all possible! Buon Appetito!",,https://ik.imagekit.io/OE/nelson-county/listings/vito-s-pizza-italian-grill-image1_qEDLQecPU,Three pizzas with various toppings surrounded by condiments and peppers on a table.,,,,,,,,,(434) 263-8688,"8181 Thomas Nelson Highway, Lovingston, VA 22949",josh,2026-01-05,2026-01-12,https://www.google.com/maps/dir/?api=1&destination=8181%20Thomas%20Nelson%20Highway%2C%20Lovingston%2C%20VA%2022949,,,,,,,,,,,,,,Family Friendly; Full Kitchen; Pizza,false,https://www.google.com/maps/dir/?api=1&destination=8181%20Thomas%20Nelson%20Highway%2C%20Lovingston%2C%20VA%2022949,false
39,Black Bear Creamery,black-bear-creamery,Restaurants,taste,Nellysford,"Black Bear Creamery scoops homemade ice cream, shakes, and sundaes for locals and visitors in Nellysford.","Black Bear Creamery is a local ice cream shop specializing in homemade ice cream, milkshakes, and sundaes.

Indulge in a variety of delicious flavors and treat yourself to a delightful experience that will satisfy your sweet tooth!",,https://ik.imagekit.io/OE/nelson-county/listings/black-bear-creamery-image1_NoSYfCv22,"Café with string lights, colorful umbrellas, and outdoor seating at dusk.",,,,,,,,,(434) 263-8916,"18 Pheasant Run, Nellysford, VA 22958",josh,2026-01-05,2026-01-12,https://www.google.com/maps/dir/?api=1&destination=18%20Pheasant%20Run%2C%20Nellysford%2C%20VA%2022958,,,,,,,,,,,,,,Desserts; Family Friendly; Hiking; Beer,false,https://www.google.com/maps/dir/?api=1&destination=18%20Pheasant%20Run%2C%20Nellysford%2C%20VA%2022958,false
117,Tennis,tennis,Activities,experience,Wintergreen Resort,Wintergreen Tennis programs spanning 19 outdoor clay and three indoor Deco Turf courts with year-round clinics for families and teams.,"Wintergreen Resort <a href=https://www.tennis.com/ target=_blank rel=noopener noreferrer>Tennis Magazine</a> has ranked Wintergreen among the nation’s top 50 tennis programs for the past 18 years and, in 2010, awarded the distinction of being the #1 resort for families in the United States. Located in the heart of the Blue Ridge Mountains, Wintergreen offers the perfect setting for your next tennis getaway.

Our facilities at both Devils Knob and Stoney Creek total 19 clay courts and 3 indoor deco-turf courts. Outdoor tennis courts at Nelson County High School are open to the public when the facility is not being used for school events.",,https://ik.imagekit.io/OE/nelson-county/listings/tennis-image1_vrYu1T-i9,"Tennis courts surrounded by trees, adjacent to green golf course, mountains in background.",,,,,,,,,(434) 325-2200,"Wintergreen Tennis Center, 581 Wintergreen Drive, Wintergreen, VA 22967",josh,2026-01-05,2026-01-12,https://www.google.com/maps/dir/?api=1&destination=Wintergreen%20Tennis%20Center%2C%20581%20Wintergreen%20Drive%2C%20Wintergreen%2C%20VA%2022967,,,,,,,,,,,,,,Tennis,false,https://www.google.com/maps/dir/?api=1&destination=Wintergreen%20Tennis%20Center%2C%20581%20Wintergreen%20Drive%2C%20Wintergreen%2C%20VA%2022967,false
43,Blue Mountain Barrel House,blue-mountain-barrel-house,Breweries & Cideries,taste,Arrington,"Production-focused Blue Mountain facility with one of the East Coast's largest barrel-aging programs, a year-round tasting room, and sweeping Nelson County views. Production-focused Blue Mountain facility with one of the East Coast's largest barrel-aging programs, a year-round tasting room, and sweeping Nelson County views.","By 2011, Blue Mountain beer was in demand across Virginia at a rate that exceeded our capacity at the original Blue Mountain location in Afton. The next evolution for us became Blue Mountain Barrel House, a larger production-minded facility with almost tenfold capacity of our brewery in Afton. But just building a bigger brewery seemed a bit boring.

So we did things our way: first, we picked a 15-acre spot in the south of Nelson County that has the stunning mountain views to match our Afton location. As the most mountainous county in America east of the Mississippi, the stark line of the Blue Ridge is woven into the fabric of our inspiration. Next, we designed a facility that had special capabilities to produce the barrel-aged beers we hang our hat on, beers like Dark Hollow, with a unique brewhouse and a fluctuating temperature-controlled barrel aging room.",,https://ik.imagekit.io/OE/nelson-county/listings/blue-mountain-barrel-house-image1_aohVkuJqX,"Assorted beer flights on wooden table, two people in background enjoying.",,,,,,,,https://www.bluemountainbarrel.com/,(434) 263-4002,"495 Cooperative Way, Arrington, VA 22922",josh,2026-01-05,2026-01-12,https://www.google.com/maps/dir/?api=1&destination=495%20Cooperative%20Way%2C%20Arrington%2C%20VA%2022922,,,,,,,,,,,,,,Beer; Cider; Seasonal Menu; Tastings,true,https://www.google.com/maps/dir/?api=1&destination=495%20Cooperative%20Way%2C%20Arrington%2C%20VA%2022922,false
44,Blue Toad Hard Cider,blue-toad-hard-cider,Breweries & Cideries,taste,Roseland,Farm-based cidery crafting approachable Blue Ridge blends with a taproom at the base of Wintergreen and patio views of the orchard. Farm-based cidery crafting approachable Blue Ridge blends with a taproom at the base of Wintergreen and patio views of the orchard.,"Born in a barn, Blue Toad Cider honors the tradition and legacy of America’s first preferred beverage by brewing an all-natural and eminently drinkable hard cider using locally grown apples in Western New York and apples grown in the Blue Ridge Mountains of Virginia.

Rather than solely using European-style tart and bitter apples, Blue Toad Hard Cider employs a blend of three to four different apple varieties, showcasing natural seasonal variation, grown in areas near Rochester, New York, and Tyro, Virginia. Our production takes place at our cideries in the Genesee Regional Market in Rochester and at the base of Wintergreen Resort in Roseland, Virginia. We believe our cider is different – more authentic, more drinkable, more responsibly produced, and more of an experience – than the more mass-produced ciders that may use imported concentrates. We hope you’ll treat yourself to a bottle, can, or glass of our hard cider soon to savor that difference. We think you’ll be back for another!",,https://ik.imagekit.io/OE/nelson-county/listings/blue-toad-hard-cider-image1_sCenJqzoN7,Blue fish mural painted on gray wooden planks.,,,,,,,,https://www.bluetoadhardcider.com/,(434) 760-9200,"462 Winery Lane, Roseland, VA 22967",josh,2026-01-05,2026-01-12,https://www.google.com/maps/dir/?api=1&destination=462%20Winery%20Lane%2C%20Roseland%2C%20VA%2022967,,,,,,,,,,,,,,Beer; Cider; Farm; Meeting Planners; Outdoor Seating; Pet Friendly; Scenic Views; Tastings,false,https://www.google.com/maps/dir/?api=1&destination=462%20Winery%20Lane%2C%20Roseland%2C%20VA%2022967,false
45,Bold Rock Hard Cider,bold-rock-hard-cider,Breweries & Cideries,taste,Nellysford,"Nellysford's riverside cidery offering tours, tastings, and cider cocktails from Bold Rock's orchard-to-glass production campus.","Our cidery in the heart of the Blue Ridge Mountains is open daily for tours, tastings, and hard cider to go.

Join us to experience the unique flavors of our craft ciders, made with fresh, local ingredients in a stunning mountain setting. Enjoy a delightful day of exploration and refreshment!",,https://ik.imagekit.io/OE/nelson-county/listings/bold-rock-hard-cider-image1__h55RjVBl,"Wooden building with outdoor seating, blue umbrellas, people, and trees under blue sky.",,,,,,,,https://boldrock.com/visit/nellysford-cidery/,(434) 361-1030,"1020 Rockfish Valley Highway, Nellysford, VA 22958",josh,2026-01-05,2026-01-12,https://www.google.com/maps/dir/?api=1&destination=1020%20Rockfish%20Valley%20Highway%2C%20Nellysford%2C%20VA%2022958,,,,,,,,,,,,,,Bar; Beer; Cider; Cocktails; Farm; Live Music; Meeting Planners; Tastings; Water Sports,false,https://www.google.com/maps/dir/?api=1&destination=1020%20Rockfish%20Valley%20Highway%2C%20Nellysford%2C%20VA%2022958,false
46,Brewing Tree Beer Company,brewing-tree-beer-company,Breweries & Cideries,taste,Afton,"Husband-and-wife brewery with a scratch kitchen, creekside beer garden, and rotating small-batch Virginia ales. Husband-and-wife brewery with a scratch kitchen, creekside beer garden, and rotating small-batch Virginia ales.","Brewing Tree Beer Company was founded in 2018 by the husband and wife team of Mark and Gina Thompson. Their passion for crafting unique and flavorful beers has driven the company to create a diverse range of brews that cater to all tastes.

With a commitment to quality and community, Brewing Tree Beer Company continues to innovate and inspire beer lovers everywhere.",,https://ik.imagekit.io/OE/nelson-county/listings/brewing-tree-beer-company-image1_e43JZexL6,People at outdoor brewery with food truck and green umbrellas.,,,,,,,,https://www.brewingtreebeerco.com/,(540) 381-0990,"9278 Rockfish Valley Highway, Afton, VA 22920",josh,2026-01-05,2026-01-12,https://www.google.com/maps/dir/?api=1&destination=9278%20Rockfish%20Valley%20Highway%2C%20Afton%2C%20VA%2022920,,,,,,,,,,,,,,Beer; Cider; Family Friendly; Full Kitchen; Tastings; Water Sports,false,https://www.google.com/maps/dir/?api=1&destination=9278%20Rockfish%20Valley%20Highway%2C%20Afton%2C%20VA%2022920,false
47,Bryant's Cider & Brewery,bryants-cider-brewery,Breweries & Cideries,taste,Roseland,"Bryant's pours heritage apple ciders and farm-brewed beers with a focus on natural ingredients, outdoor lawn games, and seasonal gatherings. Bryant's pours heritage apple ciders and farm-brewed beers with a focus on natural ingredients, outdoor lawn games, and seasonal gatherings.",,,https://ik.imagekit.io/OE/nelson-county/listings/bryant-s-cider-brewery-image1_Pl3ykVMup,"White barn, large tree, picnic tables, string lights, people sitting outside.",,,,,,,,https://www.bryantscider.com/,(804) 420-9683,"3224 East Branch Loop, Roseland, VA 22967",josh,2026-01-05,2026-01-12,https://www.google.com/maps/dir/?api=1&destination=3224%20East%20Branch%20Loop%2C%20Roseland%2C%20VA%2022967,,,,,,,,,,,,,,Beer; Farm; Outdoor Seating; Seasonal Menu; Cider; Tastings,false,https://www.google.com/maps/dir/?api=1&destination=3224%20East%20Branch%20Loop%2C%20Roseland%2C%20VA%2022967,false
48,Devils Backbone Brewing Company,devils-backbone-brewing-company,Breweries & Cideries,taste,Roseland,"Mountain basecamp brewery pouring award-winning lagers, cocktails, and distillery releases with expansive meadows and adventure-forward programming.","Years ago, our founders, Steve and Heidi Crandall, were on a ski trip in the Alps when they tried their first craft beer, a German Weisse at a brewpub. This experience ignited their passion for craft brewing and inspired them to create their own unique beers.

At Devils Backbone Brewing Company, we are dedicated to crafting exceptional brews that reflect our love for the outdoors and the spirit of adventure. Join us in celebrating the art of brewing and the joy of great beer!",,https://ik.imagekit.io/OE/nelson-county/listings/devils-backbone-brewing-company-image1_xOCX-_l34,"Aerial view of colorful autumn landscape with mountains, road, and buildings.",,,,,,,,https://www.dbbrewingcompany.com/,(434) 361-1001,"200 Crandall Run, Roseland, VA 22967",josh,2026-01-05,2026-01-12,https://www.google.com/maps/dir/?api=1&destination=200%20Crandall%20Run%2C%20Roseland%2C%20VA%2022967,,,,,,,,,,,,,,Adventure; Appalachian Trail; Beer; Biking; Cider; Meeting Planners; Spirits; Tastings,true,https://www.google.com/maps/dir/?api=1&destination=200%20Crandall%20Run%2C%20Roseland%2C%20VA%2022967,false
49,Outback Brew House,outback-brew-house,Breweries & Cideries,taste,Lovingston,"Nano-brewery taproom in Lovingston pouring house recipes with plans for expanded outdoor seating, live music, and an onsite food truck. Outback Brew House in Lovingston pours house beers straight from the taproom it's still expanding—think new deck seating, a music stage, and its own food truck—inviting regulars to watch the brewpub grow in real time. Lovingston is a great destination for history buffs as the Lovingston Historic District and the courthouse are both listed on the National Register of Historic Places.",,,https://ik.imagekit.io/OE/nelson-county/listings/outback-brew-house-image1_3mAJkqmbA,"Beer glass with logo outdoors, blue sky, string lights in background.",,,,,,,,https://www.outbackhouselodging.com/outback-brew-house/,(434) 263-0007,"7995 Thomas Nelson Hwy, Lovingston, VA 22949",josh,2026-01-05,2026-01-12,https://www.google.com/maps/dir/?api=1&destination=7995%20Thomas%20Nelson%20Hwy%2C%20Lovingston%2C%20VA%2022949,,,,,,,,,,,,,,Outdoor Seating; Live Music; Beer; Cider; Tastings,false,https://www.google.com/maps/dir/?api=1&destination=7995%20Thomas%20Nelson%20Hwy%2C%20Lovingston%2C%20VA%2022949,false
50,"Three Notch'd Brewery, Distillery & Craft Kitchen",three-notchd-brewery-distillery-craft-kitchen-nelson-county,Breweries & Cideries,taste,Nellysford,"Three Notch'd Brewery, Distillery & Craft Kitchen on Route 151 unites beer, spirits, and a from-scratch kitchen featuring beer-infused plates, kids items, and gluten-free options, with leashed dogs welcome on the patio.","Located off the historic Highway 151, our Nelson County location houses our Brewery, Distillery, and Craft Kitchen.

Join us to experience a unique blend of handcrafted beers, artisanal spirits, and delicious cuisine in a welcoming atmosphere. Enjoy the rich flavors and vibrant community that make our establishment a must-visit destination!",,https://ik.imagekit.io/OE/nelson-county/listings/three-notch-d-brewery-distillery-craft-kitchen-image1_0-OUbAArR3,Assorted colorful beer cans displayed outdoors near a wooden building.,,,,,,,,https://threenotchdbrewing.com/location/nellysford/,(434) 226-0020,"2461 Rockfish Valley Hwy, Nellysford, VA 22958",josh,2026-01-05,2026-01-12,https://www.google.com/maps/dir/?api=1&destination=2461%20Rockfish%20Valley%20Hwy%2C%20Nellysford%2C%20VA%2022958,,,,,,,,,,,,,,Beer; Cider; Full Kitchen; Spirits; Tastings,false,https://www.google.com/maps/dir/?api=1&destination=2461%20Rockfish%20Valley%20Hwy%2C%20Nellysford%2C%20VA%2022958,false
51,Wild Man Dan Brewery,wild-man-dan-brewery,Breweries & Cideries,taste,Afton,"Barn brewery pouring award-winning micro batches and offering homebrew workshops with Dan and his mountain porch hospitality. Wild Man Dan Brewery is Virginia's tiniest production brewery, where Dan brews award-winning small batches in his barn and happily teaches visitors the art of ale making while they sample Chai-Laxin or Dark Matter IPA.",,,https://ik.imagekit.io/OE/nelson-county/listings/wild-man-dan-brewery-image1_k5KRI9nIU,"Brick house with white porch, surrounded by trees and blooming flowers.",,,,,,,,https://wildmandanbeer.com/,(540) 798-1781,"279 Avon Road, Afton, VA 22920",josh,2026-01-05,2026-01-12,https://www.google.com/maps/dir/?api=1&destination=279%20Avon%20Road%2C%20Afton%2C%20VA%2022920,,,,,,,,,,,,,,Beer; Cider; Meeting Planners; Outdoor Seating; Retail; Scenic Views; Tastings,false,https://www.google.com/maps/dir/?api=1&destination=279%20Avon%20Road%2C%20Afton%2C%20VA%2022920,false
52,Wood Ridge Farm Brewery,wood-ridge-farm-brewery,Breweries & Cideries,taste,Lovingston,"Estate farm brewery malting its own grains for 'dirt-to-glass' beers served with panoramic views of the Lovingston countryside. Wood Ridge Farm Brewery lives its 'dirt to glass' motto by growing grains, malting, and brewing on-site in Lovingston, letting guests sip uniquely local beers while overlooking the very fields that supplied the malt. Lovingston is a great destination for history buffs as the Lovingston Historic District and the courthouse are both listed on the National Register of Historic Places.",,,https://ik.imagekit.io/OE/nelson-county/listings/wood-ridge-farm-brewery-image1_Bi7zpuZf1,"Wooden 'LOVE' sign with sunset backdrop, couple walking towards a garden.",,,,,,,,https://www.woodridgefarmbrewery.com/,(434) 531-7362,"165 Old Ridge Road, Lovingston, VA 22949",josh,2026-01-05,2026-01-12,https://www.google.com/maps/dir/?api=1&destination=165%20Old%20Ridge%20Road%2C%20Lovingston%2C%20VA%2022949,,,,,,,,,,,,,,Farm; Scenic Views; Seasonal Menu; Beer; Cider; Tastings,false,https://www.google.com/maps/dir/?api=1&destination=165%20Old%20Ridge%20Road%2C%20Lovingston%2C%20VA%2022949,false
53,Devils Backbone Distilling Co.,devils-backbone-distilling-co,Distilleries,taste,Roseland,"On-site craft distillery at Devils Backbone Basecamp serving small-batch gin, rum, and brandy cocktails in a lounge and covered patio setting. Devils Backbone Distilling Co.","Devils Backbone Distilling Co. is dedicated to crafting high-quality spirits that reflect the unique character of the Virginia landscape. With a commitment to using locally sourced ingredients, our distillery produces a range of artisanal products, including whiskey, rum, and gin, each with its own distinct flavor profile.

Visitors can enjoy guided tours of the distillery, where they can learn about the distillation process and the craftsmanship behind each bottle. Join us for tastings and discover the rich flavors that make Devils Backbone Distilling Co. a standout in the world of craft spirits.",,https://ik.imagekit.io/OE/nelson-county/listings/devils-backbone-distilling-co--image1_kkqc1tAn6,"People relax outdoors on wooden chairs under sunny skies, surrounded by trees.",,,,,,,,https://www.dbbrewingcompany.com/spirits/,(434) 361-1001,"35 Mosbys Run, Roseland, VA 22967",josh,2026-01-05,2026-01-12,https://www.google.com/maps/dir/?api=1&destination=35%20Mosbys%20Run%2C%20Roseland%2C%20VA%2022967,,,,,,,,,,,,,,Spirits; Cocktails; Outdoor Seating; Tastings; Beer,false,https://www.google.com/maps/dir/?api=1&destination=35%20Mosbys%20Run%2C%20Roseland%2C%20VA%2022967,false
54,Silverback Distillery,silverback-distillery,Distilleries,taste,Afton,"Silverback Distillery is a mother-daughter team crafting award-winning spirits with local grains and mountain water, pouring cocktail flights and barrel-smoked drinks in Afton. Silverback Distillery—the nation's only mother-daughter distilling duo—crafts award-winning gin, rye, bourbon, and honey liqueur in the Blue Ridge, offering tasting flights, smoked cocktails, and bottle sales in its Roseland stillhouse.",,,https://ik.imagekit.io/OE/nelson-county/listings/silverback-distillery-image1_RBNd85uTW,"Blue building with lit windows, dusk sky, parking lot, and surrounding trees.",,,,,,,,,(540) 456-7070,"9520 Rockfish Valley Highway, Afton, VA 22920",josh,2026-01-05,2026-01-12,https://www.google.com/maps/dir/?api=1&destination=9520%20Rockfish%20Valley%20Highway%2C%20Afton%2C%20VA%2022920,,,,,,,,,,,,,,Spirits; Cocktails; Tastings; Scenic Views; Water Sports,false,https://www.google.com/maps/dir/?api=1&destination=9520%20Rockfish%20Valley%20Highway%2C%20Afton%2C%20VA%2022920,false
55,Virginia Distillery Co.,virginia-distillery-co,Distilleries,taste,Lovingston,Virginia Distillery Co. The original 30 acres was donated by Mr.,"Our American single malt whisky is crafted in the heart of Virginia’s Blue Ridge Mountains, showcasing both New and Old World whisky-making.

Experience the unique flavors and craftsmanship that define our distillery, where tradition meets innovation in every bottle.",,https://ik.imagekit.io/OE/nelson-county/listings/virginia-distillery-co--image1_eCbxehNaH,"Stone gate entrance to a large white house, surrounded by trees and hills.",,,,,,,,https://vadistillery.com/,(434) 285-2900,"299 Eades Lane in Lovingston, VA",josh,2026-01-05,2026-01-12,https://www.google.com/maps/dir/?api=1&destination=299%20Eades%20Lane%2C%20Lovingston%2C%20VA%2022949,,,,,,,,,,,,,,Spirits; Museum; Tastings,false,https://www.google.com/maps/dir/?api=1&destination=299%20Eades%20Lane%2C%20Lovingston%2C%20VA%2022949,false
131,Montebello Fish Hatchery,montebello-fish-hatchery,Activities,culture,Montebello,"In addition to trout, there is a nature trail and pollinator plots located on the property. State trout hatchery near Crabtree Falls offering educational tours, pollinator plots, and a nature trail adjacent to mountain hiking hubs.","Montebello Fish Hatchery hosts numerous visitors and school group tours throughout the year. In addition to trout, there is a nature trail and pollinator plots located on the property.

Nearby attractions include Spy Rock, a scenic view off of the Appalachian Trail, and <a href=/explore/crabtree-falls>Crabtree Falls</a>, another popular hiking destination.",,https://ik.imagekit.io/OE/nelson-county/listings/montebello-fish-hatchery-image1_4Xa9lVMTCF,Sign for Montebello State Fish Hatchery amidst autumn trees by winding road.,,,,,,,,,(540) 377-2418,"359 Fish Hatchery Lane, Montebello, VA 24464",josh,2026-01-05,2026-01-12,https://www.google.com/maps/dir/?api=1&destination=359%20Fish%20Hatchery%20Lane%2C%20Montebello%2C%20VA%2024464,,,,,,,,,,,,,,Hiking; Biking; Fishing,false,https://www.google.com/maps/dir/?api=1&destination=359%20Fish%20Hatchery%20Lane%2C%20Montebello%2C%20VA%2024464,false
144,One Forest,one-forest,Activities,experience,Nellysford,Proposed forest-based education and wellness space in Nellysford emphasizing nature play and outdoor learning; listing currently in development.,"Forest Farm – One Forest is a forest farm and woodland activity space where people from all walks of life can gather to play, experience, and learn from nature. In our forest, we host a wide variety of programs and events that aim to educate and connect you with permaculture, forest farming, nature awareness, and nature therapy.

Our mission is to create a welcoming environment where people of all ages are given the opportunity to develop an ongoing relationship with the natural world. We also offer fresh chicken eggs and cut flowers.",,https://ik.imagekit.io/OE/nelson-county/listings/one-forest-image1_SsMvpz8Qy,Tall white flowering plant in garden with wooden house and trees behind.,,,,,,,,,,"Nellysford, VA 22958",josh,2026-01-05,2026-01-12,https://www.google.com/maps/dir/?api=1&destination=Nellysford%2C%20VA%2022958,,,,,,,,,,,,,,Outdoor Seating,false,https://www.google.com/maps/dir/?api=1&destination=Nellysford%2C%20VA%2022958,false
160,Oak Ridge Estate,oak-ridge-estate,Activities,culture,Arrington,"The mansion on this 5,000-acre plantation estate was first built in 1802 and acquired at the turn of the 20th century by Thomas Fortune Ryan, a Nelson County native who had become one of the 10 wealthiest men in the nation. He made impressive alterations to the building and grounds-adding a formal Italian garden, rotunda greenhouse and railroad station, among other features.",,,https://ik.imagekit.io/OE/nelson-county/listings/oak-ridge-estate-image1_AoSf5sg8m,"Large white mansion with columns, surrounded by green lawn and trimmed shrubs.",,,,,,,,,(434) 263-8676,"2300 Oak Ridge Road, Arrington, VA 22922",josh,2026-01-05,2026-01-12,https://www.google.com/maps/dir/?api=1&destination=2300%20Oak%20Ridge%20Road%2C%20Arrington%2C%20VA%2022922,,,,,,,,,,,,,,Events,false,https://www.google.com/maps/dir/?api=1&destination=2300%20Oak%20Ridge%20Road%2C%20Arrington%2C%20VA%2022922,false
161,Swannanoa,swannanoa,Activities,culture,Afton,"Swannanoa, the 1911 marble villa atop Afton Mountain, opens select weekends for public tours showcasing Italianate architecture and gardens. Swannanoa, the 1911 marble villa atop Afton Mountain, opens select weekends for public tours showcasing Italianate architecture and gardens.","Swannanoa was built in 1911 by Major James H. Dooley atop the Blue Ridge at Afton Mountain. It is an Italianate marble villa with commanding views of the Shenandoah and Rockfish Valleys. Extensive terraced gardens with statues and marble walls surround the palace. It has been used as a retreat, a clubhouse, and a philosophy institute, and is presently under restoration by the owner.

It is only open to the public on selected weekends during the spring, summer, and fall.",,https://ik.imagekit.io/OE/nelson-county/listings/swannanoa-image1_RcVj2PVkX,Vintage black car parked outside a large white mansion.,,,,,,,,,(540) 942-5201,"497 Swannanoa Lane, Afton, VA 22920",josh,2026-01-05,2026-01-12,https://www.google.com/maps/dir/?api=1&destination=497%20Swannanoa%20Lane%2C%20Afton%2C%20VA%2022920,,,,,,,,,,,,,,Outdoor Seating; Scenic Views; Tours,false,https://www.google.com/maps/dir/?api=1&destination=497%20Swannanoa%20Lane%2C%20Afton%2C%20VA%2022920,false
166,Blue Ridge Fruit Loop,blue-ridge-fruit-loop,Activities,outdoor,Tyro,Blue Ridge Fruit Loop passport covering 11 orchards and farms across Nelson and Amherst counties for pick-your-own fruit May–December. Blue Ridge Fruit Loop passport covering 11 orchards and farms across Nelson and Amherst counties for pick-your-own fruit May–December.,"From May until December, taste and tour the places that grow the freshest fruits and berries in Nelson and Amherst counties. Select from a wide variety of apples, Asian pears, blackberries, blueberries, cherries, nectarines, peaches, plums, strawberries, sweet cider, fruit jams, jellies, and more!

From pre-picked fruit to pick-your-own options, find your favorites while enjoying spectacular views of the Blue Ridge Mountains. Visit all 11 farms: Blue Ridge Fruit Company, Critzer Family Farm, Dickie Brothers Orchard, Drumheller’s Orchard, Fitzgerald’s Orchard, Hill Top Berry Farm & Winery, Morris Orchard, Saunders Brothers, Seamans’ Orchard, Silver Creek Orchards, and Silver Creek & Seamans’ Orchards.

The Brew Ridge Trail is a self-guided tour featuring six of the nation’s best craft breweries. With everything from lagers to stouts, there’s something for everyone along the trail. The six breweries include Blue Mountain Brewery, Blue Mountain Barrel House, Devils Backbone Brewing Company, South Street Brewery, Starr Hill Brewery, and Wild Wolf Brewing Company. Four of the breweries are in Nelson County along scenic Route 151; Starr Hill is in nearby Crozet, and South Street Brewery is in Charlottesville. The self-guided tour allows you to check out all of our breweries at your leisure. Each brewery offers sample tastings of their craft beers, allowing you to try a variety of what they produce. Draft beer and bottled beer are generally available, and growler fills can be purchased for selected brews. Start planning your trip using the Trail Map on the website, and you’ll be sipping in no time!",,https://ik.imagekit.io/OE/nelson-county/listings/blue-ridge-fruit-loop-image1_xveXoCybQ,"Clusters of ripe blackberries on bush, hand reaching in sunlight.",,,,,,,,,(434) 263-7015,"Blue Ridge Fruit Loop Trailhead, 56 Cabell Road, Tyro, VA 22976",josh,2026-01-05,2026-01-12,https://www.google.com/maps/dir/?api=1&destination=Blue%20Ridge%20Fruit%20Loop%20Trailhead%2C%2056%20Cabell%20Road%2C%20Tyro%2C%20VA%2022976,,,,,,,,,,,,,,Cider; Farm; Seasonal Menu; Scenic Views; Biking; Tastings,false,https://www.google.com/maps/dir/?api=1&destination=Blue%20Ridge%20Fruit%20Loop%20Trailhead%2C%2056%20Cabell%20Road%2C%20Tyro%2C%20VA%2022976,false
95,Blue Ridge Parkway Loops,blue-ridge-parkway-loops,Biking,outdoor,Nelson County,"Scenic 22- or 40-mile Blue Ridge Parkway cycling loop starting near Love, Virginia, with sweeping Shenandoah Valley overlooks, Parkway climbs, and Route 76 tie-ins.","Enjoy breathtaking views from several scenic overlooks along the Blue Ridge Parkway.

The 22-mile ride begins at <a href=http://www.vacabins.com/ target=_blank rel=noopener noreferrer>Royal Oaks Cabins</a> in Love (Milepost 16) and heads south to Tye River Gap and back. The route includes: 0.0 – R Route 814; 0.2 – L Blue Ridge Parkway (scenic overlooks into Shenandoah and Rockfish Valleys); 16.2 – L on exit to reach Route 250 East; 16.3 – R Route 250 East (Rockfish Gap Tourist Information, long downhill, country store); 19.1 – R Route 750 (Bike Centennial’s Route 76); 20.9 – R Route 6 in Afton (home of the former legendary Cookie Lady on your right, just across the railroad bridge). Head back up Route 6: 22.3 – L Route 250 (watch traffic); 23.5 – R on ramp to Blue Ridge Parkway and Shenandoah National Park; 23.6 – L on Blue Ridge Parkway; 39.6 – R Route 814; 39.8 – Return to Royal Oaks.

For mountain bikers, a 40-mile ride begins at the same point, crossing the Parkway onto Route 814, then right onto Route 56 to North Fork, following it back to the Parkway, and returning to Milepost 16. For motorcyclists, the 40-mile ride also starts at Milepost 16, heading north to Milepost 0 at Afton Mountain, with an optional loop through the small hamlet of Afton.

Experience the beauty of the Blue Ridge Parkway and enjoy the adventure!",,https://ik.imagekit.io/OE/nelson-county/listings/blue-ridge-parkway-loops-image1_ned_KWOT2,Sun setting over mountains with road and railing in foreground.,,,,,,,,,(434) 263-7015,"Milepost 16, Blue Ridge Parkway, Love, VA 22952",josh,2026-01-05,2026-01-12,https://www.google.com/maps/dir/?api=1&destination=Milepost%2016%2C%20Blue%20Ridge%20Parkway%2C%20Love%2C%20VA%2022952,,,,,,,,,,,,,,Biking; Hiking; Scenic Views,false,https://www.google.com/maps/dir/?api=1&destination=Milepost%2016%2C%20Blue%20Ridge%20Parkway%2C%20Love%2C%20VA%2022952,false
96,Oak Ridge Loop,oak-ridge-loop,Biking,outdoor,Nelson County,"29-mile Oak Ridge cycling loop rolling through Route 56 and Rockfish Valley backroads with historic estate views and low-traffic farm lanes. The 29-mile Oak Ridge Loop mixes Route 56 farmland, country stores, and stretches along Route 29, rewarding cyclists with rolling hills and scenic estate views before returning to the Oak Ridge parking area.","The Oak Ridge Loop is a 29-mile biking route that begins at the parking area on Route 650 (sharp curve). From there, turn left onto Route 56, keeping an eye on traffic. Continue for 1.5 miles, then turn left onto Route 639. At 9.5 miles, make a left onto Route 617, followed by another left at 19.0 miles onto Route 623. At 19.5 miles, turn left onto Route 766, which becomes Route 624. At 19.6 miles, turn left onto Route 29, and be cautious of traffic while riding single file.

At 21.5 miles, turn right onto Route 718, then bear left on Route 651 at 23.0 miles. At 24.7 miles, turn right onto the combined Route 29 and Route 56. Continue to watch traffic and ride single file. At 26.9 miles, turn left onto Route 653, followed by another left at 28.9 miles onto Route 710. At 29.1 miles, Route 710 becomes Route 650, leading you back to the parking area near <a href=https://www.oakridgeestate.com/ target=_blank rel=noopener noreferrer>Oak Ridge Estate</a>.

For the 40-mile ride for mountain bikers, start from Milepost 16 on the Blue Ridge Parkway and cross onto Route 814. Turn right onto Route 56 to North Fork, then follow it back to the Parkway. Finally, take a right onto the Parkway back to milepost 16. Enjoy the scenic overlooks into Shenandoah and Rockfish Valleys along the way!",,https://ik.imagekit.io/OE/nelson-county/listings/oak-ridge-loop-image1_C_eilCHEx,Stone cottage with green roof surrounded by trees and iron fence.,,https://ik.imagekit.io/OE/nelson-county/listings/oak-ridge-loop-image2__dpCyljnt,"Old wooden mill with waterwheel by pond, surrounded by lush green trees.",,,,,,(434) 263-7015,"1010 Oak Ridge Road, Arrington, VA 22922",josh,2026-01-05,2026-01-12,https://www.google.com/maps/dir/?api=1&destination=1010%20Oak%20Ridge%20Road%2C%20Arrington%2C%20VA%2022922,,,,,,Overview,<p>The Oak Ridge Loop is a forested hiking trail that follows wooded ridgelines and slopes. The loop format allows hikers to experience varied terrain without retracing their steps.</p>,Trail Experience,"<p>The loop is considered <strong>moderate in length</strong> and <strong>moderate in difficulty</strong>, with gradual climbs, uneven footing, and natural trail surfaces.</p>",Planning Notes,<p>Trail conditions may vary after storms or seasonal weather. Visitors should remain on the marked route to avoid erosion and confusion at intersections.</p>,,,Biking; Retail; Farm; Fishing,false,https://www.google.com/maps/dir/?api=1&destination=1010%20Oak%20Ridge%20Road%2C%20Arrington%2C%20VA%2022922,false
97,Woodson's Mill Loop,woodsons-mill-loop,Biking,outdoor,Nelson County,24-mile Woodson's Mill ride beginning at the historic gristmill in Lowesville and circling through Massies Mill and Route 680 countryside.,"Woodson's Mill Loop is a scenic 24-mile biking route that begins and ends at Woodson’s Mill on Route 778, just off Route 56 in the Lowesville area.

Starting at 0.0 miles, take a left onto Route 778. At 1.2 miles, continue straight through Route 676. At 4.7 miles, turn left onto Routes 151/56 at the T intersection. At 5.7 miles, turn left onto Route 56, and at 10.2 miles, turn left onto Route 680. Be mindful of the mileage and disregard the first turn onto Route 680. At 14.3 miles, turn right onto Route 56. After passing Massies Mill, turn right almost immediately onto Route 666. Finally, at 23.3 miles, turn left onto Route 778 at Lowesville to return to the <a href=https://www.woodsonsmill.com/ target=_blank rel=noopener noreferrer>Historic Woodson’s Mill</a>.",,https://ik.imagekit.io/OE/nelson-county/listings/woodson-s-mill-loop-image1_yiXWRoa0o,"Old wooden watermill surrounded by lush greenery, near a tranquil pond.",,,,,,,,,(434) 263-7015,"3211 Lowesville Road, Roseland, VA 22967",josh,2026-01-05,2026-01-12,https://www.google.com/maps/dir/?api=1&destination=3211%20Lowesville%20Road%2C%20Roseland%2C%20VA%2022967,,,,,,,,,,,,,,Biking; Scenic Views; Farm; Water Sports,false,https://www.google.com/maps/dir/?api=1&destination=3211%20Lowesville%20Road%2C%20Roseland%2C%20VA%2022967,false
98,Walton's Mountain Museum Loop,waltons-mountain-museum-loop,Biking,outdoor,Nelson County,31-mile Schuyler countryside loop from Walton's Mountain Museum past the James River and Esmont farms with plenty of quiet ridge lines.,"The Walton's Mountain <a href=http://walton-mountain.org/ target=_blank rel=noopener noreferrer>Museum</a> Loop is a scenic 31-mile biking route that begins and ends at the <a href=http://www.waltonmuseum.org/ target=_blank rel=noopener noreferrer>Walton’s Mountain Museum</a>. Starting on Route 617, the route takes you through beautiful landscapes and charming roads.

Begin by heading left on Route 617 from the museum, then take a right onto Route 693. Cross the Rockfish River and at 2.9 miles, turn left onto Route 722 at the T intersection. Continue by taking a right onto Route 602 at 4.9 miles, then a left onto Route 626 at 8.6 miles, where you can enjoy views of the James River, Howardsville, and opportunities for fishing, canoeing, and picnicking. At 14.3 miles, turn left onto Route 627, crossing Route 6 at 17.5 miles (with a mini market available in Esmont). Continue on Route 627 through Esmont, then at 19.4 miles, turn left onto Route 715, followed by a right onto Route 719 at 20.1 miles.

At 22.0 miles, take a left onto Route 717, then a right onto Route 630 (Green Creek Road) at 22.1 miles. Continue on Route 6 at 28.0 miles, then take a right onto Route 800 at 29.4 miles, followed by a right back onto Route 617 at 30.8 miles to return to the museum at 31.0 miles.

For those looking for an extended ride, the 40-mile route for mountain bikers starts from Milepost 16 on the Blue Ridge Parkway. Cross the Parkway onto Route 814, then right onto Route 56 to North Fork, following it back to the Parkway. Finally, return to Milepost 16 via the Parkway. Enjoy the stunning views and the natural beauty of the area!",,https://ik.imagekit.io/OE/nelson-county/listings/walton-s-mountain-museum-loop-image1_anr51axUp,"Red brick building with American flag, labeled Schuyler Elementary School.",,,,,,,,,(434) 263-7015,"6484 Rockfish River Road, Schuyler, VA 22969",josh,2026-01-05,2026-01-12,https://www.google.com/maps/dir/?api=1&destination=6484%20Rockfish%20River%20Road%2C%20Schuyler%2C%20VA%2022969,,,,,,Overview,<p>The Walton’s Mountain Museum Loop is a short walking route that connects outdoor paths with the historic Walton’s Mountain Museum. It provides an easy way to combine light outdoor activity with a visit to the museum.</p>,Trail Experience,"<p>The loop is short and considered <strong>easy</strong>, with gentle terrain suitable for most visitors. The path passes through open areas and light woodland near the museum grounds.</p>",Planning Notes,<p>This loop works well as a casual walk before or after visiting the museum and does not require special preparation.</p>,,,Biking; Hiking; Scenic Views; Museum; Farm; Water Sports,false,https://www.google.com/maps/dir/?api=1&destination=6484%20Rockfish%20River%20Road%2C%20Schuyler%2C%20VA%2022969,false
99,Virginia Blue Ridge Railway Trail,virginia-blue-ridge-railway-trail,Biking,outdoor,Piney River,"7-mile crushed-stone rail trail along the Piney and Tye rivers with dual trailheads, equestrian access, and seasonal wildflowers. 7-mile crushed-stone rail trail along the Piney and Tye rivers with dual trailheads, equestrian access, and seasonal wildflowers.","The Virginia Blue Ridge Railway Trail spans 7 miles and is open year-round for hiking, biking, and horseback riding. The main trailhead is located in Piney River, featuring ample parking for cars and horse trailers. A smaller trailhead at milepost 1.7 in Roses Mill accommodates only cars. Restroom facilities are available at both trailheads.

This primarily crushed stone trail follows a scenic route along the Piney and Tye Rivers, where wildflowers bloom from spring through summer and wildlife abounds. The trail dead ends at the 7-mile point, with no eastern access at Tye River Depot, so users must retrace their steps to their vehicles. During the autumn hunting season, trail users should wear blaze orange clothing. The trail is open from sunrise to sunset and occupies the rail bed of the former Virginia Blue Ridge Railway, which ran from Tye River Depot to Massies Mill. Construction of the railroad began in 1915, and the line was abandoned in 1980.",,https://ik.imagekit.io/OE/nelson-county/listings/virginia-blue-ridge-railway-trail-image1_gb6HkVrGb,Trailhead sign and small building surrounded by trees under clear blue sky.,,,,,,,,,(434) 263-7130,"3124 Patrick Henry Highway, Piney River, VA 22964",josh,2026-01-05,2026-01-12,https://www.google.com/maps/dir/?api=1&destination=3124%20Patrick%20Henry%20Highway%2C%20Piney%20River%2C%20VA%2022964,,,,,,,,,,,,,,Biking; Equestrian; Scenic Views; Hiking; Water Sports,false,https://www.google.com/maps/dir/?api=1&destination=3124%20Patrick%20Henry%20Highway%2C%20Piney%20River%2C%20VA%2022964,false
100,Nelson Scenic Loop,nelson-scenic-loop,Biking,outdoor,Tyro,"50-mile Nelson Scenic Loop combining Route 151, Route 664, the Blue Ridge Parkway, and Route 56 for mountain vistas, orchards, and craft beverages. The Nelson Scenic Loop strings together Routes 151, 664, the Blue Ridge Parkway, and 56 into a 50-mile auto or bike tour showcasing orchards, craft beverage stops, waterfalls, and mountaintop vistas from Piedmont foothills to ridge-top summits.","The <a href=https://www.nelsonscenicloop.com/ target=_blank rel=noopener noreferrer>Nelson Scenic Loop</a> is a 50-mile auto and bike tour that features Nelson County’s bounty of natural, cultural, and historic attractions. Comprising Route 151, Route 664, the Blue Ridge Parkway, and Route 56, the Nelson Scenic Loop traverses both the lower foothills of the Piedmont as well as the summits of Virginia’s Blue Ridge Mountains.

This trail is open for hiking, biking, and horseback riding year-round. The main trailhead is in Piney River on SR 151, with ample parking for cars and horse trailers. A smaller trailhead (at milepost 1.7) in Roses Mill can accommodate only cars. Restroom facilities are available at both trailheads. The mainly crushed stone trail follows a scenic route along the Piney and Tye Rivers, where wildflowers bloom from spring through summer and wildlife abounds. The trail dead ends at the 7-mile point, and there is no eastern access at Tye River Depot, so you must retrace your steps to your vehicle. During the autumn hunting season, trail users should wear blaze orange clothing. The trail is open from sunrise to sunset and occupies the rail bed of the former Virginia Blue Ridge Railway, which ran from Tye River Depot to Massies Mill. Construction of the railroad started in 1915, and the line was abandoned in 1980.",,https://ik.imagekit.io/OE/nelson-county/listings/nelson-scenic-loop-image1_RICn_P7cl8,Black butterfly on pale purple flowers with green leaves.,,,,,,,,,(434) 263-7015,"Route 151 & Route 664 Junction, Nellysford, VA 22958",josh,2026-01-05,2026-01-12,https://www.google.com/maps/dir/?api=1&destination=Route%20151%20%26%20Route%20664%20Junction%2C%20Nellysford%2C%20VA%2022958,,,,,,Overview,"<p>The Nelson Scenic Loop is a self-guided driving route that showcases the landscapes, rural communities, and mountain views of Nelson County.</p><p>The loop is designed for leisurely exploration rather than point-to-point travel.</p>",Driving Experience,"<p>The full route spans <strong>several dozen miles</strong> and travels through valleys, along ridgelines, and near rivers.</p><p>Road conditions range from gentle rural roads to winding mountain sections.</p>",Planning Your Drive,"<p>The scenic loop can be driven in sections or completed in one outing. Drivers should allow time for pull-offs, stops, and nearby points of interest.</p><p>Caution is advised on narrow or curving roads.</p>",,,Biking; Educational; Scenic Views; Farm; Water Sports,false,https://www.google.com/maps/dir/?api=1&destination=Route%20151%20%26%20Route%20664%20Junction%2C%20Nellysford%2C%20VA%2022958,false
101,Tye River,tye-river,Canoeing,outdoor,Tyro,"34-mile Blue Ridge stream offering Class I–II+ whitewater, mountain views, and seasonal paddling windows for experienced canoeists.","With headwaters beginning high in the Blue Ridge Mountains and the George Washington National Forest, the Tye River is one of the most beautiful whitewater streams in Virginia. The river starts at the end of two mountain passes, the North Fork and South Fork, at the foot of a mountain.

It travels for about 34 miles through Nelson County, showcasing stunning scenery with mountain, valley, and pastoral views. The upper section can have strong whitewater for advanced paddlers, while the middle and lower sections offer moderate whitewater on a seasonal basis. The rapids are rated Class I to Class II+.",,https://ik.imagekit.io/OE/nelson-county/listings/tye-river-image1_obd32khA6,Bridge over river surrounded by lush forest and distant hills.,,,,,,,,https://nelsoncounty.com/explore/tye-river/,(434) 263-7015,Tye River Main Access 2724 Patrick Henry Highway Piney River VA 22964,josh,2026-01-05,2026-01-12,https://www.google.com/maps/search/?api=1&query=Tye%20River%20Main%20Access%202724%20Patrick%20Henry%20Highway%20Piney%20River%20VA%2022964,,,,,,,,,,,,,,Water Sports,false,https://www.google.com/maps/search/?api=1&query=Tye%20River%20Main%20Access%202724%20Patrick%20Henry%20Highway%20Piney%20River%20VA%2022964,false
102,James River,james-river,Canoeing,outdoor,Wingina,"The James River forms Nelson County's southeastern border, offering endless canoe and kayak launches, johnboat access, and fishing for smallmouth, largemouth, catfish, and sunfish along Virginia's most storied waterway. James River corridor on Nelson's southeastern edge with multiple ramps, float trips, and access to the 64-mile Upper James River Water Trail.","The <a href=https://www.dgif.virginia.gov/wma/james-river/ target=_blank rel=noopener noreferrer>James River</a> forms the southeastern border of Nelson County and is the longest and largest of Virginia’s rivers, draining the center of Virginia from the Appalachian Mountains to the Chesapeake Bay.

Important as a transportation center, the canals, railroads, highways, factories, cities, and dams illustrate the central role the James River played in developing the state of Virginia. Numerous access points exist for canoeing or kayaking the river, and small boats, such as john boats, can also be used at most access points. Notable access points include the Midway Concrete Ramp in James River WMA, the Wingina Concrete Ramp, and the <a href=http://www.dcr.virginia.gov/state-parks/james-river#general_information target=_blank rel=noopener noreferrer>James River State Park</a> Boat Ramp, which also features a canoe/livery landing. Several companies offer livery services for canoeing, kayaking, or tubing on the James River, making it easy to get on the water and return to your original starting point.",,https://ik.imagekit.io/OE/nelson-county/listings/james-river-image1_FejU6BN18,Serene river surrounded by lush green trees and distant mountains under clear sky.,,,,,,,,https://nelsoncounty.com/explore/james-river/,(434) 933-4355,947 James River Road Wingina VA 24599,josh,2026-01-05,2026-01-12,https://www.google.com/maps/search/?api=1&query=947%20James%20River%20Road%20Wingina%20VA%2024599,,,,,,Overview,"<p>The James River is one of Virginia’s most significant waterways and offers a wide range of recreational opportunities in Nelson County, including paddling, fishing, and scenic river access.</p>",Paddling Experience,"<p>River conditions vary by section and season. Some stretches are suitable for <strong>easy, flatwater paddling</strong>, while others include moving water that requires experience and careful planning.</p>",Fishing Information,<p>The James River supports a variety of freshwater species and attracts anglers throughout the year. Access points range from easily reached riverbanks to more remote locations.</p>,Planning & Safety,<p>Visitors should check water levels and weather conditions before heading out and follow all safety guidance. Life jackets and appropriate gear are strongly recommended.</p>,Biking; Hiking; Water Sports; Fishing,false,https://www.google.com/maps/search/?api=1&query=947%20James%20River%20Road%20Wingina%20VA%2024599,false
103,Rockfish River,rockfish-river,Canoeing,outdoor,Afton,"Rockfish River paddling routes tracing the confluence of its forks with gentle Class I–II water, winter flows, and Route 6 takeouts. The Rockfish River begins where its North and South forks meet in Nelson County, then slides southeast toward the James—providing scenic paddles, Class I riffles, and seasonal floats between Route 600, Route 6, and Scottsville.","The Rockfish River is formed in Nelson County, Virginia, by the confluence of its North and South Forks, both of which rise in the Blue Ridge Mountains near the Blue Ridge Parkway. It flows generally southeastward through northern Nelson County; in its lower course, the river is used to define the boundary between Nelson and Albemarle counties.

It enters the James River from the northwest on the common boundary of the two counties, about 8 miles southwest of Scottsville.",,https://ik.imagekit.io/OE/nelson-county/listings/rockfish-river-image1_d1GnubdLD,Person kayaking with a dog in green kayak on a river.,,,,,,,,https://nelsoncounty.com/explore/rockfish-river/,(434) 263-7015,Rockfish River Access 5156 Rockfish Valley Highway Afton VA 22920,josh,2026-01-05,2026-01-12,https://www.google.com/maps/search/?api=1&query=Rockfish%20River%20Access%205156%20Rockfish%20Valley%20Highway%20Afton%20VA%2022920,,,,,,Overview,"<p>The Rockfish River is a smaller tributary of the James River that flows through Nelson County and provides opportunities for fishing, paddling, and quiet river exploration.</p>",River Experience,<p>The river includes calmer stretches suitable for casual recreation as well as sections where conditions change with rainfall. Water levels can fluctuate quickly.</p>,Fishing Information,<p>Anglers visit the Rockfish River for its scenic setting and seasonal fishing opportunities. Access points vary in ease and visibility.</p>,Planning Notes,<p>Visitors should be mindful of changing water conditions and respect private property along the river corridor.</p>,Water Sports; Fishing,false,https://www.google.com/maps/search/?api=1&query=Rockfish%20River%20Access%205156%20Rockfish%20Valley%20Highway%20Afton%20VA%2022920,false
104,Lake Nelson,lake-nelson,Canoeing,outdoor,Arrington,"40-acre DGIF lake with boat ramp, year-round bank fishing, electric-motor boating, and seasonal restrooms near Arrington. Lake Nelson is a 40-acre DGIF reservoir with a concrete boat ramp, 24/7 access, and electric-motor-only fishing for largemouth bass, crappie, channel cats, and sunfish just outside Arrington.","<a href=https://www.dgif.virginia.gov/waterbody/lake-nelson/ target=_blank rel=noopener noreferrer>Lake Nelson</a> is a 40-acre impoundment located in Nelson County, Virginia. This reservoir is owned by the Virginia Department of Game and Inland Fisheries (VDGIF) and is managed primarily for fisheries-related activities. Facilities available at this reservoir include a boat ramp, a parking area, and portable toilets, which are available from March to September. The lake is open 24 hours a day.

Outboard motor use is prohibited, but electric motors are permitted.",,https://ik.imagekit.io/OE/nelson-county/listings/lake-nelson-image1_ntx7GII0I,"Calm lake reflecting cloudy sky, surrounded by dense forest, distant mountains visible.",,,,,,,,https://nelsoncounty.com/explore/lake-nelson/,(434) 263-7015,801 Lake Nelson LaneArrington VA 22922,josh,2026-01-05,2026-01-12,https://www.google.com/maps/search/?api=1&query=801%20Lake%20Nelson%20LaneArrington%20VA%2022922,,,,,,,,,,,,,,Water Sports; Fishing,false,https://www.google.com/maps/search/?api=1&query=801%20Lake%20Nelson%20LaneArrington%20VA%2022922,false
40,Dickie Brothers Orchard,dickie-brothers-orchard,Farms & Orchards,experience,Roseland,"Dickie Brothers Orchard—one of Virginia's Century Farms—offers pick-your-own berries and apples, fresh-pressed cider, pumpkins, and farm goods, with varieties ripening from June raspberries through November harvest weekends. Century Farm orchard growing heirloom apples alongside berries, pumpkins, cider, and farm-made goods with pick-your-own seasons from summer through fall.","One of Virginia’s Century Farms, Dickie Brothers Orchard offers a variety of apple types including Gala, Paula Red, McIntosh, Red and Golden Delicious, Empire, Winesap, Stayman, Rome, Granny Smith, and Fuji. In addition to apples, the orchard provides cider, sweet potatoes, plums, apple butter, and pumpkins.

For those interested in pick-your-own experiences, the orchard features raspberries in June, blackberries in mid-July, and Honeycrisp apples in late August. PYO apples (various varieties) are available seven days a week, weather permitting, from the second week in September through the second week of November. Picking containers and bags are provided for your convenience.",,https://ik.imagekit.io/OE/nelson-county/listings/dickie-brothers-orchard-image1_mgGfsUOkW,"Child in dress standing by Dickie Bros Orchard sign, rustic background.",,https://ik.imagekit.io/OE/nelson-county/listings/dickie-brothers-orchard-image2_CzMZz9sVs,Pumpkins and colorful flowers displayed outside rustic wooden building with American flag.,,,,,https://dickiebrothers.com/,(434) 277-5516,"2685 Dickie Road, Roseland, VA 22967",josh,2026-01-05,2026-01-12,https://www.google.com/maps/dir/?api=1&destination=2685%20Dickie%20Road%2C%20Roseland%2C%20VA%2022967,,,,,,,,,,,,,,Farm; Cider; Local Ingredients; Tastings,false,https://www.google.com/maps/dir/?api=1&destination=2685%20Dickie%20Road%2C%20Roseland%2C%20VA%2022967,false
41,Drumheller's Orchard,drumhellers-orchard,Farms & Orchards,experience,Lovingston,"Family orchard and bakery showcasing classic Virginia apple varieties, house cider, and fall festivals with hayrides, baked goods, and pet-friendly grounds. Family orchard and bakery showcasing classic Virginia apple varieties, house cider, and fall festivals with hayrides, baked goods, and pet-friendly grounds.","The apple packing shed showcases a variety of apples, including Red and Golden Delicious, Stayman, Winesap, Rome, York, Granny Smith, Black Twig, and Albemarle Pippin. In addition to apples, visitors can find pumpkins, cider, apple butter, and honey. Special events and festivals take place in the fall, and baked goods, along with many other farm products like honey, apple butter, and ham, round out the selection.

Bus tours and school groups are welcome, and advance notice is appreciated. The farm is pet-friendly.",,https://ik.imagekit.io/OE/nelson-county/listings/drumheller-s-orchard-image1_lGFwTv4Vd,Pink and white blossoms on a branch against a clear blue sky.,,,,,,,,https://www.drumhellersorchard.com/,(434) 263-5036,"1130 Drumheller Orchard Lane, Lovingston, VA 22949",josh,2026-01-05,2026-01-12,https://www.google.com/maps/dir/?api=1&destination=1130%20Drumheller%20Orchard%20Lane%2C%20Lovingston%2C%20VA%2022949,,,,,,,,,,,,,,Bakery; Cider; Farm; Pet Friendly; Local Ingredients; Tastings,false,https://www.google.com/maps/dir/?api=1&destination=1130%20Drumheller%20Orchard%20Lane%2C%20Lovingston%2C%20VA%2022949,false
42,Saunders Brothers Farm Market,saunders-brothers-farm-market,Farms & Orchards,experience,Piney River,"Saunders Brothers' farm market pairs homegrown peaches, apples, and nursery stock with a country shop featuring meats, baked goods, peach ice cream, and weekend events. Saunders Brothers' farm market pairs homegrown peaches, apples, and nursery stock with a country shop featuring meats, baked goods, peach ice cream, and weekend events.","Saunders Brothers Farm Market is a family-owned business that takes pride in offering customer service with a smile! We grow quality peaches, apples, Asian pears, vegetables, flowering shrubs, annuals, and perennials. You can find these products and much more at our retail Farm Market, located just five miles from our orchard in Piney River.

Stop by and stock up on beef and pork, baked goods, salsa, cider, or jam, and in-season hand-made wreaths. Try our mouth-watering peach ice cream from Homestead Creamery and visit our onsite farm antique museum! We offer something for everyone, including Kids on the Farm in the summer, live music, and an event every Saturday. We work hard to make our Farm Market a quality stop for our customers! We’re open May to December, Monday through Saturday, from 9-6 until Daylight Savings and 9-5 afterwards. We look forward to you visiting our Farm Market!",,https://ik.imagekit.io/OE/nelson-county/listings/saunders-brothers-farm-market-image1_f1AEM7MxN,American flag waves outside rustic store with produce sign and wooden facade.,,,,,,,,https://www.saundersbrothers.com/,(434) 277-5455,"2717 Tye Brook Highway, Piney River, VA 22964",josh,2026-01-05,2026-01-12,https://www.google.com/maps/dir/?api=1&destination=2717%20Tye%20Brook%20Highway%2C%20Piney%20River%2C%20VA%2022964,,,,,,,,,,,,,,Farm; Market; Desserts; Bakery; Local Ingredients; Family Friendly; Museum; Water Sports,false,https://www.google.com/maps/dir/?api=1&destination=2717%20Tye%20Brook%20Highway%2C%20Piney%20River%2C%20VA%2022964,false
133,Big Arms Farm,big-arms-farm,Farms & Orchards,community,Lovingston,"Educating consumers, turning them on to new foods and giving them the opportunity to connect and contribute not only to our local economy, but to global efforts re-building war torn communities around the world is what Big Arms Farm is all about. Market farm known for cut flowers, heirloom produce, and grass-fed beef with bouquets and specialty goods at the Nelson Farmers Market.","Sustainably grown cut flowers, vegetables, fruits, and grass-fed beef await you at Big Arms Farm. Come visit us at the Nelson Farmers Market, where you can design your own beautiful bouquet and try unusual foods such as native paw paws, hickory smoked peppers, and seedless che fruit. You can also order a custom-made dried flower wreath!",,https://ik.imagekit.io/OE/nelson-county/listings/big-arms-farm-image1_i2J6RcEih,Smiling couple under canopy surrounded by colorful flowers.,,,,,,,,,(434) 263-7015,"Nelson Farmers Market Cooperative, 868 Front Street, Lovingston, VA 22949",josh,2026-01-05,2026-01-12,https://www.google.com/maps/dir/?api=1&destination=Nelson%20Farmers%20Market%20Cooperative%2C%20868%20Front%20Street%2C%20Lovingston%2C%20VA%2022949,,,,,,,,,,,,,,Market; Farm; Local Ingredients,false,https://www.google.com/maps/dir/?api=1&destination=Nelson%20Farmers%20Market%20Cooperative%2C%20868%20Front%20Street%2C%20Lovingston%2C%20VA%2022949,false
134,Caldwell Farms,caldwell-farms,Farms & Orchards,experience,Lovingston,Appointment-only U-pick flower farm in Stagebridge offering curated seasonal blooms with private design sessions. Appointment-only U-pick flower farm in Stagebridge offering curated seasonal blooms with private design sessions.,"Caldwell Farms is a charming you-pick flower farm located in the beautiful Nelson County, VA. Experience the joy of selecting your own fresh blooms amidst stunning natural scenery.

Whether you're planning a special event or simply want to brighten your home, our farm offers a delightful array of flowers to choose from. Come and enjoy a day in the great outdoors while creating lasting memories!",,https://ik.imagekit.io/OE/nelson-county/listings/caldwell-farms-image1_FWxJVDAqM,Colorful bouquet of flowers with green fields in the background.,,,,,,,,,(770) 401-0390,"394 Stagebridge Road, Lovingston, VA 24590",josh,2026-01-05,2026-01-12,https://www.google.com/maps/dir/?api=1&destination=394%20Stagebridge%20Road%2C%20Lovingston%2C%20VA%2024590,,,,,,,,,,,,,,Seasonal Menu; Retail; Farm; Local Ingredients,false,https://www.google.com/maps/dir/?api=1&destination=394%20Stagebridge%20Road%2C%20Lovingston%2C%20VA%2024590,false
135,Davis Creek Farm,davis-creek-farm,Farms & Orchards,experience,Lovingston,"Holistic Davis Creek Farm raises heritage livestock on 60 mountain acres with farm stays, workshops, and by-appointment experiences. Davis Creek Farm is a sixty-acre working family farm located in a pristine hollow in the Blue Ridge Mountains of Virginia.",,,https://ik.imagekit.io/OE/nelson-county/listings/davis-creek-farm-image1_lUORCOvoM,"Horses grazing in a lush, green pasture with a forest background.",,,,,,,,,(434) 249-4333,"4670 Davis Creek Lane, Lovingston, VA 22949",josh,2026-01-05,2026-01-12,https://www.google.com/maps/dir/?api=1&destination=4670%20Davis%20Creek%20Lane%2C%20Lovingston%2C%20VA%2022949,,,,,,,,,,,,,,Farm; Local Ingredients,false,https://www.google.com/maps/dir/?api=1&destination=4670%20Davis%20Creek%20Lane%2C%20Lovingston%2C%20VA%2022949,false
136,Deer Creek Farm,deer-creek-farm,Farms & Orchards,experience,Roseland,"Family cattle and lamb farm in Lowesville providing custom beef and lamb shares by whole, half, or quarter.","Deer Creek Farm offers custom beef and lamb available for purchase by whole, half, or quarter. Our commitment to quality ensures that you receive the best cuts, tailored to your needs.

Experience the difference of locally sourced meat, raised with care and dedication to sustainable farming practices. Enjoy the rich flavors and superior quality that only comes from farm-fresh products.",,https://ik.imagekit.io/OE/nelson-county/listings/deer-creek-farm-image1_qTXfWgAfq,Grilled steak sizzling on open flame with rosemary garnish.,,,,,,,,,(434) 277-9104,"3764 Lowesville Road, Lowesville, VA 22967",josh,2026-01-05,2026-01-12,https://www.google.com/maps/dir/?api=1&destination=3764%20Lowesville%20Road%2C%20Lowesville%2C%20VA%2022967,,,,,,,,,,,,,,Order Pickup; Farm; Local Ingredients,false,https://www.google.com/maps/dir/?api=1&destination=3764%20Lowesville%20Road%2C%20Lowesville%2C%20VA%2022967,false
137,Edible Landscaping,edible-landscaping,Farms & Orchards,experience,Afton,"Located high in the foothills of the Blue Ridge Mountains, you'll find plants and trees that produce edible food – berries, nuts, fruits, herbs; items that we distribute worldwide. Nursery specializing in edible landscaping plants—fruit trees, berries, vines, and herbs—grown without herbicides and shipped nationwide.",,,https://ik.imagekit.io/OE/nelson-county/listings/edible-landscaping-image1_nVFTmhRf7,Hand picking ripe blackberries from bush with green leaves.,,,,,,,,,(434) 361-9134,"361 Spirit Ridge Lane, Afton, VA 22920",josh,2026-01-05,2026-01-12,https://www.google.com/maps/dir/?api=1&destination=361%20Spirit%20Ridge%20Lane%2C%20Afton%2C%20VA%2022920,,,,,,,,,,,,,,Organic; Order Pickup; Farm; Local Ingredients,false,https://www.google.com/maps/dir/?api=1&destination=361%20Spirit%20Ridge%20Lane%2C%20Afton%2C%20VA%2022920,false
138,Fitzgerald Farms,fitzgerald-farms,Farms & Orchards,experience,Arrington,"Fitzgerald Farms roadside stand offering summer sweet corn, fall pumpkin picking, and wholesale produce from the Rockfish Valley. Pick-Your-Own Pumpkins during the fall season and sweet corn during the summer.",,,https://ik.imagekit.io/OE/nelson-county/listings/fitzgerald-farms-image1_XtoAg2MWJ,"Child sitting among numerous bright orange pumpkins, wearing pink overalls.",,,,,,,,,(434) 277-8047,"4850 Tye Brook Highway, Arrington, VA 22922",josh,2026-01-05,2026-01-12,https://www.google.com/maps/dir/?api=1&destination=4850%20Tye%20Brook%20Highway%2C%20Arrington%2C%20VA%2022922,,,,,,,,,,,,,,Farm; Desserts; Fishing,false,https://www.google.com/maps/dir/?api=1&destination=4850%20Tye%20Brook%20Highway%2C%20Arrington%2C%20VA%2022922,false
139,Fitzgerald's Orchard,fitzgeralds-orchard,Farms & Orchards,experience,Tyro,"Family orchard near Tyro selling bushels of classic Virginia apples including Fuji, Rome, and Pink Lady each harvest season. Family orchard near Tyro selling bushels of classic Virginia apples including Fuji, Rome, and Pink Lady each harvest season.","Fitzgerald's Orchard offers a delightful selection of apples available in season, including Red and Golden Delicious, Gala, Rome, Granny Smith, Fuji, and Pink Lady varieties.

Come visit us to enjoy the fresh flavors and experience the beauty of our orchard!",,https://ik.imagekit.io/OE/nelson-county/listings/fitzgerald-s-orchard-image1_NO_6fucxa,Red and yellow apples on leafy tree branch under blue sky.,,,,,,,,,(434) 277-5798,"728 Harpers Creek Lane, Tyro, VA 22976",josh,2026-01-05,2026-01-12,https://www.google.com/maps/dir/?api=1&destination=728%20Harpers%20Creek%20Lane%2C%20Tyro%2C%20VA%2022976,,,,,,,,,,,,,,Seasonal Menu; Farm; Scenic Views; Local Ingredients,false,https://www.google.com/maps/dir/?api=1&destination=728%20Harpers%20Creek%20Lane%2C%20Tyro%2C%20VA%2022976,false
141,Hungry Hill Farm,hungry-hill-farm,Farms & Orchards,experience,Shipman,"Our farm is open year around for visitors and groups. Honey-centric Hungry Hill Farm offering raw honey, bee supplies, mushroom workshops, and farm tours by appointment.",,,https://ik.imagekit.io/OE/nelson-county/listings/hungry-hill-farm-image1_N-4ZiI8f5,"Bee sipping liquid from glass rim, close-up, detailed, blurred background.",,,,,,,,,(434) 263-5336,"89 Williamstown Road, Shipman, VA 22971",josh,2026-01-05,2026-01-12,https://www.google.com/maps/dir/?api=1&destination=89%20Williamstown%20Road%2C%20Shipman%2C%20VA%2022971,,,,,,,,,,,,,,Farm; Retail,false,https://www.google.com/maps/dir/?api=1&destination=89%20Williamstown%20Road%2C%20Shipman%2C%20VA%2022971,false
143,Lost Point Farm,lost-point-farm,Farms & Orchards,community,Arrington,Small herb and produce farm perched over the Tye River supplying chemical-free harvests to the Arrington community by appointment.,"Situated on a rocky knob above the Tye River, Lost Point Farm was established in 2010. All herbs and produce are grown without the use of synthetic fertilizers or pesticides for our friends and neighbors in Arrington and the surrounding area. We operate by appointment only.

Our locally owned convenience and gas store features a deli that is open for breakfast and lunch. Specialties include fried chicken, subs, and deli salads.",,https://ik.imagekit.io/OE/nelson-county/listings/lost-point-farm-image1_ysMce9Xxm,White flowers in front of wooden cabin surrounded by lush greenery.,,,,,,,,,(434) 263-7015,"Arrington, VA 22922",josh,2026-01-05,2026-01-12,https://www.google.com/maps/dir/?api=1&destination=Arrington%2C%20VA%2022922,,,,,,,,,,,,,,Order Pickup; Scenic Views; Farm; Local Ingredients; Water Sports,false,https://www.google.com/maps/dir/?api=1&destination=Arrington%2C%20VA%2022922,false
145,Pharsalia,pharsalia,Farms & Orchards,experience,Tyro,"Historic 1814 Pharsalia estate hosting weddings, group tours, and floral workshops amid working orchards at the foot of de Priest Mountain. Built in 1814 at the foot of de Priest Mountain in Nelson County, Virginia, by William Massie, Pharsalia commands stunning views and is surrounded by original outbuildings and lovely gardens.","Built in 1814 at the foot of dePriest Mountain in Nelson County, Virginia, by William Massie, Pharsalia commands stunning views and is surrounded by original outbuildings and lovely gardens. Rich in history and featuring a picturesque setting like no other, Pharsalia is listed on the National Register of Historic Places and the Virginia Landmarks Register.

Owned by descendants of the Massie family, Pharsalia continues to carry on the tradition of grace and eloquence along with a deep connection to the land. It is a working farm with orchards and extensive vegetable and flower gardens. While Pharsalia is not open to the public, group tours can be arranged with prior notice. The venue also hosts events such as weddings, family gatherings, and corporate retreats, along with several flower-arranging workshops scheduled throughout the year.",,https://ik.imagekit.io/OE/nelson-county/listings/pharsalia-image1_cVhWdTBSo,"White house surrounded by colorful trees, with mountains in the background.",,,,,,,,,(434) 277-5231,"2333 Pharsalia Road, Tyro, VA 22976",josh,2026-01-05,2026-01-12,https://www.google.com/maps/dir/?api=1&destination=2333%20Pharsalia%20Road%2C%20Tyro%2C%20VA%2022976,,,,,,Overview,"<p>Pharsalia is a historic hilltop estate overlooking the Rockfish Valley. The property is known for its architecture, long history, and expansive views of the surrounding countryside.</p>",Historic Context,"<p>The estate dates to the early 19th century and reflects the agricultural and social history of the region. Over time, the property has served a variety of cultural and community roles.</p>",Visiting Notes,<p>Public access to Pharsalia is limited and typically associated with scheduled events or special openings.</p>,,,Events; Farm; Scenic Views; Retail; Local Ingredients,false,https://www.google.com/maps/dir/?api=1&destination=2333%20Pharsalia%20Road%2C%20Tyro%2C%20VA%2022976,false
146,Robinia Institute,robinia-institute,Farms & Orchards,experience,Wingina,"Robinia Institute at Timshel Wildland offers regenerative agriculture education, grazing intensives, and consulting on a 400-acre conservation site.","FROM THE SOUL TO THE SOIL

Reawakening the Wild

Founded in 2017 as the educational and consulting center of <a href=http://wildtimshel.com/ target=_blank rel=noopener noreferrer>Timshel Wildland</a>, a 400-acre process-led and emergent conservation landscape in Virginia, Robinia’s mission is to advocate, educate, and demonstrate the abundance, joy, and regenerative power of holistically managed and wild living systems.",,https://ik.imagekit.io/OE/nelson-county/listings/robinia-institute-image1_neYzCA4xW,Person in hat tending plants in a lush green field.,,,,,,,,,(330) 310-1475,"530 James River Road, Wingina, VA 24599",josh,2026-01-05,2026-01-12,https://www.google.com/maps/dir/?api=1&destination=530%20James%20River%20Road%2C%20Wingina%2C%20VA%2024599,,,,,,,,,,,,,,Educational; Retail; Farm; Local Ingredients,false,https://www.google.com/maps/dir/?api=1&destination=530%20James%20River%20Road%2C%20Wingina%2C%20VA%2024599,false
147,Rose Isle Farm,rose-isle-farm,Farms & Orchards,experience,Roseland,"Rose Isle Farm partners with Blue Mountain Barrel House to raise 'beer-fed' beef on pasture, offering direct sales by appointment. The cattle at Rose Isle Farm are fed spent mash from Blue Mountain Barrel House Brewery, a perfect marriage of recycling and animal husbandry for Rose Isle Farm and this local Nelson County brewery.","At the foot of the Blue Ridge Mountains in Roseland, Virginia, Massie and Joyce Saunders of Rose Isle Farm raise beef with a difference – Beer Beef. The cattle at Rose Isle Farm are fed spent mash from Blue Mountain Barrel House Brewery, a perfect marriage of recycling and animal husbandry for both Rose Isle Farm and this local Nelson County brewery.

By including the spent brewer grains as supplemental feed and raising the cattle on large rolling green pastures and clear mountain water, Rose Isle Farm’s beef is winning rave reviews and repeat customers. Feeding this protein-packed supplement translates to better health for the cattle and beef with a difference you will love to taste again and again. Store-bought beef will be a thing of the past once you’ve tried Rose Isle Farm Beer Beef!",,https://ik.imagekit.io/OE/nelson-county/listings/rose-isle-farm-image1_t283CgSR-,"Farm with silo, red roofs, green fields, and hazy mountains in the background.",,,,,,,,,(434) 277-8574,"329 Crabtree Falls Highway, Roseland, VA 22967",josh,2026-01-05,2026-01-12,https://www.google.com/maps/dir/?api=1&destination=329%20Crabtree%20Falls%20Highway%2C%20Roseland%2C%20VA%2022967,,,,,,,,,,,,,,Beer; Farm; Local Ingredients; Tastings,false,https://www.google.com/maps/dir/?api=1&destination=329%20Crabtree%20Falls%20Highway%2C%20Roseland%2C%20VA%2022967,false
148,Seamans' Orchard,seamans-orchard,Farms & Orchards,experience,Roseland,"Nestled at the foot of the Blue Ridge Mountains, Seamans' Orchard is a fourth generation farm. The farm grows the finest apples, blueberries, cherries, and strawberries mother nature will allow.","Nestled at the foot of the Blue Ridge Mountains, Seamans’ Orchard is a fourth-generation farm. The farm grows the finest apples, blueberries, cherries, and strawberries that Mother Nature will allow.

Pick-your-own or pre-picked strawberries are available upon request beginning in May, followed by pick-your-own cherries and blueberries in June. In the fall, enjoy pick-your-own apples on select weekends. Please note that no pets are allowed, only service dogs.",,https://ik.imagekit.io/OE/nelson-county/listings/seamans-orchard-image1__NNqdOH0h,"Cherries, blueberries, strawberries in clear containers on a wooden table.",,,,,,,,,(434) 277-8130,"415 Dark Hollow Road, Roseland, VA",josh,2026-01-05,2026-01-12,https://www.google.com/maps/dir/?api=1&destination=415%20Dark%20Hollow%20Road%2C%20Roseland%2C%20VA%2022967,,,,,,,,,,,,,,Farm; Market; Scenic Views; Family Friendly,false,https://www.google.com/maps/dir/?api=1&destination=415%20Dark%20Hollow%20Road%2C%20Roseland%2C%20VA%2022967,false
149,Silver Creek and Seamans' Orchards,silver-creek-and-seamans-orchards,Farms & Orchards,experience,Roseland,"The packing shed offers Empire, Gala, Jonathan, Red and Golden Delicious, York, Winesap, Red Rome, Stayman, Pippin, Jonagold and Pink Lady apples. Silver Creek & Seamans' Orchards packing shed selling heirloom apple varieties plus cider, apple butter, honey, and pumpkins.","The packing shed offers a variety of apples including Empire, Gala, Jonathan, Red and Golden Delicious, York, Winesap, Red Rome, Stayman, Pippin, Jonagold, and Pink Lady. In addition to apples, we also provide apple butter, cider, honey, jellies, and pumpkins.

Check the event calendar for information on festivals and “Pick Your Own” days!",,https://ik.imagekit.io/OE/nelson-county/listings/silver-creek-and-seamans-orchards-image1_pv2iDWEdx,Crates of colorful apples displayed inside a rustic market setting.,,,,,,,,,(434) 277-5824,"5529 Crabtree Falls Highway in Tyro, VA",josh,2026-01-05,2026-01-12,https://www.google.com/maps/dir/?api=1&destination=5529%20Crabtree%20Falls%20Highway%2C%20Tyro%2C%20VA%2022976,,,,,,,,,,,,,,Cider; Local Ingredients; Events; Farm; Tastings,false,https://www.google.com/maps/dir/?api=1&destination=5529%20Crabtree%20Falls%20Highway%2C%20Tyro%2C%20VA%2022976,false
150,Silver Creek Orchards,silver-creek-orchards,Farms & Orchards,experience,Tyro,"Silver Creek Orchards is a seventh generation family owned farm that offers over 20 varieties of apples, as well as wine grapes and beef cattle. Seventh-generation Silver Creek Orchards opens for pick-your-own apples on select weekends with more than 20 varieties and scenic mountain views.",,,https://ik.imagekit.io/OE/nelson-county/listings/silver-creek-orchards-image1_jTNIexbgs,"Crates filled with red apples in sunlight, stacked outdoors.",,,,,,,,,(434) 277-5865,"3679 Pharsalia Road, Tyro, VA 22976",josh,2026-01-05,2026-01-12,https://www.google.com/maps/dir/?api=1&destination=3679%20Pharsalia%20Road%2C%20Tyro%2C%20VA%2022976,,,,,,,,,,,,,,Farm; Family Friendly; Scenic Views; Events,false,https://www.google.com/maps/dir/?api=1&destination=3679%20Pharsalia%20Road%2C%20Tyro%2C%20VA%2022976,false
151,Silver Fox Lavender Farm,silver-fox-lavender-farm,Farms & Orchards,experience,Nellysford,"Our annual Lavender Festival will be held in June when our lavender field is in full bloom! Silver Fox Lavender Farm hosts June lavender festival weekends, farm workshops, yoga, and a barn venue for micro weddings and events.","Silver Fox Lavender Farm offers a delightful selection of lavender products, along with handmade wooden farm tables, mantles, and benches for your home and garden. Join us for our annual Lavender Festival in June, when our lavender field is in full bloom!

We also host Workshop Wednesdays, with hours posted per scheduled class, and offer yoga classes as well. Our charming Post & Beam Barn is the perfect venue for micro weddings, parties, and fun workshops!",,https://ik.imagekit.io/OE/nelson-county/listings/silver-fox-lavender-farm-image1_OhRtsVHYZ,Barn and field under cloudy sky with mountain in background.,,,,,,,,,(540) 903-2750,"877 Glenthorne Loop, Nellysford, VA 22958",josh,2026-01-05,2026-01-12,https://www.google.com/maps/dir/?api=1&destination=877%20Glenthorne%20Loop%2C%20Nellysford%2C%20VA%2022958,,,,,,,,,,,,,,Events; Farm; Retail,false,https://www.google.com/maps/dir/?api=1&destination=877%20Glenthorne%20Loop%2C%20Nellysford%2C%20VA%2022958,false
152,The Apple Shed,the-apple-shed,Farms & Orchards,experience,Lovingston,"Get fresh, local apples and pumpkins. Get fresh, local apples and pumpkins.","Get fresh, local apples and pumpkins, including Fuji, old-fashioned Winesap, Stamens, and many others. We also offer apple, pear, and plum butters, oysters, and grain-fed beef. Pre-cut Christmas trees are available after Thanksgiving.

For those looking for a unique venue, we host small intimate weddings in the Apple Chapel, officiated by a licensed marriage celebrant.",,https://ik.imagekit.io/OE/nelson-county/listings/the-apple-shed-image1_qF6IcNkNQ,"Red sign with white apple design, text reads 'The Apple Shed.'",,,,,,,,,(434) 263-8843,"14815 Thomas Nelson Highway, Lovingston, VA 22949",josh,2026-01-05,2026-01-12,https://www.google.com/maps/dir/?api=1&destination=14815%20Thomas%20Nelson%20Highway%2C%20Lovingston%2C%20VA%2022949,,,,,,,,,,,,,,Market; Seasonal Menu; Local Ingredients; Farm,false,https://www.google.com/maps/dir/?api=1&destination=14815%20Thomas%20Nelson%20Highway%2C%20Lovingston%2C%20VA%2022949,false
153,Tinkerland Farm,tinkerland-farm,Farms & Orchards,experience,Roseland,"Tinkerland Farm is a family farm located across the road from Bryant Ln on Rt 151 in Nelson County, Virginia.","Tinkerland Farm is a family farm located in Nelson County, Virginia. It is named after the late Tinker Bryant (Frank George Jr.), who lived nearby and served as the rural letter carrier out of Roseland post office for many years. He is survived by two of his daughters: Rebecca Moyer, who owns A Bryant Family Farm, and Sarah Loken, who owns Tinkerland Farm.

During this fall season, we are selling chestnuts at Tinkerland Farm from October 1st through early November. We accept payment in cash or check. Pre-picked chestnuts are available for $14.99 for a 2.5 lb bag, while pick-your-own chestnuts are priced at $2.50 per lb.",,https://ik.imagekit.io/OE/nelson-county/listings/tinkerland-farm-image1_GJCn3JIgk,Roasted chestnuts with golden interior on blue background.,,,,,,,,,(434) 277-3600,"Bryant Lane & Route 151, Roseland, VA 22967",josh,2026-01-05,2026-01-12,https://www.google.com/maps/dir/?api=1&destination=Bryant%20Lane%20%26%20Route%20151%2C%20Roseland%2C%20VA%2022967,,,,,,,,,,,,,,Farm; Seasonal Menu; Family Friendly; Local Ingredients,false,https://www.google.com/maps/dir/?api=1&destination=Bryant%20Lane%20%26%20Route%20151%2C%20Roseland%2C%20VA%2022967,false
154,Turnip the Beets Farm,turnip-the-beets-farm,Farms & Orchards,community,Gladstone,"Our small farm business is owned and operated by Shane and Beverly Spanninger. Turnip the Beets Farm grows chemical-free flowers and produce, offering CSA deliveries, farmers market booths, and event florals.","Our small farm business is owned and operated by Shane and Beverly Spanninger, a couple of lovebirds who turned their dreams of sustainable farming and living into reality. They have two wonderful young children and are happy to raise them surrounded by love, fields of flowers, and fresh food.

We grow an assortment of flowers and vegetables in an earth-friendly manner on our small 8-acre farm in Nelson County, Virginia. We pride ourselves on growing without any chemical fertilizers, pesticides, or herbicides. Our biodynamic practices protect the land and provide the highest quality food and flowers. We sell at the Nelson Farmers Market on Saturdays from 8 AM to noon and at the Lynchburg Community Market on Saturdays from 7 AM to 2 PM and Wednesdays from 10 AM to 2 PM. Additionally, we offer weekly doorstep flower deliveries in select neighborhoods and provide wholesale options for fresh cut flowers for events and produce for restaurants.",,https://ik.imagekit.io/OE/nelson-county/listings/turnip-the-beets-farm-image1_V-DMMdF30q,Assorted colorful tomatoes in blue cartons at a market.,,,,,,,,,(434) 944-9467,"110 Boltons Place, Gladstone, VA 24553",josh,2026-01-05,2026-01-12,https://www.google.com/maps/dir/?api=1&destination=110%20Boltons%20Place%2C%20Gladstone%2C%20VA%2024553,,,,,,,,,,,,,,Market; Events; Farm; Local Ingredients,false,https://www.google.com/maps/dir/?api=1&destination=110%20Boltons%20Place%2C%20Gladstone%2C%20VA%2024553,false
155,Virginia Chestnuts,virginia-chestnuts,Farms & Orchards,experience,Shipman,"We're providers of quality, Virginia-grown chestnuts, located in beautiful Nelson County. Our orchard is maturing and so is our production.",,,https://ik.imagekit.io/OE/nelson-county/listings/virginia-chestnuts-image1_ZMRjy4HK4,"Young trees in a grassy field, mountains in the background under blue sky.",,,,,,,,,(434) 277-3600,"5990 Wheeler Cove Road, Shipman, VA 22971",josh,2026-01-05,2026-01-12,https://www.google.com/maps/dir/?api=1&destination=5990%20Wheeler%20Cove%20Road%2C%20Shipman%2C%20VA%2022971,,,,,,,,,,,,,,Farm; Seasonal Menu; Family Friendly; Local Ingredients,false,https://www.google.com/maps/dir/?api=1&destination=5990%20Wheeler%20Cove%20Road%2C%20Shipman%2C%20VA%2022971,false
171,Mars Knob Farm,marsknob,Farms & Orchards,experience,Roseland,"Mars Knob Farm produces small-batch, chemical-free pantry goods and apothecary items from a historic Roseland homestead.","My husband and I bought my family farmhouse in 2009. It was built in the 1800s and sits on 200+ acres in Roseland, VA. We decided that we wanted to take things back to the way they used to be: natural, with no chemicals and limited ingredients.

We embrace the beauty of small-scale production, so each item is unique and made in small batches right in our home, ensuring a personal touch in everything we create.",,https://ik.imagekit.io/OE/nelson-county/listings/mars-knob-farm-image1_-aoc7JgX_,"Floral emblem with text 'MARS KNOB FARM, NATURE & BEAUTY' on beige background.",,,,,,,,,,"Roseland, VA 22967",WG,2026-01-05,2026-01-12,https://www.google.com/maps/dir/?api=1&destination=Roseland%2C%20VA%2022967,,,,,,,,,,,,,,Farm; Family Friendly; Local Ingredients,false,https://www.google.com/maps/dir/?api=1&destination=Roseland%2C%20VA%2022967,false
271,Eventide Farm,eventidefarm,Farms & Orchards,experience,Afton,"Eventide Farm operates a farm stand in Afton offering seasonal flowers, produce, baked goods, eggs, herbs, soaps, and candles. Eventide Farm operates a farm stand in Afton offering seasonal flowers, produce, baked goods, eggs, herbs, soaps, and candles.",,,https://ik.imagekit.io/OE/nelson-county/listings/eventide-farm-image1_UJELFrlDR,Family at pumpkin stand with holiday candles under white tent.,,,,,,,,,(540) 705-3244,"11254 Rockfish Valley Highway, Afton, VA 22920",WG,2026-01-05,2026-01-12,https://www.google.com/maps/dir/?api=1&destination=11254%20Rockfish%20Valley%20Highway%2C%20Afton%2C%20VA%2022920,,,,,,,,,,,,,,Farm; Market; Seasonal Menu; Bakery; Baked Goods; Local Ingredients,false,https://www.google.com/maps/dir/?api=1&destination=11254%20Rockfish%20Valley%20Highway%2C%20Afton%2C%20VA%2022920,false
273,Deep Sea Pete's Creekside Farm,deep-sea-petes-creekside-farm,Farms & Orchards,experience,Roseland,"Schedule a farm visit with Deep Sea Pete to see how log inoculation, shade houses, and raised beds turn oak bolts into fresh culinary mushrooms. Orders can be picked up right on Perry Lane, making it easy to take chef-ready harvests back to your Nelson County kitchen.","Deep Sea Pete's Creekside Farm offers log and garden bed grown cultivated culinary mushrooms. Our farm specializes in providing high-quality, fresh mushrooms that enhance any culinary experience.

Visit us to explore the unique flavors and varieties we have to offer, all grown with care and dedication to sustainable farming practices.",,https://ik.imagekit.io/OE/nelson-county/listings/deep-sea-pete-s-creekside-farm-image1_jdX269gOR,"Basket of mushrooms on wooden slats, stream in background.",,https://ik.imagekit.io/OE/nelson-county/listings/deep-sea-pete-s-creekside-farm-image2_L7RgwL-GO,Assorted mushrooms with herbs on woven basket and wooden surface.,,,,,,(757) 560-8996,"1219 Perry Lane, Lovingston, VA 22949",WG,2026-01-05,2026-01-12,https://www.google.com/maps/dir/?api=1&destination=1219%20Perry%20Lane%2C%20Lovingston%2C%20VA%2022949,,,,,,,,,,,,,,Farm; Local Ingredients,false,https://www.google.com/maps/dir/?api=1&destination=1219%20Perry%20Lane%2C%20Lovingston%2C%20VA%2022949,false
276,Gathered Threads,gathered,Farms & Orchards,experience,Roseland,"Gathered Threads is a six-acre family farm growing sustainably raised flowers and botanicals without pesticides, supplying markets and workshops in Nelson County. Gathered Threads is a small family farm-based business located on 6 acres in Nelson County, Virginia.",,,https://ik.imagekit.io/OE/nelson-county/listings/gathered-threads-image1_FeSRjOoNK,Vegetable garden with rows of greenery and two greenhouses in the background.,,,,,,,,,,"1127 Jennys Creek Road, Roseland, VA 22967",WG,2026-01-05,2026-01-12,https://www.google.com/maps/dir/?api=1&destination=1127%20Jennys%20Creek%20Road%2C%20Roseland%2C%20VA%2022967,,,,,,,,,,,,,,Market; Retail; Farm; Local Ingredients,false,https://www.google.com/maps/dir/?api=1&destination=1127%20Jennys%20Creek%20Road%2C%20Roseland%2C%20VA%2022967,false
283,Galleywinter Farm,galleywinter,Farms & Orchards,experience,Afton,"Nutrition, fitness, stress management, communication and relationship-building, body-wise approaches to alignment, sovereignty and empowerment; horse-wise sessions to become more aware of your persona. Galleywinter Farm in Afton hosts health retreats, equine therapy, horsemanship lessons, yoga, and creative residencies on a pastoral horse farm.","Galleywinter Farm is a sanctuary for healing, horsemanship, and creative processes. Nestled at the base of the Blue Ridge Mountains in Afton, Virginia, this working horse farm offers private and pastoral surroundings that are conducive to health and nutrition counseling, lessons in horsemanship, equine therapy, and nature therapy.

We are pleased to provide beautiful workspaces, healthy meals, and sleeping accommodations for your restorative stay, as well as for creative or educational retreats. Our offerings include individual health retreats and getaways, yoga classes, bodywork, hosting guest teachers and healers in the studio, farm stays and camping, writer's and artists' retreats and residencies, nature-based healing, a plant sanctuary, a Zen deck, and meditation with horses. Customized health retreats are available, with counseling to ground or enhance your visit. Ask about nutrition, fitness, stress management, communication and relationship-building, body-wise approaches to alignment, sovereignty, and empowerment, as well as horse-wise sessions to become more aware of your personal space, your influence within and around you, emotional states, and co-regulating.",,https://ik.imagekit.io/OE/nelson-county/listings/galleywinter-farm-image1_RGBNG08oV,"Farm sign on rustic wooden post, surrounded by pink flowers and greenery.",,https://ik.imagekit.io/OE/nelson-county/listings/galleywinter-farm-image2_r9qXWOU9ke,"Bathtub with rose petals in forest, surrounded by green trees.",,https://ik.imagekit.io/OE/nelson-county/listings/galleywinter-farm-image3_CyJ4_PP99,"Wooden room with bed, rocking chairs, table, and natural light through large windows.",,,,"Afton, VA 22920",WG,2026-01-05,2026-01-12,https://www.google.com/maps/dir/?api=1&destination=Afton%2C%20VA%2022920,,,,,,,,,,,,,,Farm; Equestrian; Local Ingredients,false,https://www.google.com/maps/dir/?api=1&destination=Afton%2C%20VA%2022920,false
383,Queen Oaks Farm,queenoaksfarm,Farms & Orchards,experience,Schuyler,"Owned and operated by Lauren Shifflett and her husband, L&B Farms is a small homestead offering sourdough baked goods and handmade goat milk soaps. Lauren is Food Handler certified and operates a home bakery featuring a variety of sourdough items. The farm is home to three Nigerian Dwarf goats—Mikko, Poppy, and Ellie Mae—who provide fresh milk used for soap making and household use.","Thanks for visiting us here at L&B Farms! My name is Lauren Shifflett, and my husband and I manage our small farm in Schuyler, Virginia. I have always dreamed of running my own homestead, as I have a passion for animals and a desire to be self-sufficient. Over the last year, I have maintained my sourdough starters and baked a variety of different sourdough items that we love.

It turns out, a lot of other people love them too! I completed my Food Handler's Certification and began a small in-home bakery offering a diverse list of baked goods.",,https://ik.imagekit.io/OE/nelson-county/listings/queen-oaks-farm-image1_fuxgxACcR,"Pumpkin-shaped bread with a cinnamon stick stem, held in hand.",,,,,,,,,,"Schuyler, VA 22969",WG,2026-01-05,2026-01-12,https://www.google.com/maps/dir/?api=1&destination=Schuyler%2C%20VA%2022969,,,,,,,,,,,,,,Baked Goods; Bakery; Farm; Local Ingredients; Market,false,https://www.google.com/maps/dir/?api=1&destination=Schuyler%2C%20VA%2022969,false
384,Three Trees Farm,threetreesfarm,Farms & Orchards,experience,Nelson 29,"Our story is deeply rooted in our love for nature and sustainable farming practices. The county is conveniently located between Lynchburg and Charlottesville, so every year thousands of people pass through Nelson to rest.","Our story is deeply rooted in our love for nature and sustainable farming practices. We are dedicated to providing the freshest and highest quality produce and meats to our customers. Passionate about organic agriculture, we are committed to bringing the best of our farm to your table.

The Deli is open for breakfast and lunch, featuring specialties such as fried chicken, subs, and deli salads. Come experience the flavors of Three Trees Farm!",,https://ik.imagekit.io/OE/nelson-county/listings/three-trees-farm-image1_fJWvUI8kJ,Silhouette of three trees and mountains on orange circular background.,,https://ik.imagekit.io/OE/nelson-county/listings/three-trees-farm-image2_O2cJxikgn,People sorting vegetables on tables against red wooden barn.,,,,,,(571) 268-0478,"Walkers Mountain, Arrington, VA",WG,2026-01-05,2026-01-12,https://www.google.com/maps/dir/?api=1&destination=Walkers%20Mountain%2C%20Arrington%2C%20VA,,,,,,,,,,,,,,Organic; Scenic Views; Local Ingredients; Farm,false,https://www.google.com/maps/dir/?api=1&destination=Walkers%20Mountain%2C%20Arrington%2C%20VA,false
105,Fishing the Tye River,fishing-the-tye-river,Fishing,outdoor,Tyro,"Tye River fishery stocked with trout and home to smallmouth bass, offering roadside access along Route 56 and scenic Blue Ridge runs. Fishing the Tye River rewards anglers with smallmouth bass, bluegill, and stocked trout (October–May) along the 35-mile tributary fed by the Piney and Buffalo rivers—bring waders for fly fishing runs and check DWR trout schedules.","The Tye River is a 35.4-mile-long tributary of the James River in central Virginia, originating on the eastern slope of the Blue Ridge Mountains in Nelson County. It is fed by the Piney and Buffalo rivers and joins the James River near Norwood, VA. The Tye River is home to dozens of species of fish and other aquatic life, including largemouth bass, smallmouth bass, and bluegill. Brown, rainbow, and brook trout can be caught on a fly by the studious angler. The river is periodically stocked with catchable-sized trout by the Virginia Department of Wildlife Resources from October through May. A Virginia Fishing License is required, along with a trout license between October 1 and June 15.

Public access points to the Tye River include areas along Route 56 bridges and from the bridge on Cub Creek Rd. off Rt. 56; however, permission may be needed from private property owners for nearby parking. With headwaters beginning high in the Blue Ridge Mountains and the George Washington National Forest, the Tye River is one of the most beautiful whitewater streams in Virginia. It travels for about 34 miles through Nelson County, showcasing stunning mountain, valley, and pastoral views. The upper section can have strong whitewater for advanced paddlers, while the middle and lower sections feature moderate whitewater on a seasonal basis. The rapids are rated Class I to Class II+, with some approaching Class III to IV depending on water conditions.

Various sections of the river offer different canoeing experiences: an 8.5-mile distance is normally canoeable in winter for an average of 15-18 days per year, with a difficulty rating of 2-4 and hazards including a low-water bridge and Class 4 rapids on right turns. A 13.5-mile distance is also typically canoeable in winter and early spring for an average of 55-60 days per year, rated 1-2 in difficulty, with hazards such as barbed wire fences and a seven-foot dam just below the takeout. An 11.5-mile distance is canoeable in winter, spring, and early summer for an average of 100-115 days per year, with a difficulty rating of 1-3. Lastly, a 1.5-mile distance is normally canoeable only in winter after a prolonged wet period, averaging 5-6 days per year, with a difficulty of 3-4 and continuous strong rapids. Seek full information on this section before attempting.",,https://ik.imagekit.io/OE/nelson-county/listings/fishing-the-tye-river-image1_abPBDA5QU,"Person holding brown trout over water surface, visible scales and spots.",,,,,,,,,(434) 263-7015,"Route 56 River Access, Tyro, VA 22976",josh,2026-01-05,2026-01-12,https://www.google.com/maps/dir/?api=1&destination=Route%2056%20River%20Access%2C%20Tyro%2C%20VA%2022976,,,,,,,,,,,,,,Scenic Views; Water Sports; Fishing,false,https://www.google.com/maps/dir/?api=1&destination=Route%2056%20River%20Access%2C%20Tyro%2C%20VA%2022976,false
106,Fishing the James River,fishing-the-james-river,Fishing,outdoor,Wingina,"Fishing the James River means chasing smallmouth bass, flathead and channel catfish, and panfish from Botetourt County through Nelson's border, with both mountain and Piedmont stretches producing year-round action. Midway Concrete Ramp (In James River WMA off Rt.","From the confluence of the Jackson and Cowpasture Rivers in Botetourt County downstream to Richmond, the James River offers a wide range of angling opportunities and settings. Smallmouth bass are the dominant game species, but spotted and largemouth bass can also be caught. Smallmouth bass fishing can be good throughout the river. Both the mountain sections (upstream from Lynchburg) and the piedmont sections (between Lynchburg and Richmond) generally provide good fishing. Other species are also plentiful in the James River, including channel catfish, flathead catfish, and various sunfish species (redbreast, bluegill, and rock bass). Flathead catfish appear to be more numerous upstream from Lynchburg, while channel catfish are more common below Lynchburg. Muskies are also annually stocked in the James; though scarce, some very large fish can be caught, primarily upstream from Lynchburg.

Overall, the James River offers excellent fishing opportunities for various anglers. Canoeing is the best way to access the river, and small boats (such as john boats) can be used at most access points. Bank and wade fishing access is also available throughout the river. A one-acre pond provides a variety of sunfish for those, perhaps with young anglers, not interested in fishing the river. The ramp access makes the area an excellent “put in” or “take out” point for James River canoeists. For fishermen, several trout-stocked streams are nearby, west of the management area in Nelson County. A boat launching ramp provides year-round access to the James River. One of Virginia’s newest state parks, <a href=https://www.dcr.virginia.gov/state-parks/james-river target=_blank rel=noopener noreferrer>James River State Park</a>, has 1,500 acres with three ponds for fishing: Branch Pond, Green Hill Pond, and Taylor Pond, in addition to freshwater fishing on the James River. Where fishing is permitted, valid Virginia fishing licenses are required. Specific licenses are required for saltwater and trout-water fishing. Please call the park in advance for specifics.",,https://ik.imagekit.io/OE/nelson-county/listings/fishing-the-james-river-image1_acFgJjgeQ,Hand holding largemouth bass with lake and trees in background.,,,,,,,,,(434) 933-4355,"Midway Boat Ramp, 106 Midway Lane, Wingina, VA 24599",josh,2026-01-05,2026-01-12,https://www.google.com/maps/dir/?api=1&destination=Midway%20Boat%20Ramp%2C%20106%20Midway%20Lane%2C%20Wingina%2C%20VA%2024599,,,,,,,,,,,,,,Boating; Fishing; Water Sports,false,https://www.google.com/maps/dir/?api=1&destination=Midway%20Boat%20Ramp%2C%20106%20Midway%20Lane%2C%20Wingina%2C%20VA%2024599,false
107,Fishing the Little Piney River,fishing-the-little-piney-river,Fishing,outdoor,Lowesville,Midway Concrete Ramp (In James River WMA off Rt. Midway Concrete Ramp (In James River WMA off Rt.,"Little Piney River is a stream located at the junction of Rt. 666 and Woodson, in the southern part of Nelson County near Lowesville, VA. Fishermen will find a variety of fish here, including largemouth bass, smallmouth bass, and bluegill. Be sure to check with the <a href=https://www.dgif.virginia.gov/ target=_blank rel=noopener noreferrer>Department of Wildlife Resources</a> to ensure the stream is open to the public and that you have the necessary fishing license.

The Tye River, with its headwaters beginning high in the Blue Ridge Mountains and the George Washington National Forest, is one of the most beautiful whitewater streams in Virginia. It travels for about 34 miles through Nelson County, offering stunning mountain, valley, and pastoral views. The upper section can have strong whitewater for advanced paddlers, while the middle and lower sections feature moderate whitewater on a seasonal basis. The rapids are rated Class I to Class II+, with some rapids potentially approaching Class III to IV depending on water conditions.

The river offers various canoeable distances, including an 8.5-mile stretch, typically navigable in winter for an average of 15-18 days per year, with a difficulty rating of 2-4. Hazards include a low-water bridge and several Class 4 rapids on right turns. A 13.5-mile distance is also available, normally canoeable in winter and early spring for an average of 55-60 days per year, with a difficulty rating of 1-2. Hazards in this section include barbed wire fences across the stream and a seven-foot dam just below the takeout.

Another option is an 11.5-mile distance, typically canoeable in winter, spring, and early summer for an average of 100-115 days per year, with a difficulty rating of 1-3. The put-in is located at Rt. 29, below the seven-foot dam. Alternatively, permission can be sought to cross private property at the Rt. 739 bridge crossing for a shorter carry. Lastly, a 1.5-mile distance is usually canoeable only in winter, following a prolonged wet period, for an average of 5-6 days per year, with a difficulty rating of 3-4. Hazards include continuous strong rapids, with an impassable rapid upstream from the bridge put-in. Rocks and boulders abound, so seek full information on this section before attempting.

Information above excerpted from V<a href=https://www.amazon.com/Virginia-whitewater-paddlers-guide-rivers/dp/B0006RGOWA target=_blank rel=noopener noreferrer>irginia Whitewater – A Paddler’s Guide to the Rivers of Virginia</a> by H. Roger Corbett.",,https://ik.imagekit.io/OE/nelson-county/listings/fishing-the-little-piney-river-image1_r1x6cZxYB,Silhouette of person fishing against a sky backdrop with tall trees.,,,,,,,,,(434) 263-7015,"162 Woodson Road, Lowesville, VA 22967",josh,2026-01-05,2026-01-12,https://www.google.com/maps/dir/?api=1&destination=162%20Woodson%20Road%2C%20Lowesville%2C%20VA%2022967,,,,,,,,,,,,,,Scenic Views; Parking; Water Sports; Fishing,false,https://www.google.com/maps/dir/?api=1&destination=162%20Woodson%20Road%2C%20Lowesville%2C%20VA%2022967,false
108,Fishing the South Rockfish River,fishing-the-south-rockfish-river,Fishing,outdoor,Afton,"South Fork Rockfish River stocked trout waters with Route 6 put-in, Rt. 29 take-out, and fall-through-spring fishing windows.","The Rockfish River (South) is periodically stocked with catchable-sized trout by the Department of Wildlife Resources from October through May. Please refer to the <a href=https://www.dgif.virginia.gov/fishing/trout-stocking-schedule/ target=_blank rel=noopener noreferrer>TROUT STOCKING SCHEDULE</a> for their stocking plan. A Virginia Fishing License is required, along with a trout license between October 1 and June 15. Access points include a put-in by the bridge on Route 6 and a take-out at the Nelson County Wayside on Route 29.

With headwaters beginning high in the Blue Ridge Mountains and the George Washington National Forest, the Tye River is one of the most beautiful whitewater streams in Virginia. The river flows for about 34 miles through Nelson County, showcasing stunning mountain, valley, and pastoral views. The upper section features strong whitewater suitable for advanced paddlers, while the middle and lower sections offer moderate whitewater on a seasonal basis. The rapids are rated Class I to Class II+, with some rapids potentially reaching Class III to IV depending on water conditions.

The river offers various sections for paddling:

- An 8.5-mile distance, typically canoeable in winter, averages 15-18 days per year with a difficulty rating of 2-4. Hazards include a low-water bridge and several Class 4 rapids on right turns.

- A 13.5-mile distance, also canoeable in winter and early spring, averages 55-60 days per year with a difficulty rating of 1-2. Hazards include barbed wire fences across the stream and a seven-foot dam just below the takeout, which is located on the right bank, downstream of Route 29 and above the dam about 200 yards below the bridge (long uphill carry).

- An 11.5-mile distance, normally canoeable in winter, spring, and early summer, averages 100-115 days per year with a difficulty rating of 1-3. The put-in is at Route 29, below the seven-foot dam. Alternatively, permission can be obtained to cross private property at the Route 739 bridge crossing for a shorter carry.

- A 1.5-mile distance, typically canoeable only in winter following a prolonged wet period, averages 5-6 days per year with a difficulty rating of 3-4. Hazards include continuous, strong rapids, with an impassable rapid upstream from the bridge put-in. Rocks and boulders abound, so seek full information on this section before attempting.

Information above excerpted from V<a href=https://www.amazon.com/Virginia-whitewater-paddlers-guide-rivers/dp/B0006RGOWA target=_blank rel=noopener noreferrer>irginia Whitewater – A Paddler’s Guide to the Rivers of Virginia</a> by H. Roger Corbett.",,https://ik.imagekit.io/OE/nelson-county/listings/fishing-the-south-rockfish-river-image1_kGBkHHzo1,Hand holding fish in net with water and leaves.,,,,,,,,,(434) 263-7015,"Rockfish River Wayside, 6759 Rockfish Valley Highway, Afton, VA 22920",josh,2026-01-05,2026-01-12,https://www.google.com/maps/dir/?api=1&destination=Rockfish%20River%20Wayside%2C%206759%20Rockfish%20Valley%20Highway%2C%20Afton%2C%20VA%2022920,,,,,,,,,,,,,,Scenic Views; Water Sports; Fishing,false,https://www.google.com/maps/dir/?api=1&destination=Rockfish%20River%20Wayside%2C%206759%20Rockfish%20Valley%20Highway%2C%20Afton%2C%20VA%2022920,false
109,Fishing at Montebello,fishing-at-montebello,Fishing,outdoor,Montebello,Midway Concrete Ramp (In James River WMA off Rt. Midway Concrete Ramp (In James River WMA off Rt.,"Take the kids to Montebello and catch some Rainbow Trout in the fee-based trout ponds. An assortment of fishing poles in both adult and children sizes, fishing line, a variety of lures, as well as live and artificial bait are available in the country store. No license is required.",,https://ik.imagekit.io/OE/nelson-county/listings/fishing-at-montebello-image1_2qVcnapTN,"People fishing by a small pond, surrounded by green trees and hills.",,,,,,,,,(540) 377-2650,"15072 Crabtree Falls Highway, Montebello, VA 24464",josh,2026-01-05,2026-01-12,https://www.google.com/maps/dir/?api=1&destination=15072%20Crabtree%20Falls%20Highway%2C%20Montebello%2C%20VA%2024464,,,,,,,,,,,,,,Retail; Family Friendly; Water Sports; Fishing,false,https://www.google.com/maps/dir/?api=1&destination=15072%20Crabtree%20Falls%20Highway%2C%20Montebello%2C%20VA%2024464,false
110,Fishing at Lake Monocan Park,fishing-at-lake-monacan-park,Fishing,outdoor,Wintergreen Resort,"20-acre Lake Monocan at Wintergreen with seasonal public access, rentals, beach amenities, and stocked fishing opportunities. Midway Concrete Ramp (In James River WMA off Rt.","Photo credit: Wintergreen Resort

<a href=http://www.wintergreenresort.com/lake-monocan/ target=_blank rel=noopener noreferrer>Lake Monocan</a> is a 20-acre lake and park located at Stoney Creek in Nellysford. Enjoy a day of fishing in this serene setting, perfect for anglers of all skill levels. Whether you're looking to relax by the water or reel in your next big catch, Lake Monocan offers a picturesque backdrop for your fishing adventures.",,https://ik.imagekit.io/OE/nelson-county/listings/fishing-at-lake-monocan-park-image1_raTra86HT,"Aerial view of a lush green forest, lake, and rolling hills.",,,,,,,,,(434) 325-8180,"Lake Monocan Park, 239 Monocan Drive, Nellysford, VA 22958",josh,2026-01-05,2026-01-12,https://www.google.com/maps/dir/?api=1&destination=Lake%20Monocan%20Park%2C%20239%20Monocan%20Drive%2C%20Nellysford%2C%20VA%2022958,,,,,,,,,,,,,,Boating; Picnic Area; Seasonal Menu; Water Sports; Fishing,false,https://www.google.com/maps/dir/?api=1&destination=Lake%20Monocan%20Park%2C%20239%20Monocan%20Drive%2C%20Nellysford%2C%20VA%2022958,false
111,Fishing at Lake Nelson,fishing-at-lake-nelson,Fishing,outdoor,Arrington,"State-managed 40-acre lake offering largemouth, catfish, and crappie with 24-hour shoreline access and electric-only boating. Lake Nelson's fishing access includes a boat ramp, parking, and portable toilets (March–September), with electric-motor boating and catches ranging from largemouth bass to redear sunfish in this 40-acre impoundment.","<a href=https://www.dgif.virginia.gov/waterbody/lake-nelson/ target=_blank rel=noopener noreferrer>Lake Nelson</a> is a 40-acre impoundment located in Nelson County, Virginia. This reservoir is owned by the Department of Wildlife Resources and is managed primarily for fisheries-related activities. Facilities available at this reservoir include a boat ramp, parking area, and portable toilets, which are accessible from March to September.

Fishermen are likely to catch largemouth bass, channel catfish, black crappie, bluegill, and redear sunfish. The lake is open 24 hours a day. While outboard motor use is prohibited, electric motors are permitted. Visitors aged 17 and older are required to obtain an Access Permit for department-owned Wildlife Management Areas (WMAs) and public fishing lakes unless they possess a valid Virginia hunting, freshwater fishing, or trapping license, or a current Virginia boat registration.

With headwaters beginning high in the Blue Ridge Mountains and the George Washington National Forest, the Tye River is one of the most beautiful whitewater streams in Virginia. The river travels for about 34 miles through Nelson County, showcasing stunning mountain, valley, and pastoral views. The upper section can have strong whitewater for advanced paddlers, while the middle and lower sections offer moderate whitewater on a seasonal basis. The rapids are rated Class I to Class II+, with some conditions allowing for Class III to IV rapids.

The Tye River provides various canoeing opportunities, including an 8.5-mile distance that is normally canoeable in winter, averaging 15-18 days per year, with a difficulty rating of 2-4. Hazards include a low-water bridge and several Class 4 rapids on right turns. Another section spans 13.5 miles, typically canoeable in winter and early spring for about 55-60 days per year, with a difficulty rating of 1-2. Hazards in this area include barbed wire fences across the stream and a seven-foot dam just below the takeout point.

For a shorter carry, permission may be obtained to cross private property at the Rt. 739 bridge crossing. A 1.5-mile section is usually canoeable only in winter following a prolonged wet period, averaging 5-6 days per year, with a difficulty rating of 3-4. This section features continuous, strong rapids, and an impassable rapid upstream from the bridge put-in. Rocks and boulders abound, so it is advisable to seek full information on this section before attempting it.",,https://ik.imagekit.io/OE/nelson-county/listings/fishing-at-lake-nelson-image1_np2rZtH6Z,Person holding live fish by the mouth over blurred outdoor background.,,,,,,,,,(434) 263-7015,"801 Lake Nelson Lane, Arrington, VA 22922",josh,2026-01-05,2026-01-12,https://www.google.com/maps/dir/?api=1&destination=801%20Lake%20Nelson%20Lane%2C%20Arrington%2C%20VA%2022922,,,,,,,,,,,,,,Boating; Fishing; Water Sports,true,https://www.google.com/maps/dir/?api=1&destination=801%20Lake%20Nelson%20Lane%2C%20Arrington%2C%20VA%2022922,false
112,Wintergreen Resort Fishing,wintergreen-resort-fishing,Fishing,outdoor,Wintergreen Resort,Midway Concrete Ramp (In James River WMA off Rt. Midway Concrete Ramp (In James River WMA off Rt.,"Nestled in 11,000 acres in the Blue Ridge Mountains, <a href=http://www.wintergreenresort.com/ target=_blank rel=noopener noreferrer>WINTERGREEN RESORT</a> is in close proximity to some of the best fly fishing Virginia has to offer. Wintergreen’s Fly Fishing services are designed to accommodate everyone from inexperienced to expert anglers.

Wintergreen’s Orvis-Endorsed instructors provide the perfect classroom setting at Lake Monocan to introduce students to the art of fly fishing. Anglers can also experience the thrill of fishing for trout in the mountains or smallmouth bass on the legendary James River with a knowledgeable and friendly guide. Wintergreen offers half and full-day fly fishing classes, with fly-casting instruction based on The Orvis Progressive Method to Fly Casting. All instruction includes the use of Orvis fly rods and equipment, and classes are held at the facilities at Lake Monocan and on the private ponds in Stoney Creek.",,https://ik.imagekit.io/OE/nelson-county/listings/wintergreen-resort-fishing-image1_p-qkftaFk,"Two men fishing by a river, one pointing ahead, surrounded by greenery.",,,,,,,,,(434) 325-8180,"Wintergreen Resort Outdoor Programs, 39 Mountain Inn Loop, Wintergreen, VA 22967",josh,2026-01-05,2026-01-12,https://www.google.com/maps/dir/?api=1&destination=Wintergreen%20Resort%20Outdoor%20Programs%2C%2039%20Mountain%20Inn%20Loop%2C%20Wintergreen%2C%20VA%2022967,,,,,,,,,,,,,,Scenic Views; Water Sports; Fishing,false,https://www.google.com/maps/dir/?api=1&destination=Wintergreen%20Resort%20Outdoor%20Programs%2C%2039%20Mountain%20Inn%20Loop%2C%20Wintergreen%2C%20VA%2022967,false
113,Devils Knob Golf Course,devils-knob-golf-course,Golf,experience,Wintergreen Resort,"Elevation 3,800-foot Devils Knob Golf Course—Virginia's highest—featuring Ellis Maples design, narrow mountain fairways, and panoramic vistas. Devils Knob Golf Course sits 3,800 feet high, making it Virginia's coolest summer round; Ellis Maples carved narrow fairways, fast greens, and jaw-dropping Blue Ridge vistas into this 18-hole mountain test.","When Ellis Maples designed this 18-hole gem, the highest golf course in Virginia, his challenge was to enhance its stunning Blue Ridge Mountain setting. Sitting at an elevation of over 3,800 feet, players leave <a href=https://www.wintergreenresort.com/devils-knob/ target=_blank rel=noopener noreferrer>Devils Knob Golf Course</a> remembering narrow fairways, excellent turf conditions, and unsurpassed vistas. Typically 12-18 degrees cooler than its sister golf course, Stoney Creek, Devils Knob provides Virginia’s coolest playing conditions throughout the summer and the most dramatic mountain foliage backdrop in the fall.

If you are searching for a true mountain golf challenge, Devils Knob Golf Course is a “must play.” At 3,850 feet, it offers 50-mile views of the Shenandoah and Rockfish valleys, surprisingly level mountaintop terrain, and pleasant 70-85 degree temperatures throughout the spring and summer. The spacious 16,585 square foot clubhouse features a pro shop with top-of-the-line merchandise, a locker room, fine dining, and a snack shop. Access to Devils Knob Golf Course is exclusively available to Wintergreen Club Members and Wintergreen Resort Lodging Guests.",,https://ik.imagekit.io/OE/nelson-county/listings/devils-knob-golf-course-image1_-NwtvpV8L,Green golf course bordered by autumn-colored trees under clear blue sky.,,,,,,,,,(434) 325-8520,"Route 664, Wintergreen, VA 22958",josh,2026-01-05,2026-01-12,https://www.google.com/maps/dir/?api=1&destination=Route%20664%2C%20Wintergreen%2C%20VA%2022958,,,,,,,,,,,,,,Golf; Resort; Scenic Views,true,https://www.google.com/maps/dir/?api=1&destination=Route%20664%2C%20Wintergreen%2C%20VA%2022958,false
114,Stoney Creek Golf Course,stoney-creek-golf-course,Golf,experience,Wintergreen Resort,"Rees Jones-designed 27-hole Stoney Creek Golf Course in the Rockfish Valley mixing meandering streams, wetlands, and year-round play. Stoney Creek Golf Course is Rees Jones' 27-hole design in the Rockfish River valley, playable year-round amid meandering streams, wetlands, and wildlife—so you can ski Wintergreen in the morning and chase birdies that afternoon.","Golf year-round in the Rockfish River Valley on the 27-hole Rees Jones Design <a href=https://www.wintergreenresort.com/Stoney-Creek/ target=_blank rel=noopener noreferrer>Stoney Creek Golf Course</a>. With contoured greens and the occasional side hill lie, Jones brought the natural elements of the landscape into play: meandering streams, hardwood forests, and pristine wetlands.

When playing the course for the first time, one should be careful not to be distracted by the stunning scenery or wildlife—it may cost them yet another par. Winter golf in Virginia? It’s true! Few other places on earth provide the opportunity to snow ski in the morning and play championship-caliber golf later in the day. Because of a dramatic 3,300-foot change in elevation, it happens at Wintergreen.

With headwaters beginning high in the Blue Ridge Mountains and the George Washington National Forest, the Tye River is one of the most beautiful whitewater streams in Virginia. The river travels for about 34 miles through Nelson County, showcasing stunning mountain, valley, and pastoral views. The upper section can have strong whitewater for advanced paddlers, while the middle and lower sections offer moderate whitewater on a seasonal basis. The rapids are rated Class I to Class II+, with some approaching Class III to IV depending on water conditions.

Enjoy excellent scenery on various sections of the river, with challenges such as low-water bridges and Class 4 rapids. Whether you're seeking a thrilling paddle or a serene experience, the Tye River offers something for everyone.",,https://ik.imagekit.io/OE/nelson-county/listings/stoney-creek-golf-course-image1_4pzf3VTYQ,"Lush green golf course with autumn trees, mountain backdrop under cloudy sky.",,,,,,,,,(434) 325-8250,"135 Stoney Creek East, Nellysford, VA 22958",josh,2026-01-05,2026-01-12,https://www.google.com/maps/dir/?api=1&destination=135%20Stoney%20Creek%20East%2C%20Nellysford%2C%20VA%2022958,,,,,,,,,,,,,,Resort; Golf; Water Sports; Fishing,false,https://www.google.com/maps/dir/?api=1&destination=135%20Stoney%20Creek%20East%2C%20Nellysford%2C%20VA%2022958,false
169,Indian Summer Guide Service,indian-summer-guide-service,Horseback Riding,experience,Nelson County,Indian Summer Guide Service leads private vineyard horseback rides with post-ride tastings at Veritas and other Charlottesville-area wineries. Indian Summer Guide Service leads private vineyard horseback rides with post-ride tastings at Veritas and other Charlottesville-area wineries.,,,https://ik.imagekit.io/OE/nelson-county/listings/indian-summer-guide-service-image1_vrYc4oP7k,Three riders on horses overlooking green valley with mountains in background.,,,,,,,,,(434) 531-9679,"151 Veritas Lane, Afton, VA 22920",josh,2026-01-05,2026-01-12,https://www.google.com/maps/dir/?api=1&destination=151%20Veritas%20Lane%2C%20Afton%2C%20VA%2022920,,,,,,,,,,,,,,Equestrian; Farm; Hiking; Tastings; Wine,false,https://www.google.com/maps/dir/?api=1&destination=151%20Veritas%20Lane%2C%20Afton%2C%20VA%2022920,false
57,Appalachian Trail from Rt 56 to Harpers Creek,appalachian-trail-from-rt-56-to-harpers-creek,Hikes & Trails,outdoor,Tyro,"2.6-mile Appalachian Trail segment from VA Route 56 over the Tye River swinging bridge to Harpers Creek Shelter with laurel, rhododendron, and creekside campsites. 2.6-mile Appalachian Trail segment from VA Route 56 over the Tye River swinging bridge to Harpers Creek Shelter with laurel, rhododendron, and creekside campsites.","Miles: 2.6
Difficulty Level: Moderate

Enjoy a 2.6-mile moderate hike along the Appalachian Trail that features a wooden swinging bridge over the Tye River. The trail meanders through beautiful stands of mountain laurel and rhododendron, leading you to the Harpers Creek Shelter (AT) and Harper’s Creek, where the water gurgles over large cascading rocks.",,https://ik.imagekit.io/OE/nelson-county/listings/appalachian-trail-from-rt-56-to-harpers-creek-image1_zH8UGdn8C,Wooden suspension bridge through colorful autumn forest with rocky foreground.,,,,,,,,,(434) 263-7015,"8519 Thomas Nelson Hwy, Lovingston, VA 22949",josh,2026-01-05,2026-01-12,https://www.google.com/maps/dir/?api=1&destination=8519%20Thomas%20Nelson%20Hwy%2C%20Lovingston%2C%20VA%2022949,,,,,,,,,,,,,,Scenic Views; Hiking; Biking; Appalachian Trail; Water Sports,false,https://www.google.com/maps/dir/?api=1&destination=8519%20Thomas%20Nelson%20Hwy%2C%20Lovingston%2C%20VA%2022949,false
119,Afton Mountain Vineyards,afton-mountain-vineyards,Vineyards & Wineries,taste,Afton,"One of Virginia's pioneer farm wineries with vines dating to 1978, crafting estate-grown vinifera on the sunrise side of Afton Mountain. Afton Mountain Vineyards, one of Virginia's earliest farm wineries, grows 11 grape varieties on 26 acres at 1,000 feet, producing estate wines cooled by ridge breezes and poured in a sunrise-side tasting room.","Our beautiful vineyard site is located on the sunrise side of Afton Mountain. Here, the vines are protected from frost by our elevation of nearly 1,000 feet, shielded from excessive rain by the mountain’s rain shadow, and dried by the prevailing breezes flowing through the nearby Rockfish and Humpback gaps.

Afton Mountain Vineyards is one of Virginia’s first farm wineries; our original vines were planted in 1978, and some of those blocks are still in production today. Since our acquisition in 2009, we have doubled the acres under vine and now grow a total of 11 varieties on 26 acres.",,https://ik.imagekit.io/OE/nelson-county/listings/afton-mountain-vineyards-image1_N7bTUqyJGf,Rows of vines in vineyard with mountains and buildings in background.,,,,,,,,https://www.aftonmountainvineyards.com/,(540) 456-8667,"234 Vineyard Lane, Afton, VA 22920",josh,2026-01-05,2026-01-12,https://www.google.com/maps/dir/?api=1&destination=234%20Vineyard%20Lane%2C%20Afton%2C%20VA%2022920,,,,,,,,,,,,,,Farm; Meeting Planners; Outdoor Seating; Scenic Views; Tastings; Wine,false,https://www.google.com/maps/dir/?api=1&destination=234%20Vineyard%20Lane%2C%20Afton%2C%20VA%2022920,false
120,Brent Manor Vineyards,brent-manor-vineyards,Vineyards & Wineries,taste,Faber,Boutique hillside winery south of Charlottesville blending Virginia-grown wines with rotating Portuguese selections in an intimate tasting room. Boutique hillside winery south of Charlottesville blending Virginia-grown wines with rotating Portuguese selections in an intimate tasting room.,"Nestled in the hills of Virginia Wine Country in beautiful Nelson County, just south of Charlottesville, Brent Manor Vineyards welcomes you to a mix of the New World and the Old World.

Experience the charm and beauty of our vineyards, where exceptional wines are crafted with passion and dedication. Join us for a memorable visit and savor the unique flavors that our estate has to offer.",,https://ik.imagekit.io/OE/nelson-county/listings/brent-manor-vineyards-image1_el5haOFHc,"Modern house with stone columns, metal roof, and cloudy sky background.",,,,,,,,https://www.brentmanorvineyards.com/,(434) 826-0722,"100 Brent Manor Lane, Faber, VA 22938",josh,2026-01-05,2026-01-12,https://www.google.com/maps/dir/?api=1&destination=100%20Brent%20Manor%20Lane%2C%20Faber%2C%20VA%2022938,,,,,,,,,,,,,,Wine; Tastings; Retail; Events; Farm,false,https://www.google.com/maps/dir/?api=1&destination=100%20Brent%20Manor%20Lane%2C%20Faber%2C%20VA%2022938,false
121,Caihailian Vineyard,caihailian-vineyard,Vineyards & Wineries,taste,Roseland,Family-run micro-vineyard along the road to Wintergreen producing Monticello AVA wines from 2.5 hillside acres. Family-run micro-vineyard along the road to Wintergreen producing Monticello AVA wines from 2.5 hillside acres.,"Caihailian Vineyard is owned by Bob and Anne Ramsey and is named for their three fantastic kids. The vineyard embodies the passion and dedication of the Ramsey family, creating a welcoming atmosphere for all who visit.",,https://ik.imagekit.io/OE/nelson-county/listings/caihailian-vineyard-image1_-u3-ITjD2,"Vineyard with green vines, trees, mountains under blue sky with clouds.",,,,,,,,,,"872 Beech Grove, Roseland, VA 22967",josh,2026-01-05,2026-01-12,https://www.google.com/maps/dir/?api=1&destination=872%20Beech%20Grove%2C%20Roseland%2C%20VA%2022967,,,,,,,,,,,,,,Wine; Retail; Family Friendly; Farm; Tastings,false,https://www.google.com/maps/dir/?api=1&destination=872%20Beech%20Grove%2C%20Roseland%2C%20VA%2022967,false
122,Cardinal Point Winery,cardinal-point-winery,Vineyards & Wineries,taste,Afton,"Welcoming tasting room offers tours, Blue Ridge views, and seasonal events alongside expressive wines. Family-owned winery in the foothills of Afton Mountain inspired by the founders' time in Germany.","Family owned and operated, Cardinal Point Vineyard and Winery lies in the beautiful foothills of the Blue Ridge, in the shadow of Afton Mountain.

Experience the charm of our vineyard as you explore the picturesque landscape and enjoy our selection of fine wines.",,https://ik.imagekit.io/OE/nelson-county/listings/cardinal-point-winery-image1_kGIpRRfXg,"Wine bottles and glass on barrel table, plant and book beside.",,,,,,,,https://www.cardinalpointwinery.com/,(540) 456-8400,"9423 Batesville Rd, Afton, VA 22920",josh,2026-01-05,2026-01-12,https://www.google.com/maps/dir/?api=1&destination=9423%20Batesville%20Rd%2C%20Afton%2C%20VA%2022920,,,,,,,,,,,,,,Family Friendly; Farm; Live Music; Meeting Planners; Scenic Views; Tastings; Wine,false,https://www.google.com/maps/dir/?api=1&destination=9423%20Batesville%20Rd%2C%20Afton%2C%20VA%2022920,false
123,Flying Fox Vineyards,flying-fox-vineyards,Vineyards & Wineries,taste,Afton,"Small-lot producer known for inventive wines and the Sly Fox vermouth line, letting each varietal speak for itself. Small-lot producer known for inventive wines and the Sly Fox vermouth line, letting each varietal speak for itself.",Flying Fox Vineyards honors the emerging Virginia wine industry with unique expressions of varietal character and authenticity of place. We strive to push our own limits and comfort levels with winemaking that is uninhibited by history or convention. Our limited production and sharp focus create not only a consistent portfolio of premium quality wines but also the opportunity for play and experimentation outside of that portfolio in our Sly Fox series and our award-winning seasonal vermouth.,,https://ik.imagekit.io/OE/nelson-county/listings/flying-fox-vineyards-image1_QyaP87PFD,Winery building facade with large mural and outdoor seating at night.,,,,,,,,https://www.flyingfoxvineyard.com/,(434) 361-1692,"10368 Critzer Shop Rd, Afton, VA 22920",josh,2026-01-05,2026-01-12,https://www.google.com/maps/dir/?api=1&destination=10368%20Critzer%20Shop%20Rd%2C%20Afton%2C%20VA%2022920,,,,,,,,,,,,,,Tastings; Seasonal Menu; Outdoor Seating; Wine; Farm,false,https://www.google.com/maps/dir/?api=1&destination=10368%20Critzer%20Shop%20Rd%2C%20Afton%2C%20VA%2022920,false
124,Hill Top Winery & Meadery,hill-top-winery-meadery,Vineyards & Wineries,taste,Nellysford,"Hill Top Winery & Meadery has specialized in non-grape wines since 1998, crafting fruit-forward bottles and traditional honey meads that echo ancient fermentation styles from cultures worldwide. Hill Top Winery & Meadery has specialized in non-grape wines since 1998, crafting fruit-forward bottles and traditional honey meads that echo ancient fermentation styles from cultures worldwide.",,,https://ik.imagekit.io/OE/nelson-county/listings/hill-top-winery-meadery-image1_ne-tv5TEE,"Wine bottle, strawberries, and wine glasses arranged on a wooden board with cheese knives.",,,,,,,,,(434) 361-1266,"2800 Berry Hill Road, Nellysford, VA 22958",josh,2026-01-05,2026-01-12,https://www.google.com/maps/dir/?api=1&destination=2800%20Berry%20Hill%20Road%2C%20Nellysford%2C%20VA%2022958,,,,,,,,,,,,,,Desserts; Farm; Local Ingredients; Scenic Views; Tastings; Wine,false,https://www.google.com/maps/dir/?api=1&destination=2800%20Berry%20Hill%20Road%2C%20Nellysford%2C%20VA%2022958,false
125,Lovingston Winery,lovingston-winery,Vineyards & Wineries,taste,Lovingston,"Gravity-flow, small-batch estate winery on Josie's Knoll focusing on Bordeaux and South African varietals. Gravity-flow, small-batch estate winery on Josie's Knoll focusing on Bordeaux and South African varietals.","Lovingston Winery opened in 2003 as a small batch, 100% estate grown vineyard and winery located in the rolling countryside of the Blue Ridge Mountains.

With a commitment to quality and sustainability, Lovingston Winery offers a unique selection of wines that reflect the character of the region. Experience the beauty of the vineyard and enjoy a taste of the exceptional wines crafted from their estate-grown grapes.",,https://ik.imagekit.io/OE/nelson-county/listings/lovingston-winery-image1_fP7hZ7487,Two wine bottles on wooden table with red flowers in background.,,,,,,,,https://www.lovingstonwinery.com/,(434) 263-8467,"885 Freshwater Cove, Lovingston, VA 22949",josh,2026-01-05,2026-01-12,https://www.google.com/maps/dir/?api=1&destination=885%20Freshwater%20Cove%2C%20Lovingston%2C%20VA%2022949,,,,,,,,,,,,,,Scenic Views; Wine; Farm; Tastings,false,https://www.google.com/maps/dir/?api=1&destination=885%20Freshwater%20Cove%2C%20Lovingston%2C%20VA%2022949,false
126,Mountain and Vine Winery,mountain-and-vine-winery,Vineyards & Wineries,taste,Faber,"Mountain and Vine Vineyards & Winery is located in the Monticello AVA wine region. The location is exquisite, hugged between the hills, but with the elevation to guarantee not only flavorful wine but also breathtaking views.",,,https://ik.imagekit.io/OE/nelson-county/listings/mountain-and-vine-winery-image1_YUi_3GXtY,"Lush green landscape with hills, house, pond, and cloudy sky backdrop.",,,,,,,,https://www.mountainandvine.com/,(434) 263-6100,"500 DelFosse Winery Lane, Faber, VA",josh,2026-01-05,2026-01-12,https://www.google.com/maps/dir/?api=1&destination=500%20DelFosse%20Winery%20Lane%2C%20Faber%2C%20VA%2022938,,,,,,,,,,,,,,Family Friendly; Farm; Meeting Planners; Tastings; Wine,false,https://www.google.com/maps/dir/?api=1&destination=500%20DelFosse%20Winery%20Lane%2C%20Faber%2C%20VA%2022938,false
127,Mountain Cove Vineyards & Winery,mountain-cove-vineyards-winery,Vineyards & Wineries,taste,Lovingston,Rustic tasting areas and picnic grounds invite relaxed afternoons in the Blue Ridge foothills. Rustic tasting areas and picnic grounds invite relaxed afternoons in the Blue Ridge foothills.,"Virginia’s oldest winery, Mountain Cove Vineyards & Winery, is located next to The Nature Conservancy’s Fortunes Cove Preserve. The winery features shaded picnic areas, a performance pavilion, and offers hiking and mountain biking routes for outdoor enthusiasts. Enjoy a day of relaxation and exploration in this beautiful setting!",,https://ik.imagekit.io/OE/nelson-county/listings/mountain-cove-vineyards-winery-image1_nMIHMYkXF,"Wooden cabin with red roof, green vines, and empty chairs outside.",,,,,,,,https://www.facebook.com/MountainCoveVineyards/,(434) 263-5392,"1365 North Amherst Hwy, Lovingston, VA 22949",josh,2026-01-05,2026-01-12,https://www.google.com/maps/dir/?api=1&destination=1365%20North%20Amherst%20Hwy%2C%20Lovingston%2C%20VA%2022949,,,,,,,,,,,,,,Family Friendly; Farm; Local Ingredients; Meeting Planners; Picnic Area; Scenic Views; Tastings; Wine,false,https://www.google.com/maps/dir/?api=1&destination=1365%20North%20Amherst%20Hwy%2C%20Lovingston%2C%20VA%2022949,false
128,Valley Road Vineyards,valley-road-vineyards,Vineyards & Wineries,taste,Afton,"Route 151 gateway winery founded by friends in 2015, featuring lawn seating, an events pavilion, and Rockfish Valley views. Founded in 2015, Valley Road Vineyards was conceived by a group of friends who brought talents from successful careers in law, advertising, insurance, real estate development, and writing, among others.",,,https://ik.imagekit.io/OE/nelson-county/listings/valley-road-vineyards-image1_zzVQeEY7N,Green hills with scattered houses and red barns under a clear sky.,,,,,,,,https://www.valleyroadwines.com/,(540) 456-6350,"9264 Critzers Shop Road, Afton, VA 22920",josh,2026-01-05,2026-01-12,https://www.google.com/maps/dir/?api=1&destination=9264%20Critzers%20Shop%20Road%2C%20Afton%2C%20VA%2022920,,,,,,,,,,,,,,Farm; Fishing; Tastings; Wine,true,https://www.google.com/maps/dir/?api=1&destination=9264%20Critzers%20Shop%20Road%2C%20Afton%2C%20VA%2022920,false
129,Veritas Vineyards & Winery,veritas-vineyards-winery,Vineyards & Wineries,taste,Afton,"Our philosophy is to make wine with the classic, old-world principles of viticulture and vinification, at the same time using state of the art technology to capture varietal and regional character. Our name derives from the Roman historian Pliny the Elder's observation 'In Vino Veritas' – 'In Wine there is Truth.' We believe that the truth in our wine comes straight from our vineyard as an expression of the land where we live and work.",,,https://ik.imagekit.io/OE/nelson-county/listings/veritas-vineyards-winery-image1_nHivj3-nt,"Lush vineyards with white houses, mountains in background, under a clear blue sky.",,,,,,,,https://veritaswines.com/,(540) 456-8000,"151 Veritas Lane, Afton, VA 22920",josh,2026-01-05,2026-01-12,https://www.google.com/maps/dir/?api=1&destination=151%20Veritas%20Lane%2C%20Afton%2C%20VA%2022920,,,,,,,,,,,,,,Farm; Meeting Planners; Outdoor Seating; Scenic Views; Tastings; Wine,false,https://www.google.com/maps/dir/?api=1&destination=151%20Veritas%20Lane%2C%20Afton%2C%20VA%2022920,false
70,James River State Park,james-river-state-park,Hikes & Trails,outdoor,Gladstone,"State park along the James River with 15+ miles of multiuse trails, riverfront overlooks, boat launches, cabins, and full-service canoe livery. State park along the James River with 15+ miles of multiuse trails, riverfront overlooks, boat launches, cabins, and full-service canoe livery.",,,https://ik.imagekit.io/OE/nelson-county/listings/james-river-state-park-image1_IdOJ0UXYE,Stone entrance sign reading 'James River Wildlife Management Area' among trees.,,,,,,,,,(434) 933-4355,"104 Green Hill Drive, Gladstone, VA 24553",josh,2026-01-05,2026-01-12,https://www.google.com/maps/dir/?api=1&destination=104%20Green%20Hill%20Drive%2C%20Gladstone%2C%20VA%2024553,,,,,,Overview,"<p>James River State Park is a large public park that offers access to the James River along with forests, open meadows, and scenic overlooks. The park protects a diverse landscape while providing space for outdoor recreation and quiet exploration.</p>",Trails & Recreation,"<p>The park includes a network of hiking and biking trails ranging from <strong>easy riverside walks</strong> to <strong>moderate upland routes</strong> with elevation changes. River access supports paddling and fishing, and open areas are suitable for picnicking and wildlife viewing.</p>",Visitor Experience,"<p>Because of the park’s size, visitors can choose from short outings or full-day adventures. Trails are well-marked, and different areas of the park offer distinct experiences depending on interest and ability.</p>",Planning Notes,"<p>Visitors should review maps and trail descriptions in advance and allow sufficient time to explore. Conditions can vary by season, particularly along river corridors.</p>",Boating; Cabins; Water Sports; Biking; Hiking,false,https://www.google.com/maps/dir/?api=1&destination=104%20Green%20Hill%20Drive%2C%20Gladstone%2C%20VA%2024553,false
140,HeartRock Retreat & Homestead,heartrockretreat,Whole House Rentals,stay,Roseland,"Fifteen-acre Heart Rock homestead with lodging for up to 15, edible gardens, and retreat spaces minutes from breweries and river access. Located in Nelson County, Virginia, our fifteen acre homestead offers both rustic charm and modern comfort. Nelson County has something for everyone..","Welcome to HeartRock! Located in Nelson County, Virginia, our fifteen-acre homestead offers both rustic charm and modern comfort. We’ve got fields of edible, medicinal, and floral gardens tucked into an oak forest, alongside comfortable and inspired lodging.

Between the Main House, Guest House, and Tree House, we offer sleeping space for fifteen guests, along with reading nooks, hammocks, porch swings, a fire pit, and a 'poor man’s hot tub,' as well as many other outdoor gathering spaces. These details make HeartRock a unique location for intimate events like reunions, weddings, and retreats. Easy access to the Rockfish River, George Washington National Forest, the vineyards and breweries of Nelson County, Wintergreen Resort, and the cities of Charlottesville and Lynchburg provide abundant options for family getaway entertainment. Have you ever heard the whippoorwill sing while watching the stars? Grazed on organic veggies in the morning dew, or felt a sunset kiss your heart? Come on over, you'll be glad you did!",,https://ik.imagekit.io/OE/nelson-county/listings/heartrock-retreat-homestead-image1_mAMJ2A-kN,Lush green garden with various plants and trees in a forest setting.,,https://ik.imagekit.io/OE/nelson-county/listings/heartrock-retreat-homestead-image2_-41zacroR,"Lush vegetable garden with rows, greenhouses, surrounded by trees under cloudy sky.",,https://ik.imagekit.io/OE/nelson-county/listings/heartrock-retreat-homestead-image3_IUAyZgjGJ,Bee collecting nectar from honey on shiny surface.,,,(434) 263-7015,"2808 Glad Road, Schuyler, VA 22969",josh,2026-01-05,2026-01-12,https://www.google.com/maps/dir/?api=1&destination=2808%20Glad%20Road%2C%20Schuyler%2C%20VA%2022969,,,,,,,,,,,,,,Outdoor Seating; Beer; Organic; Farm; Local Ingredients; Water Sports,false,https://www.google.com/maps/dir/?api=1&destination=2808%20Glad%20Road%2C%20Schuyler%2C%20VA%2022969,false
142,Inglewood Fine Meats,inglewood-fine-meats,Restaurants,taste,Arrington,"We take pride in the fact that our Beef and Lamb is not only Verified All Natural, but our animals live a quality life in the foothills of the blue ridge mountains. Nestled in Nelson County.","Nestled in Nelson County, we take pride in the fact that our beef and lamb is not only Verified All Natural, but our animals live a quality life in the foothills of the Blue Ridge Mountains. We never use hormone treatment on any of our animals; they live a happy, stress-free life rotating through our expansive fields.

Our fields are maintained without any chemicals, poisons, or biosolids, ensuring no transfer of harmful materials to our meats. Soon, we will be offering USDA processed all natural Black Angus beef and Dorset lamb delivered from our farm to your door! Register for notifications and promotions.",,https://ik.imagekit.io/OE/nelson-county/listings/inglewood-fine-meats-image1_KBCogmzSHU,"Raw meat on wooden board with garlic, chili, peppercorns, and rosemary.",,,,,,,,,(434) 365-0028,"4638 Variety Mills Road, Arrington, VA",josh,2026-01-05,2026-01-12,https://www.google.com/maps/dir/?api=1&destination=4638%20Variety%20Mills%20Road%2C%20Arrington%2C%20VA%2022922,,,,,,,,,,,,,,Farm; Local Ingredients,false,https://www.google.com/maps/dir/?api=1&destination=4638%20Variety%20Mills%20Road%2C%20Arrington%2C%20VA%2022922,false
75,Montebello Nature Trail,montebello-nature-trail,Hikes & Trails,outdoor,Montebello,"Half-mile nature walk beside Montebello's former fish hatchery stream with fern-lined banks, benches, and steady bird activity.","A short trail (.5 mile) follows a small stream that was once part of the Montebello Fish Hatchery. The path is lined with a wide diversity of ferns, as well as native shrubs and wildflowers. Relax on one of the benches and listen for the Louisiana water thrush or watch dragonflies skimming the stream. The entrance is just above the dam, and the trail is always open.

For a longer adventure, a 2.6-mile moderate hike along the Appalachian Trail traverses a wooden swinging bridge over the Tye River. This route travels through stands of mountain laurel and rhododendron to the Harpers Creek Shelter and Harper’s Creek, where the water gurgles through large cascading rocks. Multiple campsites are available on each side of the creek, and there’s a vault toilet up the hill from the shelter.

Directions: From State Route 56 at Crabtree Falls, take SR 56 east for approximately 3-4 miles. The Appalachian Trail crosses SR 56, and an AT parking lot is available on the right (south side) of SR 56. Head across the street from the parking lot (north) on the AT across the swinging bridge, and continue up the trail towards Harper’s Creek Shelter.",,https://ik.imagekit.io/OE/nelson-county/listings/montebello-nature-trail-image1_Uvj7h3IC1,People walking on a sunny forest trail surrounded by green trees.,,,,,,,,,(540) 377-2650,"359 Fish Hatchery Lane, Montebello, VA",josh,2026-01-05,2026-01-12,https://www.google.com/maps/dir/?api=1&destination=359%20Fish%20Hatchery%20Lane%2C%20Montebello%2C%20VA%2024464,,,,,,,,,,,,,,Biking; Hiking; Water Sports; Fishing,false,https://www.google.com/maps/dir/?api=1&destination=359%20Fish%20Hatchery%20Lane%2C%20Montebello%2C%20VA%2024464,false
77,North Fork of the Piney River,north-fork-of-the-piney-river,Hikes & Trails,outdoor,Piney River,Follow Route 666 past Dickie Brothers Orchard and into George Washington National Forest for shady picnics beside the river. Follow Route 666 past Dickie Brothers Orchard and into George Washington National Forest for shady picnics beside the river.,"A scenic driving and short walking trail offers views of the Piney River as it cascades over large rocks. The area is stocked for fishing and features good swimming holes.

To reach the trail, take Route 56 west to Massies Mill and turn onto SR 666 (Dickie Road). Follow SR 666 for approximately 4 miles past Dickie Brothers Orchard, where the road becomes gravel and winds up and over the mountain, providing mountain views of the Blue Ridge. At the foot of the mountain, turn right onto Route 827. This road enters the George Washington National Forest and parallels the North Fork of the Piney River. Park along the roadside and walk beside the river (except where private property is posted) to enjoy scenic views of this mountain stream.

The hike is 2.6 miles long with a moderate difficulty level. It follows the Appalachian Trail, traversing a wooden swinging bridge over the Tye River and passing through stands of mountain laurel and rhododendron to the Harpers Creek Shelter and Harper’s Creek, where the water gurgles over large cascading rocks. Multiple campsites are located on each side of the creek, and there’s a vault toilet up the hill from the shelter.

To access the Appalachian Trail from State Route 56 at Crabtree Falls, take SR 56 east for approximately 3-4 miles. The Appalachian Trail crosses SR 56, and an AT parking lot is available on the right (south side) of SR 56. Cross the street from the parking lot (north) onto the AT, cross the swinging bridge, and continue up the trail towards Harper’s Creek Shelter.

Enjoy your adventure!",,https://ik.imagekit.io/OE/nelson-county/listings/north-fork-of-the-piney-river-image1_-MuJGSrnG,Water cascading over mossy rocks surrounded by green leaves.,,,,,,,,,(434) 263-7015,"Piney River, VA 22964",josh,2026-01-05,2026-01-12,https://www.google.com/maps/dir/?api=1&destination=Piney%20River%2C%20VA%2022964,,,,,,,,,,,,,,Water Sports; Biking; Hiking; Farm; Fishing; Swimming Pool,false,https://www.google.com/maps/dir/?api=1&destination=Piney%20River%2C%20VA%2022964,false
91,Stoney Creek Park,stoney-creek-park,Hikes & Trails,outdoor,Wintergreen Resort,"Community linear park in Stoney Creek with creekside walking path, new picnic areas, benches, and easy terrain for families. Community linear park in Stoney Creek with creekside walking path, new picnic areas, benches, and easy terrain for families.","Miles: 0.3
Blaze Color: Yellow
Difficulty Level: Easy

Directions: <a href=https://goo.gl/maps/7nf9BFjD9zG5dzJS7 target=_blank rel=noopener noreferrer>Google Maps</a>

Visit the forested linear park featuring a mile-plus long walking path alongside a stream, complete with picnic tables and benches. The park’s creek forms part of the western boundary of Wintergreen’s subdivision in the valley.

A major expansion in 2022 introduced a completely new parking lot off of Stoney Creek West, along with an easy-to-walk trail lined with benches and picnic tables.",,https://ik.imagekit.io/OE/nelson-county/listings/stoney-creek-park-image1_Jb225aVyuc,White flowers blooming among lush green leaves in a forest setting.,,,,,,,,,(434) 263-7015,"Stoney Creek West Drive, Nellysford, VA 22958",josh,2026-01-05,2026-01-12,https://www.google.com/maps/dir/?api=1&destination=Stoney%20Creek%20West%20Drive%2C%20Nellysford%2C%20VA%2022958,,,,,,,,,,,,,,Picnic Area; Family Friendly; Parking; Biking; Hiking,false,https://www.google.com/maps/dir/?api=1&destination=Stoney%20Creek%20West%20Drive%2C%20Nellysford%2C%20VA%2022958,false
92,Spy Rock,spy-rock,Hikes & Trails,outdoor,Montebello,"Spy Rock's soaring granite dome remains open via a 6.5-mile round-trip hike from Meadows Lane (SR 826) after the fish hatchery lot closure. Alternative 6.5-mile round-trip route to Spy Rock via Meadows Lane featuring sustained climbs, rocky scrambles, and sweeping summit panoramas.","The USDA Forest Service has closed the parking lot and associated trail that provides access to Spy Rock. The parking lot located behind the Montebello Fish Hatchery in Nelson County is now closed; however, the public can still access Spy Rock via an alternative route.

Hikers should be aware that this alternative route is approximately 6.5 miles in length (round-trip) and has fewer trail blazes and directional signage. All hikers should carry a map of this alternative route and be well-prepared for this longer distance hike. Parking for this alternative route is located at the end of State Route 826 (Meadows Lane), which is maintained by the Virginia Department of Transportation but may not be suitable for some passenger vehicles. The road is recommended for travel only by higher clearance, four-wheel drive vehicles. Access to the trail requires a minimum 6.5-mile round-trip hike that includes a steady uphill grade, sections of very steep trail, rocky terrain, and sections of gravel road.

Directions: From State Route 56, take State Route 826 (Meadows Lane) for approximately 3.75 miles to its end point at the Crabtree Meadows parking area. From the Crabtree Meadows parking area, hike back along State Route 826 for 0.5 miles and turn left onto Forest Service Road 596 (Cash Hollow Road). Hike along Forest Service Road 596 for 0.5 miles to the intersection with the Appalachian Trail. Turn right (south) on the Appalachian Trail and continue for 2.1 miles to the intersection with the trail.",,https://ik.imagekit.io/OE/nelson-county/listings/spy-rock-image1_1KwRYk5CN,"Hikers standing on rocky summit under cloudy blue sky, overlooking green mountains.",,,,,,,,,(540) 265-5100,"Meadows Lane (SR 826) Trailhead, Montebello, VA 24464",josh,2026-01-05,2026-01-12,https://www.google.com/maps/dir/?api=1&destination=Meadows%20Lane%20%28SR%20826%29%20Trailhead%2C%20Montebello%2C%20VA%2024464,,,,,,Overview,<p>Spy Rock is a popular hiking destination known for its expansive summit views of the Blue Ridge Mountains. The trail leads to a large rocky outcrop that provides panoramic vistas across Nelson County and surrounding areas.</p>,Trail Experience,"<p>The most commonly used route to Spy Rock is approximately <strong>5 miles round-trip</strong> and is considered <strong>moderate to strenuous</strong>. The trail includes steady elevation gain, rocky sections, and uneven footing.</p><p>The final approach to the summit requires scrambling over exposed rock.</p>",Safety Information,"<p>The summit area is exposed, and weather conditions can change quickly. Visitors should use caution near cliff edges and avoid hiking during storms or high winds.</p>",Planning Your Visit,"<p>Hikers should carry sufficient water, wear sturdy footwear, and allow adequate time for the hike. Staying on the established trail helps protect the landscape and ensures a safer experience.</p>",Biking; Fishing; Hiking; Scenic Views,false,https://www.google.com/maps/dir/?api=1&destination=Meadows%20Lane%20%28SR%20826%29%20Trailhead%2C%20Montebello%2C%20VA%2024464,false
93,Spruce Creek Park,spruce-creek-park,Hikes & Trails,outdoor,Nellysford,"Spruce Creek Park anchors the Rockfish Valley Loop Trail system at Route 151, offering sunrise-to-sunset access to TRACK trails, a native plant garden, butterfly walk, geology trail, and the Rockfish Valley Foundation Natural History Center.","Spruce Creek Park is located at the trailhead of the <a href=https://www.rockfishvalley.org/blog/spruce-creek-park/ target=_blank rel=noopener noreferrer>Rockfish Valley Loop Trails</a> and the Rockfish Valley Foundation Natural History Center. The park features a variety of trails, including the Rockfish Valley (Kids in Parks) TRACK Trail, Spruce Creek Trail, Rockfish River Trail, Reids/Glenthorne Trail, Butterfly Trail, Beech Grove Trail, Children’s Trail, Native Plant Trail, and Rockfish Valley Geology Trail. The park is open from sunrise to sunset.

For those seeking adventure, a 2.6-mile moderate hike along the Appalachian Trail traverses a wooden Swinging Bridge over the Tye River. This scenic route takes hikers through stands of mountain laurel and rhododendron to the Harpers Creek Shelter and Harper’s Creek, where the water gurgles through large cascading rocks. Multiple campsites are available on each side of the creek, and there is a vault toilet located up the hill from the shelter. Enjoy your visit to Spruce Creek Park!",,https://ik.imagekit.io/OE/nelson-county/listings/spruce-creek-park-image1_dQTxUZJOD,Tall green thistles with spiky leaves against dense forest backdrop.,,,,,,,,,(434) 361-0271,"1368 Rockfish Valley Highway, Nellysford, VA 22958",josh,2026-01-05,2026-01-12,https://www.google.com/maps/dir/?api=1&destination=1368%20Rockfish%20Valley%20Highway%2C%20Nellysford%2C%20VA%2022958,,,,,,Overview,<p>Spruce Creek Park is a small community park that provides access to open green space along Spruce Creek. It is designed for casual outdoor use and quiet recreation.</p>,Park Experience,<p>Walking paths and open areas make the park suitable for short strolls and relaxed outdoor activities. Terrain is generally <strong>easy</strong> and accessible.</p>,Use Notes,<p>Visitors are encouraged to respect the natural setting and follow posted guidelines to help maintain the park for community use.</p>,,,Hiking; Biking; Fishing,false,https://www.google.com/maps/dir/?api=1&destination=1368%20Rockfish%20Valley%20Highway%2C%20Nellysford%2C%20VA%2022958,false
94,Rockfish Valley Loop Trails,rockfish-valley-loop-trails,Hikes & Trails,outdoor,Nellysford,"Flat four-mile network skirting the Rockfish River and Reid's Creek with birding hotspots, interpretive signage, and farm-country views. Rockfish Valley Loop Trails span about four flat miles of mowed paths that trace the Rockfish River and Reid's Creek, blend history with birding, and frame constant Blue Ridge views.","Experience the Rockfish River and Reid’s Creek on approximately four miles of trails on a farm surrounding the confluence. Part of the Virginia Birding & Wildlife Trail, these paths offer recreation and interaction with nature and history. Currently open for hiking only, these mowed grass and dirt trails have a nearly flat grade throughout, surrounded by spectacular mountain views.

Parking is available at <a href=https://www.rockfishvalley.org/blog/spruce-creek-park/ target=_blank rel=noopener noreferrer>Spruce Creek Park</a> and on the southwest side of the Route 151 bridge over the Rockfish River. Open from sunrise to sunset. The trails feature a 2.6-mile moderate hike along the Appalachian Trail, which traverses a wooden swinging bridge over the Tye River. The trail travels through stands of mountain laurel and rhododendron to the Harpers Creek Shelter and Harper’s Creek, where the water gurgles through large cascading rocks. Multiple campsites are located on each side of the creek, and there’s a vault toilet up the hill from the shelter.

Directions from State Route 56 at Crabtree Falls: Take SR 56 east for approximately 3-4 miles. The Appalachian Trail crosses SR 56, and an AT parking lot is available on the right (south side) of SR 56. Head across the street from the parking lot (north) on the AT across the swinging bridge, and continue up the trail towards Harper’s Creek Shelter.",,https://ik.imagekit.io/OE/nelson-county/listings/rockfish-valley-loop-trails-image1_pCdYf7Kn0,"Wooden footbridge crossing over rocky ground, surrounded by lush green trees.",,,,,,,,,(434) 361-0126,"Rockfish Valley Loop Trailhead, 1368 Rockfish Valley Highway, Nellysford, VA 22958",josh,2026-01-05,2026-01-12,https://www.google.com/maps/dir/?api=1&destination=Rockfish%20Valley%20Loop%20Trailhead%2C%201368%20Rockfish%20Valley%20Highway%2C%20Nellysford%2C%20VA%2022958,,,,,,Overview,"<p>The Rockfish Valley Loop Trails are a connected network of hiking paths that wind through forests, open fields, and stream corridors in the Rockfish Valley.</p><p>The system offers multiple loop options rather than a single out-and-back route.</p>",Trail Experience,"<p>Individual loops range from <strong>short walks under one mile</strong> to <strong>longer routes of several miles</strong>. Overall difficulty is generally <strong>easy to moderate</strong>, depending on the route selected.</p><p>Terrain includes gentle elevation changes and well-defined paths.</p>",Planning Notes,"<p>Because the trails interconnect, visitors are encouraged to review posted maps before starting.</p><p>Staying on marked paths helps protect surrounding land and ensures a safe experience.</p>",,,Hiking; Educational; Biking; Farm; Water Sports; Fishing,false,https://www.google.com/maps/dir/?api=1&destination=Rockfish%20Valley%20Loop%20Trailhead%2C%201368%20Rockfish%20Valley%20Highway%2C%20Nellysford%2C%20VA%2022958,false
130,Quarry Gardens at Schuyler,quarry-gardens-at-schuyler,Hikes & Trails,outdoor,Schuyler,"Restored soapstone quarries transformed into 40-acre native plant gardens with two miles of trails, habitat galleries, and guided ecology tours. Restored soapstone quarries transformed into 40-acre native plant gardens with two miles of trails, habitat galleries, and guided ecology tours.","Quarry Gardens at Schuyler is a natural area and botanical garden dedicated to public education and enjoyment. Schuyler has been the soapstone capital of the world since the 1880s. Six quarries within these gardens were actively worked from the 1950s to the 1970s, after which they were used as dump sites and ultimately abandoned to grow wild.

Today, the gardens surrounding these quarries encompass 40 acres of diverse habitats and plant communities across various eco-zones, featuring more than 600 species of plants and animals. Visitors can explore 2 miles of walking trails, native plant galleries, a demonstration garden, and exhibits at the visitor center.",,https://ik.imagekit.io/OE/nelson-county/listings/quarry-gardens-at-schuyler-image1_jw6Y3UBV0,"Rocky cliffside and trees reflected in a calm, clear lake.",,,,,,,,,(434) 939-1005,"1643 Salem Road, Schuyler, VA 22969",josh,2026-01-05,2026-01-12,https://www.google.com/maps/dir/?api=1&destination=1643%20Salem%20Road%2C%20Schuyler%2C%20VA%2022969,,,,,,,,,,,,,,Biking; Hiking,false,https://www.google.com/maps/dir/?api=1&destination=1643%20Salem%20Road%2C%20Schuyler%2C%20VA%2022969,false
163,Brew Ridge Trail,brew-ridge-trail,Hikes & Trails,outdoor,Nelson County,"The Brew Ridge Trail is a self-guided tour featuring six of the nation's best craft breweries. With everything from lagers to stouts, there's something for everyone along the trail.","The Brew Ridge Trail is a self-guided tour featuring six of the nation’s best craft breweries. With everything from lagers to stouts, there’s something for everyone along the trail. The six breweries along the Trail include Blue Mountain Brewery, Blue Mountain Barrel House, Devils Backbone Brewing Company, South Street Brewery, Starr Hill Brewery, and Wild Wolf Brewing Company.

Four of the breweries are in Nelson County along scenic Route 151; Starr Hill is in nearby Crozet, and South Street Brewery is in Charlottesville. The self-guided tour allows you to check out all of the breweries at your leisure. Each brewery offers sample tastings of their craft beers, allowing you to try a variety of what they produce. Draft beer and bottled beer are generally available, and growler fills can be purchased for selected brews. Start planning your trip using the Trail Map on the website, and you’ll be sipping in no time!",,https://ik.imagekit.io/OE/nelson-county/listings/brew-ridge-trail-image1_Ok2KK-HVc,"Circular logo with beer glasses, text: 'Brew Ridge Trail, Virginia's Original Beer Trail.'",,,,,,,,,(434) 263-7015,"Route 151 Craft Beverage Corridor, Nelson County, VA 22958",josh,2026-01-05,2026-01-12,https://www.google.com/maps/dir/?api=1&destination=Route%20151%20Craft%20Beverage%20Corridor%2C%20Nelson%20County%2C%20VA%2022958,,,,,,,,,,,,,,Beer; Hiking; Tastings; Scenic Views; Biking,false,https://www.google.com/maps/dir/?api=1&destination=Route%20151%20Craft%20Beverage%20Corridor%2C%20Nelson%20County%2C%20VA%2022958,false
164,Nelson 151,nelson-151,Hikes & Trails,outdoor,Nellysford,"This northern part of Nelson County is home to 5 wineries, 3 breweries, 1 cidery, cozy Bed & Breakfasts, friendly farmers, spectacular views, and so much more.","Located at the base of the Blue Ridge, Route 151 is Main Street for the Rockfish Valley. This northern part of Nelson County is home to five wineries, three breweries, one cidery, cozy bed & breakfasts, friendly farmers, spectacular views, and so much more.

<a href=https://www.nelson151.com/ target=_blank rel=noopener noreferrer>ALONG THE TRAIL</a> (north to south), you’ll find Afton Mountain Vineyards, Veritas Vineyard & Winery, Blue Mountain Brewery, Cardinal Point Vineyard & Winery, Flying Fox Vineyard, Hill Top Berry Farm & Winery, Wild Wolf Brewing Company, Bold Rock Hard Cider, and Devils Backbone Brewing Company. Follow the <a href=https://nelson151.com/map/ target=_blank rel=noopener noreferrer>TRAIL MAP</a> along scenic Route 151 and discover why Nelson County is the destination for Virginia wine, mead, craft beer, hard cider, local food, and outdoor recreation lovers! The Brew Ridge Trail is a self-guided tour featuring six of the nation’s best craft breweries. With everything from lagers to stouts, there’s something for everyone along the trail. The six breweries include Blue Mountain Brewery, Blue Mountain Barrel House, Devils Backbone Brewing Company, South Street Brewery, Starr Hill Brewery, and Wild Wolf Brewing Company. Four of the breweries are in Nelson County along scenic Route 151; Starr Hill is in nearby Crozet, and South Street Brewery is in Charlottesville. The self-guided tour allows you to explore all of our breweries at your leisure. Each brewery offers sample tastings of their craft beers, allowing you to try a variety of what they produce. Draft beer and bottled beer are generally available, and growler fills can be purchased for selected brews. Start planning your trip using the trail map on the website, and you’ll be sipping in no time!",,https://ik.imagekit.io/OE/nelson-county/listings/nelson-151-image1_pBBP3u1qZ,Mountain silhouette with text 'NELSON 151' on dark blue shield.,,,,,,,,,(434) 263-7015,"Route 151, Nellysford, VA 22958",josh,2026-01-05,2026-01-12,https://www.google.com/maps/dir/?api=1&destination=Route%20151%2C%20Nellysford%2C%20VA%2022958,,,,,,,,,,,,,,Beer; Cider; Spirits; Hiking; Scenic Views; Biking; Farm; Tastings; Fishing,false,https://www.google.com/maps/dir/?api=1&destination=Route%20151%2C%20Nellysford%2C%20VA%2022958,false
165,Nelson 29,nelson-29,Hikes & Trails,outdoor,Lovingston,"29 connecting breweries, wineries, and distilleries between Arrington and Faber. Nelson 29 craft beverage route along U.S.","Nelson has a new craft beverage trail! Nelson 29 is named after the Route 29 corridor that travels through the middle of the county. This route, conveniently located between Charlottesville and Lynchburg, hosts the 20 miles between Arrington’s Blue Mountain Barrel House and DelFosse Vineyards and Winery in Faber.

Those traveling Nelson 29 will also experience Mountain Cove Vineyards, Lovingston Winery, Virginia Distillery Co, and Brent Manor Vineyards. For those venturing off of the 29 corridor, there is even more to see and do!",,https://ik.imagekit.io/OE/nelson-county/listings/nelson-29-image1_U00mTb8Bmc,Green shield with 'Nelson 29 Craft Beverage Trail' text and mountain silhouette.,,,,,,,,,(434) 263-7015,"Route 29 Corridor, Lovingston, VA 22949",josh,2026-01-05,2026-01-12,https://www.google.com/maps/dir/?api=1&destination=Route%2029%20Corridor%2C%20Lovingston%2C%20VA%2022949,,,,,,,,,,,,,,Wine; Spirits; Hiking; Scenic Views; Biking; Beer,false,https://www.google.com/maps/dir/?api=1&destination=Route%2029%20Corridor%2C%20Lovingston%2C%20VA%2022949,false
170,Nelson Scoops,nelsonscoops,Restaurants,taste,Lovingston,"As a family-founded establishment, we have a passion for creating delectable treats that bring joy to our local community. At Nelson Scoops, we offer much more than just your average ice cream parlor experience.",,,https://ik.imagekit.io/OE/nelson-county/listings/nelson-scoops-image1_uomigoG-v,"Three ice cream cones on dark surface, different flavors, garnished with chocolate shavings.",,,,,,,,,(434) 263-0003,"8203 Thomas Nelson Highway, Lovingston, VA 22949",WG,2026-01-05,2026-01-12,https://www.google.com/maps/dir/?api=1&destination=8203%20Thomas%20Nelson%20Highway%2C%20Lovingston%2C%20VA%2022949,,,,,,,,,,,,,,Desserts; Family Friendly,true,https://www.google.com/maps/dir/?api=1&destination=8203%20Thomas%20Nelson%20Highway%2C%20Lovingston%2C%20VA%2022949,false
167,Virginia Spirits Trail,virginia-spirits-trail,Hikes & Trails,outdoor,Commonwealth of Virginia,"Here in Virginia, we take great pride in putting our souls into every bottle of distilled spirits because we know that small batches take time, heart, and spirit. We believe in farm to bottle, continuously focusing on the small batches.","Here in Virginia, we take great pride in putting our souls into every bottle of distilled spirits because we know that small batches take time, heart, and spirit. We believe in farm to bottle, continuously focusing on the small batches. Every bottle is unique; it is 750ml of one-of-a-kind liquid art, crafted from grains to glass, right here in the Commonwealth.

As the birthplace of American distilled spirits, Virginia’s heritage has taught us to chase the undiscovered.",,https://ik.imagekit.io/OE/nelson-county/listings/virginia-spirits-trail-image1_dZvNEofPr,White cursive text 'Virginia Spirits' on dark blue background.' (8 words),,,,,,,,,(804) 786-5120,"Virginia Spirits Trail, Commonwealth of Virginia",josh,2026-01-05,2026-01-12,https://www.google.com/maps/dir/?api=1&destination=Virginia%20Spirits%20Trail%2C%20Commonwealth%20of%20Virginia,,,,,,,,,,,,,,Spirits; Tastings; Hiking; Farm; Scenic Views; Biking,false,https://www.google.com/maps/dir/?api=1&destination=Virginia%20Spirits%20Trail%2C%20Commonwealth%20of%20Virginia,false
172,Crestvue Cottage,crestvue-cottage,Cabins & Cottages,stay,Arrington,"Crestvue Cottage is a renovated 340 sq ft farm guest house with hiking trails, stargazing deck, and full kitchenette minutes from Route 29 wineries. Wake up to rolling pasture views, wander the farm's private hiking loops, then end the night on a dedicated stargazing deck with a Route 29 vintage in hand.","Take it easy at this unique and tranquil getaway on a working farm. Originally the summer kitchen to the 1904 farmhouse, and surrounded by 111 acres of pasture and woods with almost 2 miles of hiking trails, this detached cottage has been completely renovated and is the perfect place to hang your hat while visiting all of the attractions Nelson County has to offer.

Crestvue Cottage is just 5 minutes from Oak Ridge Estate, less than 10 minutes from wineries and breweries, and less than 30 minutes from Wintergreen. The cottage is approximately 340 sq ft, with the bedroom and bathroom located on the 2nd floor. Enjoy private deck access from the bedroom, where the stargazing is amazing! The kitchen features a hot plate for cooking, as well as a 14-in-1 digital air fryer oven. Coffee, tea, and hot chocolate are provided with the coffee maker, along with cream and sugar. The queen bed upstairs comfortably sleeps 2, and the fold-out couch downstairs is ideal for a small child.

Grab a cup of coffee and take a morning stroll down one of our 3 out-and-back trails on the property. Pack a picnic lunch to enjoy in the meadow, and savor a glass of wine on your private 2nd floor deck after a day of skiing in Wintergreen or hiking the Virginia Blue Ridge Railway Trail.",,https://ik.imagekit.io/OE/nelson-county/listings/crestvue-cottage-image1_Mm7x0OQyf,"White house with balcony, surrounded by green lawn and trees under blue sky.",,https://ik.imagekit.io/OE/nelson-county/listings/crestvue-cottage-image2_yyVLXAeNY,"Cozy living room with kitchenette, TV, rug, and wooden stairs.",,,,,,,"Arrington, VA 22922",josh,2026-01-05,2026-01-12,https://www.google.com/maps/dir/?api=1&destination=Arrington%2C%20VA%2022922,,,,,,,,,,,,,,Farm; Outdoor Seating; Full Kitchen; Cabins; Lodging,false,https://www.google.com/maps/dir/?api=1&destination=Arrington%2C%20VA%2022922,false
173,Sentosa Cabin,sentosa-cabin,Cabins & Cottages,stay,Schuyler,"Sentosa Cabin is a one-bedroom woodland retreat with mountain views, Wi-Fi, full kitchen, and two miles of private trails to the Rockfish River. Two miles of private woodland trail connect Sentosa Cabin to the Rockfish River, so you can hike to swimming holes before returning to the full kitchen for dinner.","Sentosa Cabin is a 1-bedroom, 1-bath cabin featuring a covered back porch, a full kitchen, and Wi-Fi. This remote haven for nature lovers offers stunning mountain and woods views, making it ideal for couples or single travelers seeking a quiet escape in the country.

Nestled in a serene location, the cabin provides beautiful mountain views from the back deck and is tucked away in the woods for ultimate relaxation. Guests can enjoy over 2 miles of hiking and nature trails on the property, which connect to the Rockfish River. Experience the tranquility of nature at Sentosa Cabin!",,https://ik.imagekit.io/OE/nelson-county/listings/sentosa-cabin-image1_ffHRrfeUG-,"Wooden cabin with green metal roof, surrounded by lush trees and sunlight.",,https://ik.imagekit.io/OE/nelson-county/listings/sentosa-cabin-image2_tXL4mojV8,"Cozy wooden kitchen with white appliances, circular table, and sunlight through windows.",,,,,,,"Nellysford, VA 22958",josh,2026-01-05,2026-01-12,https://www.google.com/maps/dir/?api=1&destination=Nellysford%2C%20VA%2022958,,,,,,,,,,,,,,Scenic Views; Cabins; Outdoor Seating; Wi-Fi; Full Kitchen; Lodging; Water Sports; Fishing,false,https://www.google.com/maps/dir/?api=1&destination=Nellysford%2C%20VA%2022958,false
174,Roudy's Retreat,roudys-retreat,Whole House Rentals,stay,Montebello,"Inside, the open kitchen and multiple sleep spaces comfortably host up to ten guests for winery weekends or fishing-focused family reunions. Escape to this spacious retreat with a hot tub and everything else you need to get away.","Escape to Roudy's Retreat, a spacious getaway featuring a hot tub and all the comforts of home. Enjoy quiet moments in the loft with a good book, or gather with family for games at the large dining table. Spend evenings around the fire pit, fish in the pond, or cozy up next to the wood stove. Relax on the expansive deck to breathe in the mountain air, watch the sunset over the trees, or simply listen to the soothing sounds of nature.

Experience the beautiful mountains of Virginia while enjoying modern amenities. The large family room offers ample seating for everyone, and the wood-burning stove adds a lovely touch during chilly weather (we're happy to start a fire prior to your arrival). A large picture window overlooks the pond, providing a picturesque view of the outdoors. The fully stocked kitchen has everything you need to prepare meals, including a coffee/tea bar and a countertop ice maker. The main level features a private bedroom with a queen-size bed, while the loft upstairs includes three sleeping areas: two queen-size beds, two twin-size beds, and a full-size bed with a private balcony overlooking the pond. The single bathroom downstairs is equipped with a full-size washer and dryer.

Outside, the deck wraps around two sides of the house and features a hot tub large enough for the whole crew, multiple seating areas, outdoor dining options, and both propane and charcoal grills. Enjoy a seat by the private pond, cast a fishing line if you brought gear, and gather around the fire pit for s'mores. Firewood is provided for both the wood stove and the fire pit.",,https://ik.imagekit.io/OE/nelson-county/listings/roudy-s-retreat-image1_1WMwk-J25,"Cabin with green roof near a pond, surrounded by trees.",,https://ik.imagekit.io/OE/nelson-county/listings/roudy-s-retreat-image2_RMFc_3AWu,"Rustic living room with wood walls, cozy seating, and a red wood stove.",,,,,,,"Roseland, VA 22967",josh,2026-01-05,2026-01-12,https://www.google.com/maps/dir/?api=1&destination=Roseland%2C%20VA%2022967,,,,,,,,,,,,,,Outdoor Seating; Full Kitchen; Pet Friendly; Cabins; Lodging; Tastings; Fishing,false,https://www.google.com/maps/dir/?api=1&destination=Roseland%2C%20VA%2022967,false
175,Pachi's Ridge,pachis-ridge,Cabins & Cottages,stay,Nellysford,"Pachi's Ridge is a modern three-bedroom cabin on 40 acres with Blue Ridge views, upgraded kitchen, and access to hiking trails and the Rockfish River. Follow the path to the Rockfish River for paddling or simply unplug in the modern three-bedroom cabin that balances contemporary finishes with full immersion in nature.","Get your own little slice of wooded paradise at this Nellysford, VA, vacation rental near Wintergreen Resort. This 3-bedroom, 3-bathroom cabin offers unfettered access to more than 40 acres of forested land, including beautiful Blue Ridge Mountain views and access to both hiking trails and the Rockfish River.

You don’t have to sacrifice comfort and style at ‘Pachi's Ridge,’ a retreat that boasts an updated interior, new appliances, and tasteful decor from top to bottom! Enjoy beautiful seasonal views of the Blue Ridge. In winter, you can see Wintergreen as you roast marshmallows over the fire pit. In summer, the cabin is quiet and cozy as the forests surround you in tranquility and wildlife abounds! Bring a float to dip into the Rockfish River and cool off, or challenge your family to a game of corn hole. Well-appointed with everything you need for a memorable trip!",,https://ik.imagekit.io/OE/nelson-county/listings/pachi-s-ridge-image1_DxNkYbmjVP,"Blue house with wraparound porch, surrounded by trees, overcast sky.",,https://ik.imagekit.io/OE/nelson-county/listings/pachi-s-ridge-image2_axMVH5UU0,"Cozy dining area with round table, chairs, and nearby stone fireplace in living room.",,,,,,,"Nellysford, VA 22958",josh,2026-01-05,2026-01-12,https://www.google.com/maps/dir/?api=1&destination=Nellysford%2C%20VA%2022958,,,,,,,,,,,,,,Scenic Views; Seasonal Menu; Cabins; Full Kitchen; Lodging; Water Sports; Fishing,false,https://www.google.com/maps/dir/?api=1&destination=Nellysford%2C%20VA%2022958,false
176,Boogie Nights Manor,boogie-nights-manor,Cabins & Cottages,stay,Afton,"Sleeping twelve with pet-friendly policies, the home lets your group hop between tasting rooms by day and host vinyl-listening parties or hot tub hangs by night. A custom home designed and built by the inventor of the hot dog conveyer machine.","Looking for a unique pet-friendly stay that accommodates up to 12? You’ve found it in amenity-rich Boogie Nights Manor, a wildly spacious 4,000+-sq-ft home on 3+ acres where every room is a feast for the eyes, filled with art and artifacts.",,https://ik.imagekit.io/OE/nelson-county/listings/boogie-nights-manor-image1_CDb_i8QRg,"Modern two-story building with red frames, large windows, surrounded by greenery.",,https://ik.imagekit.io/OE/nelson-county/listings/boogie-nights-manor-image2_G1ZiQ4uBE,"Spacious living room with stone fireplace, elephant decor, and large windows.",,,,,,,"Afton, VA 22920",josh,2026-01-05,2026-01-12,https://www.google.com/maps/dir/?api=1&destination=Afton%2C%20VA%2022920,,,,,,,,,,,,,,Pet Friendly; Cabins; Lodging; Tastings,false,https://www.google.com/maps/dir/?api=1&destination=Afton%2C%20VA%2022920,false
177,The Big Tiny House,the-big-tiny-house,Cabins & Cottages,stay,Afton,"The Big Tiny House is a luxury Escape Traveler XL tiny home with full kitchen, soaking tub, loft, and Brew Ridge Trail access. The Big Tiny House marries luxury finishes with the efficiency of an Escape Traveler XL: full kitchen, soaking tub, sleeping loft, and clever built-ins.","The Big Tiny House offers a luxurious retreat featuring the innovative Escape Traveler XL design. With a fully equipped kitchen, an indulgent soaking tub, and a cozy sleeping loft, this tiny home is perfect for relaxation. Conveniently located near the scenic Brew Ridge Trail, it combines modern elegance with the thrill of outdoor adventure.",,https://ik.imagekit.io/OE/nelson-county/listings/the-big-tiny-house-image1_NJ-bDVgrT,Wooden tiny house at night with string lights and colorful outdoor chairs.,,https://ik.imagekit.io/OE/nelson-county/listings/the-big-tiny-house-image2_4wefjR0NbD,"Wooden tiny home interior with large windows, sofa, table, and ceiling fan.",,,,,,,"Afton, VA 22920",josh,2026-01-05,2026-01-12,https://www.google.com/maps/dir/?api=1&destination=Afton%2C%20VA%2022920,,,,,,,,,,,,,,Full Kitchen; Pet Friendly; Cabins; Lodging,false,https://www.google.com/maps/dir/?api=1&destination=Afton%2C%20VA%2022920,false
178,Rusty's Retreat,rustys-retreat,Cabins & Cottages,stay,Afton,"Rusty's Retreat is a Brew Ridge Trail micro-cabin with queen bed, kitchenette, private fire pit, and donation support for animal rescue. Rusty's Retreat keeps things intentionally small—a micro-cabin with queen bed, kitchenette, and private fire pit along the Brew Ridge corridor.","Welcome to the cozy Rusty's Retreat, nestled in the Blue Ridge Mountains, where comfort meets charm and luxury! This stylish retreat features a plush bed, a compact kitchen, and modern amenities. Relax in your very own private outdoor space and fire pit. You'll be in the epicenter of VA's 'Brew Ridge Trail' with more than 20 wineries, breweries, and distilleries close by.

Ideal for solo adventurers or couples seeking a memorable escape. A portion of all proceeds benefits animal rescue.",,https://ik.imagekit.io/OE/nelson-county/listings/rusty-s-retreat-image1_lpTky49pW,"Tiny wooden house with garden, surrounded by trees and plants.",,https://ik.imagekit.io/OE/nelson-county/listings/rusty-s-retreat-image2_HT9XZp_S6,"Cozy wooden tiny house interior with kitchenette, bed, and large windows.",,,,,,,"Afton, VA 22920",josh,2026-01-05,2026-01-12,https://www.google.com/maps/dir/?api=1&destination=Afton%2C%20VA%2022920,,,,,,,,,,,,,,Cabins; Outdoor Seating; Coffee; Bar; Tea; Full Kitchen; Lodging,false,https://www.google.com/maps/dir/?api=1&destination=Afton%2C%20VA%2022920,false
179,Village Inn,village-inn,Motels & Inns,stay,Lovingston,Village Inn is a 23-room motel on U.S. Village Inn sits directly on U.S.,"Welcome to Village Inn, a cozy 23-room motel located on US-29 North in Lovingston. Our accommodations provide a comfortable and convenient stay for travelers seeking a restful retreat.

Please note that lodging descriptions are provided by the host and not independently verified. We offer staff on site to assist with your needs. Unfortunately, we do not allow pets on the premises.",,https://ik.imagekit.io/OE/nelson-county/listings/village-inn-image1_65Nlj2gB-,Sign reads 'VILLAGE INN' against a wooded background.,,https://ik.imagekit.io/OE/nelson-county/listings/village-inn-image2_cCjQ-qI7m,Two double beds with patterned covers in a hotel room.,,,,,,(434) 295-2161,"79 Tanbark Plaza, Lovingston, VA 22949",josh,2026-01-05,2026-01-12,https://www.google.com/maps/dir/?api=1&destination=79%20Tanbark%20Plaza%2C%20Lovingston%2C%20VA%2022949,,,,,,,,,,,,,,Lodging,false,https://www.google.com/maps/dir/?api=1&destination=79%20Tanbark%20Plaza%2C%20Lovingston%2C%20VA%2022949,false
180,Cozy Mountain Cottage,cozy-mountain-cottage,Cabins & Cottages,stay,Nellysford,"Cozy Mountain Cottage is a family-friendly rental near Route 151 with wraparound views, porch seating, and proximity to Wintergreen and breweries. Cozy Mountain Cottage frames wraparound Blue Ridge views from its porches, giving families a relaxed home base between Wintergreen Resort and the Route 151 beverage trail.","Relax with the whole family at this peaceful cottage nestled in the heart of the Blue Ridge Mountains. It is just a short distance from Wintergreen Resort, Shenandoah National Park, Blue Ridge Parkway, Skyline Drive, and the Appalachian Trail. The cottage is conveniently located in the middle of Route 151, also known as 'Alcohol Alley.'

You will be less than 5 minutes from Bold Rock, Devil's Backbone, Three Notch'd, Blue Toad Cider, and many other establishments. Enjoy the convenience of a quiet cottage with a stunning front porch view.",,https://ik.imagekit.io/OE/nelson-county/listings/cozy-mountain-cottage-image1_rghxtSZT6,Firepit with wooden chairs surrounded by trees and cabin.,,https://ik.imagekit.io/OE/nelson-county/listings/cozy-mountain-cottage-image2_xB5E2f_w3,"Cozy living room with brown recliners, stairs, and a patterned rug.",,,,,,,"Roseland, VA 22967",josh,2026-01-05,2026-01-12,https://www.google.com/maps/dir/?api=1&destination=Roseland%2C%20VA%2022967,,,,,,,,,,,,,,Scenic Views; Wi-Fi; Full Kitchen; Outdoor Seating; Family Friendly; Cabins; Lodging,false,https://www.google.com/maps/dir/?api=1&destination=Roseland%2C%20VA%2022967,false
181,Piedmont Grove Lodging,piedmont-grove-lodging,Motels & Inns,stay,Roseland,"Piedmont Grove Lodging offers ten hotel-style suites near Route 151 with nightly stays, Dream Cloud mattresses, and professional cleanings. Exceptional Cleanliness: Every stay is followed by a professional cleaning, including fresh linens and duvets, ensuring a pristine and comfortable environment.","Your ideal Nelson County escape starts here. Our ten hotel-style suites offer the perfect base for exploring all the region has to offer. Conveniently located near Rt 664 & Rt 151, you'll enjoy effortless access to top attractions.

Imagine skiing or hiking at Wintergreen Resort, scenic drives along the Blue Ridge Parkway, or embarking on a portion of the Appalachian Trail – all just five minutes from your door. In the evening, discover the vibrant Nelson 151 trail, where you can savor local wines, beers, and spirits, indulge in delicious cuisine, and discover unique handcrafted treasures.

Flexibility and convenience are key, with single-night stays available year-round, perfect for spontaneous getaways or short trips. We prioritize exceptional cleanliness, with every stay followed by a professional cleaning, including fresh linens and duvets, ensuring a pristine and comfortable environment. Enjoy a luxurious night's sleep with four standard-size pillows and our Dream Cloud mattresses for optimal support and relaxation.

A touch of hospitality awaits you with a complimentary 'Take me home' coffee diner mug, a special keepsake to remember your stay.",,https://ik.imagekit.io/OE/nelson-county/listings/piedmont-grove-lodging-image1_Pwo1n1wDJ,Children playing with autumn leaves near treehouses in a forest.,,https://ik.imagekit.io/OE/nelson-county/listings/piedmont-grove-lodging-image2_IR18dHCQ4,"Bed with white sheets, abstract wall art, and small bedside table.",,,,,,(434) 361-1100,"76 Rodes Farm Drive, Nellysford, VA 22958",josh,2026-01-05,2026-01-12,https://www.google.com/maps/dir/?api=1&destination=76%20Rodes%20Farm%20Drive%2C%20Nellysford%2C%20VA%2022958,,,,,,,,,,,,,,Lodging,false,https://www.google.com/maps/dir/?api=1&destination=76%20Rodes%20Farm%20Drive%2C%20Nellysford%2C%20VA%2022958,false
182,Beech Grove Farmhouse,beech-grove-farmhouse,Cabins & Cottages,stay,Roseland,"Beech Grove Farmhouse is a historic three-bedroom home across from Devils Backbone with modern updates, fire pit, and mountain views. The Beech Grove Farmhouse is 3 bedroom, 2 bath, early century farmhouse situated in the foothills of the Blue Ridge mountains.","The Beech Grove Farmhouse is a charming early-century farmhouse featuring 3 bedrooms and 2 baths, situated in the foothills of the Blue Ridge Mountains. The property boasts a sprawling two-acre private yard, complete with a fire pit, hammock, and swing, all offering beautiful mountain views. It is conveniently located across from Devils Backbone Brewery and Distillery.

Just five miles from Wintergreen Resort and one mile from Bold Rock Cidery and Blue Toad Cidery, the farmhouse is also along the Nelson 151 Trails. The Appalachian Trail and other scenic trails are nearby. Inside, guests will find a fully equipped kitchen, dining room, mud room, laundry room, and a cozy living room. WiFi service is provided for our guests. The primary bedroom is located on the first floor, while the other two bedrooms are on the second floor, each featuring ample closet space and a TV with a DVD player. There is parking available for multiple cars. Listed on the National Register of Historic Places by the National Park Service and recognized as a Virginia Treasure, the home has been thoughtfully updated to provide modern amenities while preserving its historic charm, including lower ceilings and cozy spaces.",,https://ik.imagekit.io/OE/nelson-county/listings/beech-grove-farmhouse-image1_-tmmYsyRbM,"White house with porch, green lawn, trees, and blue sky in background.",,https://ik.imagekit.io/OE/nelson-county/listings/beech-grove-farmhouse-image2_NDEvWcXii,"Cozy living room with sofas, TV, and stairs. Neutral tones and natural light.",,,,,,,"9519 Critzers Shop Road, Afton, VA 22920",josh,2026-01-05,2026-01-12,https://www.google.com/maps/dir/?api=1&destination=9519%20Critzers%20Shop%20Road%2C%20Afton%2C%20VA%2022920,,,,,,,,,,,,,,Wi-Fi; Full Kitchen; Scenic Views; Cabins; Lodging,false,https://www.google.com/maps/dir/?api=1&destination=9519%20Critzers%20Shop%20Road%2C%20Afton%2C%20VA%2022920,false
183,Straw Bale House,straw-bale-house,Whole House Rentals,stay,Afton,"Straw Bale House is an eco-friendly custom home on 70 acres near breweries with farm animals, fresh eggs, and private hiking. The hand-built Straw Bale House stays cool in summer and cozy in winter, thanks to its eco-friendly construction on 70 acres of fields and woods.","Custom built private home on a 70-acre property near vineyards and breweries. Suitable for all guests, including solo travelers or couples in a private room, with 2 additional rooms available for larger groups. Enjoy fresh eggs from the chickens and explore the private acres for hiking and communing with nature.

*Lodging descriptions are provided by the host and not independently verified.*",,https://ik.imagekit.io/OE/nelson-county/listings/straw-bale-house-image1_uKxQeVydj,"Lush green valley with scattered houses, surrounded by blue mountains under clear sky.",,https://ik.imagekit.io/OE/nelson-county/listings/straw-bale-house-image2_EdnL-Ys70,"Cozy bedroom with iron bed, red bedding, wooden beams, and lit lamp.",,,,,,,"Nellysford, VA 22958",josh,2026-01-05,2026-01-12,https://www.google.com/maps/dir/?api=1&destination=Nellysford%2C%20VA%2022958,,,,,,,,,,,,,,Farm; Breakfast; Lodging,false,https://www.google.com/maps/dir/?api=1&destination=Nellysford%2C%20VA%2022958,false
184,Blue Ridge Bliss,blue-ridge-bliss,Whole House Rentals,stay,Roseland,"Updated, well appointed and received consistent fiive star ratings.","Experience 'Blue Ridge Bliss,' a beautifully updated 2-bedroom, 2-bath condo located in the Ledges at Wintergreen Resort. This well-appointed retreat has consistently received five-star ratings, offering guests a perfect getaway. Enjoy breathtaking sunrise views over the picturesque Rockfish Valley.

Pet-friendly accommodations make it an ideal choice for those traveling with furry companions. Discover the tranquility and charm of this lovely condo in Roseland, where relaxation awaits!",,https://ik.imagekit.io/OE/nelson-county/listings/blue-ridge-bliss-image1_zEMtyl2hT,"Gray apartment building with balconies, surrounded by trees and stone landscaping.",,https://ik.imagekit.io/OE/nelson-county/listings/blue-ridge-bliss-image2_4y2T5WBnE,"Cozy living room with beige sofa, colorful cushions, and nature wall art.",,,,,,,"46 Ledges Lane, Wintergreen, VA 22958",josh,2026-01-05,2026-01-12,https://www.google.com/maps/dir/?api=1&destination=46%20Ledges%20Lane%2C%20Wintergreen%2C%20VA%2022958,,,,,,,,,,,,,,Cabins; Full Kitchen; Lodging; Pet Friendly; Resort; Scenic Views; Tastings,false,https://www.google.com/maps/dir/?api=1&destination=46%20Ledges%20Lane%2C%20Wintergreen%2C%20VA%2022958,false
185,Stays at Lovingston Winery,stays-at-lovingston-winery,Cabins & Cottages,stay,Lovingston,"Vineyard sunsets, barrel room tours, and catered pairings turn a simple overnight into an immersive wine-country experience. Vineyard sunsets, barrel room tours, and catered pairings turn a simple overnight into an immersive wine-country experience.","Choose between our historic farmhouse or cozy cabin, both just a short stroll from our tasting room! The farmhouse has plenty of room for larger groups and features top-of-the-line finishes like Viking appliances. The outdoor spaces include a pergola with a dining table, a fire pit, and a southern-style front porch, all nestled under several 250-year-old White Oak trees.

The cabin boasts some of the most stunning mountain views on the property. If you are looking for a private space to retreat to, with modern comforts, this home is perfect for you. The cabin features a fire pit, a large front porch, and vineyards just steps away. To elevate your experience, we are happy to curate a private multi-course dinner with wine pairings for you and your guests. Our stays are unique because you will get to experience the magic of a winery up close! Our wines are produced from 100% estate-grown grapes, which means we have acres of bustling vineyards. As a working farm, it is likely you will see horses grazing and our two farm dogs, Hank the Corgi and Arnie, our beloved mutt.",,https://ik.imagekit.io/OE/nelson-county/listings/stays-at-lovingston-winery-image1_B_V5brmYB,"White house with red door, surrounded by large green trees.",,https://ik.imagekit.io/OE/nelson-county/listings/stays-at-lovingston-winery-image2_VLF1AqscC,"Log cabin surrounded by lush trees, gravel path leading to porch.",,,,,,(434) 263-8467,"885 Freshwater Cove Lane, Lovingston, VA 22949",josh,2026-01-05,2026-01-12,https://www.google.com/maps/dir/?api=1&destination=885%20Freshwater%20Cove%20Lane%2C%20Lovingston%2C%20VA%2022949,,,,,,,,,,,,,,Wine; Cabins; Lodging; Dinner; Tastings; Farm,false,https://www.google.com/maps/dir/?api=1&destination=885%20Freshwater%20Cove%20Lane%2C%20Lovingston%2C%20VA%2022949,false
186,The Cottage at Pines End,cottage-at-pines-end,Cabins & Cottages,stay,Arrington,"The Cottage at Pines End is a hot-tub-equipped cabin with wraparound deck, gas fireplace, and trails to the Tye River and Blue Ridge Railway Trail. The Cottage at Pines End wraps guests in mountain scenery via an elevated hot tub, wide decks, and wooded trails that lead toward the Tye River and the Blue Ridge Railway Trail.",,,https://ik.imagekit.io/OE/nelson-county/listings/the-cottage-at-pines-end-image1_IAgIW2t47,"House with solar panels, front porch, rocking chairs, surrounded by trees.",,https://ik.imagekit.io/OE/nelson-county/listings/the-cottage-at-pines-end-image2_cm3rgz8Vk,"Cozy living room with stone fireplace, leather sofas, wooden floors, and large windows.",,,,,,,"Arrington, VA 22922",josh,2026-01-05,2026-01-12,https://www.google.com/maps/dir/?api=1&destination=Arrington%2C%20VA%2022922,,,,,,,,,,,,,,Outdoor Seating; Pet Friendly; Scenic Views; Water Sports,false,https://www.google.com/maps/dir/?api=1&destination=Arrington%2C%20VA%2022922,false
187,Woodson's Mill House,woodsons-mill-house,Whole House Rentals,stay,Roseland,"Woodson's Mill House is a craftsman retreat beside historic Woodson's Mill with lake access, wooded acreage, and convenient access to Charlottesville and Wintergreen. Woodson's Mill House backs up to the historic gristmill and a spring-fed lake, creating a storybook backdrop for a craftsman-style retreat.","Conveniently located near Charlottesville, Wintergreen, and the Blue Ridge Parkway, this idyllic Craftsman-style home offers the perfect opportunity for couples' weekends filled with excursions to local wineries, breweries, and restaurants, or quiet family getaways spent exploring the property's woods, lake, and historic Woodson’s Mill.

This property offers the best of both worlds and is centrally located to all that the heart of the Blue Ridge Mountains has to offer. Woodson’s Mill, built in 1794 and placed on the National Registry of Historic Places on December 17, 1992, is located on the property. It is an excellent example of a wood-framed, water-powered grist mill that is not only structurally intact but still in operation. Deep Roots Milling, a three-man operation, rents the mill one week per month to grind local grains for their customers.",,https://ik.imagekit.io/OE/nelson-county/listings/woodson-s-mill-house-image1_4Inlp4G5X,Stone house with green roof surrounded by trees in autumn.,,https://ik.imagekit.io/OE/nelson-county/listings/woodson-s-mill-house-image2_vZTKxv4MMY,"Large wooden dining table, patterned rug, stone fireplace, chandelier, framed art on walls.",,,,,,,"3211 Lowesville Road, Roseland, VA 22967",josh,2026-01-05,2026-01-12,https://www.google.com/maps/dir/?api=1&destination=3211%20Lowesville%20Road%2C%20Roseland%2C%20VA%2022967,,,,,,,,,,,,,,Scenic Views; Pet Friendly; Cabins; Lodging; Farm; Tastings,false,https://www.google.com/maps/dir/?api=1&destination=3211%20Lowesville%20Road%2C%20Roseland%2C%20VA%2022967,false
188,Harmony Hill Bed & Breakfast,harmony-hill-bed-and-breakfast,Bed and Breakfast,stay,Arrington,"Harmony Hill Bed & Breakfast offers six themed guest rooms with private baths, fireplaces, and country breakfasts near Route 29 wineries. Harmony Hill Bed & Breakfast blends six themed guest rooms—each with private bath and many with fireplaces—with hearty country breakfasts and porch swings overlooking Route 29 wine country.","Experience the charm of Harmony Hill Bed & Breakfast, featuring six inviting rooms, each with private baths. Some accommodations include luxurious Jacuzzi tubs and cozy fireplaces. Guests can enjoy a full country breakfast, and the location is perfect for exploring nearby wineries, breweries, and the scenic Blue Ridge Parkway.

Whether you're seeking a romantic getaway or a peaceful retreat, Harmony Hill offers a welcoming atmosphere for all. Staff is on-site to ensure a comfortable stay.",,https://ik.imagekit.io/OE/nelson-county/listings/harmony-hill-bed-breakfast-image1_RKNENpGmn,"Brown wooden house with dormer windows, surrounded by trees and grassy lawn.",,https://ik.imagekit.io/OE/nelson-county/listings/harmony-hill-bed-breakfast-image2_3XvmHXiWy,"Cozy cabin living room with brown sofa, stone fireplace, and wooden accents.",,,,,,(434) 263-7750,"929 Wilson Hill Road, Arrington, VA 22922",josh,2026-01-05,2026-01-12,https://www.google.com/maps/dir/?api=1&destination=929%20Wilson%20Hill%20Road%2C%20Arrington%2C%20VA%2022922,,,,,,,,,,,,,,Breakfast; Scenic Views; Lodging; Hiking; Tastings; Water Sports,false,https://www.google.com/maps/dir/?api=1&destination=929%20Wilson%20Hill%20Road%2C%20Arrington%2C%20VA%2022922,false
189,Spyrock Lodge,spyrock-lodge,Cabins & Cottages,stay,Montebello,"Spyrock Lodge is a secluded two-bedroom cabin on 11 acres bordering the Appalachian Trail with Wi-Fi, heat/AC, and optional micro cabin. Fully furnished secluded cabin on 11 acres of land next to George Washington National Forest/Appalachian Trail.","Fully furnished secluded cabin on 11 acres of land next to George Washington National Forest and the Appalachian Trail. At 3,000 feet elevation, it offers direct hiking access to the AT trail. The cabin features two bedrooms and two bathrooms, with heating and air conditioning, as well as high-speed Wi-Fi internet. It comfortably sleeps 4 adults, and a micro cabin is available for an additional 5-6 adults.

Experience a scenic and tranquil getaway with direct access to the National Forest and AT trail. Enjoy the beauty of nature in this perfect retreat!",,https://ik.imagekit.io/OE/nelson-county/listings/spyrock-lodge-image1_UEWaQhSJm,"Modern small cabin with gray walls, red door, and white railing, surrounded by trees.",,https://ik.imagekit.io/OE/nelson-county/listings/spyrock-lodge-image2_gdCdtVVjL,"Living room with wooden furniture, large windows, and vaulted ceiling.",,,,,,,"Montebello, VA 24464",josh,2026-01-05,2026-01-12,https://www.google.com/maps/dir/?api=1&destination=Montebello%2C%20VA%2024464,,,,,,,,,,,,,,Cabins; Wi-Fi; Lodging; Appalachian Trail,false,https://www.google.com/maps/dir/?api=1&destination=Montebello%2C%20VA%2024464,false
190,The Retreat at Crabtree Falls,retreat-at-crabtree-falls,Cabins & Cottages,stay,Tyro,"Each accommodation provides bedrooms, full kitchens, and generous living rooms for families and groups, while onsite trails connect directly to Crabtree Falls and mountain viewpoints. A dedicated hospitality team keeps spaces immaculate, arranges hikes, fishing, and winery excursions, and answers special requests so guests enjoy a secluded yet fully supported Blue Ridge escape.",,,https://ik.imagekit.io/OE/nelson-county/listings/the-retreat-at-crabtree-falls-image1_0h8Rx4Mea,Rustic cabin with stone chimney surrounded by colorful autumn trees on hillside.,,https://ik.imagekit.io/OE/nelson-county/listings/the-retreat-at-crabtree-falls-image2_8JC6n6CHHy,"Cozy log cabin living room with stone fireplace, bookshelf, and rustic decor.",,,,,,(434) 207-2230,"10777 Crabtree Falls Highway, Tyro, VA 22976",josh,2026-01-05,2026-01-12,https://www.google.com/maps/dir/?api=1&destination=10777%20Crabtree%20Falls%20Highway%2C%20Tyro%2C%20VA%2022976,,,,,,,,,,,,,,Lodging; Cabins; Scenic Views; Water Sports; Tastings; Fishing,false,https://www.google.com/maps/dir/?api=1&destination=10777%20Crabtree%20Falls%20Highway%2C%20Tyro%2C%20VA%2022976,false
191,Point of View,point-of-view,Cabins & Cottages,stay,Roseland,"Point of View is a five-bedroom, 5.5-bath Wintergreen resort home with panoramic mountain views, dual entertaining levels, hot tub, game room, and chef kitchen.","Experience resort living at its best in this completely renovated 5-bedroom, 5.5-bathroom house in Wintergreen, perfect for a peaceful weekend getaway or an active family reunion. Enjoy breathtaking mountain views and a unique, expansive fenced-in yard that is ideal for entertaining large groups, kids, and dogs. With two separate entertaining areas, our home accommodates plenty of fun and games. The first-floor great room features a huge sectional sofa (with a queen pullout bed), a large flat-screen TV, a pool table (with a ping pong table topper), a foosball table, and a spacious table perfect for games or puzzles. This area opens to an expansive porch and a large hot tub that seats seven, providing the perfect spot to view the night ski and the beautiful stars.

Upstairs, you will find a large, open-plan living area with stunning two-story mountain views. The HDTV and extensive, comfortable seating create a great space for watching movies or sporting events, while the magnificent stone fireplace is perfect for roasting marshmallows or warming up after a long day of skiing. The house is fully stocked with games, puzzles, and movies for hours of entertainment. Enjoy the outdoors while relaxing on the many seating options available on the two-story deck. The high-end chef's kitchen includes ample storage, unique recycled paper countertops, an induction cooktop, wall oven, microwave, refrigerator/freezer, beverage fridge, two sinks, and two dishwashers for easy cleanup. Guests can enjoy meals at the nearby large dining table that seats 10 (12 with extra seats) or at the kitchen island that seats 4.

The five bedrooms feature gorgeous beds and spacious bathrooms. The master bedroom, located on the second floor, is a presidential suite with a gas fireplace, large HDTV, two sitting areas, and sliding glass doors that open for cool mountain breezes and stunning sunrise views. The master bathroom offers a beautifully tiled shower and jetted tub, where you can relax while enjoying mountain views from the private bathroom window or your favorite show on the flat-screen TV. The four bedrooms downstairs include a guest master bedroom with a queen bed and HDTV, a guest room with a double bed and attached bathroom with a tub/shower combo, and two fun bunk rooms, each with their own bathrooms. Additional sleeping options are available on the queen pullout sleeper sofa. Two member-lot parking passes are provided for easy access to ski-out lots adjacent to the slopes.",,https://ik.imagekit.io/OE/nelson-county/listings/point-of-view-image1_xsk3WSAG3,"Snow-covered landscape with bare trees, mountains, and blue sky with clouds.",,https://ik.imagekit.io/OE/nelson-county/listings/point-of-view-image2_F7HbHWOzm,"Spacious living room with high wooden ceiling and stone fireplace, cozy seating area.",,,,,,,"Wintergreen Resort, Roseland, VA 22967",josh,2026-01-05,2026-01-12,https://www.google.com/maps/dir/?api=1&destination=Wintergreen%20Resort%2C%20Roseland%2C%20VA%2022967,,,,,,,,,,,,,,Scenic Views; Full Kitchen; Cabins; Lodging,false,https://www.google.com/maps/dir/?api=1&destination=Wintergreen%20Resort%2C%20Roseland%2C%20VA%2022967,false
192,The Inn at Blue Mountain Brewery,the-inn-at-blue-mountain-brewery,Cabins & Cottages,stay,Afton,"The Inn at Blue Mountain Brewery is a 4,000 sq ft Cape Cod home beside the brewery with wraparound porch, hot tub, fire pit, and private path to the taproom.","The Inn at Blue Mountain Brewery is a 4,000 sq ft Cape Cod home located beside the brewery. It features a wraparound porch, hot tub, fire pit, and a private path leading to the taproom.

Enjoy a relaxing getaway in this spacious and inviting retreat, perfect for unwinding after a day of exploring the local area.",,https://ik.imagekit.io/OE/nelson-county/listings/the-inn-at-blue-mountain-brewery-image1_iQ5F3SfRK,"White house with porch, surrounded by trees and manicured lawn under blue sky.",,https://ik.imagekit.io/OE/nelson-county/listings/the-inn-at-blue-mountain-brewery-image2_cvp8LorNA,"Living room with beige sofas, red rug, fireplace, and large windows.",,,,,,,"9519 Critzers Shop Road, Afton, VA 22920",josh,2026-01-05,2026-01-12,https://www.google.com/maps/dir/?api=1&destination=9519%20Critzers%20Shop%20Road%2C%20Afton%2C%20VA%2022920,,,,,,,,,,,,,,Pool; Beer; Outdoor Seating; Cabins; Lodging; Tastings,false,https://www.google.com/maps/dir/?api=1&destination=9519%20Critzers%20Shop%20Road%2C%20Afton%2C%20VA%2022920,false
193,Gracewood,gracewood,Cabins & Cottages,stay,Afton,"Gracewood is a modernized cottage tucked off Route 151 with two miles of private trails, quiet setting, and easy access to wineries and breweries. Gracewood hides just off Route 151, pairing a quiet modern cottage with two miles of private trails that drop you into wine-and-beer country in minutes.","Modern cottage updated for guests. Hike our 2 miles of beautiful, well-maintained trails. The cottage and property are very serene and quiet, with no road noise. It is ideally located just 1.5 miles from Route 151, where you can explore local breweries and wineries.

Only about 3.5 miles of hiking from the cottage brings you to the Appalachian Trail. Enjoy the perfect balance between tranquility and proximity to Route 151. This is an inexpensive getaway that offers a peaceful retreat close to hiking opportunities.",,https://ik.imagekit.io/OE/nelson-county/listings/gracewood-image1_M-DOchOiM,Lush garden with green shrubs and small building in background.,,https://ik.imagekit.io/OE/nelson-county/listings/gracewood-image2_xJfVn-RK6k,"Modern kitchen with white cabinets, black countertops, and island with place settings.",,,,,,,"Nellysford, VA 22958",josh,2026-01-05,2026-01-12,https://www.google.com/maps/dir/?api=1&destination=Nellysford%2C%20VA%2022958,,,,,,,,,,,,,,Cabins; Lodging,false,https://www.google.com/maps/dir/?api=1&destination=Nellysford%2C%20VA%2022958,false
194,The Chimneys,the-chimneys,Cabins & Cottages,stay,Montebello,"The Chimneys is an 1800s hand-hewn log cabin for unplugged stays, ideal for guests seeking a rustic, off-grid Nelson County experience. Stays at The Chimneys feel like traveling back to the 1800s: a hand-hewn log cabin, no distractions, and pure Nelson County forest for an off-grid reset.",,,https://ik.imagekit.io/OE/nelson-county/listings/the-chimneys-image1_u5cR87lJ9,Log cabin with stone chimney surrounded by lush green forest.,,https://ik.imagekit.io/OE/nelson-county/listings/the-chimneys-image2_sNFxu8Fy4p,"Modern kitchen with blue island, pendant light, and stainless appliances.",,,,,,,"Roseland, VA 22967",josh,2026-01-05,2026-01-12,https://www.google.com/maps/dir/?api=1&destination=Roseland%2C%20VA%2022967,,,,,,,,,,,,,,Cabins; Adventure; Lodging,false,https://www.google.com/maps/dir/?api=1&destination=Roseland%2C%20VA%2022967,false
195,The Carriage House at Stagebridge Farm,carriage-house-at-stagebridge-farm,Bed and Breakfast,stay,Lovingston,"The Carriage House at Stagebridge Farm is an Airbnb studio above the farm's workshop with king bed, EV charging, balcony views, and fast Wi-Fi. The Carriage House at Stagebridge Farm stacks perks into its studio loft—king bed, EV charger, speedy Wi-Fi, and sunrise balcony views washed in fresh mountain air. Lovingston is a great destination for history buffs as the Lovingston Historic District and the courthouse are both listed on the National Register of Historic Places.","The Carriage House at Stagebridge Farm is a delightful bed and breakfast perched above the farm's workshop. Guests can relax in a luxurious king bed, charge their EV, and savor stunning sunrise views from their private balcony. With fast Wi-Fi, you’ll have the perfect base to explore Lovingston’s rich history, including the Historic District and courthouse on the National Register of Historic Places.",,https://ik.imagekit.io/OE/nelson-county/listings/the-carriage-house-at-stagebridge-farm-image1_X0jZ1Dz6N,"Vineyard with rows of grapevines, house, mountain, under clear blue sky.",,https://ik.imagekit.io/OE/nelson-county/listings/the-carriage-house-at-stagebridge-farm-image2_ocUi_5vRa,"Spacious bedroom with large windows, wooden beams, and stylish furnishings.",,,,,,,"Stagebridge Farm, Lovingston, VA 22949",josh,2026-01-05,2026-01-12,https://www.google.com/maps/dir/?api=1&destination=Stagebridge%20Farm%2C%20Lovingston%2C%20VA%2022949,,,,,,,,,,,,,,Lodging; Wine; Farm; EV Charging; Breakfast; Wi-Fi,false,https://www.google.com/maps/dir/?api=1&destination=Stagebridge%20Farm%2C%20Lovingston%2C%20VA%2022949,false
196,Indigo House Bed & Breakfast,indigo-house-bed-and-breakfast,Bed and Breakfast,stay,Afton,"Indigo House treats guests to four artfully curated, dog-friendly rooms plus chef-prepped breakfasts before they set off for Skyline Drive, Shenandoah National Park, or the Nelson 151 beverage trail.","The Indigo House is a modern bed & breakfast for outdoorsy humans and kind dogs. With a design inspired by the great outdoors, relaxing hang-out spaces, and convenient access to Shenandoah National Park, Blue Ridge Parkway, and the area’s best vineyards and breweries, the Indigo House offers a fun and fresh take on the traditional B&B experience. Dogs always stay for free!

What makes the Indigo House unique is its signature style of Southern hospitality. Millennial innkeepers, Stephanie and Kyle, have designed a five-star experience, earning them the reputation of 'laid-back luxury' from guests and publications such as Garden & Gun, The Washingtonian, and Virginia Living. Guests enjoy an adults-only property, as this boutique bed & breakfast was built in 2022 and purposefully designed as an intentional space to unwind for those 24 and up. Delight in really delicious food, with a farm-to-fork breakfast served daily, along with afternoon drinks and sweet treats. Additionally, it is a pet-friendly getaway where well-behaved dogs of any size, weight, and breed are welcome!",,https://ik.imagekit.io/OE/nelson-county/listings/indigo-house-bed-breakfast-image1_Vw7sPK22H,"Cozy house with stone facade, surrounded by trees and mountain views.",,https://ik.imagekit.io/OE/nelson-county/listings/indigo-house-bed-breakfast-image2_-xbLE1vcJ,"Bedroom with blue wall, white bed, large window showcasing scenic outdoor view.",,,,,,(434) 989-6766,"451 Indigo Lane, Afton, VA 22920",josh,2026-01-05,2026-01-12,https://www.google.com/maps/dir/?api=1&destination=451%20Indigo%20Lane%2C%20Afton%2C%20VA%2022920,,,,,,,,,,,,,,Pet Friendly; Breakfast; Scenic Views; Lodging,false,https://www.google.com/maps/dir/?api=1&destination=451%20Indigo%20Lane%2C%20Afton%2C%20VA%2022920,false
197,Papa's Cottage,papas-cottage,Cabins & Cottages,stay,Afton,"Papa's Cottage is a mid-century two-bedroom bungalow with private hot tub, updated interiors, and valley views minutes from Route 151 wine country. Papa's Cottage proves mid-century bones can still wow, thanks to a new hot tub, designer interiors, and valley vistas just a few minutes from the wine trail.","This charming Mid-Century Modern cottage includes a private hot tub for you. Tucked away in the heart of Nelson County wine country, this little bungalow is perfect for two couples or a small family. This two-bedroom, one-bath freshly updated ranch is perched on a small hill on the side of Afton Mountain, overlooking the valley.

Here, you’re minutes from all the Route 151 activities yet far enough in the country to feel like you’re on vacation. It's a cute two-bedroom with a hot tub!",,https://ik.imagekit.io/OE/nelson-county/listings/papa-s-cottage-image1_iLmu3PQJn,"Covered patio with seating, hot tub, string lights, and decorative plants.",,https://ik.imagekit.io/OE/nelson-county/listings/papa-s-cottage-image2_c3F3XIbhl,"Cozy living room with brown sofa, pillows, and open kitchen in background.",,,,,,,"Afton, VA 22920",josh,2026-01-05,2026-01-12,https://www.google.com/maps/dir/?api=1&destination=Afton%2C%20VA%2022920,,,,,,,,,,,,,,Scenic Views; Cabins; Lodging,false,https://www.google.com/maps/dir/?api=1&destination=Afton%2C%20VA%2022920,false
198,Meme's Cottage,memes-cottage,Cabins & Cottages,stay,Afton,"Meme's Cottage is an updated mid-century getaway for two couples, tucked into woods near Route 151 with modern finishes and quiet deck space. Meme's Cottage is tailor-made for two couples or a small family seeking privacy—modernized 1950s architecture, wooded deck, and an easy hop to Route 151 tasting rooms.","Cute getaway Mid-Century Modern style cottage in the heart of Nelson County wine country, perfect for two couples. Affectionately called “Meme’s Cottage,” this restored ranch is nestled into the woods on the side of Afton Mountain. You’ll be minutes from all the 151 experiences and just far enough in the country for a quiet getaway.

Close to so much, and reasonably priced for a private, upscale, two-bedroom house.",,https://ik.imagekit.io/OE/nelson-county/listings/meme-s-cottage-image1_WpucqZ33l,"White house with blue door, surrounded by green trees and grass, outdoor game nearby.",,https://ik.imagekit.io/OE/nelson-county/listings/meme-s-cottage-image2_VGkuXlmBC,Bright kitchen and dining area with white cabinets and wooden floor.,,,,,,,"Afton, VA 22920",josh,2026-01-05,2026-01-12,https://www.google.com/maps/dir/?api=1&destination=Afton%2C%20VA%2022920,,,,,,,,,,,,,,Beer; Full Kitchen; Outdoor Seating; Cabins; Lodging; Tastings,false,https://www.google.com/maps/dir/?api=1&destination=Afton%2C%20VA%2022920,false
199,Cheval Circle,cheval-circle,Cabins & Cottages,stay,Afton,"Cheval Circle is a rustic three-bedroom home on a meadow beside a horse farm, offering mountain views and easy drives to Afton attractions. The house feels remote and rural, yet is close to so much of what Nelson County has to offer.","Clean, charmingly rustic, well-appointed, and in the heart of Virginia Wine Country, “Cheval Circle” is just a short drive from many of Nelson County’s most popular destinations, including dozens of wineries and breweries and the Afton Mountain Tunnel. Enjoy the beautiful mountain views and the quiet horse farm just across the meadow!

The house feels remote and rural, yet is close to so much of what Nelson County has to offer. There is also a fully functioning horse farm right next door.",,https://ik.imagekit.io/OE/nelson-county/listings/cheval-circle-image1_fOJj41ghsQ,"Hot tub under wooden gazebo, surrounded by trees and clear blue sky.",,https://ik.imagekit.io/OE/nelson-county/listings/cheval-circle-image2_lfF_LxYpL,"Cozy living room with gray sofa, fireplace, and large windows, wood floor.",,,,,,,"Afton, VA 22920",josh,2026-01-05,2026-01-12,https://www.google.com/maps/dir/?api=1&destination=Afton%2C%20VA%2022920,,,,,,,,,,,,,,Scenic Views; Cabins; Lodging,false,https://www.google.com/maps/dir/?api=1&destination=Afton%2C%20VA%2022920,false
200,The Wine Cottage,the-wine-cottage,Cabins & Cottages,stay,Afton,"The Wine Cottage is a mid-century ranch with updated interiors, mountain views, and a private fire pit minutes from Nelson 151 tasting rooms.",,,https://ik.imagekit.io/OE/nelson-county/listings/the-wine-cottage-image1_XiGtHjWQI,Brick house with triangular roof and six blue chairs on lawn.,,https://ik.imagekit.io/OE/nelson-county/listings/the-wine-cottage-image2_CYT2yfryX,"Modern kitchen with island, bar stools, stainless appliances, wooden floor, warm lighting.",,,,,,,"Afton, VA 22920",josh,2026-01-05,2026-01-12,https://www.google.com/maps/dir/?api=1&destination=Afton%2C%20VA%2022920,,,,,,,,,,,,,,Scenic Views; Tastings; Wine; Cabins; Lodging,false,https://www.google.com/maps/dir/?api=1&destination=Afton%2C%20VA%2022920,false
201,Carter's Cottage,carters-cottage,Cabins & Cottages,stay,Afton,"Also just a short drive from many of Nelson County’s most popular destinations, including Devil’s Backbone, Bold Rock Cidery, and Wintergreen Visitors can walk to Three Notch'd. Then go home and sit in your own hot tub.","This clean, modern farmhouse-style, one-story cottage, “Carter’s Cottage,” is located in the heart of the 151 corridor. It is within walking distance from the new Three Notch’d distillery/brewery/pub, as well as several other local restaurants and shopping destinations in downtown Nellysford!

Additionally, it is just a short drive from many of Nelson County’s most popular attractions, including Devil’s Backbone, Bold Rock Cidery, and Wintergreen. Plus, enjoy the hot tub! You can walk to Three Notch'd and then return to relax in your own hot tub!",,https://ik.imagekit.io/OE/nelson-county/listings/carter-s-cottage-image1_ydn0TnyDb,Wooden chairs in circle around fire pit on gravel patio.,,https://ik.imagekit.io/OE/nelson-county/listings/carter-s-cottage-image2_VB2OzoF4k,"Modern kitchen with island, barstools, stainless steel appliances, and 'Gather' sign above.",,,,,,,"Nellysford, VA 22958",josh,2026-01-05,2026-01-12,https://www.google.com/maps/dir/?api=1&destination=Nellysford%2C%20VA%2022958,,,,,,,,,,,,,,Cabins; Lodging; Farm,false,https://www.google.com/maps/dir/?api=1&destination=Nellysford%2C%20VA%2022958,false
202,Beech Grove Cottage,beech-grove-cottage,Cabins & Cottages,stay,Roseland,"Beech Grove Cottage is a renovated 1920s bungalow across from Devils Backbone with fiber internet, huge yard, and fire pit for six guests. Beech Grove Cottage is a lovingly restored 1920s bungalow across from Devils Backbone, now sporting fiber internet, a spacious yard, and a fire pit that seats the whole crew.","The perfect cozy escape! Beautiful, thoughtfully and fully renovated 1920s bungalow in the heart of the best of Nelson County. Roomy, stylish, and light-filled, it sleeps 6. Located across the road from Devils Backbone Brewery and at the base of Wintergreen Resort, you’ll find yourself in the middle of it all!

Hike, ski, bike, dine, and sample beer, cider, wine, as well as visit apple and peach orchards and chestnut farms. Just off Route 151, known as “The Brew Ridge Trail,” the cottage backs up to acres of woods and nature. It’s only a 7-minute drive to the Appalachian Trail. Enjoy high-speed fiber internet, a huge yard, and a firepit for your relaxation.",,https://ik.imagekit.io/OE/nelson-county/listings/beech-grove-cottage-image1_jL7Nd6cfH,Yellow daffodils in grassy yard before small house with blue roof.,,https://ik.imagekit.io/OE/nelson-county/listings/beech-grove-cottage-image2_C2qlV-tLb,"Spacious living room with large green sofa, colorful pillows, and wood accents.",,,,,,,"200 Mosbys Run, Roseland, VA 22967",josh,2026-01-05,2026-01-12,https://www.google.com/maps/dir/?api=1&destination=200%20Mosbys%20Run%2C%20Roseland%2C%20VA%2022967,,,,,,,,,,,,,,Cabins; Lodging,false,https://www.google.com/maps/dir/?api=1&destination=200%20Mosbys%20Run%2C%20Roseland%2C%20VA%2022967,false
203,Montebello Resort,montebello-resort,Cabins & Cottages,stay,Montebello,"Lake, trout pond, and unique country store all on site; close to historical sites and hiking; relax, unplug, and unwind.","Private, cozy, comfortable rental cabins and cottages await you at Montebello. Enjoy a serene lake, a trout pond, and a unique country store all on site. The location is close to historical sites and hiking trails, making it the perfect spot to relax, unplug, and unwind!

Our accommodations are pet-friendly, and staff is available on site to assist you during your stay. Experience the charm of Montebello and create lasting memories in our inviting cabins and cottages.",,https://ik.imagekit.io/OE/nelson-county/listings/montebello-resort-image1_ghrMpW_B3,"Small wooden cabin with a porch, surrounded by green trees and sunlight.",,https://ik.imagekit.io/OE/nelson-county/listings/montebello-resort-image2_5p3CUVkbm,"Rustic wooden cabin interior with leather chairs, stone fireplace, and large windows.",,,,,,(540) 377-2650,"15090 Crabtree Falls Highway, Montebello, VA 24464",josh,2026-01-05,2026-01-12,https://www.google.com/maps/dir/?api=1&destination=15090%20Crabtree%20Falls%20Highway%2C%20Montebello%2C%20VA%2024464,,,,,,,,,,,,,,Cafe; Retail; Cabins; Pet Friendly; Lodging,false,https://www.google.com/maps/dir/?api=1&destination=15090%20Crabtree%20Falls%20Highway%2C%20Montebello%2C%20VA%2024464,false
204,Freshwater Field Cabin,freshwater-field-cabin,Cabins & Cottages,stay,Lovingston,"Freshwater Field Cabin sits on a private farm hollow near Lovingston with hiking trails, horse pastures, and easy drives to Nelson attractions.","The Freshwater Field Cabin is very private, located on a farm nestled in a mountain hollow, but only 5 miles from Route 29. It is rustic and secluded yet comfortable. Enjoy hiking the trails on the property, watching the horses in the fields, or visiting local attractions.

This cabin offers an easy trip to Lynchburg, Charlottesville, Waynesboro, or Wintergreen.",,https://ik.imagekit.io/OE/nelson-county/listings/freshwater-field-cabin-image1_GaffeUlSd,"Red two-story house with patio furniture, umbrella, and trees in background.",,https://ik.imagekit.io/OE/nelson-county/listings/freshwater-field-cabin-image2_Vvm1QAsB9,"Blue sofa in cozy room with fireplace, decorative rug, and wooden elements.",,,,,,,"Lovingston, VA 22949",josh,2026-01-05,2026-01-12,https://www.google.com/maps/dir/?api=1&destination=Lovingston%2C%20VA%2022949,,,,,,,,,,,,,,Farm; Cabins; Equestrian; Lodging,false,https://www.google.com/maps/dir/?api=1&destination=Lovingston%2C%20VA%2022949,false
205,Four Elements Farm,four-elements-farm,Whole House Rentals,stay,Roseland,"Four Elements Farm is a 116-acre retreat with farmhouse lodging, hot tub, pond, friendly goats, and proximity to Devils Backbone and Wintergreen. Four Elements Farm stretches across 116 acres of pasture, pond, and woodland, offering farmhouse lodging, a hot tub, and friendly resident goats between Devils Backbone and Wintergreen.","Come find out why we have guests return year after year! Escape city life at our charming farmhouse near Wintergreen. Our 116-acre property is home to friendly goats and ducks and features magnificent views, a large stone fireplace, a hot tub, a pond for swimming and fishing, and comfortable bedrooms. Visit local breweries or wineries, explore the outdoors, or relax on the porch.

Experience the joys of farm living with your family and friends. Enjoy a secluded and quiet home on 116 acres, where you can feed and pet the goats and ducks! It's peaceful and quiet, yet less than a mile to Devils Backbone and just minutes to Wintergreen. The best of both worlds! Perfect for extended family gatherings.",,https://ik.imagekit.io/OE/nelson-county/listings/four-elements-farm-image1_wcYZqjjij,Pond surrounded by trees with house in the background under blue sky.,,https://ik.imagekit.io/OE/nelson-county/listings/four-elements-farm-image2_bzJusRdqT,"Cozy living room with sofas, patterned rug, stone fireplace, and wood-paneled ceiling.",,,,,,,"Roseland, VA 22967",josh,2026-01-05,2026-01-12,https://www.google.com/maps/dir/?api=1&destination=Roseland%2C%20VA%2022967,,,,,,,,,,,,,,Lodging; Farm; Pet Friendly; Cabins,false,https://www.google.com/maps/dir/?api=1&destination=Roseland%2C%20VA%2022967,false
206,Time to Wine Down,time-to-wine-down,Whole House Rentals,stay,Afton,"Time to Wine Down is a five-bedroom Afton retreat on two acres with dual living rooms, basement game space, air hockey, expansive fire pit, and string-lit outdoor dining near the Route 151 beverage trail. What makes Time to Wine Down truly unique is its perfect blend of vintage charm and modern amenities, all set on two peaceful acres in the heart of Virginia's wine country.","Welcome to Time to Wine Down, your home away from home nestled in the rolling hills of Afton, VA! Whether you’re a foodie, a wine enthusiast, or an outdoor adventurer, Afton offers it all. Explore nearby wineries and breweries like Hazy Mountain, King Family, Veritas, and Blue Mountain—all just minutes away!

For outdoor lovers, Shenandoah National Park is a playground of hiking, fishing, biking, and horseback riding. Plus, Wintergreen Resort is only a short drive away, offering skiing, tubing, swimming, and more year-round fun!",,https://ik.imagekit.io/OE/nelson-county/listings/time-to-wine-down-image1_fT10VW1Dd,"White house with black roof, driveway, surrounded by green trees and lawn.",,https://ik.imagekit.io/OE/nelson-county/listings/time-to-wine-down-image2_bBVJXZfT0,"Cozy living room with gray sofa, armchairs, fluffy ottoman, and ceiling fan.",,,,,,,"Afton, VA 22920",josh,2026-01-05,2026-01-12,https://www.google.com/maps/dir/?api=1&destination=Afton%2C%20VA%2022920,,,,,,,,,,,,,,Outdoor Seating; Wine; Cabins; Lodging,false,https://www.google.com/maps/dir/?api=1&destination=Afton%2C%20VA%2022920,false
207,Love Afton Cabin,love-afton-cabin,Cabins & Cottages,stay,Afton,"Love Afton Cabin sprawls across 11.5 private acres with multiple decks, a stocked pond, and lounge-ready common areas so big groups can fish, grill, and stargaze without ever leaving the property. Love Afton Cabin is a one-of-a-kind mountain retreat offering a blend of comfort, adventure, and relaxation.","Welcome to Love Afton Cabin! Escape to our secluded 11.5-acre retreat with stunning mountain views, a private fishing pond, and endless space for relaxation. This home sleeps up to 16 guests and provides entertainment for all ages. The main level includes a fully equipped kitchen, dining room, cozy living room, and a primary bedroom (King bed) with an ensuite bath.

Outside, enjoy a screened-in porch and a spacious deck with seating for 16. Upstairs features a second primary bedroom (King bed) with an ensuite bath, plus a Queen bedroom and a bunk room with beds for kids and teens. This level also includes a shared bath, workspace, and balcony. The basement offers a second living room, pool table, arcade games, a mini kitchen, and Bedroom 5 (King bed, bunk beds with trundle). A game-packed garage includes shuffleboard, skee ball, air hockey, and more. Outdoor highlights include a fire pit, a hot tub, a sauna, a play set, and plenty of room to explore!",,https://ik.imagekit.io/OE/nelson-county/listings/love-afton-cabin-image1_IwkNAdICu,Hot tub with bubbling water overlooking lush green forest and mountains.,,https://ik.imagekit.io/OE/nelson-county/listings/love-afton-cabin-image2_P9fzatXa5-,Spacious wooden living room with large windows and cozy furniture.,,,,,,,"5495 Mountain Road, Afton, VA 22920",josh,2026-01-05,2026-01-12,https://www.google.com/maps/dir/?api=1&destination=5495%20Mountain%20Road%2C%20Afton%2C%20VA%2022920,,,,,,,,,,,,,,Outdoor Seating; Scenic Views; Cabins; Lodging; Water Sports; Fishing,false,https://www.google.com/maps/dir/?api=1&destination=5495%20Mountain%20Road%2C%20Afton%2C%20VA%2022920,false
208,Meili Mountain,meili-mountain,Whole House Rentals,stay,Nelson County,"Meili Mountain offers rustic creekside camping on private land for quiet, leave-no-trace stays near Nelson County trails.","Rustic camping by a private creek offers a unique lodging experience. This charming getaway is pet-friendly and located in Tyro, providing a perfect retreat for nature lovers seeking tranquility and adventure. Enjoy the serene surroundings and create lasting memories in this beautiful setting.",,https://ik.imagekit.io/OE/nelson-county/listings/meili-mountain-image1_n3-A_-AKC,Small cabin in lush forest with sunlight filtering through trees.,,https://ik.imagekit.io/OE/nelson-county/listings/meili-mountain-image2_HMlw7x_vw,Blue cabin in lush green forest clearing with firepit and wooden deck.,,,,,,,"Nelson County, VA",josh,2026-01-05,2026-01-12,https://www.google.com/maps/dir/?api=1&destination=Nelson%20County%2C%20VA,,,,,,,,,,,,,,Scenic Views; Pet Friendly,false,https://www.google.com/maps/dir/?api=1&destination=Nelson%20County%2C%20VA,false
209,Adventure Awaits,adventure-awaits,Whole House Rentals,stay,Roseland,"Adventure Awaits is a pet-friendly Wintergreen home two minutes from the slopes with hot tub, fire pit, multiple living areas, and five smart TVs. Adventure Awaits lives up to its name with a hot tub, multiple lounges, pet-friendly policies, and a location two minutes from Wintergreen's slopes and hiking shuttles.","Welcome to Adventure Awaits at Wintergreen Resort, where the charm of the Blue Ridge Mountains meets luxury, convenience, and adventure! Our pet-friendly home is perfectly located just two minutes from the ski lifts, offering an ideal retreat for adventurers, families, and relaxation seekers.

Whether you’re savoring s’mores by the outdoor fire pit, unwinding in the hot tub, exploring nearby trails, or enjoying the cozy amenities of the home, your stay is designed to be unforgettable. With spacious accommodations, high-speed internet, multiple family living areas, and thoughtful touches like provided towels and linens, we’ve made sure every detail is covered. Perfect for families or groups, the property features 3 king beds, a bunk room with double and twin beds, and two master suites for ultimate comfort. From hiking to wine tours, breweries, and skiing, there’s something for everyone!",,https://ik.imagekit.io/OE/nelson-county/listings/adventure-awaits-image1_OIGAS5SOy,"Dark house with warm lights, surrounded by trees, gravel driveway in foreground.",,https://ik.imagekit.io/OE/nelson-county/listings/adventure-awaits-image2_S-y5X3SnV,"Living room with staircase, colorful chairs, patterned furniture, large windows, wooden floor.",,,,,,,"Wintergreen Resort, Roseland, VA 22967",josh,2026-01-05,2026-01-12,https://www.google.com/maps/dir/?api=1&destination=Wintergreen%20Resort%2C%20Roseland%2C%20VA%2022967,,,,,,,,,,,,,,Pet Friendly; Scenic Views; Skiing,false,https://www.google.com/maps/dir/?api=1&destination=Wintergreen%20Resort%2C%20Roseland%2C%20VA%2022967,false
210,Wintergreen Ridge Retreat,wintergreen-ridge-retreat,Whole House Rentals,stay,Wintergreen Resort,"Wintergreen Ridge Retreat is a four-bedroom mountain home sleeping ten with expansive decks, hot tub, and easy access to Wintergreen lifts and trails. Wintergreen Ridge Retreat sleeps ten across four bedrooms, surrounding guests with wraparound decks, a bubbling hot tub, and instant access to resort lifts and trailheads.","Welcome to Wintergreen Ridge Retreat, your perfect escape at Wintergreen Resort, VA! Just 3 minutes from the ski slopes and snow tubing, our spacious and comfortable home offers a seamless blend of four seasons adventure. Whether you're carving down the slopes, exploring over 30 miles of hiking trails, or simply unwinding in the peaceful surroundings, this retreat has it all.

This home is your gateway to both excitement and relaxation, making it the ideal base for your Wintergreen adventures. Whether you're seeking thrills on the slopes or a peaceful retreat in the mountains, Wintergreen Ridge Retreat has everything you need for an unforgettable getaway!",,https://ik.imagekit.io/OE/nelson-county/listings/wintergreen-ridge-retreat-image1_Po9HDslHo,"Spacious living room with brown leather sofas, large windows, and wooden ceiling.",,https://ik.imagekit.io/OE/nelson-county/listings/wintergreen-ridge-retreat-image2_CN_I0Hhgb,"Rustic house with peaked roof, surrounded by bare trees and autumn leaves.",,,,,,,"Wintergreen Resort, Nellysford, VA 22958",josh,2026-01-05,2026-01-12,https://www.google.com/maps/dir/?api=1&destination=Wintergreen%20Resort%2C%20Nellysford%2C%20VA%2022958,,,,,,,,,,,,,,Outdoor Seating; Scenic Views; Pet Friendly,false,https://www.google.com/maps/dir/?api=1&destination=Wintergreen%20Resort%2C%20Nellysford%2C%20VA%2022958,false
211,Maren Estate,maren-estate,Cabins & Cottages,stay,Afton,"Maren Estate is a 7,200-square-foot luxury home on a 50-acre farm with seasonal pool, year-round hot tub, bocce court, and beer garden. Maren Estate is a 7,200-square-foot showstopper on a 50-acre farm—think seasonal swimming pool, all-season hot tub, bocce court, beer garden, and endless mountain views.","Luxury estate featuring a 7,200 square foot house on a 50-acre farm, accommodating a maximum of 14 guests. Enjoy a seasonal pool and year-round hot tub, along with a bocce ball court and beer garden on the grounds. The property offers beautiful views of the Rockfish Valley and is in close proximity to vineyards, breweries, golf, and more.

*Lodging descriptions are provided by the host and not independently verified.*",,https://ik.imagekit.io/OE/nelson-county/listings/maren-estate-image1_XH7pGtdID,"Rolling hills with autumn trees, house, and small pond under clear sky.",,https://ik.imagekit.io/OE/nelson-county/listings/maren-estate-image2_pMkBseFcr,"Spacious living room with large windows, wooden beams, and elegant furniture.",,,,,,,"Afton, VA 22920",josh,2026-01-05,2026-01-12,https://www.google.com/maps/dir/?api=1&destination=Afton%2C%20VA%2022920,,,,,,,,,,,,,,Pool; Seasonal Menu; Beer; Pet Friendly; Cabins; Lodging; Farm,false,https://www.google.com/maps/dir/?api=1&destination=Afton%2C%20VA%2022920,false
212,The Blue Ridge Farm and Wedding Venue,blue-ridge-farm-and-wedding-venue,Cabins & Cottages,stay,Afton,"The Blue Ridge Farm & Farmhouse doubles as a wedding-ready venue and a renovated lodging hub, offering vineyard vistas, six acres of event space, and quick hops to the Brew Ridge Trail. The Blue Ridge Farm & Farmhouse combines a six-acre event-ready property with renovated farmhouse lodging, vineyard views, and proximity to Brew Ridge Trail.","The Blue Ridge Farm and Wedding Venue offers a captivating blend of rustic charm and modern elegance on six picturesque acres. With stunning vineyard views and a beautifully renovated farmhouse, guests can enjoy a comfortable stay near the scenic Brew Ridge Trail. Perfect for weddings or relaxing getaways, The Blue Ridge Farm guarantees an unforgettable experience.",,https://ik.imagekit.io/OE/nelson-county/listings/the-blue-ridge-farm-and-wedding-venue-image1_0AvR3Ceow,"Ornate design with text: 'The Blue Ridge Farm, Historic Afton, Virginia.'",,https://ik.imagekit.io/OE/nelson-county/listings/the-blue-ridge-farm-and-wedding-venue-image2_CfQ2xHiVQ,"Gray living room with sectional sofa, colorful pillows, and patterned rug.",,,,,,,"Afton, VA 22920",josh,2026-01-05,2026-01-12,https://www.google.com/maps/dir/?api=1&destination=Afton%2C%20VA%2022920,,,,,,,,,,,,,,Lodging; Wine; Scenic Views; Events; Pet Friendly; Cabins,false,https://www.google.com/maps/dir/?api=1&destination=Afton%2C%20VA%2022920,false
213,"Acorn Inn, Inc (Cottage, B&B and Group Retreat)",acorn-inn-inc-cottage-bb-and-group-retreat,Bed and Breakfast,stay,Faber,"Acorn Inn operates an inn, cottage, and farmhouse retreat with shared gathering spaces, kitchenettes, and wraparound porches for groups and cyclists. Acorn Inn caters to cyclists and group retreats with multiple lodging options, wraparound porches, communal kitchens, and flexible gathering rooms surrounded by Nelson County backroads.","Acorn Inn features three distinct structures on the property designed for hosting guests. 'The Inn,' which was once a horse barn, offers 10 bedrooms (originally stalls), men's and women's bathrooms and showers, several lovely gathering spaces, two kitchenettes, a wraparound deck, a covered patio, an outdoor grill, and more. Please note that pets are not allowed at the Inn due to the shared space.

Our Cottage is a cozy little house equipped with a full kitchen, a private bath, a bedroom with a queen and twin bed, and a living room with a queen sofa bed. We welcome well-behaved pets in the Cottage for an additional fee. Finally, our Farmhouse, which also serves as our office, has three bedrooms, each featuring a queen bed. These rooms are only rented when the Inn and Cottage are fully booked, at the innkeepers' discretion.

We've been running Acorn Inn since 1987! Martin is a well-traveled cyclist from the Netherlands, and Kathy is a photographer and printmaker. The Inn is adorned with art created by Kathy and artisans from around the world. Affordable, cozy, and friendly!",,https://ik.imagekit.io/OE/nelson-county/listings/acorn-inn-inc-cottage-b-b-and-group-retreat--image1_sxiLMGTZT,Double rainbow over red house on grassy hill with trees.,,https://ik.imagekit.io/OE/nelson-county/listings/acorn-inn-inc-cottage-b-b-and-group-retreat--image2_IvbaTRLO3,"Cozy living room with colorful seating, fireplace, and decorative wall art.",,,,,,,"2131 Stagebridge Road, Lovingston, VA 22949",josh,2026-01-05,2026-01-12,https://www.google.com/maps/dir/?api=1&destination=2131%20Stagebridge%20Road%2C%20Lovingston%2C%20VA%2022949,,,,,,,,,,,,,,Lodging; Outdoor Seating; Breakfast; Pet Friendly; Farm,false,https://www.google.com/maps/dir/?api=1&destination=2131%20Stagebridge%20Road%2C%20Lovingston%2C%20VA%2022949,false
214,Cottage at Old Stoney Creek,cottage-at-old-stoney-creek,Cabins & Cottages,stay,Nellysford,"Cottage at Old Stoney Creek blends hot tub soaks, creekside vistas, and deck-side fire pits into a two-bedroom retreat perfectly positioned for Route 151 tasting tours. This 2-bedroom, 1-bathroom vacation rental is the ideal home base for anything on your itinerary.","The perfect outdoor adventure is waiting for you at this charming home in Nellysford. This 2-bedroom, 1-bathroom vacation rental is the ideal home base for anything on your itinerary. Spend your day sipping to your heart’s content at a local winery, hiking the local trails, hitting the slopes at Wintergreen, or enjoying the fresh air on the deck overlooking the surrounding forest.

Let your stress melt away in the hot tub as the creek passes by, and leave feeling refreshed and replenished. Enjoy the hot tub, deck with outdoor seating, fire pit, outdoor dining area, and outdoor shower.",,https://ik.imagekit.io/OE/nelson-county/listings/cottage-at-old-stoney-creek-image1_-cveHGW-G,Stone archway leading to cottage surrounded by trees.,,https://ik.imagekit.io/OE/nelson-county/listings/cottage-at-old-stoney-creek-image2_L5kBeLggY,"Rustic dining area with wooden walls, table setting, and wicker light fixture.",,,,,,,"Nellysford, VA 22958",josh,2026-01-05,2026-01-12,https://www.google.com/maps/dir/?api=1&destination=Nellysford%2C%20VA%2022958,,,,,,,,,,,,,,Outdoor Seating; Cabins; Lodging; Tastings; Beer,false,https://www.google.com/maps/dir/?api=1&destination=Nellysford%2C%20VA%2022958,false
215,Blue Ridge Heaven,blue-ridge-heaven,Cabins & Cottages,stay,Roseland,"Blue Ridge Heaven is a 3,200-square-foot Wintergreen home at 3,800 feet with three decks, renovated interiors, and sweeping southern views. Blue Ridge Heaven rises to 3,200 square feet and 3,800 feet of elevation, gifting guests three expansive decks, refreshed interiors, and sweeping southern panoramas at Wintergreen.","Blue Ridge Heaven is located atop Devils Knob – the highest point at Wintergreen Resort. Enjoy the best views in central Virginia from one of three decks or many picture windows.

Perched at an elevation of 3,800 feet, this stunning home offers mountain, valley, and long-range southern views from the highest location for any Wintergreen home on the rental market. Just minutes from the ski slopes, hiking trails, the Appalachian Trail, Blue Ridge Parkway, and the breweries, wineries, and cideries on Route 151, this 3,200 sqft, 5-bedroom home has been extensively renovated. The property features a completely updated kitchen, new heating and air conditioning, appliances, furnishings, flooring, paint, and lighting throughout.

Enjoy cathedral ceilings throughout the upper level, which includes a large family room with a stone fireplace and a new 65-inch Samsung smart TV, a kitchen, and a master bedroom. The lower level boasts another master bedroom, three additional bedrooms (including a bunk room), and a second family room with a stone fireplace and a 55-inch Samsung smart TV. Renovations were made to maximize energy efficiency, utilize sustainable materials, and incorporate locally produced products where practical. Experience amazing long-range views of the surrounding landscape!",,https://ik.imagekit.io/OE/nelson-county/listings/blue-ridge-heaven-image1_nnjCOh4aN,"Two-story house with large windows, wooden decks, surrounded by autumn trees.",,https://ik.imagekit.io/OE/nelson-county/listings/blue-ridge-heaven-image2_ssf3n-xI5,"Pink armchair by large windows, overlooking mountains and trees, stone fireplace nearby.",,,,,,,"Wintergreen Resort, Roseland, VA 22967",josh,2026-01-05,2026-01-12,https://www.google.com/maps/dir/?api=1&destination=Wintergreen%20Resort%2C%20Roseland%2C%20VA%2022967,,,,,,,,,,,,,,Outdoor Seating; Full Kitchen; Scenic Views; Cabins; Lodging,false,https://www.google.com/maps/dir/?api=1&destination=Wintergreen%20Resort%2C%20Roseland%2C%20VA%2022967,false
216,Dancing Bear Lodge,dancing-bear-lodge,Cabins & Cottages,stay,Roseland,"Dancing Bear Lodge is a 2,000-square-foot cabin on 38 acres with sweeping mountain vistas, stone fireplace, and space for up to ten guests. Perched on 38 hilltop acres, Dancing Bear Lodge offers wall-to-wall windows, a massive stone fireplace, and bedding for up to ten guests chasing sunrise views.","Dancing Bear Lodge is a cabin located in Roseland, VA. With just over 2,000 square feet, it offers ample space for hosting larger groups of up to 10 people. If you are looking for an 'off the grid' experience on 38 acres with a spectacular mountain view, this place is for you!

The property strikes a nice balance between seclusion and the comfort of modern amenities. You will be close to a variety of wonderful wineries, cideries, breweries, distilleries (Nelson 151), and outdoor adventure activities! We are about 20 minutes away from the notable Wintergreen Resort, where you can enjoy exciting winter skiing and tubing.

Some highlights of the lodge include stunning mountain views—one of our most frequent compliments—a secluded oasis on 38 acres, a fireplace built with stones from the old cobblestone streets of Norfolk, and wood floors in the main living area crafted from timber harvested and milled on-site. Wildlife abounds on the property!",,https://ik.imagekit.io/OE/nelson-county/listings/dancing-bear-lodge-image1_WfWOItua8,Wooden chairs around fire pit with mountain view and string lights overhead.,,https://ik.imagekit.io/OE/nelson-county/listings/dancing-bear-lodge-image2_4I1Ptj2TAz,"Cozy living room with stone fireplace, wooden beams, and large windows with mountain view.",,,,,,,"Roseland, VA 22967",josh,2026-01-05,2026-01-12,https://www.google.com/maps/dir/?api=1&destination=Roseland%2C%20VA%2022967,,,,,,,,,,,,,,Scenic Views; Outdoor Seating; Cabins; Pet Friendly; Lodging,false,https://www.google.com/maps/dir/?api=1&destination=Roseland%2C%20VA%2022967,false
217,Windy Knoll,windy-knoll,Cabins & Cottages,stay,Afton,"Windy Knoll is a light-filled mountain home on 3.5 acres with large decks, full kitchen, and loft suite overlooking Afton greenery. Windy Knoll's light-filled living spaces spill onto broad decks overlooking 3.5 private acres, giving families a tranquil base camp close to Afton attractions.","Windy Knoll invites you to come and relax while enjoying the stunning views of Afton Mountain greenery. Large A-Frame windows allow sunlight to flood the space, letting you appreciate the birds and nature all around. The property sits on 3.5 acres, providing a very private retreat. An expansive rolling lawn in the front offers a perfect spot to watch deer in the morning while sipping your coffee on the wide front porch.

As you enter the home through the front door, a warm and welcoming living room awaits, featuring two couches and a gas-burning fireplace. Cozy throw blankets and pillows are perfect for snuggling while watching a movie on the TV with a DVD player and a selection of films. The dining room, with its bay-seated window, boasts a large table that comfortably seats six. The front porch also has a dining table for outdoor meals. The spacious, well-appointed kitchen is equipped with everything you need to prepare delicious meals after a day of hiking the Appalachian Trail or sightseeing, including dishware, flatware, saucepans, wine glasses, coffee mugs, and serving ware. You'll find a crock pot, blender, mixer, and a coffee pot with a coffee bean grinder (with Starbucks coffee beans in the pantry). A few condiments are available in the refrigerator, along with spices, herbs, and oil in the pantry.

The loft bedroom features a Queen bed and a Double bed with a private bathroom and shower. The first-floor bedroom has two twin beds and a separate bathroom with a walk-in shower. The loft area also includes a desk with a laptop and printer for your use. The back deck is equipped with a grill, perfect for barbecues! Full laundry room facilities are also available. With its beautiful setting, stunning views, and deer in the yard, Windy Knoll offers a peaceful and wonderful location!",,https://ik.imagekit.io/OE/nelson-county/listings/windy-knoll-image1_YMhCRi9RI,"A-frame house on grassy hill, surrounded by trees, with red chairs.",,https://ik.imagekit.io/OE/nelson-county/listings/windy-knoll-image2_ekh9xyCUA,"Cozy living room with fireplace, rustic decor, abstract table, and patterned armchairs.",,,,,,,"Afton, VA 22920",josh,2026-01-05,2026-01-12,https://www.google.com/maps/dir/?api=1&destination=Afton%2C%20VA%2022920,,,,,,,,,,,,,,Lodging; Outdoor Seating; Full Kitchen; Wi-Fi; Pet Friendly; Cabins,false,https://www.google.com/maps/dir/?api=1&destination=Afton%2C%20VA%2022920,false
218,Creekside,creekside,Cabins & Cottages,stay,Afton,"Creekside is a modern cabin near Route 151 with private hot tub, EV charger, fire pit, and memory-foam beds for Blue Ridge getaways. Creekside caters to modern travelers with hot tub, EV charger, memory-foam beds, and a woodsy setting near Route 151 breweries and hiking trailheads.","Welcome to Creekside! Just minutes from the best wineries and breweries, it’s the perfect getaway to explore the 151 Brew Trail, Wintergreen Resort, and the Blue Ridge Parkway. Enjoy mountain views and privacy in the hot tub, roast marshmallows around the huge fire pit, and cozy up on the large sectional sofa in front of the 65' 4K TV.

Cooks will appreciate the spacious and fully equipped kitchen, while all beds feature new memory foam mattresses. Stay connected with fast Wi-Fi, perfect for remote work. A Level 2 EV charger is conveniently located in the driveway. There is a creek out back where children can play, and you can enjoy bird watching. Experience a private hot tub, scenic views, spacious layout, and cozy atmosphere!",,https://ik.imagekit.io/OE/nelson-county/listings/creekside-image1_aYCukyO2u,"Living room with gray sectional sofa, foosball table, and ceiling fan.",,https://ik.imagekit.io/OE/nelson-county/listings/creekside-image2_OqaqMlT4e,House beside large tree under clear blue sky with scattered clouds.,,,,,,,"Afton, VA 22920",josh,2026-01-05,2026-01-12,https://www.google.com/maps/dir/?api=1&destination=Afton%2C%20VA%2022920,,,,,,,,,,,,,,EV Charging; Wi-Fi; Full Kitchen; Scenic Views; Cabins; Lodging,false,https://www.google.com/maps/dir/?api=1&destination=Afton%2C%20VA%2022920,false
219,Cottage on Route 151,cottage-on-route-151,Cabins & Cottages,stay,Afton,"Cottage on Route 151—also known as Towler Cottage—is a one-bedroom getaway with hot tub, fire pit, and mountain views minutes from breweries and hikes. The cottage is within minutes from the best wineries and breweries, great local trails, and the Blue Ridge Parkway There’s something to do in Afton every season of the year.","Welcome to Towler Cottage, a getaway in the heart of Route 151 in Afton. The cottage is within minutes from the best wineries and breweries, great local trails, and the Blue Ridge Parkway! Relax in the hot tub on the rear deck, or sit out by the fire pit and gaze at the stars. Enjoy great mountain views from the front porch rocking chairs.

With one bedroom featuring a queen bed, plus a pull-out couch in the living room, the cottage is perfect for couples. Located 25 minutes from Charlottesville, it offers a hot tub, mountain views, and an excellent location.",,https://ik.imagekit.io/OE/nelson-county/listings/cottage-on-route-151-image1_0fxNlKP6n,Two black rocking chairs on porch with white door and welcome mat.,,https://ik.imagekit.io/OE/nelson-county/listings/cottage-on-route-151-image2_33SDRIRPn,"Modern living room with gray sofa, green chairs, large windows, and abstract artwork.",,,,,,,"Afton, VA 22920",josh,2026-01-05,2026-01-12,https://www.google.com/maps/dir/?api=1&destination=Afton%2C%20VA%2022920,,,,,,,,,,,,,,Scenic Views; Cabins; Lodging; Beer,false,https://www.google.com/maps/dir/?api=1&destination=Afton%2C%20VA%2022920,false
220,Farmhouse on Route 151,farmhouse-on-route-151,Cabins & Cottages,stay,Afton,"Farmhouse on Route 151 is a 1904 three-bedroom home with high-speed Wi-Fi, gas fireplace, two-acre yard, and stone fire pit near wine trail stops. Farmhouse on Route 151 dates to 1904 yet now features high-speed Wi-Fi, gas fireplace, and two acres of lawn with a stone fire pit for post-winery gatherings.","Our two-story, 1904 farmhouse is just off Route 151 and close to wineries, breweries, hiking trails, and the Blue Ridge Parkway. It's only 25 minutes from Wintergreen Resort and 30 minutes from Charlottesville. We offer fast Wi-Fi, a desk, 2 acres to run and play, and plenty of indoor space to relax. Enjoy the view around the large stone fire pit.

All three queen mattresses are new high-end memory foam. We have a gas fireplace with a remote control that is available for use in the cooler months. With mountain views, a rustic atmosphere, and an excellent location, this affordable getaway is perfect for your next retreat.",,https://ik.imagekit.io/OE/nelson-county/listings/farmhouse-on-route-151-image1_tMNu0xtEQ,"White two-story house with dark shutters, porch, surrounded by trees.",,https://ik.imagekit.io/OE/nelson-county/listings/farmhouse-on-route-151-image2_fbyPbAxy3,"Cozy living room with wooden walls, fireplace, large windows, and gray sectional sofa.",,,,,,,"Afton, VA 22920",josh,2026-01-05,2026-01-12,https://www.google.com/maps/dir/?api=1&destination=Afton%2C%20VA%2022920,,,,,,,,,,,,,,Wi-Fi; Scenic Views; Farm,false,https://www.google.com/maps/dir/?api=1&destination=Afton%2C%20VA%2022920,false
221,The Castor Cabin,the-castor-cabin,Cabins & Cottages,stay,Wintergreen Resort,"The Castor Cabin is a newly renovated, dog-friendly mountain cabin with modern amenities, fire pit, and easy access to Nelson County trails. Recently renovated Castor Cabin welcomes pups, lights up the night with a fire pit, and keeps hikers close to Nelson County's trails while still delivering modern conveniences.",,,https://ik.imagekit.io/OE/nelson-county/listings/the-castor-cabin-image1_cqIt5sAan,"Modern grey house with wooden porch among trees, sunlight peeking through.",,https://ik.imagekit.io/OE/nelson-county/listings/the-castor-cabin-image2_4CZruqXbt,"Cozy living room with stone fireplace, large windows, and brown leather sofas.",,,,,,,"Roseland, VA 22967",josh,2026-01-05,2026-01-12,https://www.google.com/maps/dir/?api=1&destination=Roseland%2C%20VA%2022967,,,,,,,,,,,,,,Scenic Views; Cabins; Family Friendly; Pet Friendly; Outdoor Seating; Full Kitchen; Lodging,false,https://www.google.com/maps/dir/?api=1&destination=Roseland%2C%20VA%2022967,false
222,Rocky Run Landing,rocky-run-landing,Cabins & Cottages,stay,Arrington,"Rocky Run Landing is a cozy riverside cabin on the Tye River offering fishing, paddling, and simple comforts for unplugged stays. Rocky Run Landing places you right on the Tye River, pairing simple comforts with private fishing, paddling put-ins, and hammock-worthy riverbank views.","Wintergreen Resort we’re not, but if you’re looking for a cozy (800-900 sq. ft.) mountain cabin with most of the comforts of home, Rocky Run Landing might be the place for you. Our motto is “You’re a long way away from it all before you ever get here.”

The property is located on the beautiful Tye River, two miles upstream from its confluence with the James River. Lodging descriptions are provided by the host and not independently verified. Staff on site? No. Pet-friendly? Yes. Located in Arrington.",,https://ik.imagekit.io/OE/nelson-county/listings/rocky-run-landing-image1_gINRNtOFt,Wooden cabin with chimney in snowy forested area under clear sky.,,https://ik.imagekit.io/OE/nelson-county/listings/rocky-run-landing-image2_7i02_HymO,"Cozy room with wood stove, patterned sofas, and dreamcatcher on wall.",,,,,,,"Tyro, VA 22976",josh,2026-01-05,2026-01-12,https://www.google.com/maps/dir/?api=1&destination=Tyro%2C%20VA%2022976,,,,,,,,,,,,,,Cabins; Scenic Views; Pet Friendly; Lodging; Water Sports; Fishing,false,https://www.google.com/maps/dir/?api=1&destination=Tyro%2C%20VA%2022976,false
223,Cottage on the Knoll,cottage-on-the-knoll,Cabins & Cottages,stay,Lovingston,"Cottage on the Knoll is a three-bedroom, two-bath home centrally located between Nelson 29 and 151 with updated kitchen and spacious living area. Whole house centrally located with private hot tub and pool.","Experience the Blue Ridge Mountains and the country life of central Virginia while enjoying everything Nelson County has to offer. The Cottage on the Knoll is a comfortable 3-bedroom, 2-bathroom retreat that’s centrally located in Nelson County, providing the perfect mix of modern comfort and country charm.

The Nelson 29 and Nelson 151 craft beverage trails await you, while plenty of hiking, fishing, and mountain views will delight any outdoor recreation lover or nature enthusiast, making it the perfect getaway. This home features a bright and comfortable main area that includes a large kitchen and living space, fully stocked with all amenities. Adjacent to the main living area are two bedrooms with queen beds and a full bathroom. A large recreation room downstairs includes a ping pong table, a selection of board games, a mounted TV, and extra seating for fun nights in. The third bedroom, with a king-sized bed and full bath, is located downstairs beside the recreation room. After a day in the mountains, cook a meal in your fully stocked kitchen and unwind outside, where you’ll find a wood fire pit in the yard, a gas fireplace, and a hot tub on the large covered porch. High-speed internet and a smart TV with limited channel access will allow you to connect to your own streaming accounts. A private in-ground swimming pool is available for cottage guests, and we will gladly heat the pool during your visit for an additional cost of $25 per day during cooler months. Please indicate if you would like to have the pool heated at the time of booking so the costs can be adjusted.

The whole house is centrally located with a private hot tub and pool, just 30 minutes away from Charlottesville, Lynchburg, Waynesboro, and the top of Wintergreen Resort. Minutes away from Oak Ridge and Lovingston Winery, you can grab a cup of coffee and take a morning stroll down one of our three out-and-back trails on the property. Enjoy a picnic lunch in the meadow and savor a glass of wine on your private second-floor deck after a day skiing in Wintergreen or hiking the Virginia Blue Ridge Railway Trail.",,https://ik.imagekit.io/OE/nelson-county/listings/cottage-on-the-knoll-image1_mv6ZTLPw7,House with wooden porch surrounded by lush green trees and grass.,,https://ik.imagekit.io/OE/nelson-county/listings/cottage-on-the-knoll-image2_DoS1nsCEV,"Living room with red ceiling, leather sofa, large windows, and wooden floors.",,,,,,,"Lovingston, VA 22949",josh,2026-01-05,2026-01-12,https://www.google.com/maps/dir/?api=1&destination=Lovingston%2C%20VA%2022949,,,,,,,,,,,,,,Full Kitchen; Outdoor Seating; Cabins; Lodging,false,https://www.google.com/maps/dir/?api=1&destination=Lovingston%2C%20VA%2022949,false
224,High Lonesome Cabin,high-lonesome-cabin,Cabins & Cottages,stay,Tyro,"This rustic cabin sits on 20 secluded acres high on a steep finger of the Priest Mountain near the Appalachian Trail in Tyro Va The main attraction of the High Lonesome is definitely outdoors, but the inside is pretty cool, too. High Lonesome Cabin sits on 20 secluded acres near Crabtree Falls with wraparound porch, woodstove, loft sleeping, and spiral staircase.","High Lonesome Cabin was built in 2008 in the Virginia Blue Ridge Mountains. This rustic cabin sits on 20 secluded acres high on a steep finger of Priest Mountain near the Appalachian Trail, just minutes from Crabtree Falls. When you stay at High Lonesome, you have a mountain all to yourself, and you may never feel the need to start the car again until you have to leave.

If you do venture out, wineries, orchards, stables, golf, rivers, antiques, lakes, and trails are all within minutes of the long gravel driveway. The main attraction of High Lonesome is definitely the outdoors, but the inside is pretty cool, too. There's a porch with a great view, a picnic table, a ceiling fan, rustic natural log columns, rocking chairs, and outdoor speakers— or you can simply listen to the birds and the Tye River off in the distance. Inside, you'll find a small table for dining or cards, a dartboard, a wood stove/fireplace, plenty of seating to watch a movie on the smart TV, and gorgeous stonework with cedar and pine walls and floors. The kitchen is decently sized, with cookware and utensils provided, and there is a small bathroom with a shower only.

In the back is a small but cozy master bedroom with a very comfortable queen-sized bed. Both areas have ceiling fans, and there is a wall-mounted heat pump unit for AC/heat. Up the spiral staircase is the loft, featuring a queen-size and a double bed, along with a TV, a DVD player, a GameCube, and lots of video games.",,https://ik.imagekit.io/OE/nelson-county/listings/high-lonesome-cabin-image1_djDBX9367,"Rustic wooden cabin with antlers, surrounded by lush green forest.",,https://ik.imagekit.io/OE/nelson-county/listings/high-lonesome-cabin-image2_DLPUy876p,"Cozy wooden cabin with stone fireplace, TV, and rustic kitchen area.",,,,,,,"Tyro, VA 22976",josh,2026-01-05,2026-01-12,https://www.google.com/maps/dir/?api=1&destination=Tyro%2C%20VA%2022976,,,,,,,,,,,,,,Scenic Views; Outdoor Seating; Pet Friendly; Cabins; Lodging,false,https://www.google.com/maps/dir/?api=1&destination=Tyro%2C%20VA%2022976,false
225,The Lewis Catherine House,lewis-catherine-house,Cabins & Cottages,stay,Afton,There’s something to do in Afton every season of the year.,"There’s something to do in Afton every season of the year. Whether you're seeking outdoor adventures, local events, or simply a peaceful retreat, The Lewis Catherine House offers a perfect base for your getaway. Enjoy the beauty of nature and the charm of the surrounding area throughout the year!",,https://ik.imagekit.io/OE/nelson-county/listings/the-lewis-catherine-house-image1_S3LH8LdUZ,"White farmhouse with porch, surrounded by green grass and yellow flowers.",,https://ik.imagekit.io/OE/nelson-county/listings/the-lewis-catherine-house-image2_TXEGOJTqV,"Long wooden dining table with chandelier, chairs, and bright kitchen in background.",,,,,,,"1470 Afton Mountain Road, Afton, VA 22920",josh,2026-01-05,2026-01-12,https://www.google.com/maps/dir/?api=1&destination=1470%20Afton%20Mountain%20Road%2C%20Afton%2C%20VA%2022920,,,,,,,,,,,,,,Full Kitchen; Pet Friendly; Cabins; Lodging; Farm,false,https://www.google.com/maps/dir/?api=1&destination=1470%20Afton%20Mountain%20Road%2C%20Afton%2C%20VA%2022920,false
226,Glenbrae,glenbrae,Cabins & Cottages,stay,Afton,"Glenbrae is a designer five-bedroom home just off Route 151 with Peloton-equipped office, fenced yard, mountain views, and fire pit.","Glenbrae is located just off the iconic Nelson 151 and 1 mile from Afton Mountain Vineyards. This property was stylishly decorated by a local interior designer and is the perfect getaway for a group of friends, family, or couples traveling together. With its 5 spacious bedrooms, large living area, and Peloton, this property also boasts beautiful mountain views.

Halfway between Wintergreen and Charlottesville, you can reach either destination in under 30 minutes. The new fully fenced backyard spans over 1/2 acre, making it perfect for your pups and kids to run around!

MAIN FLOOR: OFFICE - Peloton (cages provided - just bring your sneakers and you won't have to clip in!), desk, office chair, bookshelves, and two chairs for additional seating. BEDROOM 1 - Queen bed, bench, sconce lights with charging ports, side tables, smart TV, and closet with hangers. DINING ROOM - Dining table with seating for 10 and a gas fireplace (currently not for guest use). KITCHEN - Fully equipped kitchen with full-size appliances and pantry space, French door fridge, microwave, dishwasher, electric range and oven, and bar seating for 4. LIVING ROOM - Smart TV, two sofas (seating for 6), coffee table, game table with seating for 4, armchair, and French doors with patio access. BATHROOM 1 - Full bathroom with tub/shower combo. OUTDOOR - Fenced-in yard and firepit.

UPSTAIRS: BEDROOM 2 - King bed, smart TV, side tables, hanging bedside lights, mirror, console table with drawers, and closet with hangers. BATHROOM 2 - Full bathroom with tub/shower combo. BEDROOM 3 - Queen bed, side tables, sconces on each side of the bed, chair, mirror, and closet with hangers. BEDROOM 4 - 2 twin beds, side table and lamp, and closet with hangers. BEDROOM 5 (MASTER) - King bed, desk/vanity with chair and mirror, smart TV, side tables with lamps, loveseat, and walk-in closet with hangers. BATHROOM 3 (MASTER) - Soaking tub, shower, double vanity, and water closet. Well-designed mountain views and a fenced yard await you!",,https://ik.imagekit.io/OE/nelson-county/listings/glenbrae-image1_6naMnjgzL,"Two-story house with porch, green lawn, and gravel driveway under blue sky.",,https://ik.imagekit.io/OE/nelson-county/listings/glenbrae-image2_TmxackGj9,"Modern living room with blue sofa, large windows, and monochrome decor.",,,,,,,"Afton, VA 22920",josh,2026-01-05,2026-01-12,https://www.google.com/maps/dir/?api=1&destination=Afton%2C%20VA%2022920,,,,,,,,,,,,,,Scenic Views; Pet Friendly; Cabins; Lodging,false,https://www.google.com/maps/dir/?api=1&destination=Afton%2C%20VA%2022920,false
227,Elk Mountain Overlook,elk-mountain-overlook,Whole House Rentals,stay,Afton,"Elk Mountain Overlook is a boutique chalet perched off the Blue Ridge Parkway with two king suites, soaker tub, dual-head shower, and expansive deck views. Mountaintop overlook with jaw dropping views and camp themed interior design.","Mountaintop overlook with jaw-dropping views and camp-themed interior design. Perched upon Elk Mountain just off the Blue Ridge Parkway, this petite chalet is under 30 minutes from Charlottesville, 10 minutes to 151 vineyards, breweries, and cideries, and 10 minutes to Waynesboro. Relax in this natural retreat featuring 2 king bedrooms, a 2-person soaker tub, a double-headed shower, and an ample kitchen with many extras.

Take in the views from the large deck, firepit, under-porch swing, or mountainside Adirondack chairs. This primarily one-level home includes a sleeping loft. The main floor consists of an open-concept kitchen, dining, and living area with an electric fireplace. The full bathroom with dual-head shower has Jack and Jill access off the hallway and primary bedroom. The main floor primary bedroom features a king bed, walk-in closet, and large soaker tub, with laundry located in the primary bedroom. Upstairs, there is a sleeping loft with another king bed. The deck is accessed from the main living and dining areas, offering stunning views of Afton Mountain Vineyard, Veritas, Blue Mountain Brewery, Hazy Mountain, and even Mont Alto on a clear day. There are approximately four steps to enter the front door from the gravel driveway. The Roku TV is located in the living room. This property was designed for adult guests, so anyone wanting to bring children should keep in mind that the property is quite steep and the deck is high off the ground.

Note: No ice maker. 4WD or AWD is highly recommended in winter; all roads are paved, but snow or ice can be prevalent and challenging for 2WD vehicles. While our private road can be accessed directly off the Blue Ridge Parkway, we advise arriving via Howardsville TPK to avoid road closures. Weather should always be checked before heading up the mountain, as fog can limit visibility. The house is equipped with a generator that activates in case of a power outage. High-speed fiber internet is provided. Enjoy big mountain views just off the Blue Ridge Parkway with inviting interior design!",,https://ik.imagekit.io/OE/nelson-county/listings/elk-mountain-overlook-image1_1DrelJ3ot,"House with mountains in background, surrounded by greenery under clear blue sky.",,https://ik.imagekit.io/OE/nelson-county/listings/elk-mountain-overlook-image2_rFVPHxnYR,"Spacious living room with leather sofa, armchair, and modern decor.",,,,,,,"Afton, VA 22920",josh,2026-01-05,2026-01-12,https://www.google.com/maps/dir/?api=1&destination=Afton%2C%20VA%2022920,,,,,,,,,,,,,,Outdoor Seating; Scenic Views; Full Kitchen; Pet Friendly; Cabins; Lodging,false,https://www.google.com/maps/dir/?api=1&destination=Afton%2C%20VA%2022920,false
228,Ethan's Den,ethans-den,Whole House Rentals,stay,Wintergreen Resort,"Ethan's Den is a stylish one-bedroom suite with live-edge breakfast bar, heated floors, fireplace, and luxe finishes for couples getaways. Ethan's Den has been decorated to compliment the beautiful setting it is in.","Step into a beautifully crafted retreat where a stunning live-edge oak breakfast bar with leather stools awaits.

This inviting space is perfect for relaxation and gathering, offering a unique blend of comfort and style. Enjoy the thoughtfully designed interiors that make Ethan's Den a true home away from home.",,https://ik.imagekit.io/OE/nelson-county/listings/ethan-s-den-image1_HVu8A1W40,"House surrounded by trees, stone stairs lead to entrance, overcast sky.",,https://ik.imagekit.io/OE/nelson-county/listings/ethan-s-den-image2_cmXPqoYQ1,"Two brown leather sofas, black ottoman, fireplace in cozy living room.",,,,,,,"Roseland, VA 22967",josh,2026-01-05,2026-01-12,https://www.google.com/maps/dir/?api=1&destination=Roseland%2C%20VA%2022967,,,,,,,,,,,,,,Breakfast; Bar; Pet Friendly,false,https://www.google.com/maps/dir/?api=1&destination=Roseland%2C%20VA%2022967,false
229,The Mountain House INN,the-mountain-house-inn,Whole House Rentals,stay,Montebello,The Mountain House Inn is a remodeled two-story retreat on an 18-acre sunny mountain property offering quiet escapes near Montebello and Crabtree Falls.,,,https://ik.imagekit.io/OE/nelson-county/listings/the-mountain-house-inn-image1_14xY4wm22,"White house with black shutters, front porch, surrounded by trees and bushes.",,https://ik.imagekit.io/OE/nelson-county/listings/the-mountain-house-inn-image2_sFnHTrV_p,"Glass doors with outside view; plaid chair, paintings, lamp, and water bottle inside.",,,,,,,"Montebello, VA 24464",josh,2026-01-05,2026-01-12,https://www.google.com/maps/dir/?api=1&destination=Montebello%2C%20VA%2024464,,,,,,,,,,,,,,Scenic Views; Pet Friendly; Cabins; Lodging,false,https://www.google.com/maps/dir/?api=1&destination=Montebello%2C%20VA%2024464,false
230,Sweet Afton,sweet-afton,Cabins & Cottages,stay,Afton,"Sweet Afton is a historic two-bedroom cottage on 1.55 fenced acres with 1-gig fiber internet, fire pit, and sweeping mountain views near Veritas.","Sweet Afton is a charming 2-bedroom, 1-bath country cottage nestled in the heart of wine and beer country in Afton. This quaint retreat sits on 1.55 fenced-in acres—perfect for bringing your pups—and offers incredible mountain views in a location that is hard to beat. Whether you're visiting for wine and beer hopping, a vineyard wedding (Veritas Winery is just a 3-minute drive away), or outdoor adventures (Blue Ridge Tunnel Trail is 3 minutes away, and Shenandoah National Park is 15 minutes away), Sweet Afton is the ideal getaway!

This historic cottage has been recently updated with modern amenities, including central heating and air, updated kitchen appliances, and tasteful new furnishings that create a fresh, relaxing atmosphere. The property features well-maintained gardens, a hammock, a fire pit with seating for six, and two porches where you can enjoy your morning coffee or an evening glass of wine. Upon entering from the rear driveway, you'll find a fully equipped kitchen and a spacious dining room that seats six, complete with large bay windows showcasing beautiful mountain views. A central hallway leads to both bedrooms (each with queen beds), a full bath, and an inviting living room featuring a pull-out couch (king size but can also be a double), a TV, and a desk. The 10-foot ceilings and large windows throughout the cottage create a bright and airy feel. The front of the house boasts a covered porch with six rocking chairs and a gas grill, while large bushes provide privacy from the nearby road. Truly a perfect retreat with everything you need! **Please note there is a $75 pet cleaning fee per dog, with a maximum of 2 dogs.**",,https://ik.imagekit.io/OE/nelson-county/listings/sweet-afton-image1_m_yOnzFcR,"White house with metal roof, surrounded by green trees and landscaped garden.",,https://ik.imagekit.io/OE/nelson-county/listings/sweet-afton-image2_9785_Norw,"Bright living room with sofa, chairs, TV, plants, wooden floor.",,,,,,,"Afton, VA 22920",josh,2026-01-05,2026-01-12,https://www.google.com/maps/dir/?api=1&destination=Afton%2C%20VA%2022920,,,,,,,,,,,,,,Scenic Views; Pet Friendly; Cabins; Lodging,false,https://www.google.com/maps/dir/?api=1&destination=Afton%2C%20VA%2022920,false
231,Three Sisters Pre-Civil War Log Cabin,three-sisters-pre-civil-war-log-cabin,Cabins & Cottages,stay,Montebello,"Three Sisters Pre-Civil War Log Cabin is an 1840 two-story log home with queen loft skylight, twin beds, private sauna, and hot tub on a secluded Blue Ridge property.","Three Sisters Cabin is a historic, pre-Civil War log cabin, one of only a few surviving two-story log cabins along Virginia's scenic Blue Ridge Parkway. Three Sisters is the only Virginia property featured in 'The Top 100 Most Beautiful Rustic Vacation Properties in North America.' We invite you to relax and recharge in the cabin, sauna, and hot tub because you deserve it!

Lay in the comfy queen-sized bed to stargaze at the beautifully lit sky through the skylight. The cabin also features two twin beds, accommodating up to four guests. Built in 1840, Three Sisters is set on a private, serene property and boasts a hot tub and sauna to help you relax and forget your troubles. Guests often refer to their stay at Three Sisters as magical.",,https://ik.imagekit.io/OE/nelson-county/listings/three-sisters-pre-civil-war-log-cabin-image1_nzuSv7NvJ,Log cabin with blooming flowers and lush green surroundings in sunlight.,,https://ik.imagekit.io/OE/nelson-county/listings/three-sisters-pre-civil-war-log-cabin-image2_7KHbMqFRu,Cozy log cabin living room with rustic furniture and wood stove.,,,,,,,"Roseland, VA 22967",josh,2026-01-05,2026-01-12,https://www.google.com/maps/dir/?api=1&destination=Roseland%2C%20VA%2022967,,,,,,,,,,,,,,Cabins; Lodging; Scenic Views,false,https://www.google.com/maps/dir/?api=1&destination=Roseland%2C%20VA%2022967,false
232,Nine Ridges Retreat,nine-ridges-retreat,Whole House Rentals,stay,Montebello,"Nine Ridges Retreat is a six-guest mountain home on 20 acres with artisan furnishings, sweeping Three Ridges views, and close access to Crabtree Falls and the Parkway.","Escape to Nine Ridges Retreat, a serene mountain getaway perfect for the whole family. Nestled on 20 private acres, it offers breathtaking views of Three Ridges, Chimney Rock, and Maintop Mountain. Enjoy peaceful sleep, the sounds of nature, and stargazing with a deluxe telescope. Just 2 miles from Crabtree Falls and 4 miles from the Blue Ridge Parkway, our home comfortably sleeps 6.

Unwind and immerse yourself in nature—you deserve it. Nine Ridges Retreat provides a private, quiet setting to enjoy stunning mountain views. Much of the artwork and some of the furniture is crafted by the owner, a local artisan. Experience the tranquility and beauty that this retreat has to offer.",,https://ik.imagekit.io/OE/nelson-county/listings/nine-ridges-retreat-image1_ARsa0BTWa,"Wooden deck with wicker furniture, brick wall, and decorative metal gate.",,https://ik.imagekit.io/OE/nelson-county/listings/nine-ridges-retreat-image2_hw7Y6NpIq,"Spacious living room with leather couch, telescope, large windows, and high ceiling.",,,,,,,"Montebello, VA 24464",josh,2026-01-05,2026-01-12,https://www.google.com/maps/dir/?api=1&destination=Montebello%2C%20VA%2024464,,,,,,,,,,,,,,Outdoor Seating; Scenic Views; Cabins; Lodging,false,https://www.google.com/maps/dir/?api=1&destination=Montebello%2C%20VA%2024464,false
233,Grace's Place Petite Retreats,graces-place-petite-retreats,Whole House Rentals,stay,Roseland,"Grace's Place Petite Retreats offers four well-appointed tiny homes exclusively for registered guests, each with curated amenities for a boutique stay. We offer 4 well appointed tiny homes listed on Airbnb.",,,https://ik.imagekit.io/OE/nelson-county/listings/grace-s-place-petite-retreats-image1_fQcv5Afd28,Three tiny white houses on green lawn with trees and mountains.,,https://ik.imagekit.io/OE/nelson-county/listings/grace-s-place-petite-retreats-image2_3X3Me3-iY,"Cozy living room with blue couch, kitchen, and wooden dining table, well-lit space.",,,,,,,"Wintergreen, VA 22958",josh,2026-01-05,2026-01-12,https://www.google.com/maps/dir/?api=1&destination=Wintergreen%2C%20VA%2022958,,,,,,,,,,,,,,Retail; Cabins; Lodging,false,https://www.google.com/maps/dir/?api=1&destination=Wintergreen%2C%20VA%2022958,false
234,Cottage on the Trail,cottage-on-the-trail,Cabins & Cottages,stay,Afton,"Cottage on the Trail is a poolside suite on a private estate along the Rockfish River with pergola seating, fire pit, and easy Route 151 access. Wake to gorgeous Mountain views & rolling green meadows bordering the Rockfish River on our family estate.","Wake to gorgeous mountain views and rolling green meadows bordering the Rockfish River on our family estate. This private attached unit features a built-in pool (available mid-April to mid-September) in the Blue Ridge Mountains of Nelson County, Virginia, located at the center of the 151 Brew Ridge Trail. Much preparation has gone into making your stay beautiful, convenient, and comfortable. Enjoy the option of minimal physical interaction if that’s your desire.

Experience a variety of activities including swimming, hiking, kayaking, horseback riding, skiing, snowboarding, and more! A three-night minimum stay is required. The Cottage includes:

- A swimming pool outside the front door next to the patio with a pergola sitting area and fire pit, loungers, and tables, open mid-April through mid-September.
- Paved parking for 2 or 3 cars near the front door.
- ADA handicap accessible large doorways to the master bedroom and large walk-in showers.
- A private entrance with no steps.
- Two beautiful bedrooms, one with a king bed and one with a queen bed.
- A double-size futon and sleeper sofa in the living room.
- Two full baths with large walk-in showers.
- HD Smart TVs in the master bedroom and living room with Netflix and Sling TV.
- A full kitchen stocked with cooking supplies and basic seasonings, including a drip coffee machine with coffee provided.
- An herb garden in season for our guests, featuring parsley, rosemary, thyme, basil, chives, oregano, and mint for your culinary use.
- A high chair and playpen available upon request.
- A partially covered concrete patio, gas grill, and patio set with an umbrella for outdoor dining.
- A beautiful lawn area right outside the cottage for sitting, children, and lawn games.
- A cornhole set available upon request.

Lodging descriptions are provided by the host and not independently verified. Staff on site? Yes. Pet-friendly? Yes. Located in Afton.",,https://ik.imagekit.io/OE/nelson-county/listings/cottage-on-the-trail-image1_h7NQP2nxe,"Patio with white furniture, umbrella, plants, beside red brick house, surrounded by trees.",,https://ik.imagekit.io/OE/nelson-county/listings/cottage-on-the-trail-image2_t0vpxlZDh,"Cozy living room with sofas, TV, wooden floor, and decorative plants.",,,,,,,"Nellysford, VA 22958",josh,2026-01-05,2026-01-12,https://www.google.com/maps/dir/?api=1&destination=Nellysford%2C%20VA%2022958,,,,,,,,,,,,,,Outdoor Seating; Pool; Seasonal Menu; Scenic Views; Pet Friendly; Cabins; Water Sports; Fishing,false,https://www.google.com/maps/dir/?api=1&destination=Nellysford%2C%20VA%2022958,false
235,Rockfish Farmhouse,rockfish-farmhouse,Cabins & Cottages,stay,Afton,"Wineries, breweries, cideries and distilleries are within close proximity Stunning views can be enjoyed by a beautiful fire pit in back yard.","Quaint destination with farmhouse charm in the heart of 151. Wineries, breweries, cideries, and distilleries are within close proximity. The farmhouse comfortably sleeps 7 people, and stunning views can be enjoyed by a beautiful fire pit in the backyard. The host and owner of this property lives in Nelson County.

*Lodging descriptions are provided by the host and not independently verified.*",,https://ik.imagekit.io/OE/nelson-county/listings/rockfish-farmhouse-image1_wzu_Rq50n,"White two-story house with porch, surrounded by trees and green lawn.",,https://ik.imagekit.io/OE/nelson-county/listings/rockfish-farmhouse-image2_PVq4ctzq3,"Spacious kitchen with wooden beams, dining table, and large windows overlooking scenery.",,,,,,,"Afton, VA 22920",josh,2026-01-05,2026-01-12,https://www.google.com/maps/dir/?api=1&destination=Afton%2C%20VA%2022920,,,,,,,,,,,,,,Scenic Views; Cabins; Lodging; Farm; Fishing; Beer,false,https://www.google.com/maps/dir/?api=1&destination=Afton%2C%20VA%2022920,false
236,Fulton Belle Vue,fulton-belle-vue,Cabins & Cottages,stay,Afton,"Lovely outdoor spaces with a screened in porch, rockers on front porch as well as a fire pit to enjoy the amazing views of the Blue Ridge Mountains.","Completely renovated farmhouse conveniently located in the heart of the 151 Brew Trail. This charming retreat features five spacious bedrooms, a large open kitchen, and a family room, as well as three full baths.

Enjoy lovely outdoor spaces, including a screened-in porch, rockers on the front porch, and a fire pit to take in the amazing views of the Blue Ridge Mountains.",,https://ik.imagekit.io/OE/nelson-county/listings/fulton-belle-vue-image1_0k1CSckNN,"White house with red door, black windows, front porch, and rocking chairs.",,https://ik.imagekit.io/OE/nelson-county/listings/fulton-belle-vue-image2_nV9yBSaDG,"Modern kitchen with white cabinets, wood accents, stainless appliances, and central island.",,,,,,,"Afton, VA 22920",josh,2026-01-05,2026-01-12,https://www.google.com/maps/dir/?api=1&destination=Afton%2C%20VA%2022920,,,,,,,,,,,,,,Scenic Views; Outdoor Seating; Cabins; Lodging; Farm,false,https://www.google.com/maps/dir/?api=1&destination=Afton%2C%20VA%2022920,false
237,Spindle Hill Farm,spindle-hill-farm,Bed and Breakfast,stay,Nellysford,Spindle Hill Farm features a handcrafted cedar hot tub cottage and restored 1932 schoolhouse on a 50-acre family farm with private trails and ponds. Two extraordinary homes on one 50 acre family farm.,"Two extraordinary homes on one 50-acre family farm. Our handcrafted guest cottage has been one of Nelson County's most beloved rentals for more than a decade, and we're excited to offer the historic 1932 Wintergreen School House as an additional rental on our family homestead.

Both spaces are extraordinary, carefully curated, rich in local history and art, and designed to be ecologically sensitive. On a 19th-century family farm, the Cottage and School House at Spindle Hill Farm are beautiful, light-filled spaces furnished with unique textiles, antiques, art, and books. Both are located in the best part of Nelson County, yet very private, on a dead-end road that only serves our farm. The Cottage (sleeps 5) features a handcrafted cedar hot tub, Jotul woodstove, and clawfoot tub, while the historic 1932 School House (sleeps 6) boasts its original, enormous Rosenwald-style window bank, fireplace, two private ponds, and a gorgeous patio. Every detail has been considered in both, and you'll see why these spaces are destinations unto themselves. Enjoy private walking and hiking trails, within walking distance of Devil's Backbone Brewery and Bold Rock, the Rockfish Valley Loop Trail, and just minutes from Wintergreen Resort and the Appalachian Trail. Our farm is a creative oasis and a one-of-a-kind experience.",,https://ik.imagekit.io/OE/nelson-county/listings/spindle-hill-farm-image1_bR7IuBIDF,Red house surrounded by autumn trees and colorful leaves.,,https://ik.imagekit.io/OE/nelson-county/listings/spindle-hill-farm-image2_A3BcpVovb,"Bright living room with beige sofa, colorful pillows, and large sunny windows.",,,,,,,"Nellysford, VA 22958",josh,2026-01-05,2026-01-12,https://www.google.com/maps/dir/?api=1&destination=Nellysford%2C%20VA%2022958,,,,,,,,,,,,,,Breakfast; Pet Friendly; Lodging; Farm,false,https://www.google.com/maps/dir/?api=1&destination=Nellysford%2C%20VA%2022958,false
238,Beech Grove Cabins,beech-grove-cabins,Cabins & Cottages,stay,Roseland,"Beech Grove Cabins offers four two-bedroom log cabins with full kitchens, gas fireplaces, Adirondack porches, and communal fire pit near Wintergreen. Four (4) two-bedroom/one-bathroom cabins with a full kitchen, separate living and dining areas with central heat and air conditioning.","Four (4) two-bedroom/one-bathroom cabins with a full kitchen, separate living and dining areas, and central heat and air conditioning. Each bedroom and the living room have a ceiling fan, and for cozy nights in the late fall and winter, we have a gas fireplace that turns on with the flip of a switch.

All the amenities are included; the full kitchen has all the pots and pans needed for cooking a regular meal or a Thanksgiving feast. Bed linens and plenty of towels are provided. Each cabin features a welcoming large front porch with Adirondack chairs, perfect for enjoying your morning coffee, a nice book, or an evening listening to the owls. Our cabins are true log cabins, built with solid round logs. We take our cleaning regimen seriously and are very proud of it. All sheets and quilts (and blankets if used) are cleaned between every guest. We daresay you won't find many, if any, other accommodations where the quilts are washed every single time.

We are wonderfully situated between Wintergreen and all the breweries, cideries, and wineries in the Rockfish Valley. It's easy to access the fun activities offered at Wintergreen while still enjoying all that the craft brewing trail has to offer when you stay here. Our cabins are secluded away from the road, yet close enough to each other to allow for interaction. You can enjoy the solitude of your own cabin or connect with others—perfect for friends' getaways, family reunions, birthday celebrations, etc. We have a wonderful communal fire pit area with plenty of firewood and comfortable chairs to enjoy cornhole, a bottle of wine, or local craft beers. Two picnic tables easily accommodate large families for dining al fresco.",,https://ik.imagekit.io/OE/nelson-county/listings/beech-grove-cabins-image1_A2-avjhQ3,Log cabin with porch surrounded by colorful autumn trees.,,https://ik.imagekit.io/OE/nelson-county/listings/beech-grove-cabins-image2_2BR_h4hG2,"Cozy log cabin interior with red sofa, wooden walls, and kitchen area.",,,,,,,"Roseland, VA 22967",josh,2026-01-05,2026-01-12,https://www.google.com/maps/dir/?api=1&destination=Roseland%2C%20VA%2022967,,,,,,,,,,,,,,Fuel; Cabins; Pet Friendly; Lodging,false,https://www.google.com/maps/dir/?api=1&destination=Roseland%2C%20VA%2022967,false
239,Slipper Slope,slipper-slope,Vacation Rentals,stay,Wintergreen Resort,"Slipper Slope is a four-bedroom ski-in/ski-out condo on Upper Diamond Hill with spacious layout and true ground-level slope access. Hard to find a bottom floor ski in ski out, especially with 4 bedroom, very spacious.","Experience the ultimate ski getaway in this spacious 4-bedroom condo located at the resort, offering true ski-in/ski-out access on the Upper Diamond Hill slope. Finding a bottom-floor ski-in/ski-out option with this much space is a rare find, making it perfect for families or groups looking to enjoy the slopes together.

*Lodging descriptions are provided by the host and not independently verified. Staff on site? No. Pet-friendly? Yes. Located in Wintergreen.",,https://ik.imagekit.io/OE/nelson-county/listings/slipper-slope-image1_KnYfEnts_,"Chairs and table in snow, skis standing nearby under clear blue sky.",,https://ik.imagekit.io/OE/nelson-county/listings/slipper-slope-image2_OZItoe3rJ,"Spacious living room with beige sofa, dining area, modern decor, and soft lighting.",,,,,,,"Wintergreen Resort, Roseland, VA 22967",josh,2026-01-05,2026-01-12,https://www.google.com/maps/dir/?api=1&destination=Wintergreen%20Resort%2C%20Roseland%2C%20VA%2022967,,,,,,,,,,,,,,Scenic Views; Snow Sports; Pet Friendly,false,https://www.google.com/maps/dir/?api=1&destination=Wintergreen%20Resort%2C%20Roseland%2C%20VA%2022967,false
240,Wintergreen Resort,wintergreen-resort-2,Whole House Rentals,stay,Wintergreen Resort,"Wintergreen Resort offers professionally managed studios, condos, and private homes with exclusive guest access to Aquatics, Devils Knob golf, racquet sports, and on-mountain shuttles.","A mountaintop escape doesn't have to mean roughing it. When you come to Wintergreen Resort, you are here to relax, refresh, and rejuvenate in your choice of relaxing and professionally managed accommodations. Each unit is unique, offering a variety of studio and lodge rooms, multi-bedroom condominiums, and large private homes to choose from.

With multiple floor plans, we can find the ideal setting to help you unwind and have a great experience. All accommodations reserved through Wintergreen Resort offer the Wintergreen Advantage with access to exclusive guest amenities such as the Aquatics and Fitness Center, Devils Knob Golf and Racquet sports, Devils Grill, and on-mountain shuttle service. Resort lodging guests also have priority access to winter sports with guaranteed lift tickets, equipment rental, and advance tubing reservations.",,https://ik.imagekit.io/OE/nelson-county/listings/wintergreen-resort-image1_DTQTx2-_k,"Hillside resort with lit buildings, surrounded by dense green forest under cloudy sky.",,https://ik.imagekit.io/OE/nelson-county/listings/wintergreen-resort-image2_f2LK270xS,"Modern living room with gray sofa, armchairs, and large window.",,,,,,(855) 699-1858,"39 Mountain Inn Loop, Wintergreen, VA 22967",josh,2026-01-05,2026-01-12,https://www.google.com/maps/dir/?api=1&destination=39%20Mountain%20Inn%20Loop%2C%20Wintergreen%2C%20VA%2022967,,,,,,,,,,,,,,Full Service Resort; Golf; Lodging; Meeting Planners; Pet Friendly; Resort; Scenic Views,false,https://www.google.com/maps/dir/?api=1&destination=39%20Mountain%20Inn%20Loop%2C%20Wintergreen%2C%20VA%2022967,false
241,Camp Blue Ridge,camp-blue-ridge,Campgrounds & Glamping,stay,Montebello,"Camp Blue Ridge provides 22 two-bedroom cabins plus motel rooms, meeting spaces, and pet-friendly grounds for families and groups in the Blue Ridge Mountains. Camp Blue Ridge offers a total of 22 cabins of varying styles.","Camp Blue Ridge offers a total of 22 cabins of varying styles, including 9 Standard Cabins, 9 Family Style Cabins, 2 Deluxe Cabins, 2 Premier Cabins, a few motel rooms, and 1 cabin suite. All our housing units feature 2 bedrooms and 2 bathrooms with a shared center space. Each cabin is equipped with mini split heat and air units in each bedroom.

Camp Blue Ridge provides a safe, family, and pet-friendly space for guests of all ages to experience the natural beauty of the Blue Ridge Mountains. With multiple housing options, meeting spaces, and activities, we are certain to meet the needs of any guest.",,https://ik.imagekit.io/OE/nelson-county/listings/camp-blue-ridge-image1_8a87ApjMt,Wooden cabins surrounded by trees with a gravel path in sunlight.,,https://ik.imagekit.io/OE/nelson-county/listings/camp-blue-ridge-image2_xMgxhhVvt,Rustic wooden bed with white pillows and folded towels in cozy room.,,,,,,(434) 760-0818,"355 Camp Blue Ridge Road, Montebello, VA 24464",josh,2026-01-05,2026-01-12,https://www.google.com/maps/dir/?api=1&destination=355%20Camp%20Blue%20Ridge%20Road%2C%20Montebello%2C%20VA%2024464,,,,,,,,,,,,,,Events; Family Friendly; Pet Friendly; Cabins; Scenic Views,false,https://www.google.com/maps/dir/?api=1&destination=355%20Camp%20Blue%20Ridge%20Road%2C%20Montebello%2C%20VA%2024464,false
242,Devils Backbone Camp,devils-backbone-camp,Campgrounds & Glamping,stay,Roseland,"Devils Backbone Camp pairs RV and tent sites with craft beverage venues, live music, and easy access to hiking, Blue Ridge Parkway, and Nelson 151 attractions.","Devils Backbone Camp offers an unparalleled camping experience in the heart of the Blue Ridge Mountains, combining a casual camp experience with world-class craft beverages and food. With a range of sites, from full-hook-up RV to rustic wooded tent sites, we provide options for every type of adventurer.

Nestled in a 5-acre bier garden featuring yard games, numerous seating options, and seasonal live music, our Basecamp Brewpub is open daily with 16+ taps, a full bar, and a seasonal menu featuring smoked meats and something for the whole family to enjoy. In addition to our Basecamp Indoor Brewpub, we have our craft Distillery Lounge, Shanty Cigar Lounge, Summit merchandise shop, and Meadows Outdoor Bar & Grill on the property to enjoy as well. Centrally located in the Rockfish Valley, we invite you to experience the best of camping and craft culture!",,https://ik.imagekit.io/OE/nelson-county/listings/devils-backbone-camp-image1_pHe83b4NS,"Lush green landscape with mountains, clouds, and scattered buildings under blue sky.",,https://ik.imagekit.io/OE/nelson-county/listings/devils-backbone-camp-image2_KO8HGz9jI,"Wooden camper check-in booth with brochures and person inside, sunny day.",,,,,,(434) 361-1001,"200 Mosbys Run, Roseland, VA 22967",josh,2026-01-05,2026-01-12,https://www.google.com/maps/dir/?api=1&destination=200%20Mosbys%20Run%2C%20Roseland%2C%20VA%2022967,,,,,,,,,,,,,,Beer; Live Music; Pet Friendly; Scenic Views; Hiking,false,https://www.google.com/maps/dir/?api=1&destination=200%20Mosbys%20Run%2C%20Roseland%2C%20VA%2022967,false
243,The Haven at Devils Backbone Camp,haven-at-devils-backbone-camp,Cabins & Cottages,stay,Roseland,"The Haven at Devils Backbone is a 3,750-square-foot Lindal Cedar home with luxury finishes, five bedrooms, and easy walkable access to Devils Backbone Basecamp.",,,https://ik.imagekit.io/OE/nelson-county/listings/the-haven-at-devils-backbone-camp-image1_sTmmYqLUn,"Modern house with large windows, surrounded by green lawn and trees.",,https://ik.imagekit.io/OE/nelson-county/listings/the-haven-at-devils-backbone-camp-image2_oepz3JJge,"Spacious living room with large windows, wooden floors, and comfortable seating arrangement.",,,,,,,"200 Mosbys Run, Roseland, VA 22967",josh,2026-01-05,2026-01-12,https://www.google.com/maps/dir/?api=1&destination=200%20Mosbys%20Run%2C%20Roseland%2C%20VA%2022967,,,,,,,,,,,,,,Beer; Scenic Views; Pet Friendly; Cabins; Lodging,false,https://www.google.com/maps/dir/?api=1&destination=200%20Mosbys%20Run%2C%20Roseland%2C%20VA%2022967,false
244,Relaxing 3 bedroom Mountain Cabin,relaxing-3-bedroom-mountain-cabin,Cabins & Cottages,stay,Roseland,"Relaxing 3 Bedroom Mountain Cabin is a tri-level Wintergreen home with wraparound decks, observation platform, wood fireplace, and firewood provided.","Beautiful cabin in the woods! Welcome to our home! This beautiful mountain cabin is located on the top of Wintergreen Resort, and we are pleased to offer your family the same stress-free, relaxing getaway we love to enjoy. The house is a perfect fit for enjoying Wintergreen with family and friends.

It features a great open living and dining area on the middle floor where groups can spend their time together, as well as upper and lower floors that offer quiet and privacy. There is a wonderful wood-burning fireplace, and firewood is provided. The kitchen is well stocked with all the pots and pans you will need, and there is even a gas grill. A Keurig and regular drip coffee pot are provided—just bring your own K-cups. All linens are included. The entryway to the home has easy access with a flat driveway (steps are required to get to the front door).

Enjoy the wraparound deck on the main level, a privacy deck attached to the master bedroom, and a lower deck for the two lower bedrooms. The “stairway to heaven” leads you to an observation deck with seating and a serene view, perfect for a picnic or an evening around the fire pit. Wi-Fi, Roku, and loads of old DVDs can fill the downtime. The cabin is in a great location with easy access to skiing, snow tubing, outdoor swimming pools, and tons of hiking trails right out the front door. The Mountain Inn and Conference Center are also a short distance away. The unique upper deck is nestled in the forest, overlooking the house and beyond, surrounded by natural ferns and trees. A split room layout offers privacy for groups traveling together.",,https://ik.imagekit.io/OE/nelson-county/listings/relaxing-3-bedroom-mountain-cabin-image1_VkgnJV9cW,"Beige house with wooden accents, surrounded by leafless trees and stone steps.",,https://ik.imagekit.io/OE/nelson-county/listings/relaxing-3-bedroom-mountain-cabin-image2_tTW_FmdOS,"Cozy living room with stone fireplace, leather chairs, and a mounted TV.",,,,,,,"Wintergreen Resort, Roseland, VA 22967",josh,2026-01-05,2026-01-12,https://www.google.com/maps/dir/?api=1&destination=Wintergreen%20Resort%2C%20Roseland%2C%20VA%2022967,,,,,,,,,,,,,,Outdoor Seating; Cabins; Lodging,false,https://www.google.com/maps/dir/?api=1&destination=Wintergreen%20Resort%2C%20Roseland%2C%20VA%2022967,false
245,Mountain Dacha,mountain-dacha,Whole House Rentals,stay,Roseland,"Mountain Dacha is a four-bedroom, three-bath home adjacent to a Wintergreen golf course with cozy interiors suited for year-round resort activities.","Experience the comfort of 'Mountain Dacha,' a cozy 4-bedroom, 3-bath house located adjacent to a golf course and just a short distance from skiing slopes. This property is perfect for year-round activities, providing a welcoming retreat for families and friends alike.

Please note that the featured pictures are not representative of this property. For detailed photos, visit the website and navigate to the 'About Us' tab to find the 'Photo Gallery' link. Lodging descriptions are provided by the host and not independently verified. Pet-friendly accommodations are available in Roseland.",,https://ik.imagekit.io/OE/nelson-county/listings/mountain-dacha-image1_qFTjg3emv,Elevated gray house with wooden stilts and staircase against blue sky.,,https://ik.imagekit.io/OE/nelson-county/listings/mountain-dacha-image2_5omwzRo6V,"Modern living room with island, pendant lights, dining table, and cozy seating area.",,,,,,,"Wintergreen Resort, Roseland, VA 22967",josh,2026-01-05,2026-01-12,https://www.google.com/maps/dir/?api=1&destination=Wintergreen%20Resort%2C%20Roseland%2C%20VA%2022967,,,,,,,,,,,,,,Golf; Scenic Views; Family Friendly; Pet Friendly,false,https://www.google.com/maps/dir/?api=1&destination=Wintergreen%20Resort%2C%20Roseland%2C%20VA%2022967,false
246,"Panoramic Peak - Vistas 1559, Wintergreen",panoramic-peak-vistas-1559-wintergreen,Whole House Rentals,stay,Wintergreen Resort,"Panoramic Peak is a renovated one-bedroom, two-bath Wintergreen condo with sweeping valley views, sleeper sofa, and summer access to resort pools.","Panoramic Peak is situated in the heart of Wintergreen Resort and boasts stunning mountain views from every window. Whether you are coming for a summer getaway or to enjoy a winter skiing, tubing, or snowboarding trip, Panoramic Peak is a great place to set up home base. From exploring Nelson 151 to hiking, golfing, or swimming, you will never be at a loss for activities, regardless of the season.

The condo features one bedroom with two full bathrooms and comfortably sleeps four, thanks to a well-appointed sleeper sofa in the living area. Panoramic Peak is family-friendly, and during the summer months, guests have access to the Chestnut Springs and Rodes Valley Pools. The condo's main features include a kitchen with a fridge, dishwasher, oven, Berkey Water Filter, coffee pot, tea kettle, pantry, and washer & dryer. The dining/living area offers a table and chairs with seating for four, a WFH space (desk and chair), a pull-out sleeper sofa, an armchair, a wood-burning fireplace, games, and access to the balcony. The first bathroom includes a full bathroom with a shower/bath combo. The bedroom features a queen bed, dresser, TV with cable, armchair, bench, and access to the balcony. The second bathroom is an en suite full bathroom with a shower/bath combo. The balcony is equipped with a table and chairs for four. Please note that the complex has a very strict 'no smoking' policy, which prohibits smoking on balconies, walkways, or in stairwells, and violations of this policy are subject to a fine.",,https://ik.imagekit.io/OE/nelson-county/listings/panoramic-peak-vistas-1559-wintergreen-image1_0yAxafh3B,Snow-covered hills and trees under bright sun and clear blue sky.,,https://ik.imagekit.io/OE/nelson-county/listings/panoramic-peak-vistas-1559-wintergreen-image2_3dbe2CCc_,"Living room with large windows, balcony view of ocean and sky.",,,,,,,"Wintergreen Resort, Roseland, VA 22967",josh,2026-01-05,2026-01-12,https://www.google.com/maps/dir/?api=1&destination=Wintergreen%20Resort%2C%20Roseland%2C%20VA%2022967,,,,,,,,,,,,,,Scenic Views; Pool; Seasonal Menu; Cabins; Lodging,false,https://www.google.com/maps/dir/?api=1&destination=Wintergreen%20Resort%2C%20Roseland%2C%20VA%2022967,false
247,Skis and Trees,skis-and-trees,Whole House Rentals,stay,Roseland,"Skis and Trees is a ski-in/ski-out Tyro slope chalet with two king master suites, kids loft, six-person hot tub, and renovated gourmet kitchen. Completely renovated, 3 BR/2BA chalet, located on Lower Tyro slope, just below Tequila.","Completely renovated, this 3 BR/2BA chalet is located on the Lower Tyro slope, just below Tequila. Featuring rustic decor, a fully stocked kitchen with high-end appliances and granite counters, the open floor plan boasts walls of windows that offer stunning mountain views. Enjoy the beautiful stone fireplace and ample comfortable seating throughout the living area.

The chalet includes two main floor master suites, each with a king bed, TV, and luxurious bedding. The loft serves as a dedicated kids' space, equipped with two sets of bunks, a daybed with trundle, TV, and PS4. Additional amenities include a gas grill and a six-person hot tub, making this the perfect ski home to host two families or a romantic couple's getaway. Experience ski-in/ski-out convenience and unwind in the hot tub after a day on the slopes.",,https://ik.imagekit.io/OE/nelson-county/listings/skis-and-trees-image1_uQ5JEwsyD,Elevated cabin in snowy forest surrounded by leafless trees under clear blue sky.,,https://ik.imagekit.io/OE/nelson-county/listings/skis-and-trees-image2_XL_YPnQw4,"Wooden kitchen with island, bar stools, pendant lights, stainless appliances, and vaulted ceiling.",,,,,,,"Wintergreen Resort, Roseland, VA 22967",josh,2026-01-05,2026-01-12,https://www.google.com/maps/dir/?api=1&destination=Wintergreen%20Resort%2C%20Roseland%2C%20VA%2022967,,,,,,,,,,,,,,Skiing; Full Kitchen; Cabins; Lodging,false,https://www.google.com/maps/dir/?api=1&destination=Wintergreen%20Resort%2C%20Roseland%2C%20VA%2022967,false
248,Mountain Dreams Condo,mountain-dreams-condo,Whole House Rentals,stay,Roseland,"Mountain Dreams Condo at The Ledges offers two-story living with two bedrooms, dual fireplaces, redesigned king suite, and expansive views over the Rockfish Valley. A brand new Dream Cloud King size bed is in the lower suite with a queen and bunks in the guest room.","This unit is located at The Ledges, just a five-minute drive to the Mountain Inn. Mountain Dreams is a newly designed, phenomenal condo with amazing 180-degree views of Charlottesville, Lake Monocan, the UVA observatory, and ski slopes. This two-story condo is situated at the highest elevation—a great location—just 8 miles from Devils Backbone Brewery and Bold Rock Cider.

Walk across the street for stone-fired pizza and beer at Fire and Frost. Stroll to the spa for a treatment or take the shuttle down to the Mountain Inn during the winter season. Please note that we do not offer access to the Wintergreen fitness center or pool. For skiers, we’re a short walk to the Upper Wild Turkey ski lift. In addition to the stunning views, this condo provides two levels of comfortable living with a large bedroom and full bath on each floor, along with two fireplaces, including one in the lower primary suite. The lower primary suite has just been redesigned to ensure a wonderful sleep experience, featuring a brand new DreamCloud king-size bed, with a queen and bunks in the guest room. Enjoy professionally cleaned hotel-quality linens and towels.",,https://ik.imagekit.io/OE/nelson-county/listings/mountain-dreams-condo-image1_5ySBVIX4i,"Sunset over mountains, vibrant sky, lush green trees in foreground.",,https://ik.imagekit.io/OE/nelson-county/listings/mountain-dreams-condo-image2_Eba2At3G7,"Cozy living room with fireplace, ocean view, and blue sofa.",,,,,,,"Wintergreen Resort, Nellysford, VA 22958",josh,2026-01-05,2026-01-12,https://www.google.com/maps/dir/?api=1&destination=Wintergreen%20Resort%2C%20Nellysford%2C%20VA%2022958,,,,,,,,,,,,,,Lodging; Pet Friendly; Cabins; Fishing,false,https://www.google.com/maps/dir/?api=1&destination=Wintergreen%20Resort%2C%20Nellysford%2C%20VA%2022958,false
249,Wintergreen Vistas,wintergreen-vistas,Whole House Rentals,stay,Roseland,"Wintergreen Vistas comprises two ridge-line condos—one two-bedroom, one three-bedroom—each with full kitchens, decks, and standout Blue Ridge views. One is a 2 bedroom, 2 bath unit, while the other is 3 bedroom, 3 bath The resort is found on the Sunrise Side of the Blue Ridge Mountains and is conveniently located close to Charlottesville, Staunton, Lynchburg, and Waynesboro.",,,https://ik.imagekit.io/OE/nelson-county/listings/wintergreen-vistas-image1_eY_qdT5Qf,Buildings nestled in lush green hills with distant mountain view.,,https://ik.imagekit.io/OE/nelson-county/listings/wintergreen-vistas-image2_mWjjYi8o7,"Cozy living room with brown sofa, stone fireplace, and open kitchen area.",,,,,,,"Wintergreen Resort, Roseland, VA 22967",josh,2026-01-05,2026-01-12,https://www.google.com/maps/dir/?api=1&destination=Wintergreen%20Resort%2C%20Roseland%2C%20VA%2022967,,,,,,,,,,,,,,Scenic Views; Cabins; Lodging,false,https://www.google.com/maps/dir/?api=1&destination=Wintergreen%20Resort%2C%20Roseland%2C%20VA%2022967,false
250,Clonmel Acres,clonmel-acres,Cabins & Cottages,stay,Afton,"This spot is perfect for family reunions, wine enthusiasts exploring local vineyards, or groups of friends looking for a quiet place to gather.","Clonmel Acres is a historic farmhouse in Afton, Virginia, just minutes from Nelson 151 and the Blue Ridge Mountains. This remarkable estate, featuring 5 bedrooms and 3.5 bathrooms, offers an unparalleled retreat for up to 12 guests. With over 30 acres of land, a private pond, and historic grandeur, Clonmel is your gateway to a truly unforgettable experience.

This spot is perfect for family reunions, wine enthusiasts exploring local vineyards, or groups of friends looking for a quiet place to gather. Enjoy beautiful mountain views, a private pond, a hot tub, and large bedrooms.",,https://ik.imagekit.io/OE/nelson-county/listings/clonmel-acres-image1_jGAgaj2cN,Two-story white house with green shutters and neat garden in sunlight.,,https://ik.imagekit.io/OE/nelson-county/listings/clonmel-acres-image2_Ca4p35kQ5,"Wooden staircase beside living room with fireplace, TV, and armchair.",,,,,,,"Afton, VA 22920",josh,2026-01-05,2026-01-12,https://www.google.com/maps/dir/?api=1&destination=Afton%2C%20VA%2022920,,,,,,,,,,,,,,Scenic Views; Cabins; Lodging; Farm,false,https://www.google.com/maps/dir/?api=1&destination=Afton%2C%20VA%2022920,false
251,Cabin at Clonmel,cabin-at-clonmel,Cabins & Cottages,stay,Afton,"Cabin at Clonmel is a restored 1700s log cabin available for 31+ day stays with loft bedroom, modern comforts, and mountain views on the Clonmel estate. Historic cabin from late 1700’s with beautiful restoration, beautiful mountain views, fire pit, peaceful area.","Come enjoy the peace and beauty of the Blue Ridge Mountains! The Cabin at Clonmel is a historic cabin that has been lovingly restored to include modern comforts. Please note that the cabin is available for mid-term stays only (31+ days). It is located just 25 minutes from Charlottesville and 15 minutes from Waynesboro, plus it is just minutes away from great hiking, wineries, and breweries.

The cabin features an open concept design with a lofted bedroom. This historic cabin from the late 1700s boasts beautiful restoration, stunning mountain views, a fire pit, and a peaceful area to unwind.",,https://ik.imagekit.io/OE/nelson-county/listings/cabin-at-clonmel-image1_xyO4Zu1Ot,"Log cabin with metal roof, surrounded by trees and gravel path.",,https://ik.imagekit.io/OE/nelson-county/listings/cabin-at-clonmel-image2_LOG93baRB,"Rustic living room with exposed beams, wooden door, and patterned armchair.",,,,,,,"Afton, VA 22920",josh,2026-01-05,2026-01-12,https://www.google.com/maps/dir/?api=1&destination=Afton%2C%20VA%2022920,,,,,,,,,,,,,,Scenic Views; Cabins; Lodging,false,https://www.google.com/maps/dir/?api=1&destination=Afton%2C%20VA%2022920,false
252,Sleepy Hollow Retreat Enjoy Your Stay,sleepy-hollow-retreat-enjoy-your-stay,Whole House Rentals,stay,Roseland,"Sleepy Hollow is nestled in scenic rural Nelson County, Virginia.","Our 1800's two-story, 2200 square foot farmhouse, once a log cabin, welcomes you! Sleepy Hollow is nestled in scenic rural Nelson County, Virginia. Relax on the covered deck, dine in the renovated kitchen or dining room, and enjoy the spacious yard. The two bedrooms on the second floor can sleep four guests, with full baths conveniently located on each level.

The property features a barn and pastures, located along the Nelson 151 winery and brewery trail, Wintergreen skiing, and many nearby universities and festivals. Situated at the foot of a mountain, Sleepy Hollow offers a large yard with plenty of space for relaxation. While the yard is not fenced in, maintaining the rural ambiance, the pasture is fenced. Gather with family and friends inside or outdoors on the covered back porch, which is equipped with gliders and rockers for those who enjoy porch sitting. The porch also has a gate that can be closed or left open. Additionally, there are seats for two on the patio and chairs under the trees for more fun times. Please note that the picnic table is off-limits at this time. Inside, family and friends can gather around the kitchen table and dining room. The kitchen features Maytag appliances, and the upstairs master bedroom has a full-size bed, while the other bedroom includes a full bed and a twin bed. Fire Fly satellite is available, along with a Smart TV that allows access to your personal HBO, Hulu, and other accounts.

Many scenic drives, such as the Blue Ridge Parkway, are in our area, and we are in close proximity to breweries, vineyards, cideries, hiking, and the James and Tye rivers for kayaking. Lake Nelson is a public lake for fishing, and several colleges and universities are within a 30-45 minute drive. We welcome you and hope you will find it relaxing and comfortable!",,https://ik.imagekit.io/OE/nelson-county/listings/sleepy-hollow-retreat-enjoy-your-stay-image1_8mU5M7k8W,"House entrance with white columns, surrounded by blooming red flowers and green bushes.",,https://ik.imagekit.io/OE/nelson-county/listings/sleepy-hollow-retreat-enjoy-your-stay-image2_UEKG4vFSjT,"Cozy bedroom with twin beds, fireplace, floral chairs, and braided rug.",,,,,,,"Roseland, VA 22967",josh,2026-01-05,2026-01-12,https://www.google.com/maps/dir/?api=1&destination=Roseland%2C%20VA%2022967,,,,,,,,,,,,,,Outdoor Seating; Wi-Fi; Pet Friendly; Cabins; Lodging; Farm; Water Sports,false,https://www.google.com/maps/dir/?api=1&destination=Roseland%2C%20VA%2022967,false
253,Eagles Court Ski In/Ski Out Condo,eagles-court-ski-in-ski-out-condo,Vacation Rentals,stay,Wintergreen Resort,"Directly on the slope of Eagle's Swoop, our condo is in a central location to everything in Wintergreen Resort! Enjoy a true ski in/ski out experience with stunning mountain views. Park your car in our designated parking spot and walk to The Market at Wintergreen, the Skyline Pavilion (Ski Rental & Lift Ticket Office), and The Edge & Coppermine restaurants that overlook the slopes.","Directly on the slope of Eagle's Swoop, our condo is in a central location to everything in Wintergreen Resort! Enjoy a true ski in/ski out experience with stunning mountain views. Park your car in our designated parking spot and walk to The Market at Wintergreen, the Skyline Pavilion (Ski Rental & Lift Ticket Office), and The Edge & Coppermine restaurants that overlook the slopes.

The condo features 2 bedrooms with queen beds and a pullout sectional with a memory foam mattress in the living room, along with 1.5 bathrooms. Enjoy fast WiFi and 3 TVs with streaming capabilities. Firewood is provided for the wood-burning fireplace. The kitchen is renovated with granite countertops and a white tile backsplash, and it is fully equipped with kitchen essentials and a Keurig coffee machine. The unit has been recently updated with fresh paint, new furniture, new mattresses on both beds, new carpet in the bedrooms, and more modern hardware. Use our ski closet to safely store your gear! Dogs are welcome with a pet fee (some restrictions apply). Location, location, location! We are directly on the slope of Eagle's Swoop and within walking distance to nearly everywhere you want to be.",,https://ik.imagekit.io/OE/nelson-county/listings/eagles-court-ski-in-ski-out-condo-image1_IK6m9Pd6O,Covered patio with blue-cushioned chairs overlooking a forest and distant hills.,,https://ik.imagekit.io/OE/nelson-county/listings/eagles-court-ski-in-ski-out-condo-image2_kwfGDMJtE,Gray sectional sofa in living room with large window and patterned rug.,,,,,,,"Wintergreen Resort, Roseland, VA 22967",josh,2026-01-05,2026-01-12,https://www.google.com/maps/dir/?api=1&destination=Wintergreen%20Resort%2C%20Roseland%2C%20VA%2022967,,,,,,,,,,,,,,Skiing; Parking; Pet Friendly; Full Kitchen,false,https://www.google.com/maps/dir/?api=1&destination=Wintergreen%20Resort%2C%20Roseland%2C%20VA%2022967,false
254,Wren House,wren-house,Cabins & Cottages,stay,Afton,"Wren House is a five-bedroom country home on nearly five acres with hot tub, fire pit, remodeled kitchen, and sweeping pasture and sunset views.","Wren House is a 5-bedroom, 3.5-bath country home with a 4.95 rating on Airbnb. The house is very private, featuring expansive lawns, secluded wooded surroundings, and stunning views of pastures, sunsets, and the mountains. You will have the entire space to yourself, where birds and nature abound. We are conveniently located near 151 wineries, breweries, hiking trails, and cultural sites.

Charlottesville is only 35 minutes away, while Wintergreen is a 20-minute drive up the mountain. Enjoy a 6-7 seat hot tub/spa, a fire pit with Adirondack chairs, and an inside fireplace. The recently remodeled kitchen and baths provide modern comforts, accommodating up to 12 guests. Wren House is pet-friendly, spotlessly clean, and features luxury-quality beds and bedding. Relax on the large covered porch with a view, unwind in the hammock in the oak grove, and enjoy entertainment on the large screen smart TV. Experience great vibes in this serene retreat!",,https://ik.imagekit.io/OE/nelson-county/listings/wren-house-image1_mfElcPQPJ,"Wooden deck house with star, surrounded by trees and grassy yard.",,https://ik.imagekit.io/OE/nelson-county/listings/wren-house-image2_8C5DMqnZS,"Bedroom with teal walls, large windows, bed, bedside tables, and red rug.",,,,,,,"Afton, VA 22920",josh,2026-01-05,2026-01-12,https://www.google.com/maps/dir/?api=1&destination=Afton%2C%20VA%2022920,,,,,,,,,,,,,,Outdoor Seating; Pet Friendly; Full Kitchen; Cabins; Lodging,false,https://www.google.com/maps/dir/?api=1&destination=Afton%2C%20VA%2022920,false
255,WildManDan B&B (Beer centric),wildmandan-bb-beer-centric,Bed and Breakfast,stay,Afton,"Wild Man Dan B&B is an 1870 farmhouse on the Wild Man Dan Brewery property sleeping twelve with wraparound porch, gazebo, fire pit swings, and optional beer classes. Is available to lodging guests (Terri is a chef) and the brewery has space to rent after daily business hours for events of 50-100 people.","An 1870 farmhouse featuring 6 bedrooms and 5 bathrooms is situated on the property of WildManDan Brewery. Accommodating up to 12 guests comfortably, this B&B is perfect for beer lovers like the owners, Terri and Dan, who also reside on the property. With over 3,500 square feet of space, you can relax with family and friends in a serene mountain environment that boasts a wrap-around front porch, a covered gazebo, and an 8-swing fire pit on 6 acres.

While we enjoy hosting groups, our lodging space is not available for events or outside guests. However, your group can book a 45-minute beer class with our Brew Master during your stay—a great opportunity for beer enthusiasts. Our location is ideal for enjoying Nelson151 and local hiking attractions, just minutes from the Blue Ridge Tunnel or Humpback Rocks. We provide firewood and have the fire pit ready to light upon your arrival. A catering menu is available to lodging guests, as Terri is a chef, and the brewery has space available for rent after daily business hours for events of 50-100 people. We supply a pound of locally roasted coffee and s'mores ingredients for the fire pit, along with beer shampoo and beer soap. Plus, great beer is available at the brewery—just a short walk away. We have been hosting guests for 10 years and can't wait to share our love of Nelson County with you. Safe travels and brew on!",,https://ik.imagekit.io/OE/nelson-county/listings/wildmandan-b-b-beer-centric--image1_JoNLwgtDjW,Brick house with white porch amidst lush greenery and blooming flowers.,,https://ik.imagekit.io/OE/nelson-county/listings/wildmandan-b-b-beer-centric--image2_HP9XWfGqVo,"White shampoo bottles, labeled 'WildManDan,' next to beer glass and soap.",,,,,,(540) 649-2233,"279 Avon Road, Afton, VA 22920",josh,2026-01-05,2026-01-12,https://www.google.com/maps/dir/?api=1&destination=279%20Avon%20Road%2C%20Afton%2C%20VA%2022920,,,,,,,,,,,,,,Beer; Breakfast; Farm; Lodging; Outdoor Seating; Tastings,false,https://www.google.com/maps/dir/?api=1&destination=279%20Avon%20Road%2C%20Afton%2C%20VA%2022920,false
256,Fenton Inn,fenton-inn,Bed and Breakfast,stay,Roseland,"Fenton Inn is a handcrafted European-style village inn with artisan architecture, bakery breakfast buffet, and direct access to Blue Ridge Parkway adventures. And works of art that it requires a return visit to take it all in.","Come and enjoy a stylish European village nestled in the heart of the Blue Ridge Mountains, between the scenic Blue Ridge Parkway and the ski slopes of Wintergreen Mountain. The Inn is a one-of-a-kind handcrafted work of art that combines classical museum-quality craftsmanship with European tastes and colors, along with all the best modern amenities.

Mastering octagons while rebuilding Poplar Forest from Jefferson’s own letters, the architect and builder of the Inn challenge visitors to find their way through the myriad of complex shapes, towers, curving streets, and countless hidden details and works of art that require a return visit to take it all in. Wake to a wholesome breakfast buffet in the bakery, featuring Belgian waffles, sausage, eggs, or lighter options of fresh fruits, granola, and yogurt. Take in the morning views of the National Forest as you plan your day. Hike from your room to the top of Three Ridges along the Appalachian Trail, or bike and drive on the scenic Blue Ridge Parkway, less than half a mile away. In winter, head up to the slopes of Wintergreen for skiing, sledding, and ice skating; in summer, enjoy a swim at Sherando Lake. All this is just minutes away. Nelson County boasts a number of breweries, wineries, distilleries, and cideries, as well as many events ranging from music festivals to golf tournaments, cycling races, mountain bike events, and professional and amateur Spartan mud races.

For history enthusiasts, a short drive will take you to Monticello in Charlottesville, where Mr. Jefferson is honored at the University of Virginia. His second home, Poplar Forest, is located in Lynchburg. If all that sounds like too much to do, take a slow day to unwind. Enjoy the mountain views from your breakfast table, stroll the main street, and look for the historic tools that contributed to museums like Colonial Williamsburg and Monticello. Do some window shopping at our gift store for local crafts, and brush up on your local nature and geology in our many display windows and bird-watching spots. Prefer a visit to nature? Go for a short hike in the woods filled with old-growth chestnut oaks, mountain laurel, and tulip poplars. While you can hike for thousands of miles on the Appalachian Trail from here, a short hike from the Fenton Inn can lead you to some of the most scenic spots. Take time to look up, as this area is a migratory highway for birds of prey, including bald and golden eagles and many types of hawks. Year-round residents include nesting barred owls, wild turkeys, pileated woodpeckers, ravens, and smaller songbirds. Return to village life for a massage in our spa or simply relax in a comfortable reading chair. We look forward to seeing you soon! European elegance and spectacular views come together in the heart of the Blue Ridge Mountains.",,https://ik.imagekit.io/OE/nelson-county/listings/fenton-inn-image1_QKOLmh9ddN,"Colorful European-style buildings with lit windows, cobblestone path, and trees.",,https://ik.imagekit.io/OE/nelson-county/listings/fenton-inn-image2_Gihyn3fDA,"Spacious living room with wooden beams, fireplace, sofas, and chandelier.",,,,,,(434) 361-3539,"29 Shelton Laurel Trail, Nellysford, VA 22958",josh,2026-01-05,2026-01-12,https://www.google.com/maps/dir/?api=1&destination=29%20Shelton%20Laurel%20Trail%2C%20Nellysford%2C%20VA%2022958,,,,,,,,,,,,,,Bakery; Breakfast; Lodging; Scenic Views,true,https://www.google.com/maps/dir/?api=1&destination=29%20Shelton%20Laurel%20Trail%2C%20Nellysford%2C%20VA%2022958,false
257,Marley's Cabin,marleys-cabin,Cabins & Cottages,stay,Wintergreen Resort,"Marley's Cabin is a renovated Wintergreen mountain home with 180-degree sunrise views, designer interiors, and expansive decks for year-round relaxation.","Marley's Cabin - a five-star getaway on Wintergreen Mountain! Enjoy dramatic views of the Blue Ridge Mountains from Marley’s Cabin, located in the heart of Central Virginia. This beautifully renovated home boasts 180-degree mountain and valley views, providing ultimate peace and quiet. Incredible sunrises and dramatic twilight scenes await year-round.

House features include 4 bedrooms, 3½ bathrooms, a hot tub (additional towels included), a well-appointed, updated kitchen, and a Keurig coffee maker. Each television in the four bedrooms, living room, and family room is equipped with Rokus for access to streaming content. The cabin also features Alexa-controlled whole-house music, comfortable bed linens, high-quality towels, and heating/air conditioning throughout the home. Additional amenities include a washer and dryer, and convenient access to the ski shuttle pickup at Wintergreen Vistas and High Ridge Place Condos, which is just 500 feet away. The Chestnut Springs neighborhood pool (outdoor) is ¼ mile away, and the Wintergreen Pool and Spa and Fire & Frost restaurant are both just 1 mile from the cabin.",,https://ik.imagekit.io/OE/nelson-county/listings/marley-s-cabin-image1_WNjFUweoL,"Wooden porch with stone pillars, leading to brown door, under clear sky.",,https://ik.imagekit.io/OE/nelson-county/listings/marley-s-cabin-image2_gNrnT-xGf,Mountain view from bright room with large windows and outdoor deck chairs.,,,,,,,"Wintergreen Resort, Roseland, VA 22967",josh,2026-01-05,2026-01-12,https://www.google.com/maps/dir/?api=1&destination=Wintergreen%20Resort%2C%20Roseland%2C%20VA%2022967,,,,,,,,,,,,,,Scenic Views; Cabins; Lodging,false,https://www.google.com/maps/dir/?api=1&destination=Wintergreen%20Resort%2C%20Roseland%2C%20VA%2022967,false
258,Cozy & Clean Wintergreen Condo (Tanners Ridge),cozy-clean-wintergreen-condo-tanners-ridge,Vacation Rentals,stay,Roseland,"Cozy & Clean Wintergreen Condo features a new king bed, plush linens, fireplace, smart TVs, and dog-friendly patio one mile from the resort core. This is a well-behaved dog friendly and non-smoking condo.","Everything you need to make your getaway relaxing and convenient has been thoughtfully arranged in this tastefully decorated condo. Enjoy a new King bed, a Queen sofa pullout bed, plush linens, a spacious new couch, and 55' & 28' Smart TVs with Roku. Stay connected with WiFi, unwind with a DVD player and a selection of movies, and take advantage of the fully equipped kitchen and dining area for four. Cozy up by the wood-burning fireplace or relax on your private patio.

This well-behaved dog-friendly and non-smoking condo is nestled in the perfect spot in Wintergreen, conveniently located near the Resort yet just 1 mile away from the hustle and bustle of busy weekends. It's quiet and comfortable, offering all the conveniences of home.",,https://ik.imagekit.io/OE/nelson-county/listings/cozy-clean-wintergreen-condo-tanners-ridge--image1_ueMPwPu27,"Gray patio with glass doors, table, chairs, and a small grassy area.",,https://ik.imagekit.io/OE/nelson-county/listings/cozy-clean-wintergreen-condo-tanners-ridge--image2_y1P7Ednde,"Cozy living room with gray sofa, fireplace, ski decor, and wall-mounted snowshoes.",,,,,,,"Wintergreen Resort, Roseland, VA 22967",josh,2026-01-05,2026-01-12,https://www.google.com/maps/dir/?api=1&destination=Wintergreen%20Resort%2C%20Roseland%2C%20VA%2022967,,,,,,,,,,,,,,Pet Friendly; Outdoor Seating,false,https://www.google.com/maps/dir/?api=1&destination=Wintergreen%20Resort%2C%20Roseland%2C%20VA%2022967,false
259,Remodeled 3BR/2BA Ski Chalet off Tyro Slope,remodeled-3br-2ba-ski-chalet-off-tyro-slope,Whole House Rentals,stay,Wintergreen Resort,"Remodeled 3BR/2BA Ski Chalet off Tyro Slope offers ski-in/out access, gourmet kitchen, heated bathroom floors, wraparound deck, and parking for three. This quaint remodeled Austrian styled 3BR/2BA ski chalet just one row off the Tyro Slopes.","This quaint remodeled Austrian-styled 3BR/2BA ski chalet is located just one row off the Tyro Slopes. The unit has been completely renovated inside and out, featuring new siding, insulation, a modern kitchen, and bathrooms with heated floors. Enjoy all-new flooring and paint throughout, a new deck, and expanded parking.

This house is extremely convenient to all the amenities of Wintergreen, a four-season resort nestled next to the Blue Ridge Parkway in Nelson County. It is less than one minute from the main resort and ski lifts. You can ski in/out by walking down our rear steps and between the houses behind us on Tyro slope—no need to drive and park at the resort. The main floor great room boasts a cathedral ceiling and wood stove, creating a dramatic and inviting atmosphere. The completely rebuilt wrap-around deck overlooks the Tyro slope and offers fantastic mountain and valley views of Waynesboro and Crozet.

Downstairs, you will find three bedrooms, all with new foam mattress beds (Queen/Queen/2 Twins) and linens. There is a cozy screened room off the master that also features mountain views. The newly expanded parking pad out front accommodates three vehicles, with additional street parking available behind the house on Tyro Lane. The two remodeled full baths include one with a stacked front-load high-efficiency washer and dryer. The spacious and bright gourmet kitchen is equipped with a stove, exhaust hood, refrigerator with an ice/water dispenser, microwave, dishwasher, and disposal. A full set of dishes, utensils, and glasses is provided to easily accommodate six guests. This home is in a prime location just off the Tyro slope and is an easy 1/4 mile walk to the resort. It is super functional and meticulously cared for, making it a delightful retreat for your ski getaway!",,https://ik.imagekit.io/OE/nelson-county/listings/remodeled-3br-2ba-ski-chalet-off-tyro-slope-image1_LCLwq3hm9,Snow-covered houses and trees under clear blue sky seen from wooden balcony.,,https://ik.imagekit.io/OE/nelson-county/listings/remodeled-3br-2ba-ski-chalet-off-tyro-slope-image2_QCtdVvK3L,Blue sectional sofa with patterned cushions in a cozy living room.,,,,,,,"Wintergreen Resort, Roseland, VA 22967",josh,2026-01-05,2026-01-12,https://www.google.com/maps/dir/?api=1&destination=Wintergreen%20Resort%2C%20Roseland%2C%20VA%2022967,,,,,,,,,,,,,,Skiing; Outdoor Seating; Scenic Views; Full Kitchen; Pet Friendly; Parking; Cabins; Lodging,false,https://www.google.com/maps/dir/?api=1&destination=Wintergreen%20Resort%2C%20Roseland%2C%20VA%2022967,false
260,Three Springs Myndus,three-springs-myndus,Cabins & Cottages,stay,Lovingston,"Three Springs Myndus is a three-bedroom mountain home on a 100-acre property with high-speed internet, whirlpool tub, wildlife viewing, and EV charging along the Nelson craft beverage trail. Larger parties, see the Three Springs Plus listing.","Beautiful 3-bedroom home outfitted to accommodate a variety of visitors with high-speed internet, 2 large screen TVs, a whirlpool tub, and a huge deck. Nestled in a quiet cove in the beautiful Blue Ridge Mountains, it is located on Nelson's Craft Beverage Trail and is a short drive to Charlottesville, Lynchburg, Staunton, Wintergreen, and Skyline Drive.

Close to Oak Ridge for music festivals and events, this property is perfect for larger parties, with additional accommodations available through the Three Springs Plus listing. Enjoy EV charging for an additional fee, garage parking, and access to 100 acres on a quiet, dead-end road ideal for walks and biking. A tranquil stream runs through the property, enhancing the serene atmosphere. *Lodging descriptions are provided by the host and not independently verified.",,https://ik.imagekit.io/OE/nelson-county/listings/three-springs-myndus-image1_iRtwAxful,"House with gray siding, surrounded by trees, gravel driveway, and green hills.",,https://ik.imagekit.io/OE/nelson-county/listings/three-springs-myndus-image2_L3FPHzVZW,"Cozy living room with sofas, fireplace, TV, and round coffee table.",,,,,,,"Arrington, VA 22922",josh,2026-01-05,2026-01-12,https://www.google.com/maps/dir/?api=1&destination=Arrington%2C%20VA%2022922,,,,,,,,,,,,,,Outdoor Seating; Parking; EV Charging; Breakfast; Cabins; Lodging; Swimming Pool,false,https://www.google.com/maps/dir/?api=1&destination=Arrington%2C%20VA%2022922,false
261,Lovingston Get-Away,lovingston-get-away,Cabins & Cottages,stay,Lovingston,"Lovingston Get-Away is a two-bedroom historic-district home with full kitchen and cozy living room just off Front Street, letting guests walk to shops, dining, and a self-guided village tour while staying central to wineries, Wintergreen adventures, and Blue Ridge landmarks. Lovingston is a great destination for history buffs as the Lovingston Historic District and the courthouse are both listed on the National Register of Historic Places. The original 30 acres was donated by Mr.","Welcome to the Lovingston Get-Away, located in the charming Village of Lovingston, VA, a historical district rich with older buildings to explore. You can easily stroll down Front Street to access many local attractions without needing a car. Enjoy a self-guided tour using your phone to learn about the village's architecture, and take advantage of the nearby wineries, breweries, and distilleries.

For outdoor enthusiasts, Wintergreen Ski Resort is nearby, and the Lockn' Festival takes place each August. Experience the breathtaking hiking trails at Crabtree Falls and Humpback Rock. Nelson County is also the starting point for the Blue Ridge Parkway and Skyline Drive. Explore notable sites such as UVa's Rotunda, Monticello, Appomattox, and Schuyler (home of the Waltons). Don't miss the annual peach and apple festivals, and be sure to witness the stunning foliage in the fall and the snowy mountains in the winter.

The Lovingston Get-Away features 2 bedrooms (1 Queen and 1 Full-Size bed) and comfortably sleeps 4 guests. The cabin includes a living room, kitchen, and 1 bathroom with a shower. Please note that this is an adults-only, pet-free, and smoke-free property. The fully furnished kitchen is equipped with all necessary utensils, including an oven, microwave, coffeemaker, toaster, and blender. Linen, paper products, soap, shampoo, and dishwashing liquid are provided for your convenience. Enjoy the outdoor deck with patio furniture, and take advantage of the seasonal pool and hot tub. Please be aware that the Lovingston Get-Away is located above the garage, so guests must be able to navigate stairs.",,https://ik.imagekit.io/OE/nelson-county/listings/lovingston-get-away-image1_S53B0Y9fZ,"Red umbrella on wooden deck, surrounded by leafy green trees, sunny day.",,https://ik.imagekit.io/OE/nelson-county/listings/lovingston-get-away-image2_j5M7fMRLj,"Blue couch with striped pillows, brown chair, lamp, and potted plant nearby.",,,,,,,"Lovingston, VA 22949",josh,2026-01-05,2026-01-12,https://www.google.com/maps/dir/?api=1&destination=Lovingston%2C%20VA%2022949,,,,,,,,,,,,,,Tours; Full Kitchen; Scenic Views; Cabins; Lodging,false,https://www.google.com/maps/dir/?api=1&destination=Lovingston%2C%20VA%2022949,false
262,Rock-n-Creek Cabin,rock-n-creek-cabin,Cabins & Cottages,stay,Montebello,"Rock-n-Creek Cabin is a spacious log lodge atop Whetstone Ridge with multiple porches, stone fire pit, three bedrooms plus loft, and scenic river branches on-site. Rock-n-Creek Cabin offers the comforts of country living with all modern amenities.","Rock-n-Creek Cabin offers the comforts of country living with all modern amenities, nestled high on the pinnacle of Whetstone Ridge in the Blue Ridge Mountains of Virginia. Conveniently located near the Blue Ridge Parkway, Appalachian Trail, and Crabtree Falls, this cabin features three covered porches and a large open deck that overlook manicured open fields, two branches of the Tye River, and a large stone fire pit.

The cabin decor is eclectic, showcasing a mixture of old and new collectibles, creating a comfortable and romantic setting in a country style. Spaciously designed, it offers three private bedrooms along with a semi-private sleeping loft area, two full baths, and two living areas upstairs and down. The fully equipped kitchen and ample outdoor seating make it a home away from home waiting for you.",,https://ik.imagekit.io/OE/nelson-county/listings/rock-n-creek-cabin-image1_wg6J4o7KB,"Wooden cabin porch with blue chairs, small plants, and log pile.",,https://ik.imagekit.io/OE/nelson-county/listings/rock-n-creek-cabin-image2_Kf2NxFyXJ,"Cozy living room with floral chair, armchair, and patterned rug.",,,,,,(434) 299-6143,"2307 Whetstone Ridge Road, Roseland, VA 22967",josh,2026-01-05,2026-01-12,https://www.google.com/maps/dir/?api=1&destination=2307%20Whetstone%20Ridge%20Road%2C%20Roseland%2C%20VA%2022967,,,,,,,,,,,,,,Cabins; Scenic Views; Breakfast; Pet Friendly; Lodging; Water Sports,false,https://www.google.com/maps/dir/?api=1&destination=2307%20Whetstone%20Ridge%20Road%2C%20Roseland%2C%20VA%2022967,false
263,The Branch at Afton Mountain Retreat,branch-at-afton-mountain-retreat,Whole House Rentals,stay,Afton,"The Branch at Afton Mountain Retreat is a remodeled three-bedroom home with screened porch fireplace, pet-friendly policy for hypoallergenic dogs, and location across from Veritas.","The Branch at Afton Mountain Retreat is a remodeled three-bedroom home featuring a screened porch and a cozy fireplace. With a pet-friendly policy for hypoallergenic dogs, this retreat is perfect for those traveling with their furry companions. Conveniently located across from Veritas, guests can enjoy the beautiful surroundings and nearby attractions. Experience a relaxing getaway in this charming home!",,https://ik.imagekit.io/OE/nelson-county/listings/the-branch-at-afton-mountain-retreat-image1_2evspjhBj,"White house with porch, brown roof, green lawn, beside trees under clear sky.",,https://ik.imagekit.io/OE/nelson-county/listings/the-branch-at-afton-mountain-retreat-image2_rEDPzVQfA,"Modern living room with gray sofas, round wooden table, and patterned rug.",,,,,,,"1220 Fox Ridge Lane, Afton, VA 22920",josh,2026-01-05,2026-01-12,https://www.google.com/maps/dir/?api=1&destination=1220%20Fox%20Ridge%20Lane%2C%20Afton%2C%20VA%2022920,,,,,,,,,,,,,,Wine; Outdoor Seating; Pet Friendly; Cabins; Lodging,false,https://www.google.com/maps/dir/?api=1&destination=1220%20Fox%20Ridge%20Lane%2C%20Afton%2C%20VA%2022920,false
264,The Bungalow at Afton Mountain Retreat,bungalow-at-afton-mountain-retreat,Whole House Rentals,stay,Afton,"The Bungalow at Afton Mountain Retreat is a renovated 1930s Sears Roebuck home with open concept living, marble bath, kid playroom, and mountain views over Veritas.","The Bungalow at Afton Mountain Retreat is a renovated 1930s Sears Roebuck home featuring open concept living, a marble bath, a kid playroom, and stunning mountain views over Veritas. This charming getaway offers a perfect blend of modern amenities and vintage character, making it an ideal retreat for families and friends looking to unwind in a picturesque setting. Enjoy the serene atmosphere and breathtaking landscapes that surround this unique property.",,https://ik.imagekit.io/OE/nelson-county/listings/the-bungalow-at-afton-mountain-retreat-image1_KbFZ0ogMN,"House with blue siding, front porch, grassy yard, and surrounding trees.",,https://ik.imagekit.io/OE/nelson-county/listings/the-bungalow-at-afton-mountain-retreat-image2_Cx7Zyne7u,"Modern kitchen with island, pendant lights, and dining area in natural light.",,,,,,,"1230 Fox Ridge Lane, Afton, VA 22920",josh,2026-01-05,2026-01-12,https://www.google.com/maps/dir/?api=1&destination=1230%20Fox%20Ridge%20Lane%2C%20Afton%2C%20VA%2022920,,,,,,,,,,,,,,Wine; Scenic Views; Full Kitchen; Cabins; Lodging,false,https://www.google.com/maps/dir/?api=1&destination=1230%20Fox%20Ridge%20Lane%2C%20Afton%2C%20VA%2022920,false
265,Avon Hill,avon-hill,Whole House Rentals,stay,Howardsville,"Avon Hill is a 100-acre Rockfish River estate with multiple lodging buildings, boxwood gardens, pool, and Bruce's Barn event venue for weddings and retreats. For 150 and makes the perfect setting for your destination wedding.","For almost 10 years, Avon Hill Lodge has offered a unique getaway close to the heart of Virginia wine country. Tucked away in the rolling hills of Nelson County, the property has served as an exclusive vacation destination and retreat for families, groups, and businesses. Located 28 miles south of Charlottesville, Avon Hill provides a serene escape with stunning views of the Blue Ridge Mountains.

The Avon Hill estate encompasses 100 tree-lined acres along the Rockfish River, featuring over five acres of English and American Boxwoods, four overnight accommodation buildings, a pool, and, as of 2019, Bruce’s Barn. With the addition of Bruce’s Barn, Avon Hill Lodge can host private events for up to 150 guests, making it the perfect setting for your destination wedding. Avon Hill offers unprecedented access to local Charlottesville attractions while maintaining complete privacy in its serene and peaceful countryside setting. Avon Hill Lodge and Bruce’s Barn serve as a premier destination for weddings, rehearsal dinners, corporate retreats, group events, meetings, social gatherings, family reunions, and much more.",,https://ik.imagekit.io/OE/nelson-county/listings/avon-hill-image1_rNbvnZUhM,"White house with brick chimney, black roof, garden, and blue sky backdrop.",,https://ik.imagekit.io/OE/nelson-county/listings/avon-hill-image2_Evb2hT3rc,"Living room with black sofas, brick fireplace, and dining area in background.",,,,,,(434) 361-2519,"289 Avon Road, Howardsville, VA 24562",josh,2026-01-05,2026-01-12,https://www.google.com/maps/dir/?api=1&destination=289%20Avon%20Road%2C%20Howardsville%2C%20VA%2024562,,,,,,,,,,,,,,Lodging; Pool; Events; Pet Friendly; Cabins; Water Sports; Fishing,false,https://www.google.com/maps/dir/?api=1&destination=289%20Avon%20Road%2C%20Howardsville%2C%20VA%2024562,false
266,A Nellysford Nest,a-nellysford-nest,Cabins & Cottages,stay,Nellysford,"For the 3 upstairs bedrooms: the first features a king bed, the second features 2 queen beds, and the third features a twin-over-full bunk bed.","One of Airbnb's favorites! This 4BR/2.5BA cabin is nestled on 5 acres in the forest, adjacent to 40 acres of private eco-village trails. Centrally located near Nelson County 151 attractions, with Bold Rock right at the top of our street and Devils Backbone just 1.5 miles away, it is the perfect place for nature lovers, families, and friends to enjoy the best of the Blue Ridge Mountains along the Blue Ridge Parkway.

All furnishings are brand new. Enjoy our front porch, screened-in patio, sunroom, 'playroom' garage, and fire pit! This is our third Airbnb—'three's a charm!' We met at UVA, so this spacious home is very special to us. We've poured our heart and soul into designing it as an ideal spot for friends and family to get away and enjoy the mountain views. You're surrounded by nature at our unique eco-village cabin but also very close to several breweries, cideries, wineries, distilleries, and restaurants that Nelson County Route 151 offers.

Downstairs, our chestnut leather sectional faces a large 65' TV with YouTube TV and other streaming services. The fully equipped kitchen features an induction stove and plenty of amenities to cook meals for your party. The 8' farm table comfortably seats 8 people. The sunroom windows have pull-down screens to enjoy the breeze and plenty of natural light. The downstairs master features a king bed, walk-in closet, and ensuite full bathroom, while the front hallway has a half bath.

Upstairs, enjoy another sitting area with a 55' TV, bookshelf, playing cards, poker chips, and plenty of board games. If the couch doesn't provide enough space, feel free to grab our 4 colorful bean bags off the landing—kids love these! We also provide an acoustic guitar, so you don't have to worry about packing your own. The three upstairs bedrooms include one with a king bed, another with 2 queen beds, and a third with a twin-over-full bunk bed, along with a full bathroom.

Outside, we have a Weber grill on the back patio and seating for 8 on our patio set with a red umbrella. The 'playroom' garage is equipped with a third flat-screen TV, soundbar, ping pong table, dartboard, cooler, and cornhole. In the front yard, enjoy our custom-built fire pit with bench seating around our Yukon 27' Solo Stove. In the attached garage, we provide a folding table, folding chairs, camp chairs, and a portable cooler. A short walk (6 minutes) from our property leads you to 40 acres of private eco-village trails that are perfect for a morning stroll or evening saunter! We would love to be your next adventure!",,https://ik.imagekit.io/OE/nelson-county/listings/a-nellysford-nest-image1_YuP0qNW9W,"Blue house surrounded by forest, with gravel path and garden.",,https://ik.imagekit.io/OE/nelson-county/listings/a-nellysford-nest-image2_DsD58414v,"Spacious living room with leather sectional, wooden floor, and large wall-mounted TV.",,,,,,,"Nellysford, VA 22958",josh,2026-01-05,2026-01-12,https://www.google.com/maps/dir/?api=1&destination=Nellysford%2C%20VA%2022958,,,,,,,,,,,,,,Outdoor Seating; Cabins; Lodging,false,https://www.google.com/maps/dir/?api=1&destination=Nellysford%2C%20VA%2022958,false
267,Love Ridge Mountain Lodging,love-ridge-mountain-lodging,Cabins & Cottages,stay,Lyndhurst,"Love Ridge Mountain Lodging offers mountain cabins and wooded campsites at 2,800 feet with birding trails, hot tub, game shed, and Blue Ridge Parkway access. Escape to the heart of Virginia’s Blue Ridge Mountains and immerse yourself in nature.","Escape to the heart of Virginia’s Blue Ridge Mountains and immerse yourself in nature. Hike along the scenic Appalachian Trail, take a refreshing dip in Sherando Lake, and savor the region’s renowned craft breweries, wineries, and farm-to-table dining. Then, retreat to your private mountain cabin or secluded campsite at Love Ridge Mountain Lodging, where relaxation meets adventure.

Perched at 2,800 feet, Love Ridge offers breathtaking mountain views and direct access to the Blue Ridge Parkway, just past milepost 16 near Love, Virginia. Whether you’re planning a romantic getaway, family vacation, wedding, corporate retreat, or reunion, Love Ridge provides the perfect setting. Enjoy unparalleled outdoor access, with hiking, biking, and nature trails just steps from your door. Discover wildlife on our onsite Virginia Birding and Wildlife Trail, unwind in the hot tub with panoramic mountain views, or relax in peaceful outdoor spaces. Guests can retreat to private mountain cabins—some with hot tubs and fireplaces—or opt for a wooded campsite for a more immersive nature experience. With pet-friendly accommodations, even four-legged companions can join the adventure. Onsite, visitors enjoy Virginia Birding and Wildlife Trails, peaceful outdoor spaces, the game shed, outdoor lawn games, and starlit nights by the fire, all while being just minutes from Nelson 151’s craft breweries and wineries.",,https://ik.imagekit.io/OE/nelson-county/listings/love-ridge-mountain-lodging-image1_aUavRAzUY,Two illuminated cabins on stilts surrounded by trees in twilight.,,https://ik.imagekit.io/OE/nelson-county/listings/love-ridge-mountain-lodging-image2_iYHKvRRV9,"Cozy living room with brown leather couch, wooden furniture, and kitchen area.",,https://ik.imagekit.io/OE/nelson-county/listings/love-ridge-mountain-lodging-image3_fVzOXzzh8,"Spacious living room with sunlight, large windows, and cozy beige sectional sofa.",,,(434) 299-5228,"31 Woodridge Trail, Lyndhurst, VA 22952",josh,2026-01-05,2026-01-12,https://www.google.com/maps/dir/?api=1&destination=31%20Woodridge%20Trail%2C%20Lyndhurst%2C%20VA%2022952,,,,,,,,,,,,,,Cabins; Full Service Resort; Lodging; Meeting Planners; Pet Friendly; Scenic Views,false,https://www.google.com/maps/dir/?api=1&destination=31%20Woodridge%20Trail%2C%20Lyndhurst%2C%20VA%2022952,false
268,Open Heart Inn,open-heart-inn,Cabins & Cottages,stay,Roseland,"Open Heart Inn is an 1840 farmhouse on ten acres offering whole-house or suite rentals, yoga studio, decks, and nature path minutes from Route 151 attractions. A historic property nestled on ten acres, Open Heart Inn offers boutique whole house or individual suite rentals in our 4 bedroom/4 bathroom farmhouse and charming cabin.","A historic property nestled on ten acres, Open Heart Inn offers boutique whole house or individual suite rentals in our 4 bedroom/4 bathroom farmhouse and charming cabin. Relax on the back deck, take in the mountain views, and get away from it all. We are tucked away and yet minutes from breweries, trails, and more!

Originally built in 1840, the farmhouse at Open Heart Inn features four bedrooms, four full bathrooms, a gorgeous kitchen with reclaimed barnwood cabinets, a cozy living room with a wood stove, a yoga studio, and plenty of beautiful outdoor spaces. Located right on the famous Nelson Route 151, we are ideally situated for exploring Nelson County hiking trails, wineries, breweries, and cideries, and we are less than 20 minutes to Wintergreen Resort. The farmhouse has the capacity to sleep up to 14 comfortably and is baby and child friendly. Imagine going back to a simpler time, when you connected over candlelight and gazed at the stars for hours.",,https://ik.imagekit.io/OE/nelson-county/listings/open-heart-inn-image1_vbafle-Vg,"White farmhouse with red roof, surrounded by trees and bushes, gravel driveway.",,https://ik.imagekit.io/OE/nelson-county/listings/open-heart-inn-image2_Nw9TYm2NAw,"Yellow bathroom with white vanity, mirror, flowers, leading into bedroom.",,,,,,,"9731 Rockfish Valley Highway, Afton, VA 22920",josh,2026-01-05,2026-01-12,https://www.google.com/maps/dir/?api=1&destination=9731%20Rockfish%20Valley%20Highway%2C%20Afton%2C%20VA%2022920,,,,,,,,,,,,,,Cabins; Lodging; Farm,false,https://www.google.com/maps/dir/?api=1&destination=9731%20Rockfish%20Valley%20Highway%2C%20Afton%2C%20VA%2022920,false
269,Hillside Hideaway,hillside-hideaway,Cabins & Cottages,stay,Wintergreen Resort,"Hillside Hideaway is a three-bedroom Wintergreen cabin within walking distance of lifts featuring wraparound deck, fire pit, gas grill, and mountain seating areas. A peaceful mountain Wintergreen stay awaits at this 3-bedroom, 2-bath vacation rental.","A peaceful mountain Wintergreen stay awaits at this 3-bedroom, 2-bath vacation rental! Just a short walk from the ski lifts and lodge, and boasting 2 spacious outdoor seating areas, this cabin ensures you make the most of your time in the Blue Ridge Mountains!

Shenandoah National Park and Skyline Drive are just a scenic 30 miles away, while countless hiking trails, including the Appalachian Trail, are only minutes away. Golf, leaf-peeping, and blissful relaxation are nearby! Enjoy the large wraparound deck with ample seating, a fire pit, and a gas grill.",,https://ik.imagekit.io/OE/nelson-county/listings/hillside-hideaway-image1_FLMr9ko8O,"Wooden cabin with wrap-around deck, nestled amid tall green trees.",,https://ik.imagekit.io/OE/nelson-county/listings/hillside-hideaway-image2__cvRZ2F-5,"Modern living room with spiral staircase, large windows, and wooden beams.",,,,,,,"Wintergreen Resort, Roseland, VA 22967",josh,2026-01-05,2026-01-12,https://www.google.com/maps/dir/?api=1&destination=Wintergreen%20Resort%2C%20Roseland%2C%20VA%2022967,,,,,,,,,,,,,,Outdoor Seating; Fuel; Lodging; Skiing; Cabins; Pet Friendly,false,https://www.google.com/maps/dir/?api=1&destination=Wintergreen%20Resort%2C%20Roseland%2C%20VA%2022967,false
270,Saddleback Sanctuary,saddleback-sanctuary,Cabins & Cottages,stay,Afton,"Saddleback Sanctuary is an architect-designed luxury home overlooking Veritas with indoor pool, three en-suite primary bedrooms, and panoramic Blue Ridge views. The convenience of premium toiletries provided for your pampering.","Welcome to Saddleback Sanctuary, your ultimate getaway nestled in the heart of Virginia’s wine country. Designed by award-winning architect Hugh Newell Jacobsen, this stunning luxury home offers iconic panoramic views of the Blue Ridge Mountains and the renowned Veritas Vineyard and Winery, setting the stage for an unforgettable experience.

The house features three primary suites, each with their own private en-suite, as well as ample living and dining space to enjoy your secluded time away. Dive into relaxation with your private indoor pool, where you can enjoy a swim year-round, no matter the weather. You will find every detail thoughtfully designed for your comfort. Indulge in plush, luxury linens that ensure a restful night’s sleep and experience the convenience of premium toiletries provided for your pampering.",,https://ik.imagekit.io/OE/nelson-county/listings/saddleback-sanctuary-image1_SmI98BWB5,"Modern white house with black roofs, surrounded by trees and vineyard fields.",,https://ik.imagekit.io/OE/nelson-county/listings/saddleback-sanctuary-image2_O8Hp1u6xe,"Bright living room with white sofas, skylights, large windows, and scenic views.",,,,,,,"Afton, VA 22920",josh,2026-01-05,2026-01-12,https://www.google.com/maps/dir/?api=1&destination=Afton%2C%20VA%2022920,,,,,,,,,,,,,,Cabins; Lodging; Pool; Scenic Views; Wine,false,https://www.google.com/maps/dir/?api=1&destination=Afton%2C%20VA%2022920,false
157,Appalachian Horse Adventures,appalachian-horse-adventures,Horseback Riding,experience,Nelson County,Appalachian Horse Adventures in Montebello guides Blue Ridge trail rides and river crossings for ages six and up.,"Located in Montebello, Appalachian Horse Adventures offers a riding experience for everyone—from children as young as 6, who have dreamed of being on horseback, to experienced trail riders looking to explore the scenic Blue Ridge Mountains and ford the Tye River.

Join us for an unforgettable adventure in the great outdoors, where you can connect with nature and enjoy the thrill of horseback riding.",,https://ik.imagekit.io/OE/nelson-county/listings/appalachian-horse-adventures-image1_B6_FpaVfT,Three people horseback riding near a rustic cabin in the forest.,,,,,,,,,(540) 487-9235,"396 Fork Mountain Lane, Montebello, VA 24464",josh,2026-01-05,2026-01-12,https://www.google.com/maps/dir/?api=1&destination=396%20Fork%20Mountain%20Lane%2C%20Montebello%2C%20VA%2024464,,,,,,,,,,,,,,Scenic Views; Family Friendly; Hiking; Equestrian; Biking; Water Sports,false,https://www.google.com/maps/dir/?api=1&destination=396%20Fork%20Mountain%20Lane%2C%20Montebello%2C%20VA%2024464,false
272,Nonny Cottage,nonny-cottage,Cabins & Cottages,stay,Vesuvius,"Nonny Cottage is a remote two-bedroom getaway off the Blue Ridge Parkway with full kitchen, washer/dryer, grill, and fire pit for quiet mountain stays.","Nonny Cottage is a charming two-bedroom remote cottage, perfect for a peaceful getaway. It features a full kitchen, one bathroom, a washer/dryer, a grill, and a firepit, making it an ideal spot for relaxation and comfort.

Nestled in a quiet location just off the Blue Ridge Parkway, this cottage offers a serene retreat in Vesuvius. Enjoy the tranquility of nature while having all the amenities you need for a delightful stay. Pet-friendly accommodations are available, ensuring that your furry friends can join in on the adventure!",,https://ik.imagekit.io/OE/nelson-county/listings/nonny-cottage-image1__YMAk87uO,"Single-story house with wooden deck, surrounded by trees and lush greenery.",,https://ik.imagekit.io/OE/nelson-county/listings/nonny-cottage-image2_T1hIUertm,"Cozy living room with sofa, lamp, and wooden floor leading to dining area.",,,,,,,"Love, VA 22920",josh,2026-01-05,2026-01-12,https://www.google.com/maps/dir/?api=1&destination=Love%2C%20VA%2022920,,,,,,,,,,,,,,Full Kitchen; Outdoor Seating; Pet Friendly; Scenic Views; Cabins; Lodging,false,https://www.google.com/maps/dir/?api=1&destination=Love%2C%20VA%2022920,false
158,Rebel's Run at Afton Mountain,rebels-run-at-afton-mountain,Horseback Riding,experience,Afton,"Rebel's Run at Afton Mountain offers vineyard and mountain horseback rides plus English and Western lessons and kids' camps. Offering trail rides, English and Western lessons and summer camps.",,,https://ik.imagekit.io/OE/nelson-county/listings/rebel-s-run-at-afton-mountain-image1_A6RPb2V4_,"Two people horseback riding on forest trail, wearing helmets, smiling back.",,,,,,,,,(703) 623-5243,"1020 Rockfish Valley Highway, Nellysford, VA 22958",josh,2026-01-05,2026-01-12,https://www.google.com/maps/dir/?api=1&destination=1020%20Rockfish%20Valley%20Highway%2C%20Nellysford%2C%20VA%2022958,,,,,,,,,,,,,,Wine; Classes; Hiking; Equestrian; Biking; Farm; Tastings,false,https://www.google.com/maps/dir/?api=1&destination=1020%20Rockfish%20Valley%20Highway%2C%20Nellysford%2C%20VA%2022958,false
274,Basecamp 151,basecamp-151,Motels & Inns,stay,Afton,"Basecamp 151 is a boutique motel on Route 151 with seven individual suites plus a three-bedroom house, offering memory foam beds, smart TVs, and high-speed Wi-Fi.","Basecamp 151 is the only boutique motel located on Nelson 151! Experience a unique stay in a charming atmosphere that combines comfort with style. Enjoy the surrounding natural beauty and the vibrant local culture, making it the perfect retreat for travelers seeking adventure or relaxation.",,https://ik.imagekit.io/OE/nelson-county/listings/basecamp-151-image1_ikQA2XFDb,"Building with gray siding, bright yellow door, and 'BASECAMP 151' sign.",,https://ik.imagekit.io/OE/nelson-county/listings/basecamp-151-image2_luooTicGU,"Modern living room with dark sofa, wooden walls, and geometric rug design.",,,,,,(434) 422-0015,"2904 Rockfish Valley Highway, Nellysford, VA 22958",josh,2026-01-05,2026-01-12,https://www.google.com/maps/dir/?api=1&destination=2904%20Rockfish%20Valley%20Highway%2C%20Nellysford%2C%20VA%2022958,,,,,,,,,,,,,,Wi-Fi; Pet Friendly; Lodging,false,https://www.google.com/maps/dir/?api=1&destination=2904%20Rockfish%20Valley%20Highway%2C%20Nellysford%2C%20VA%2022958,false
275,Oak Ledge,oak-ledge,Cabins & Cottages,stay,Wintergreen Resort,"Oak Ledge is a newly renovated three-bedroom Wintergreen cabin with fiber Wi-Fi, smart TVs, fully equipped kitchen, and sunset deck moments from trails and Nelson 151 attractions.","Discover our peaceful retreat at Oak Ledge, a charming 3BR, 2.5 BA cabin just steps from Wintergreen Resort. Newly renovated in 2023, family-friendly Oak Ledge offers all the support you need to getaway, including high-speed fiber WIFI, smart TVs, a large dining table, and a fully equipped kitchen.

Immerse yourself in the outdoors, from exploring the many trails to touring local hot spots along the Nelson 151. After a day of fun, relax with a refreshing drink on the deck as the sun sets. Enjoy exterior living with a fire table and BBQ grill, two living rooms, central AC, a Nespresso French Press, and a mini fridge. Community outdoor pool access is also available. Oak Ledge is pet-friendly and provides a perfect escape for families seeking adventure and relaxation!",,https://ik.imagekit.io/OE/nelson-county/listings/oak-ledge-image1_z8yIdbe06,Cabin surrounded by vibrant autumn trees on sunny day.,,https://ik.imagekit.io/OE/nelson-county/listings/oak-ledge-image2_sA6TYYAI-,"Spacious living room with brown furniture, large windows, and a fireplace.",,,,,,,"Wintergreen Resort, Roseland, VA 22967",josh,2026-01-05,2026-01-12,https://www.google.com/maps/dir/?api=1&destination=Wintergreen%20Resort%2C%20Roseland%2C%20VA%2022967,,,,,,,,,,,,,,Wi-Fi; Full Kitchen; Outdoor Seating; Cabins; Pet Friendly; Lodging,false,https://www.google.com/maps/dir/?api=1&destination=Wintergreen%20Resort%2C%20Roseland%2C%20VA%2022967,false
132,Walton's Mountain Museum,waltons-mountain-museum,Museums & Heritage,culture,Schuyler,"The Walton’s Mountain Museum showcases the television show of the 1960s, “The Waltons”. Earl Hamner, Jr., creator of The Walton’s, grew up in Schuyler and many of the scripts were based on life as a boy in Schuyler, VA. The museum displays replicas of rooms on the TV show, such as John-Boy’s Bedroom, Ike Godsey’s Store, the kitchen and living room.","The Walton’s Mountain Museum showcases the beloved television show of the 1960s, “The Waltons.”

Visitors can explore exhibits that celebrate the show's legacy, featuring memorabilia and insights into the characters and stories that captured the hearts of audiences. The museum offers a unique glimpse into the cultural impact of this iconic series.",,https://ik.imagekit.io/OE/nelson-county/listings/walton-s-mountain-museum-image1_ENJGZOEIs,"Brick building labeled 'Walton's Mountain Museum' with nearby sign, trees, and sunlight.",,,,,,,,,(434) 831-2000,"6484 Rockfish River Road, Schuyler, VA 22969",josh,2026-01-05,2026-01-12,https://www.google.com/maps/dir/?api=1&destination=6484%20Rockfish%20River%20Road%2C%20Schuyler%2C%20VA%2022969,,,,,,Overview,"<p>Walton’s Mountain Museum preserves the history and cultural heritage of Nelson County. Exhibits focus on local life, craftsmanship, music traditions, and notable residents who shaped the region.</p>",Museum Experience,<p>Visitors can explore indoor exhibits as well as outdoor features that reflect rural mountain life. Displays are designed to provide context and storytelling rather than formal gallery interpretation.</p>,Planning Your Visit,<p>The museum is well suited for visitors interested in local history and community heritage. Time spent here can be easily combined with nearby walking routes or other historic sites.</p>,,,Retail; Seasonal Menu; Museum,false,https://www.google.com/maps/dir/?api=1&destination=6484%20Rockfish%20River%20Road%2C%20Schuyler%2C%20VA%2022969,false
277,Wintergreen Getaway for Families,wintergreen-getaway-for-families,Whole House Rentals,stay,Wintergreen Resort,"Wintergreen Getaway for Families is a pet-friendly mountain home with two outdoor seating areas, indoor fireplace, and pool/tennis access located minutes from Wintergreen slopes. The resort is found on the Sunrise Side of the Blue Ridge Mountains and is conveniently located close to Charlottesville, Staunton, Lynchburg, and Waynesboro.","Relax under the star-lit sky or cozy up on a comfy sofa around the indoor fireplace for a fun-filled evening with family and friends. Enjoy breathtaking views of sunrise and sunset over the hills and valleys, all within walking distance.

This spacious getaway sleeps 8 and features two queen beds, two single beds, and a great room equipped with a 52' TV. The dining table accommodates 8, plus there’s a breakfast bar. Each bedroom has its own TV, and the fully-stocked kitchen ensures you have everything you need. Additional amenities include FAST Wi-Fi, an in-unit washer/dryer, and a pet fee of $150. Seasonal pool and tennis access are included, though resort access is not. Just a 4-minute drive to Wintergreen skiing, this four-season resort offers a wealth of outdoor activities and a perfect retreat for the whole family!",,https://ik.imagekit.io/OE/nelson-county/listings/wintergreen-getaway-for-families-image1_xRak2O25W,"Yellow house with snow-covered roof, surrounded by snow and evergreen trees.",,https://ik.imagekit.io/OE/nelson-county/listings/wintergreen-getaway-for-families-image2_eLXm2rYc6,"Spacious living room with colorful sofas, adjacent kitchen, and wooden flooring.",,,,,,,"Wintergreen Resort, Roseland, VA 22967",josh,2026-01-05,2026-01-12,https://www.google.com/maps/dir/?api=1&destination=Wintergreen%20Resort%2C%20Roseland%2C%20VA%2022967,,,,,,,,,,,,,,Family Friendly; Pet Friendly; Outdoor Seating; Pool; Tennis; Seasonal Menu,false,https://www.google.com/maps/dir/?api=1&destination=Wintergreen%20Resort%2C%20Roseland%2C%20VA%2022967,false
278,Wintergreen Resort Cabin,wintergreen-resort-cabin,Cabins & Cottages,stay,Wintergreen Resort,5-bath cabin nestled in the woods Tucked towards to back of the Resort Close to Shamokin Springs Trailhead Close to Chestnut Springs Pool. 5-bath cabin nestled in the woods Tucked towards to back of the Resort Close to Shamokin Springs Trailhead Close to Chestnut Springs Pool.,"Get away with your adventure-loving friends or family and stay at this chic 3-bedroom, 2.5-bath cabin nestled in the woods! The cabin is ideally located within the Wintergreen Resort, allowing easy access to ski slopes, the Appalachian Trail, Blue Ridge Parkway, and golf courses. After a busy day of outdoor recreation, grab a beer from a local brewery or sample from a winery.

Cap off your evenings with a relaxing game night in by the gas fireplace, or fire up the gas grill for a barbecue! Tucked towards the back of the Resort, the cabin is close to Shamokin Springs Trailhead and Chestnut Springs Pool.",,https://ik.imagekit.io/OE/nelson-county/listings/wintergreen-resort-cabin-image1_usN-BJKnP,"Two-story house with deck, surrounded by autumn trees, overcast sky.",,https://ik.imagekit.io/OE/nelson-county/listings/wintergreen-resort-cabin-image2_pTyogduKY,"Cozy living room with gray sectional sofa, wooden ceiling, stairs, and wall art.",,,,,,,"Wintergreen Resort, Roseland, VA 22967",josh,2026-01-05,2026-01-12,https://www.google.com/maps/dir/?api=1&destination=Wintergreen%20Resort%2C%20Roseland%2C%20VA%2022967,,,,,,,,,,,,,,Fuel; Outdoor Seating; Adventure; Resort; Cabins; Scenic Views; Lodging; Appalachian Trail,false,https://www.google.com/maps/dir/?api=1&destination=Wintergreen%20Resort%2C%20Roseland%2C%20VA%2022967,false
279,Bluebird Cottage,bluebird-cottage,Cabins & Cottages,stay,Roseland,"Bluebird Cottage is a cozy home less than a mile from Devils Backbone and Wintergreen's base, offering easy access to Route 151 wineries and hiking. This house is less than a mile from Devil's Backbone Brewery; nestled at the bottom of Wintergreen Resort.","Welcome to Bluebird Cottage! This house is less than a mile from Devil's Backbone Brewery and is nestled at the bottom of Wintergreen Resort. Located near several local wineries, breweries, and distilleries along Route 151, as well as the Appalachian Trail, it is the perfect spot to stay during a trip to Nelson County.

With a great location for hiking and a quaint ambiance, Bluebird Cottage offers a charming retreat for your getaway. Pet-friendly accommodations are available, making it an ideal choice for all travelers.",,https://ik.imagekit.io/OE/nelson-county/listings/bluebird-cottage-image1_oyrVGESN2,Blue house with red chimney surrounded by large green trees and mountains.,,https://ik.imagekit.io/OE/nelson-county/listings/bluebird-cottage-image2_f4Gyyn1fq,"Cozy living room with sofas, wooden table, ceiling fan, and brick fireplace.",,,,,,,"Roseland, VA 22967",josh,2026-01-05,2026-01-12,https://www.google.com/maps/dir/?api=1&destination=Roseland%2C%20VA%2022967,,,,,,,,,,,,,,Scenic Views; Beer; Breakfast; Pet Friendly; Cabins; Lodging,false,https://www.google.com/maps/dir/?api=1&destination=Roseland%2C%20VA%2022967,false
280,Bear Tracks Cottage,bear-tracks-cottage,Cabins & Cottages,stay,Nellysford,"Bear Tracks Cottage is a three-story cabin with large deck, fire pit, and hot tub tucked near the Nelson 151 Trail for easy access to wineries and hikes.","Welcome to Bear Tracks Cottage! This beautiful cabin is tucked away, providing guests with a private retreat in Nelson County, while still offering easy accessibility to award-winning wineries, breweries, and distilleries along the 151 Trail. This cabin features three floors and ample outdoor space, including a fire pit, a large deck with a grill, and a hot tub.

Come explore the Blue Ridge Mountains in this newly restored cabin. It is a great family spot and is pet-friendly, making it the perfect getaway for everyone!",,https://ik.imagekit.io/OE/nelson-county/listings/bear-tracks-cottage-image1_ao9s_vNaj,"Wooden cabin surrounded by lush green forest, with blue chairs outside.",,https://ik.imagekit.io/OE/nelson-county/listings/bear-tracks-cottage-image2_93gHVwAsE,"Rustic cabin interior with wooden walls, loft, and cozy seating area.",,,,,,,"Roseland, VA 22967",josh,2026-01-05,2026-01-12,https://www.google.com/maps/dir/?api=1&destination=Roseland%2C%20VA%2022967,,,,,,,,,,,,,,Cabins; Outdoor Seating; Breakfast; Pet Friendly,false,https://www.google.com/maps/dir/?api=1&destination=Roseland%2C%20VA%2022967,false
281,Faber Farmhouse,faber-farmhouse,Cabins & Cottages,stay,Faber,"Faber Farmhouse is a spacious four-bedroom home with dual living rooms, large deck, and open kitchen located across from Rock Spring Mountain Farm wedding venue.","Welcome to Faber Farmhouse, conveniently located in Faber, VA, with easy access to the Nelson 151 corridor, Charlottesville, and the quaint town of Scottsville. This house features ample space for guests, including 4 bedrooms, 2 living rooms, a large deck, and an open concept kitchen and dining space.

Faber Farmhouse is situated right across the street from Rock Spring Mountain Farm Wedding Venue and is just minutes from multiple wineries, breweries, and distilleries. Enjoy large spaces for gathering and creating lasting memories!",,https://ik.imagekit.io/OE/nelson-county/listings/faber-farmhouse-image1_ijDX83k94,"White two-story house with black roof, deck, surrounded by bare trees.",,https://ik.imagekit.io/OE/nelson-county/listings/faber-farmhouse-image2_IEnn8lZNO,"Living room with brown sofa, striped chairs, wooden table, ceiling fan.",,,,,,,"Faber, VA 22938",josh,2026-01-05,2026-01-12,https://www.google.com/maps/dir/?api=1&destination=Faber%2C%20VA%2022938,,,,,,,,,,,,,,Outdoor Seating; Full Kitchen; Events; Breakfast; Pet Friendly; Cabins; Lodging; Farm,false,https://www.google.com/maps/dir/?api=1&destination=Faber%2C%20VA%2022938,false
282,Wintergreen - Fairway Woods,wintergreen-fairway-woods,Vacation Rentals,stay,Wintergreen Resort,"Wintergreen – Fairway Woods is a two-bedroom resort condo with cozy fireplace, balcony seating, and electric grill overlooking the Blue Ridge. The resort is found on the Sunrise Side of the Blue Ridge Mountains and is conveniently located close to Charlottesville, Staunton, Lynchburg, and Waynesboro.","Discover the beauty of Wintergreen Resort, VA, and indulge in a memorable stay at this 2-bedroom, 2-bathroom vacation rental condo. Featuring a cozy fireplace, outdoor seating, and an electric grill, this condo offers the perfect blend of comfort and convenience. Explore the nearby Blue Ridge Mountains for scenic hikes or hit the slopes on-site for some thrilling skiing.

After a day of adventure, relax on the private balcony and take in the serene views. Your ultimate mountain getaway awaits! Great views!",,https://ik.imagekit.io/OE/nelson-county/listings/wintergreen-fairway-woods-image1_M5rehxu4c,"Wooden deck with tables, surrounded by trees, adjacent to house with large windows.",,https://ik.imagekit.io/OE/nelson-county/listings/wintergreen-fairway-woods-image2_UFqwGpLGY,Cozy living room and dining area with large windows and wooden furniture.,,,,,,,"Wintergreen Resort, Roseland, VA 22967",josh,2026-01-05,2026-01-12,https://www.google.com/maps/dir/?api=1&destination=Wintergreen%20Resort%2C%20Roseland%2C%20VA%2022967,,,,,,,,,,,,,,Scenic Views; Pet Friendly; Golf,false,https://www.google.com/maps/dir/?api=1&destination=Wintergreen%20Resort%2C%20Roseland%2C%20VA%2022967,false
159,Oakland Museum,oakland-museum,Museums & Heritage,culture,Arrington,"Oakland Museum inside the historic 1800s tavern interprets rural electrification, Hurricane Camille, and Nelson County history. Oakland's exhibits were created to promote greater understanding of the county's history and of the connections between the county's history and that of the state of Virginia and the nation.","The Oakland Museum is housed in a historic tavern and features exhibits that explore significant events in local history. Visitors can learn about Rural Electrification in Nelson County during the 1930s, as well as the impact of Hurricane Camille and its devastation on the area in 1969.

This unique museum offers a glimpse into the past, highlighting the resilience and transformation of the community through these pivotal moments.",,https://ik.imagekit.io/OE/nelson-county/listings/oakland-museum-image1_yQz44DJPF,Red brick house with green roof and white stairs in sunlight.,,,,,,,,,(434) 263-8400,"5365 Thomas Nelson Highway, Arrington, VA",josh,2026-01-05,2026-01-12,https://www.google.com/maps/dir/?api=1&destination=5365%20Thomas%20Nelson%20Highway%2C%20Arrington%2C%20VA%2022922,,,,,,,,,,,,,,Seasonal Menu; Museum,false,https://www.google.com/maps/dir/?api=1&destination=5365%20Thomas%20Nelson%20Highway%2C%20Arrington%2C%20VA%2022922,false
284,Peaktime,peaktime,Whole House Rentals,stay,Roseland,"Peaktime is a one-bedroom apartment with kitchenette, ideal for couples seeking a simple base near Nelson 151 and Wintergreen.",,,https://ik.imagekit.io/OE/nelson-county/listings/peaktime-image1_Bo91oWibu,"Wooden house with solar panels, surrounded by greenery, under clear blue sky.",,https://ik.imagekit.io/OE/nelson-county/listings/peaktime-image2_iELPAfFAd,"Living room with couches, colorful bear painting, and wooden wall.",,,,,,,"Afton, VA 22920",josh,2026-01-05,2026-01-12,https://www.google.com/maps/dir/?api=1&destination=Afton%2C%20VA%2022920,,,,,,,,,,,,,,Scenic Views; Full Kitchen; Cabins; Lodging,false,https://www.google.com/maps/dir/?api=1&destination=Afton%2C%20VA%2022920,false
285,Hawthorne,hawthorne,Cabins & Cottages,stay,Nellysford,"Hawthorne is a private guest cabin with wood-burning fireplace, outdoor hearth, and deck overlooking wooded acreage near Afton wineries. Entire small guest house/log cabin.","Entire small guest house/log cabin featuring a living room with a wood-burning fireplace, a small kitchen, a bedroom with a queen bed, and a full bathroom. Enjoy the outdoor fireplace and deck that overlook the woods. Hand-built from locally harvested cedar logs, this secluded and peaceful location is just minutes from the 151 corridor and offers beautiful sunrise views.

*Lodging descriptions are provided by the host and not independently verified.*",,https://ik.imagekit.io/OE/nelson-county/listings/hawthorne-image1_ZabwDQhh2,Rustic cabin with stone chimney surrounded by lush trees and greenery.,,https://ik.imagekit.io/OE/nelson-county/listings/hawthorne-image2_ru72cyv12,"Cozy rustic cabin interior with kitchenette, fireplace, wooden shelves, and wicker baskets.",,,,,,,"Afton, VA 22920",josh,2026-01-05,2026-01-12,https://www.google.com/maps/dir/?api=1&destination=Afton%2C%20VA%2022920,,,,,,,,,,,,,,Cabins; Outdoor Seating; Lodging,false,https://www.google.com/maps/dir/?api=1&destination=Afton%2C%20VA%2022920,false
286,Rockfish Tiny Home,rockfish-tiny-home,Whole House Rentals,stay,Schuyler,"Rockfish Tiny Home is a modern tiny retreat with hot tub, fire pit, hanging swing, and spacious interior central to Nelson 151 wineries. Nelson County has something for everyone.",,,https://ik.imagekit.io/OE/nelson-county/listings/rockfish-tiny-home-image1_fBeoUJWL3,"Modern cabin with black trim, hot tub, and snow-covered yard under sunlight.",,https://ik.imagekit.io/OE/nelson-county/listings/rockfish-tiny-home-image2_ieLcxH-yFI,"Modern living room with loft, ladder, sofa, and nature view through glass doors.",,,,,,,"Schuyler, VA 22969",josh,2026-01-05,2026-01-12,https://www.google.com/maps/dir/?api=1&destination=Schuyler%2C%20VA%2022969,,,,,,,,,,,,,,Outdoor Seating; Cabins; Lodging; Fishing,false,https://www.google.com/maps/dir/?api=1&destination=Schuyler%2C%20VA%2022969,false
287,Tupelo,tupelo,Whole House Rentals,stay,Roseland,"Tupelo is a charming 1900 square foot Blue Ridge Bungalow nestled on one acre in the enchanting Rockfish River Valley. Tupelo is newly remodeled, featuring fresh carpets, recycled glass and concrete countertops and new appliances while maintaining it's rustic charm.","Tupelo is a charming 1900 square foot Blue Ridge Bungalow nestled on one acre in the enchanting Rockfish River Valley. Three bedrooms and two full baths host up to 8 guests comfortably. Enjoy the cozy gas woodstove or outdoor firepit. Each bedroom features blackout curtains for a restful sleep, and remote workers and students will find a workstation in the primary bedroom.

Tupelo offers high-speed internet to stay connected during your mountain stay and is pet and family-friendly. Newly remodeled, it features fresh carpets, recycled glass and concrete countertops, and new appliances while maintaining its rustic charm with original and reclaimed wood flooring and a tin roof. A stay at Tupelo is just a stone's throw from the Wintergreen Resort entrance, plus a straight shot to Rt. 151 for touring renowned breweries, cideries, and vineyards. Tupelo sits conveniently between the Blue Ridge Parkway and Rt. 151 in the heart of everything that Nelson County is known for.",,https://ik.imagekit.io/OE/nelson-county/listings/tupelo-image1_UQyvDRap6,"Small blue house with red door, surrounded by green grass and trees.",,https://ik.imagekit.io/OE/nelson-county/listings/tupelo-image2_YEMlCkGfY,"Cozy bedroom with white bedding, artwork, lamps, and a large window view.",,,,,,,"Nellysford, VA 22958",josh,2026-01-05,2026-01-12,https://www.google.com/maps/dir/?api=1&destination=Nellysford%2C%20VA%2022958,,,,,,,,,,,,,,Fuel; Pet Friendly; Scenic Views,false,https://www.google.com/maps/dir/?api=1&destination=Nellysford%2C%20VA%2022958,false
288,"The Vu, Afton",the-vu-afton,Cabins & Cottages,stay,Afton,"This spacious bright and airy home was just renovated to take full advantage of the jaw-dropping 360º views surrounding the property. Perched atop a grassy knoll of peaceful meadows with 360º views of the Blue Ridge Mountains, this newly renovated Afton home is the perfect retreat.","This spacious, bright, and airy home was just renovated to take full advantage of the jaw-dropping 360º views surrounding the property. In fact, every room has a view, including the main living room, which captures breathtaking sunrises and sunsets—all from the same seat! The house has all the amenities of modern living with the comforts of home—and some added luxuries.

All three bedrooms are suites with private bathrooms (and include white noise sound machines!), making the layout perfect for multiple couples to share. The loft offers another cozy addition with a comfy queen pullout sofa bed. Those who love to cook will enjoy the spacious, modern kitchen that is well-equipped with all stainless appliances and essentials to prepare a gourmet meal. Included are multi-piece cooking and baking sets, a Dutch oven, food processor, crock pot, Instant Pot, blender, and more. The open floor plan offers comfortable seating at the kitchen island and den, allowing you to chat with others while cooking. Perched atop a grassy knoll of peaceful meadows with 360º views of the Blue Ridge Mountains, this newly renovated Afton home is the perfect retreat. Located just off the famous Route 151, the house is conveniently situated near everything you could ask for in your mountain getaway. Whether you want to be adventurous and hike or ski, or take in the region's award-winning wineries and breweries, everything is just a few miles away. But when you're here, leaving will be the hardest thing to do!",,https://ik.imagekit.io/OE/nelson-county/listings/the-vu-afton-image1_S5BCcnudC,Fire pit with chairs in front of illuminated house at night.,,https://ik.imagekit.io/OE/nelson-county/listings/the-vu-afton-image2_tWSkRspw9,"Cozy living room with armchairs, fireplace, large windows, and antler chandelier.",,,,,,,"Afton, VA 22920",josh,2026-01-05,2026-01-12,https://www.google.com/maps/dir/?api=1&destination=Afton%2C%20VA%2022920,,,,,,,,,,,,,,Lodging; Scenic Views; Full Kitchen; Cabins,false,https://www.google.com/maps/dir/?api=1&destination=Afton%2C%20VA%2022920,false
289,Serenity Summit,serenity-summit,Whole House Rentals,stay,Wintergreen Resort,"Serenity Summit is a three-bedroom, 3.5-bath Wintergreen home sleeping eight with modern amenities, family-friendly layout, and serene wooded surroundings.","Discover the perfect getaway at Serenity Summit, a stunning 3BR, 3.5BA home nestled in the heart of Wintergreen Resort. Ideal for families and friends, this spacious retreat sleeps 8 and offers the perfect blend of comfort, modern amenities, and serene natural surroundings.

Enjoy an airy, open concept living space with vaulted ceilings and a wood-burning stove fireplace. The exterior living area features a fire table, and there are two inviting living rooms to relax in. Stay connected with high-speed fiber Wi-Fi and an entertainment center, and make use of the fully equipped kitchen. Seasonal availability of the outdoor pool adds to the appeal of this exceptional retreat.",,https://ik.imagekit.io/OE/nelson-county/listings/serenity-summit-image1_cNQynxSjz,Brown house surrounded by vibrant autumn trees and foliage.,,https://ik.imagekit.io/OE/nelson-county/listings/serenity-summit-image2_RAnt8nyEV,"Spacious living room with fireplace, large windows, brown sofa, and wooden floor.",,,,,,,"Wintergreen Resort, Roseland, VA 22967",josh,2026-01-05,2026-01-12,https://www.google.com/maps/dir/?api=1&destination=Wintergreen%20Resort%2C%20Roseland%2C%20VA%2022967,,,,,,,,,,,,,,Family Friendly; Lodging,false,https://www.google.com/maps/dir/?api=1&destination=Wintergreen%20Resort%2C%20Roseland%2C%20VA%2022967,false
290,The Wooder House,the-wooder-house,Cabins & Cottages,stay,Nellysford,"The Wooder House is a 1,900-square-foot four-bedroom, pet-friendly home on a 38-acre forest property with huge windows, fire pit, and outdoor patio.","The Wooder House is a spacious 1,900-square-foot, four-bedroom, pet-friendly home nestled on a stunning 38-acre forest property. This inviting retreat features huge windows that allow for plenty of natural light, a cozy fire pit for evening gatherings, and an outdoor patio perfect for enjoying the serene surroundings.

Whether you're looking to relax in nature or explore the great outdoors, The Wooder House offers the ideal getaway for families and friends alike.",,https://ik.imagekit.io/OE/nelson-county/listings/the-wooder-house-image1_d3RyCyPHT,Wooden house surrounded by lush green forest and trees.,,https://ik.imagekit.io/OE/nelson-county/listings/the-wooder-house-image2_aqCMSRELO,"Cozy living room with large windows, green trees outside, and comfy sofa.",,,,,,,"Roseland, VA 22967",josh,2026-01-05,2026-01-12,https://www.google.com/maps/dir/?api=1&destination=Roseland%2C%20VA%2022967,,,,,,,,,,,,,,Scenic Views; Outdoor Seating; Pet Friendly; Cabins; Lodging,false,https://www.google.com/maps/dir/?api=1&destination=Roseland%2C%20VA%2022967,false
291,The Ash House at Holland Hill,ash-house-at-holland-hill,Cabins & Cottages,stay,Faber,"The Ash House at Holland Hill is a modern cabin with hot tub, fireplace, and mountain views designed for stargazing and stylish Blue Ridge escapes.",,,https://ik.imagekit.io/OE/nelson-county/listings/the-ash-house-at-holland-hill-image1_uMIyEQ7ty,Black wooden cabin surrounded by autumn foliage and sunlight on sloping hill.,,https://ik.imagekit.io/OE/nelson-county/listings/the-ash-house-at-holland-hill-image2_WEdUSCUn_,"Spacious living room with wooden beams, black accents, modern furniture, large windows.",,,,,,,"Nellysford, VA 22958",josh,2026-01-05,2026-01-12,https://www.google.com/maps/dir/?api=1&destination=Nellysford%2C%20VA%2022958,,,,,,,,,,,,,,Cabins; Scenic Views; Lodging,false,https://www.google.com/maps/dir/?api=1&destination=Nellysford%2C%20VA%2022958,false
292,D & D's Mountain Home,d-ds-mountain-home,Whole House Rentals,stay,Wintergreen Resort,"D & D's Mountain Home is a renovated two-bedroom Stone Ridge condo with gas fireplace, patio, and views over Devils Knob Golf Course.","Immaculate, newly renovated, 2 BR, 2 BA condo in the Stone Ridge Area of Wintergreen Resort. This 1100 square feet of private living space includes an open living/dining area featuring a gas fireplace, a galley kitchen, and a laundry area. The home is fully furnished and boasts an outdoor patio with a living area. We are located just above the 18th hole of Wintergreen Resort's Devil's Knob Golf Course.

During the summer months, our outdoor living space is the perfect spot to observe golfers below. We are close to restaurants, wineries, the Blue Ridge Parkway, and various hiking trails along the Appalachian Trail. We are a four seasons home.",,https://ik.imagekit.io/OE/nelson-county/listings/d-d-s-mountain-home-image1_PzXkSUD2Q,Wooden railing and stairway beside house with sloped roof surrounded by trees.,,https://ik.imagekit.io/OE/nelson-county/listings/d-d-s-mountain-home-image2_NTKDLMan4,"Cozy living room with sofa, lamps, and table by large glass doors.",,,,,,,"Wintergreen Resort, Roseland, VA 22967",josh,2026-01-05,2026-01-12,https://www.google.com/maps/dir/?api=1&destination=Wintergreen%20Resort%2C%20Roseland%2C%20VA%2022967,,,,,,,,,,,,,,Fuel; Outdoor Seating; Scenic Views; Cabins; Lodging; Golf,false,https://www.google.com/maps/dir/?api=1&destination=Wintergreen%20Resort%2C%20Roseland%2C%20VA%2022967,false
293,Bear Creek Inn,bear-creek-inn,Cabins & Cottages,stay,Tyro,2-3 Bedroom Cottage with large fenced in yard for pets.,"Escape to Bear Creek Inn, a charming 2-3 bedroom cottage featuring a large fenced-in yard, perfect for your pets. Enjoy a quiet and peaceful retreat alongside a year-round trout stream, just minutes from Nelson 151, Crabtree Falls, Wintergreen, and the George Washington National Forest. Access to the Appalachian Trail is only a short drive away, making it an ideal location for outdoor enthusiasts.

This pet-friendly cottage offers a serene getaway for families and friends alike. Experience the beauty of nature while creating lasting memories in this delightful setting.",,https://ik.imagekit.io/OE/nelson-county/listings/bear-creek-inn-image1_Z8eqXrcOM,Creek flowing past tree and brick house with red roof.,,https://ik.imagekit.io/OE/nelson-county/listings/bear-creek-inn-image2_xQtRkgnIL,"Cozy sunroom with green walls, vintage rug, sofa, large windows, and hanging light.",,,,,,(434) 277-5305,"Tyro, VA 22976",josh,2026-01-05,2026-01-12,https://www.google.com/maps/dir/?api=1&destination=Tyro%2C%20VA%2022976,,,,,,,,,,,,,,Pet Friendly; Outdoor Seating; Cabins; Lodging,false,https://www.google.com/maps/dir/?api=1&destination=Tyro%2C%20VA%2022976,false
294,"Cookie's Place, LLC",cookies-place-llc,Cabins & Cottages,stay,Afton,"Cookie's Place is a three-bedroom, two-bath home with private pool, mountain views, and convenient access to hiking, skiing, and Route 151 venues. Pool, mountain views, quiet yet close to everything, hiking, skiing, restaurants, wineries, breweries, distilleries, Waynesboro and Charlottesville.","Welcome to Cookie's Place, LLC! This charming cabin features 3 bedrooms and 2 baths, along with a private pool. Enjoy stunning mountain views in a tranquil setting that is still conveniently close to a variety of attractions, including hiking, skiing, restaurants, wineries, breweries, and distilleries. Explore nearby Waynesboro and Charlottesville for even more activities and dining options.

Please note that lodging descriptions are provided by the host and not independently verified.",,https://ik.imagekit.io/OE/nelson-county/listings/cookie-s-place-llc-image1_YqXSl7cuY,Black patio furniture set on wooden deck near grassy lawn and tennis court.,,https://ik.imagekit.io/OE/nelson-county/listings/cookie-s-place-llc-image2_ipVqKBcc4,"Modern living room with gray sectional sofa, wood table, and ceiling fan.",,,,,,,"Afton, VA 22920",josh,2026-01-05,2026-01-12,https://www.google.com/maps/dir/?api=1&destination=Afton%2C%20VA%2022920,,,,,,,,,,,,,,Scenic Views; Pool; Pet Friendly; Cabins; Lodging; Hiking,false,https://www.google.com/maps/dir/?api=1&destination=Afton%2C%20VA%2022920,false
295,Bearfeet Retreat,bearfeet-retreat,Cabins & Cottages,stay,Wintergreen Resort,"Cozy family cabin that sleeps 8 (K, Q, 2x twin bunks) tucked away in a quiet cul-de-sac. It’s the ideal mountain getaway offering the best of seasonal activities like hiking, fishing, swimming, skiing, brewery and orchard tours. 1/4 mile from Wintergreen Resort & Ski Slopes, yet also close to the “Valley” where there are many restaurants, wineries, breweries and cideries.","Cozy family cabin that sleeps 8 (K, Q, 2x twin bunks) tucked away in a quiet cul-de-sac. It's the ideal mountain getaway offering the best of seasonal activities like hiking, fishing, swimming, skiing, brewery, and orchard tours. Just 1/4 mile from Wintergreen Resort & Ski Slopes, yet also close to the 'Valley' where there are many restaurants, wineries, breweries, and cideries.

Enjoy soaring cathedral ceilings with an open concept and plenty of natural light. The cabin features fast Wi-Fi, a smart TV, a fully equipped kitchen, a wood-burning fireplace, and a wrap-around deck. You'll also find DVDs, games, and more for your entertainment. A trail is located right behind the house, making it a great location close to the slopes and even closer to the Valley. Nestled in a quiet cul-de-sac with extra parking, the surrounding trees provide a serene and calm atmosphere.",,https://ik.imagekit.io/OE/nelson-county/listings/bearfeet-retreat-image1_Bi1vj6inZ,Rustic cabin surrounded by trees and wooden fence in a green landscape.,,https://ik.imagekit.io/OE/nelson-county/listings/bearfeet-retreat-image2_a1pK4Hztg,"Fire pit on wooden table, surrounded by chairs on porch, with forest view.",,,,,,,"Wintergreen Resort, Roseland, VA 22967",josh,2026-01-05,2026-01-12,https://www.google.com/maps/dir/?api=1&destination=Wintergreen%20Resort%2C%20Roseland%2C%20VA%2022967,,,,,,,,,,,,,,Outdoor Seating; Wi-Fi; Parking; Cabins; Lodging; Farm,false,https://www.google.com/maps/dir/?api=1&destination=Wintergreen%20Resort%2C%20Roseland%2C%20VA%2022967,false
296,Peaceful Mountain Getaway,peaceful-mountain-getaway,Whole House Rentals,stay,Nellysford,"Peaceful Mountain Getaway is a pet-friendly Wintergreen retreat with calming décor and hosts available to assist, perfect for families seeking quiet escapes. One story, three bedroom, two bath, well stocked house in Rodes Valley.","Discover a peaceful mountain getaway in Rodes Valley, a charming one-story house featuring three bedrooms and two baths. This well-stocked home offers beautiful views and a sense of privacy, nestled just off Rt 151, near local vineyards and breweries. Enjoy the serene surroundings and abundant wildlife that make this location truly special.

Located in Nellysford, this property is pet-friendly, allowing you to bring your furry friends along for the adventure. Experience the tranquility and natural beauty of the area during your stay!",,https://ik.imagekit.io/OE/nelson-county/listings/peaceful-mountain-getaway-image1_Ww7fTws2q,"Rustic wooden house surrounded by trees, with person sitting on front porch.",,https://ik.imagekit.io/OE/nelson-county/listings/peaceful-mountain-getaway-image2_TEA5EbfCs,"Wooden dining table with chairs, floral centerpiece, adjacent large windows.",,,,,,,"Wintergreen Resort, Nellysford, VA 22958",josh,2026-01-05,2026-01-12,https://www.google.com/maps/dir/?api=1&destination=Wintergreen%20Resort%2C%20Nellysford%2C%20VA%2022958,,,,,,,,,,,,,,Scenic Views; Pet Friendly; Family Friendly,false,https://www.google.com/maps/dir/?api=1&destination=Wintergreen%20Resort%2C%20Nellysford%2C%20VA%2022958,false
297,The Afton House,the-afton-house,Whole House Rentals,stay,Afton,"The Afton House is a luxury mountain home with sweeping views, multiple gathering spaces, and accommodations for up to sixteen guests.","The Afton House is a luxury mountain home featuring sweeping views and multiple gathering spaces. With accommodations for up to sixteen guests, it is the perfect retreat for family gatherings or group getaways. Enjoy the serene surroundings and create lasting memories in this stunning property.",,https://ik.imagekit.io/OE/nelson-county/listings/the-afton-house-image1_BWCet3f9Y,"Modern house with large windows, lit interior, against sunset sky and bare trees.",,https://ik.imagekit.io/OE/nelson-county/listings/the-afton-house-image2_sGu2sep1w,"Cozy room with wooden table, chairs, blue shelves, and checkered curtains.",,,,,,,"Afton, VA 22920",josh,2026-01-05,2026-01-12,https://www.google.com/maps/dir/?api=1&destination=Afton%2C%20VA%2022920,,,,,,,,,,,,,,Lodging; Scenic Views,true,https://www.google.com/maps/dir/?api=1&destination=Afton%2C%20VA%2022920,false
298,THE LITTLE FARMHOUSE,thelittlefarmhouse,Cabins & Cottages,stay,Afton,"The Little Farmhouse, also known as Cheval Circle, is a rustic-modern home with multiple seating areas, dining for 10, large porch, and horse farm views.","The Little Farmhouse, also known as Cheval Circle, is a rustic-modern home featuring multiple seating areas and dining accommodations for up to 10 guests. Enjoy the large porch that offers stunning views of the horse farm, creating a perfect setting for relaxation and gatherings.",,https://ik.imagekit.io/OE/nelson-county/listings/the-little-farmhouse-image1_HWH41F4Vf,"White house with front porch, green lawn, surrounded by trees in sunlight.",,https://ik.imagekit.io/OE/nelson-county/listings/the-little-farmhouse-image2_kht6S_C_a,"Modern living room with spiral staircase, large windows, brown sofa, green plants.",,,,,,,"Afton, VA 22920",josh,2026-01-05,2026-01-12,https://www.google.com/maps/dir/?api=1&destination=Afton%2C%20VA%2022920,,,,,,,,,,,,,,Farm; Outdoor Seating; Cabins; Lodging,false,https://www.google.com/maps/dir/?api=1&destination=Afton%2C%20VA%2022920,false
299,Mountaintop Overlook,mountaintop-overlook,Whole House Rentals,stay,Wintergreen Resort,"Mountaintop Overlook is a 1,237-square-foot Wintergreen condo with ground-level access, panoramic valley views, wood-burning fireplace, and newly renovated interiors. Unbeatable Panoramic Mountain Views.","The Mountain Top Overlook is a recently renovated, 1,237 sq. ft. two-bedroom condo featuring comfortable king-size beds and a new sleeper sofa. This unit includes two full bathrooms, one located in the master suite, and offers one-level living on the ground floor with easy access to the grassy area out back, which overlooks the valley.

Boasting panoramic window views of the Blue Ridge Mountains and Valley, this condo is situated in the sought-after Wintergreen Resort. Enjoy unbeatable mountain views and the warmth of a wood-burning fireplace, making our condo feel more like a cozy mountain getaway than a typical rental. We hope you make yourself at home!",,https://ik.imagekit.io/OE/nelson-county/listings/mountaintop-overlook-image1_h0B_F2eNe,"Veranda with metal chairs, overlooking hills and colorful sunset sky.",,https://ik.imagekit.io/OE/nelson-county/listings/mountaintop-overlook-image2_ITYn_sBZb,"Cozy living room with fireplace, wooden table, and large windows overlooking landscape.",,,,,,,"Wintergreen Resort, Roseland, VA 22967",josh,2026-01-05,2026-01-12,https://www.google.com/maps/dir/?api=1&destination=Wintergreen%20Resort%2C%20Roseland%2C%20VA%2022967,,,,,,,,,,,,,,Scenic Views; Cabins; Lodging,false,https://www.google.com/maps/dir/?api=1&destination=Wintergreen%20Resort%2C%20Roseland%2C%20VA%2022967,false
300,Blue Ridge Mountain Retreat,blue-ridge-mountain-retreat,Whole House Rentals,stay,Wintergreen Resort,"Blue Ridge Mountain Retreat is a 4,800-square-foot Wintergreen luxury home sleeping 20 with four wood-burning fireplaces, gourmet kitchen, and game room. This home is an amazing 4800 square foot luxury home located just a short distance from Mountain Inn, ski areas, Founders Vision Overlook, Devil’s Knob Golf Course, Tennis Center, Spa, and Fitness Center.","This stunning 4,800 square foot luxury home is located just a short distance from Mountain Inn, ski areas, Founders Vision Overlook, Devil’s Knob Golf Course, Tennis Center, Spa, and Fitness Center. With 7 spacious bedrooms and 4.5 baths, including 2 master suites with jetted tubs, this home comfortably sleeps 20 guests in beds.

Enjoy cozy evenings by one of the 4 wood-burning fireplaces, with firewood provided for roasting marshmallows and creating a warm atmosphere during cold winter nights. The luxury kitchen is fully stocked for Thanksgiving or Christmas dinners, or a feast after a day on the ski slopes, tennis courts, or hiking. Cook in style with granite countertops and stainless steel appliances, then gather around the large dining room table that seats 12, with additional seating for 5 at the bar. When you're ready to unwind indoors, take advantage of high-speed internet, cable TV, a wide selection of DVDs, card and board games, as well as ping pong and foosball tables.

Wintergreen Resort is a four-season mountain destination nestled in the beautiful Blue Ridge Mountains. You are less than an hour from Charlottesville, home of UVA, Thomas Jefferson’s Monticello, and the renowned Monticello Wine Trail, as well as an hour from Lynchburg. The famous Blue Ridge Parkway runs alongside Wintergreen, offering scenic drives, hiking, and year-round escapes. The resort spans a massive 10,000 acres, featuring ski slopes, snow tubing, golf courses, restaurants, stores, tennis and meeting facilities, along with breathtaking views—just look up Founders Vision Overlook at Wintergreen or Blue Ridge Overlook on Devil’s Knob for examples. Wintergreen offers 25 ski and snowboard slopes, Ridgely’s Fun Park for kids, The Plunge 12-lane snow tubing, 45 holes of championship golf, 22 tennis courts, and a full-service spa. Enjoy the nearby award-winning wineries and a selection of famous Virginia microbreweries!",,https://ik.imagekit.io/OE/nelson-county/listings/blue-ridge-mountain-retreat-image1_XiqNB2L3J,"Large house with deck, stone wall, surrounded by bare trees, under blue sky.",,https://ik.imagekit.io/OE/nelson-county/listings/blue-ridge-mountain-retreat-image2_fZnRkW9qP,"Wooden house porch with triangular roof, surrounded by windows.",,,,,,,"Wintergreen Resort, Roseland, VA 22967",josh,2026-01-05,2026-01-12,https://www.google.com/maps/dir/?api=1&destination=Wintergreen%20Resort%2C%20Roseland%2C%20VA%2022967,,,,,,,,,,,,,,Full Kitchen; Scenic Views; Lodging,false,https://www.google.com/maps/dir/?api=1&destination=Wintergreen%20Resort%2C%20Roseland%2C%20VA%2022967,false
301,Mountain & Vine Farmhouse,mountain-vine-farmhouse,Whole House Rentals,stay,Faber,"Mountain & Vine Farmhouse is a 2,700-square-foot retreat overlooking Delfosse Vineyards with deck, gas grill, and four queen bedrooms for wine country gatherings. 5-bath vacation rental home overlooking Delfosse Vineyards and Winery 2,700 Sq Ft | Deck | Gas Grill | Free Wi Fi Relax, reset, and rejuvenate in this stunning Faber farmhouse - perfect for a peaceful weekend getaway with your best friends.","Prepare your palette for a tasteful getaway at this 4-bedroom, 4.5-bath vacation rental home overlooking Delfosse Vineyards and Winery! Sip and savor while enjoying the area’s best wine and beer, take in the breathtaking views from the Blue Ridge Parkway, and cheer on the Cavaliers just a short drive away.

When hunger strikes, fire up filets on the gas grill while sharing a bottle of Mountain and Vine with friends. End the day lounging on the porch with a front-row seat to the sunset. This stunning Faber farmhouse offers 2,700 sq ft of space, a wraparound porch with lounge furniture, an outdoor dining area, and vineyard views across 318 acres. Inside, enjoy a fully equipped kitchen with stainless steel appliances, dishware, flatware, cooking basics, a toaster oven, and a drip coffee maker. The indoor living area features 4 Smart TVs, a dining table, and ceiling fans.

Relax, reset, and rejuvenate in this perfect weekend getaway with your best friends. The sleeping arrangements include Bedroom 1 with a Queen Bed and Twin Bed, Bedroom 2 with a Queen Bed, Bedroom 3 with a Queen Bed, and Bedroom 4 with a Queen Bed. General amenities include central A/C and heat, towels and linens, and a hair dryer. Please note that there are exterior security cameras at the front and back entrances, the property is not suitable for children due to a lack of child-friendly amenities, and stairs are required for access. Parking is available in the driveway for up to 4 vehicles, with additional free street parking.",,https://ik.imagekit.io/OE/nelson-county/listings/mountain-vine-farmhouse-image1_nJkRWBHN5,"Sunny backyard with stone path, trees, and distant rolling hills.",,https://ik.imagekit.io/OE/nelson-county/listings/mountain-vine-farmhouse-image2_z0leCk8sr,"Cozy living room with leather sofas, glass coffee table, and wooden chairs.",,,,,,,"Faber, VA 22938",josh,2026-01-05,2026-01-12,https://www.google.com/maps/dir/?api=1&destination=Faber%2C%20VA%2022938,,,,,,,,,,,,,,Outdoor Seating; Fuel; Wi-Fi; Wine; Cabins; Lodging; Farm; Tastings,false,https://www.google.com/maps/dir/?api=1&destination=Faber%2C%20VA%2022938,false
302,Mountain & Vine Vineyards Log Cabin,mountain-vine-vineyards-log-cabin,Cabins & Cottages,stay,Faber,"Mountain & Vine Vineyards Log Cabin is a historic hilltop cabin with loft bedroom, panoramic vineyard vistas, and private tastings available nearby. This 1-bed, 1-bath vacation rental is calling - your next couple's retreat awaits.","This 1-bed, 1-bath vacation rental is calling—your next couple's retreat awaits! With panoramic vistas and private hilltop digs, this historic Faber cabin is well worth a visit. Enjoy a good night's rest in the private loft, then wake up to overlook acres of terraced vines. Explore the grounds at your leisure, or indulge in a private tasting with a local sommelier at one of the many area wineries.

You'll also find loads of countryside charm nearby, and just a day trip away is Shenandoah National Park!",,https://ik.imagekit.io/OE/nelson-county/listings/mountain-vine-vineyards-log-cabin-image1_YZLXDugsN,Rustic wooden cabin with porch surrounded by trees and outdoor seating.,,https://ik.imagekit.io/OE/nelson-county/listings/mountain-vine-vineyards-log-cabin-image2_N2UPizOy_,"Rustic living room with stone fireplace, leather sofa, and wooden ceiling beams.",,,,,,,"Faber, VA 22938",josh,2026-01-05,2026-01-12,https://www.google.com/maps/dir/?api=1&destination=Faber%2C%20VA%2022938,,,,,,,,,,,,,,Cabins; Wine; Tastings; Lodging; Farm,false,https://www.google.com/maps/dir/?api=1&destination=Faber%2C%20VA%2022938,false
303,The Fairway Chalet,the-fairway-chalet,Whole House Rentals,stay,Wintergreen Resort,"The Fairway Chalet is a 3,000-square-foot Wintergreen retreat with arcade game, ping pong, fire pit, and easy access to skiing, pools, and hiking.","The Fairway Chalet is a spacious 3,000-square-foot Wintergreen retreat featuring an arcade game, ping pong, and a cozy fire pit. Enjoy easy access to skiing, pools, and hiking, making it the perfect getaway for outdoor enthusiasts and families alike.

Experience the comfort and fun that The Fairway Chalet has to offer, ensuring a memorable stay in the beautiful Wintergreen area.",,https://ik.imagekit.io/OE/nelson-county/listings/the-fairway-chalet-image1_OR_6iWhNB,Wooden patio set with two mugs and gray blanket in forest setting.,,https://ik.imagekit.io/OE/nelson-county/listings/the-fairway-chalet-image2_3oLQdDE_F,"Cozy living room with stone fireplace, brown sectional, and plaid red carpet.",,,,,,,"Wintergreen Resort, Roseland, VA 22967",josh,2026-01-05,2026-01-12,https://www.google.com/maps/dir/?api=1&destination=Wintergreen%20Resort%2C%20Roseland%2C%20VA%2022967,,,,,,,,,,,,,,Cabins; Lodging; Golf; Swimming Pool,false,https://www.google.com/maps/dir/?api=1&destination=Wintergreen%20Resort%2C%20Roseland%2C%20VA%2022967,false
304,Spruce Creek Garden Cottage,spruce-creek-garden-cottage,Cabins & Cottages,stay,Nellysford,"Maximum occupants - 4 people Located 1-3 miles from Bold Rock, Three Notch'd, Devils Backbone and Blue Toad breweries and cideries. 950 square foot home- 2 Bedroom, 1 bath Parking for 2 cars.","Welcome to Spruce Creek Garden Cottage, a charming 950 square foot home featuring 2 bedrooms and 1 bath, with parking available for 2 cars. This cozy retreat accommodates a maximum of 4 guests and is conveniently located just 1-3 miles from Bold Rock, Three Notch'd, Devils Backbone, and Blue Toad breweries and cideries. Nestled along a quiet country road, the cottage boasts a shady back deck that overlooks serene woods.

Enjoy the front porch adorned with blooming flowers that attract butterflies and hummingbirds throughout the spring, summer, and fall months. Experience the tranquility of Nellysford in this delightful getaway.",,https://ik.imagekit.io/OE/nelson-county/listings/spruce-creek-garden-cottage-image1_DH3_z_VOl,"White house with metal roof, lush garden, and gravel path under clear sky.",,https://ik.imagekit.io/OE/nelson-county/listings/spruce-creek-garden-cottage-image2_SNYOLwX-E,"Cozy living room with wood floors, armchair, ceiling fan, and large windows.",,,,,,,"Nellysford, VA 22958",josh,2026-01-05,2026-01-12,https://www.google.com/maps/dir/?api=1&destination=Nellysford%2C%20VA%2022958,,,,,,,,,,,,,,Outdoor Seating; Beer; Parking; Cabins; Lodging,false,https://www.google.com/maps/dir/?api=1&destination=Nellysford%2C%20VA%2022958,false
305,"Parrs Camp, Mountain Hollow",parrs-camp-mountain-hollow,Cabins & Cottages,stay,Wintergreen Resort,"Parrs Camp, Mountain Hollow is a craftsman-built ADU above a garage on a 70-acre Tye River property with king and double bedrooms, outdoor shower, foosball, and access to hammocks, fire pit, and nearby GW National Forest trails. Your host looks forward to your visit: responsive, helpful, informative and to offer any assistance needed.","Service Dogs are allowed. Mountain Hollow ADU is a private dwelling above our seldom-used large garage. It is craftsman-built with wood floors, paneling, and ceilings. There are 2 bedrooms: 1 King, 1 double, and 1.5 baths (with a shower and an outdoor shower), a full kitchen, and a comfortable living room with a fireplace and foosball. Children's toys, games, VCR movies, internet, and Sirius radio are available.

Escape your normal setting to enjoy a peaceful, relaxing, and cozy retreat in the heart of the Blue Ridge Mountains. Our 70-acre homeplace borders the George Washington Forest, with the ever-changing Tye River flowing just feet away in the front yard. This is the perfect place to explore away from it all. There is a charcoal grill, an outside fire pit, and a picnic table area. Firewood is provided. Relax in the hammock while listening to the sound of the river, birdwatching, stargazing, or watching our goats wander about. With a short drive, an abundance of outdoor activities awaits you: the Blue Ridge Parkway, hiking the Appalachian Trail, Spy Rock, and Crabtree Falls (the highest falls east of the Mississippi River), fishing in the Tye River, skiing at Wintergreen, swimming in local swimming holes, or visiting local orchards, vineyards, wineries, and breweries. Your host looks forward to your visit: responsive, helpful, informative, and ready to offer any assistance needed.",,https://ik.imagekit.io/OE/nelson-county/listings/parrs-camp-mountain-hollow-image1_hE64II8eE,Wooden house surrounded by lush green trees and plants under sunlight.,,https://ik.imagekit.io/OE/nelson-county/listings/parrs-camp-mountain-hollow-image2_a18PmQIOk,"Cozy living room with armchairs, couch, and sunlight streaming through windows.",,,,,,,"Tyro, VA 22976",josh,2026-01-05,2026-01-12,https://www.google.com/maps/dir/?api=1&destination=Tyro%2C%20VA%2022976,,,,,,,,,,,,,,Outdoor Seating; Cabins; Lodging; Water Sports,false,https://www.google.com/maps/dir/?api=1&destination=Tyro%2C%20VA%2022976,false
306,Parr's Camp,parrs-camp,Cabins & Cottages,stay,Wintergreen Resort,"Parr's Camp is a historic 1940s fishing cabin restored with original paneling, screened porch, pond, and space for seven guests on a 70-acre riverfront estate bordering the George Washington National Forest. Your host looks forward to your visit: responsive, helpful, informative and to offer any assistance needed.","Service animals allowed. Parr's Camp is a historical rustic fishing cabin restored by us, surviving three hurricanes and dating back to the 1940s. Sleeping seven, there are two bedrooms downstairs: one with a queen bed and one with a double bed, along with a bath that features a shower. Upstairs, you will find three twin beds and a half bath, complete with a TV and VCR for movie nights. The sitting room boasts original sawed paneling, a fireplace, games, Sirius radio, children's toys, and books.

The full kitchen and dining room connect to a screened porch, perfect for enjoying the scenic views or dining al fresco. The cabin overhangs a pond, where boating and various yard games are popular. The main attraction of our rental is the outdoors, offering countless activities. Cleanliness and guest satisfaction are our top priorities, ensuring a unique getaway for family and friends. Escape your normal life to enjoy a peaceful, relaxing, and cozy retreat in the heart of the Blue Ridge Mountains. Our 70-acre homeplace borders the George Washington National Forest and the ever-changing Tye River, which flows just feet away in the front yard.

This is the perfect place to explore away from it all, featuring a charcoal grill, outdoor fire pit, and picnic table area, with firewood provided. Relax in the hammock while listening to the sound of the river, birdwatching, stargazing, or watching our goats wander about. With a short drive, an abundance of outdoor activities await you: the Blue Ridge Parkway, hiking the Appalachian Trail, Spy Rock, and Crabtree Falls (the highest falls east of the Mississippi River), fishing in the Tye River, skiing at Wintergreen, swimming in local swimming holes, or visiting local orchards, vineyards, wineries, and breweries. Your host looks forward to your visit, being responsive, helpful, and informative to offer any assistance needed.",,https://ik.imagekit.io/OE/nelson-county/listings/parr-s-camp-image1_wvauSKQj6,"Wooden house surrounded by trees and grass, black fence in foreground.",,https://ik.imagekit.io/OE/nelson-county/listings/parr-s-camp-image2_jeiLu3graS,"Cozy living room with stone fireplace, sofas, and wooden floor.",,,,,,,"Tyro, VA 22976",josh,2026-01-05,2026-01-12,https://www.google.com/maps/dir/?api=1&destination=Tyro%2C%20VA%2022976,,,,,,,,,,,,,,Cabins; Outdoor Seating; Lodging; Water Sports; Fishing,false,https://www.google.com/maps/dir/?api=1&destination=Tyro%2C%20VA%2022976,false
307,Bella Vista,bella-vista,Cabins & Cottages,stay,Wintergreen Resort,"Bella Vista is a pet-friendly Wintergreen getaway with expansive deck, mountain views, and accommodations for couples seeking a quiet resort stay. 5 Bathroom home 7 Minutes walk or 4 minute drive to the slopes Spectacular views off of back deck.","Welcome to Bella Vista, a stunning 4-bedroom, 4.5-bathroom home located just a 7-minute walk or a 4-minute drive from the slopes. Enjoy spectacular views from the back deck and take advantage of the proximity to ski trails, including Tyro, which is only a short stroll away.

For entertainment, the cabin features a pool table, perfect for relaxing after a day on the mountain. This pet-friendly retreat is situated in Wintergreen, offering a wonderful getaway for families and friends alike.",,https://ik.imagekit.io/OE/nelson-county/listings/bella-vista-image1_O0YjaMWRU,Large beige house surrounded by trees and gravel driveway in sunlight.,,https://ik.imagekit.io/OE/nelson-county/listings/bella-vista-image2_P7prXtAdC,"Spacious living room with large windows, wooden ceiling, and cozy furniture.",,,,,,,"Wintergreen Resort, Roseland, VA 22967",josh,2026-01-05,2026-01-12,https://www.google.com/maps/dir/?api=1&destination=Wintergreen%20Resort%2C%20Roseland%2C%20VA%2022967,,,,,,,,,,,,,,Scenic Views; Pet Friendly; Outdoor Seating; Cabins; Lodging,false,https://www.google.com/maps/dir/?api=1&destination=Wintergreen%20Resort%2C%20Roseland%2C%20VA%2022967,false
308,"Red, White and Wintergreen",red-white-and-wintergreen,Whole House Rentals,stay,Wintergreen Resort,"Red, White and Wintergreen is a five-bedroom Wintergreen property with large deck, porch hot tub, valley views, and office space for remote-friendly stays. It is perfect for families and large groups with comfortable living areas and a great deck and porch with hot tub.",,,https://ik.imagekit.io/OE/nelson-county/listings/red-white-and-wintergreen-image1_k_S21orXm,Houses with warm lights nestled in wooded area at dusk.,,https://ik.imagekit.io/OE/nelson-county/listings/red-white-and-wintergreen-image2_9z7tXGR3K,"Cozy living room with red sofas, fireplace, large TV, and natural lighting.",,,,,,,"Wintergreen Resort, Roseland, VA 22967",josh,2026-01-05,2026-01-12,https://www.google.com/maps/dir/?api=1&destination=Wintergreen%20Resort%2C%20Roseland%2C%20VA%2022967,,,,,,,,,,,,,,Scenic Views; Outdoor Seating; Family Friendly; Lodging,false,https://www.google.com/maps/dir/?api=1&destination=Wintergreen%20Resort%2C%20Roseland%2C%20VA%2022967,false
309,Mountain View Vista,mountain-view-vista,Whole House Rentals,stay,Wintergreen Resort,"Mountain View Vista is a one-bedroom, two-bath Wintergreen condo with spacious kitchen, large deck, and sweeping mountain vistas for couples getaways. 1 Bedroom/2 full baths/ large kitchen Large deck with scenic views.","Mountain View Vista offers a spacious 1 bedroom, 2 full baths, and a large kitchen. Enjoy the expansive deck with breathtaking scenic views, perfect for soaking in the amazing mountain landscape. This property has been completely renovated, ensuring a comfortable and modern stay.

Located in Wintergreen, this rental is ideal for those seeking a serene getaway. Please note that lodging descriptions are provided by the host and are not independently verified.",,https://ik.imagekit.io/OE/nelson-county/listings/mountain-view-vista-image1_lHpoH-D2H,Deck with wooden chairs overlooking scenic mountain landscape under cloudy sky.,,https://ik.imagekit.io/OE/nelson-county/listings/mountain-view-vista-image2_mlKIvbY7B,"Modern living room, large windows, ocean view, gray sofa, fireplace, television.",,,,,,,"Wintergreen Resort, Roseland, VA 22967",josh,2026-01-05,2026-01-12,https://www.google.com/maps/dir/?api=1&destination=Wintergreen%20Resort%2C%20Roseland%2C%20VA%2022967,,,,,,,,,,,,,,Full Kitchen; Outdoor Seating; Scenic Views; Cabins; Lodging,false,https://www.google.com/maps/dir/?api=1&destination=Wintergreen%20Resort%2C%20Roseland%2C%20VA%2022967,false
310,Art & Soul Guesthouse,art-soul-guesthouse,Whole House Rentals,stay,Roseland,"Art & Soul Guesthouse is a design-forward one-bedroom plus loft retreat with sauna, EV charger, and sunset views, steps from Nelson 151 adventures.","At Art & Soul, luxury and design meet nature and unsurpassed access to all Central Virginia has to offer. Every detail of Art & Soul is crafted to elevate guest experiences. The guesthouse is designed to complement the landscape, lead you to stunning sunset views, and surprise you with the tranquility of a mountain laurel forest.

From the luxury of your sauna with a sunset view to the EV charger, expect the unexpected and a relaxing retreat, regardless of how hard you play in the mountains. Art & Soul offers unexpected flexibility, accommodating solo travelers, couples, or extended families and friends. The newly built guesthouse features one bedroom and a loft, with 1.5 bathrooms, and can sleep up to four.",,https://ik.imagekit.io/OE/nelson-county/listings/art-soul-guesthouse-image1_-uTzD7Lq4,Modern wooden house with large windows surrounded by trees at dusk.,,https://ik.imagekit.io/OE/nelson-county/listings/art-soul-guesthouse-image2_1H122tsdB,"Spacious room with triangular windows, round table, easel, and modern light fixture.",,,,,,,"Roseland, VA 22967",josh,2026-01-05,2026-01-12,https://www.google.com/maps/dir/?api=1&destination=Roseland%2C%20VA%2022967,,,,,,,,,,,,,,EV Charging; Cabins; Lodging,false,https://www.google.com/maps/dir/?api=1&destination=Roseland%2C%20VA%2022967,false
311,Art & Soul Main House,art-soul-main-house,Whole House Rentals,stay,Wintergreen Resort,"Art & Soul Main House offers three en-suite bedrooms plus loft sleeping, gourmet kitchen, saltwater hot tub, dry sauna, and extensive decks for groups up to ten. And stunning landscapes and skies.","At Art & Soul, luxury and design meet nature, offering unsurpassed access to all that Central Virginia has to offer. Every detail of Art & Soul is crafted to elevate guest experiences. The property is designed to complement the landscape, leading you to stunning sunset views and surprising you with the peace of a mountain laurel forest.

From the luxury of your sauna with a sunset view to an EV charger, expect the unexpected and a relaxing retreat, regardless of how hard you play in the mountains. Art & Soul offers unexpected flexibility, accommodating solo travelers, couples, or extended families and friends. The newly built Guest House features one bedroom and a loft (1.5 bathrooms) that can sleep up to four. The completely renovated Main House includes three bedrooms and bathrooms, accommodating up to six guests. For the ultimate in privacy and group space, combine both properties for a four-bedroom plus loft (4.5 baths) that can sleep up to ten. Surround yourself with beautiful architecture, stunning landscapes, and expansive skies.

Two luxurious bathrooms and two additional high-end bathrooms serve the four bedrooms (three en suite). A gourmet kitchen prepares meals served on a beautiful live-edge dining table, handmade in Nelson County, that seats ten, with room for an additional four at the nearby kitchen island. Expansive windows and glass doors bring the outdoors in, while property-wide networking and streaming provide connection and the best in video entertainment. Enjoy spa experiences with a saltwater hot tub, dry sauna, and cold shower. Expansive decks and patios offer stunning views and lead to hammocks tucked in the mountain laurel. Art & Soul is a destination unto itself.",,https://ik.imagekit.io/OE/nelson-county/listings/art-soul-main-house-image1_uQK2zI80u,"Cozy house with lit windows, surrounded by stone walls, steps, and trees.",,https://ik.imagekit.io/OE/nelson-county/listings/art-soul-main-house-image2_6BsnLLMKw,"Modern kitchen with large island, wooden cabinets, and stainless steel appliances.",,,,,,,"Roseland, VA 22967",josh,2026-01-05,2026-01-12,https://www.google.com/maps/dir/?api=1&destination=Roseland%2C%20VA%2022967,,,,,,,,,,,,,,Scenic Views; Full Kitchen; Lodging; Water Sports,false,https://www.google.com/maps/dir/?api=1&destination=Roseland%2C%20VA%2022967,false
312,The Cottage at River Circle Farm,cottage-at-river-circle-farm,Cabins & Cottages,stay,Wintergreen Resort,"The Cottage at River Circle Farm is a one-bedroom riverside retreat with private pool, on-site nature trails, and quiet grounds along the James River.",,,https://ik.imagekit.io/OE/nelson-county/listings/the-cottage-at-river-circle-farm-image1_kI4pcscYm,Blue swimming pool in backyard with trees and house under clear sky.,,https://ik.imagekit.io/OE/nelson-county/listings/the-cottage-at-river-circle-farm-image2_KlDXHx3yF,"Cozy living room with a sofa, ceiling fan, and paintings, lit by sunlight.",,,,,,,"Scottsville, VA 24590",josh,2026-01-05,2026-01-12,https://www.google.com/maps/dir/?api=1&destination=Scottsville%2C%20VA%2024590,,,,,,,,,,,,,,Pool; Cabins; Lodging; Water Sports,false,https://www.google.com/maps/dir/?api=1&destination=Scottsville%2C%20VA%2024590,false
313,Berry Hill Lake,berry-hill-lake,Cabins & Cottages,stay,Nellysford,"Berry Hill Lake is a modern-rustic four-bedroom, 3.5-bath home overlooking a private two-acre lake with indoor/outdoor fireplaces, bunk rooms, and movie room on 250 wooded acres.","Berry Hill Lake is a mountain getaway featuring a new, modern-rustic 4 bedroom/3.5 bath home overlooking a private, 2-acre lake and surrounded by 250 acres of beautiful wooded mountain land. The house boasts traditional board and batten siding, original stonework, hardwood floors throughout, and two fireplaces—an indoor gas fireplace and an outdoor wood-burning fireplace.

The upstairs bedroom features a king bed, a 60” flat screen TV, a DVD player, and a private bathroom with double sinks and a tiled shower. The main floor bedroom includes a queen bed, a 60” flat screen TV, a DVD player, and a private bathroom with double sinks and a tiled shower. The finished basement offers two bunk rooms, each with two bunk beds (8 total beds), a bathroom with a tiled shower, and a movie room featuring a 70” flat screen TV and DVD player. Additionally, the basement includes a half kitchen with a mini-refrigerator and a washer/dryer. This is the perfect place to slow down and enjoy life!",,https://ik.imagekit.io/OE/nelson-county/listings/berry-hill-lake-image1_2Z8GdFy77,Rustic cottage with chimney surrounded by trees under a clear sky.,,https://ik.imagekit.io/OE/nelson-county/listings/berry-hill-lake-image2_8f_09seUw,"Cozy living room with stone fireplace, leather sofas, large windows, and rustic decor.",,,,,,,"Roseland, VA 22967",josh,2026-01-05,2026-01-12,https://www.google.com/maps/dir/?api=1&destination=Roseland%2C%20VA%2022967,,,,,,,,,,,,,,Outdoor Seating; Pet Friendly; Cabins; Lodging,false,https://www.google.com/maps/dir/?api=1&destination=Roseland%2C%20VA%2022967,false
314,Afton Awaits,afton-awaits,Cabins & Cottages,stay,Afton,"Nestled in the picturesque hills of Afton, Virginia, this luxury modern farmhouse offers the perfect blend of rustic charm and contemporary elegance.","Nestled in the picturesque hills of Afton, Virginia, this luxury modern farmhouse offers the perfect blend of rustic charm and contemporary elegance. Set on a tranquil estate, the home features three beautifully appointed bedrooms, each designed with comfort and style in mind. Step outside and enjoy a dip in the pool or hot tub while you soak in the stunning mountain views.

The house is located right off the Nelson 151 Brew Trail, just minutes from award-winning wineries, breweries, and distilleries, as well as Wintergreen Resort. The University of Virginia is just 30 minutes away.",,https://ik.imagekit.io/OE/nelson-county/listings/afton-awaits-image1_cw5wL1FDQ,"Countryside house with green lawn, mountains, and colorful sunset sky.",,https://ik.imagekit.io/OE/nelson-county/listings/afton-awaits-image2_ZDpe6Zg-a,Open-concept living room and kitchen with wooden floors and modern decor.,,,,,,,"Afton, VA 22920",josh,2026-01-05,2026-01-12,https://www.google.com/maps/dir/?api=1&destination=Afton%2C%20VA%2022920,,,,,,,,,,,,,,Cabins; Farm; Lodging; Outdoor Seating; Pool; Scenic Views,true,https://www.google.com/maps/dir/?api=1&destination=Afton%2C%20VA%2022920,false
315,Pilotview Hollow,pilotview-hollow,Whole House Rentals,stay,Nellysford,"Pilotview Hollow is a five-bedroom, 4.5-bath estate on 42 acres with hot tub, dual primary suites, game room, outdoor fire pit, and proximity to Route 151 and Wintergreen. Private space on 42 acres, game room, hot tub, 2 primary bedrooms with ensuite bathrooms.","Experience the perfect getaway at Pilotview Hollow, a spacious 5-bedroom, 4.5-bathroom house nestled on 42 acres near Wintergreen and Route 151. This private retreat features a game room, a hot tub, and two primary bedrooms, each with ensuite bathrooms. Enjoy cozy evenings by the outdoor firepit or the wood-burning fireplace, making it an ideal spot for relaxation and fun.

Please note that lodging descriptions are provided by the host and are not independently verified.",,https://ik.imagekit.io/OE/nelson-county/listings/pilotview-hollow-image1_4hZKeDrC7,"Modern cabin with large windows, stone chimney, and wooden deck in forest setting.",,https://ik.imagekit.io/OE/nelson-county/listings/pilotview-hollow-image2_6Cs4l6yWl,"Modern living room with beige sofa, wooden ceiling, and black staircase.",,,,,,,"Nellysford, VA 22958",josh,2026-01-05,2026-01-12,https://www.google.com/maps/dir/?api=1&destination=Nellysford%2C%20VA%2022958,,,,,,,,,,,,,,Parking; Lodging,false,https://www.google.com/maps/dir/?api=1&destination=Nellysford%2C%20VA%2022958,false
316,Nelson Cozy Cabin,nelson-cozy-cabin,Cabins & Cottages,stay,Nellysford,"Nelson Cozy Cabin is a renovated three-bedroom, two-bath cabin on four wooded acres in Stoney Creek with deck, fire pit, and access to Wintergreen POA pools and fishing. Perfectly renovated cabin on 4 wooded acres in Stoney Creek/Wintergreen.","Perfectly renovated cabin on 4 wooded acres in Stoney Creek/Wintergreen. This cozy retreat features 3 bedrooms and 2 full baths, along with a deck and firepit, making it great for families and small groups. Guests have access to Wintergreen POA amenities, including pools and fishing.

Located in Nellysford, this cabin is pet-friendly and offers a serene escape into nature. Enjoy your stay in this charming getaway!",,https://ik.imagekit.io/OE/nelson-county/listings/nelson-cozy-cabin-image1_Ill0EU3Eo,Gray cabin in a forest with bare trees and wooden deck.,,https://ik.imagekit.io/OE/nelson-county/listings/nelson-cozy-cabin-image2_9xPS2w_t4,"Cozy living room with stone fireplace, wooden furniture, and large windows.",,,,,,,"Nellysford, VA 22958",josh,2026-01-05,2026-01-12,https://www.google.com/maps/dir/?api=1&destination=Nellysford%2C%20VA%2022958,,,,,,,,,,,,,,Outdoor Seating; Cabins; Pet Friendly; Lodging; Water Sports; Fishing; Swimming Pool,false,https://www.google.com/maps/dir/?api=1&destination=Nellysford%2C%20VA%2022958,false
317,Kneeling Shepherd,kneeling-shepherd,Cabins & Cottages,stay,Roseland,"Kneeling Shepherd is a new-construction farmhouse on 12 acres with hot tub, fire pit, mountain views, and easy access to the Tye River, Wintergreen, and Appalachian Trail. Relax with the family on 12 private acres at our peaceful new construction farmhouse.","Relax with the family on 12 private acres at our peaceful new construction farmhouse. We're just 12 miles from Wintergreen Ski Resort and Stoney Creek golf, breweries, and wineries. This three-bedroom, two-and-a-half-bath home features a full kitchen and family room, accommodating up to 8 guests (K, K, Q + daybed with trundle). Come enjoy time with family, friends, and God's creation.

Experience magnificent views of Three Ridge, The Priest, and the entire Religious Range. Unwind in the hot tub around the fire pit or take in the views from the comfort of the farmhouse. Stargazing is outstanding. The 12-acre grounds will become the Kneeling Shepherd Christmas Tree Farm, with the first planting in 2024-2025. Walk half a mile down the country lane to the trout-filled Tye River or drive 3 miles to the Appalachian Trail. This is a great location to explore all that Nelson County has to offer or visit the nearby colleges and towns of the Piedmont and Shenandoah Valley. Come, enjoy, and be at peace.",,https://ik.imagekit.io/OE/nelson-county/listings/kneeling-shepherd-image1_Uw6uGu8lr,"White farmhouse with porch, evening lighting, cloudy sky, surrounded by trees.",,https://ik.imagekit.io/OE/nelson-county/listings/kneeling-shepherd-image2_kQtAmT1tE,"Living room with brown leather sofas, fireplace, and large windows.",,,,,,,"Roseland, VA 22967",josh,2026-01-05,2026-01-12,https://www.google.com/maps/dir/?api=1&destination=Roseland%2C%20VA%2022967,,,,,,,,,,,,,,Scenic Views; Cabins; Lodging; Appalachian Trail; Farm; Water Sports,false,https://www.google.com/maps/dir/?api=1&destination=Roseland%2C%20VA%2022967,false
318,Kremer Cabin,kremer-cabin,Cabins & Cottages,stay,Faber,"Kremer Cabin is a Cape Cod on six acres with screened porch swings, two porch swings, and room for up to 12 guests surrounded by mountain views. Lovely Cape Cod surrounded by mountains on 6 acres.","Lovely Cape Cod surrounded by mountains on 6 acres. Spend time on the huge front porch (partially screened in) watching the deer while sitting on one of the two porch swings. Room for the whole family with accommodations for up to 12 guests.

*Lodging descriptions are provided by the host and not independently verified. Pet-friendly options are not available.",,https://ik.imagekit.io/OE/nelson-county/listings/kremer-cabin-image1_ZWFmIrxZP,Brown wooden house surrounded by trees behind a rustic wooden fence.,,https://ik.imagekit.io/OE/nelson-county/listings/kremer-cabin-image2_7bnrIxMzK,"Outdoor patio with fire pit, wicker furniture, swing, and lush greenery outside.",,,,,,,"Faber, VA 22938",josh,2026-01-05,2026-01-12,https://www.google.com/maps/dir/?api=1&destination=Faber%2C%20VA%2022938,,,,,,,,,,,,,,Cabins; Scenic Views; Outdoor Seating; Lodging,false,https://www.google.com/maps/dir/?api=1&destination=Faber%2C%20VA%2022938,false
319,Stewart's Place,stewarts-place,Whole House Rentals,stay,Faber,"Stewart's Place is a rustic, private retreat with spacious yard and homey comforts—ideal for guests seeking a quiet Faber getaway.",,,https://ik.imagekit.io/OE/nelson-county/listings/stewart-s-place-image1_TIJ0wB_xf,"Small white house with black roof, porch, surrounded by trees.",,https://ik.imagekit.io/OE/nelson-county/listings/stewart-s-place-image2_2S4PBVrjx,"Gray sofa in cozy living room with rug, plants, and desk.",,,,,,,"Faber, VA 22938",josh,2026-01-05,2026-01-12,https://www.google.com/maps/dir/?api=1&destination=Faber%2C%20VA%2022938,,,,,,,,,,,,,,Scenic Views; Cabins; Lodging,false,https://www.google.com/maps/dir/?api=1&destination=Faber%2C%20VA%2022938,false
320,Boho Cliff House Retreat,boho-cliff-house-retreat,Whole House Rentals,stay,Wintergreen Resort,Boho Cliff House Retreat offers dramatic Blue Ridge views in a design-forward setting—ideal for couples or friends seeking a stylish mountain escape.,"Beautiful views await you at the Boho Cliff House Retreat. This charming whole house rental offers a serene escape in Wintergreen, perfect for those looking to unwind and connect with nature.

Please note that lodging descriptions are provided by the host and not independently verified. Staff is not on site, and this property is not pet-friendly. Enjoy your stay!",,https://ik.imagekit.io/OE/nelson-county/listings/boho-cliff-house-retreat-image1_L3zCUtUrE,"Outdoor deck with cozy seating and string lights, surrounded by trees.",,https://ik.imagekit.io/OE/nelson-county/listings/boho-cliff-house-retreat-image2_GsbtJb4yQ,"Spacious living room with large windows, brown furniture, and fireplace. Bright natural light.",,,,,,,"Roseland, VA 22967",josh,2026-01-05,2026-01-12,https://www.google.com/maps/dir/?api=1&destination=Roseland%2C%20VA%2022967,,,,,,,,,,,,,,Retail; Scenic Views; Cabins; Lodging,false,https://www.google.com/maps/dir/?api=1&destination=Roseland%2C%20VA%2022967,false
321,Airkey Boutique Rentals,airkey,Cabins & Cottages,stay,Afton,"Airkey Boutique Rentals curates charming nature-centric stays near Nelson 151 breweries, wineries, and hiking trails—visit myairkey.com for available suites. Looking for a cozy mountain hideaway. We offer the perfect getaway for adventure seekers and serenity lovers alike There’s something to do in Afton every season of the year.","Looking for a cozy mountain hideaway? We have the perfect getaway for adventure seekers and serenity lovers alike. Whether you're hiking, climbing, kayaking, or vineyard hopping, let us be your home base for mountain magic. *Lodging descriptions are provided by the host and not independently verified.

Perfect for nature lovers and city explorers alike, our charming retreats offer a peaceful stay just minutes from local breweries, wineries, and hiking trails. Relax, unwind, and let the beauty of Virginia surround you.",,https://ik.imagekit.io/OE/nelson-county/listings/airkey-boutique-rentals-image1_cmGf9y1jA,"Modern kitchen with wooden beams, island, chairs, and stainless steel appliances.",,https://ik.imagekit.io/OE/nelson-county/listings/airkey-boutique-rentals-image2__RwGQDmNm6,"Wooden patio with metal furniture, open view of mountains and sky.",,,,,https://myairkey.com,(434) 466-6942,"Afton, VA 22920",WG,2026-01-05,2026-01-12,https://www.google.com/maps/dir/?api=1&destination=Afton%2C%20VA%2022920,,,,,,,,,,,,,,Retail; Beer; Cabins; Lodging,false,https://www.google.com/maps/dir/?api=1&destination=Afton%2C%20VA%2022920,false
322,Three Ridge Retreat,three-ridge-retreat,Vacation Rentals,stay,Wintergreen Resort,"Three Ridge Retreat is a two-bedroom, two-bath dog-friendly Wintergreen condo within walking distance of slopes, restaurants, and resort trails.","A 2-bedroom, 2-bathroom dog-friendly condo at Wintergreen, Three Ridge Retreat is within walking distance to most amenities at the resort, including the ski slopes, restaurants, the Lodge, and many of the trails.

*Lodging descriptions are provided by the host and not independently verified. Pet-Friendly? Yes. Located in Wintergreen.",,https://ik.imagekit.io/OE/nelson-county/listings/three-ridge-retreat-image1_nWA5bIf41j,"Cozy living room with white armchairs, fireplace, and decorative items on shelves.",,https://ik.imagekit.io/OE/nelson-county/listings/three-ridge-retreat-image2_5zTu74E-i,Stacked firewood beside a black fireplace on a gray stone mantel.,,,,,,,"Wintergreen Resort, Roseland, VA 22967",josh,2026-01-05,2026-01-12,https://www.google.com/maps/dir/?api=1&destination=Wintergreen%20Resort%2C%20Roseland%2C%20VA%2022967,,,,,,,,,,,,,,Pet Friendly; Skiing; Resort,false,https://www.google.com/maps/dir/?api=1&destination=Wintergreen%20Resort%2C%20Roseland%2C%20VA%2022967,false
323,Sunset Vista Villa,sunset-vista-villa,Whole House Rentals,stay,Roseland,"Sunset Vista Villa is a two-bedroom, two-bath Wintergreen condo with elevated first-floor views, ideal for sunset watching and family getaways. Welcome to Sunset Vista Villa, this stunning 2 bedroom, 2 bathroom retreat offers breathtaking views that stretch for miles.","Welcome to Sunset Vista Villa! This stunning 2-bedroom, 2-bathroom retreat offers breathtaking views that stretch for miles. Though located on the first floor, the villa boasts elevated second-story views, giving you the perfect vantage point to take in unforgettable sunsets.

With comfort and space, the villa is perfect for families and couples. Enjoy unparalleled views and a relaxing atmosphere at Sunset Vista Villa, located in Wintergreen Resort.",,https://ik.imagekit.io/OE/nelson-county/listings/sunset-vista-villa-image1_1BgIsS1S4,Large house surrounded by bare trees and rocks under clear blue sky.,,https://ik.imagekit.io/OE/nelson-county/listings/sunset-vista-villa-image2_sR8bwvtW0X,"Cozy living room with fireplace, couches, TV, art, and warm lighting.",,,,,,,"Wintergreen Resort, Roseland, VA 22967",josh,2026-01-05,2026-01-12,https://www.google.com/maps/dir/?api=1&destination=Wintergreen%20Resort%2C%20Roseland%2C%20VA%2022967,,,,,,,,,,,,,,Resort; Parking; Cabins; Lodging,false,https://www.google.com/maps/dir/?api=1&destination=Wintergreen%20Resort%2C%20Roseland%2C%20VA%2022967,false
324,Arrowwood Lane,arrowwood-lane,Whole House Rentals,stay,Wintergreen Resort,"Arrowwood Lane is a four-bedroom Wintergreen home sleeping 10 with covered hot tub, dual living areas with fireplaces, deck, and central HVAC. There are two separate living areas, each with a fire place.","Welcome to Arrowwood Lane, a spacious whole house rental featuring 4 bedrooms, a living room, dining area, and kitchen, comfortably accommodating up to 10 guests. The property includes 3.5 baths, with one bath featuring a tub. Enjoy the convenience of internet access and a land phone line.

Relax on the deck, which boasts a covered hot tub, and cozy up by one of the two fireplaces in the separate living areas. The home is equipped with central HVAC for your comfort. Please note that lodging descriptions are provided by the host and not independently verified.

This property is not pet-friendly and is located in Wintergreen.",,https://ik.imagekit.io/OE/nelson-county/listings/arrowwood-lane-image1_danFDpnJe,"A-frame house with stone facade, surrounded by trees, gravel driveway.",,https://ik.imagekit.io/OE/nelson-county/listings/arrowwood-lane-image2_CnDTS-x1G,"Wooden kitchen interior with stainless steel appliances, black countertops, and ceiling beams.",,,,,,,"Wintergreen Resort, Roseland, VA 22967",josh,2026-01-05,2026-01-12,https://www.google.com/maps/dir/?api=1&destination=Wintergreen%20Resort%2C%20Roseland%2C%20VA%2022967,,,,,,,,,,,,,,Outdoor Seating; Pet Friendly,false,https://www.google.com/maps/dir/?api=1&destination=Wintergreen%20Resort%2C%20Roseland%2C%20VA%2022967,false
325,Winterhaven,winterhaven,Whole House Rentals,stay,Wintergreen Resort,"Winterhaven is a five-bedroom, 4.5-bath Wintergreen house half a mile from the lodge with updated interiors for large groups.","This is a 5-bedroom, 4.5-bath home located just 0.5 miles from the Lodge. This newer rental features many updates and is conveniently close to the Lodge.

Please note that lodging descriptions are provided by the host and are not independently verified. This property is not pet-friendly and is situated in Wintergreen.",,https://ik.imagekit.io/OE/nelson-county/listings/winterhaven-image1_2nWZeI-Ga,"Wooden house surrounded by autumn trees, lit by bright sunlight.",,https://ik.imagekit.io/OE/nelson-county/listings/winterhaven-image2_yuq8VtqX-,"Cozy bedroom with quilted bedspread, wooden furniture, and ceiling fan.",,,,,,,"Wintergreen Resort, Roseland, VA 22967",josh,2026-01-05,2026-01-12,https://www.google.com/maps/dir/?api=1&destination=Wintergreen%20Resort%2C%20Roseland%2C%20VA%2022967,,,,,,,,,,,,,,Scenic Views; Lodging,false,https://www.google.com/maps/dir/?api=1&destination=Wintergreen%20Resort%2C%20Roseland%2C%20VA%2022967,false
326,779 Blue Ridge Drive,779-blue-ridge-drive,Whole House Rentals,stay,Wintergreen Resort,"779 Blue Ridge Drive is a four-bedroom, 4.5-bath mountain home with hot tub, gas fireplace, and king beds in every suite, located four minutes from skiing. Four king suites, a bubbling hot tub, and a great room anchored by a stone fireplace make 779 Blue Ridge Drive a go-to for families who want to be on the slopes in under five minutes.",,,https://ik.imagekit.io/OE/nelson-county/listings/779-blue-ridge-drive-image1_xIPDm9uIl,Wooden house surrounded by lush green trees and wooden railing.,,https://ik.imagekit.io/OE/nelson-county/listings/779-blue-ridge-drive-image2_-yIXfhkXl,"Cozy living room with brown sofas, stone fireplace, large windows, and TV.",,,,,,,"Wintergreen Resort, Roseland, VA 22967",josh,2026-01-05,2026-01-12,https://www.google.com/maps/dir/?api=1&destination=Wintergreen%20Resort%2C%20Roseland%2C%20VA%2022967,,,,,,,,,,,,,,Seasonal Menu; Skiing; Scenic Views; Fuel; Pet Friendly,false,https://www.google.com/maps/dir/?api=1&destination=Wintergreen%20Resort%2C%20Roseland%2C%20VA%2022967,false
327,Belties,belties,Coffee Shops,taste,Nellysford,"Belties is a farmhouse café pouring handcrafted coffee, 18-layer scratch biscuits, and seasonal fare with Blue Ridge views and grazing Belted Galloway cows. At Belties, we offer more than just hand-crafted coffee and 18-layer scratch biscuits—we offer an experience.",,,https://ik.imagekit.io/OE/nelson-county/listings/belties-image1_KkVKcuyY5,"Red barn with white lettering, surrounded by green grass and blue sky.",,https://ik.imagekit.io/OE/nelson-county/listings/belties-image2_XwoNmwbjX,"Dessert with pastry, whipped cream, strawberries, and mint on wooden board.",,https://ik.imagekit.io/OE/nelson-county/listings/belties-image3_d4641Q6LvL,"Wooden bench with pillows, lantern, and sign on white shiplap wall.",,,(703) 989-0556,"2884 Rockfish Valley Highway, Nellysford, VA",WG,2026-01-05,2026-01-12,https://www.google.com/maps/dir/?api=1&destination=2884%20Rockfish%20Valley%20Highway%2C%20Nellysford%2C%20VA%2022958,,,,,,,,,,,,,,Bar; Cafe; Coffee; Farm; Scenic Views; Seasonal Menu; Tea,false,https://www.google.com/maps/dir/?api=1&destination=2884%20Rockfish%20Valley%20Highway%2C%20Nellysford%2C%20VA%2022958,false
328,Ski in Style At Sapphire Squirrel,ski-in-style-at-sapphire-squirrel,Whole House Rentals,stay,Wintergreen Resort,"Ski in Style at Sapphire Squirrel is a three-bedroom Wintergreen home steps from the slopes with fully equipped kitchen, dedicated workspace, deck, and gas grill for up to six guests.","Adventure awaits at The Sapphire Squirrel in Wintergreen Resort. Our cozy 3-bedroom home, located on Squirrel Tree Lane, is just steps from the slopes and offers space for up to 6 guests. Enjoy a fully equipped kitchen, a dedicated workspace, a gas grill, and a deck for outdoor relaxation.

Whether you're here for skiing, hiking, golfing, or enjoying local craft beverages, adventure is right outside your door. Experience comfort, convenience, and stunning mountain views. Book your stay today!",,https://ik.imagekit.io/OE/nelson-county/listings/ski-in-style-at-sapphire-squirrel-image1_WUGk-MjNJ,Elevated white cabin surrounded by dense green forest trees.,,https://ik.imagekit.io/OE/nelson-county/listings/ski-in-style-at-sapphire-squirrel-image2_EK-9dLGZt,"Cozy living room with leather sofa, large windows, and decorative rug.",,,,,,,"Wintergreen Resort, Roseland, VA 22967",josh,2026-01-05,2026-01-12,https://www.google.com/maps/dir/?api=1&destination=Wintergreen%20Resort%2C%20Roseland%2C%20VA%2022967,,,,,,,,,,,,,,Scenic Views; Fuel; Full Kitchen; Outdoor Seating; Parking; Lodging,false,https://www.google.com/maps/dir/?api=1&destination=Wintergreen%20Resort%2C%20Roseland%2C%20VA%2022967,false
329,The Retreat at Three Ridges,retreat-at-three-ridges,Whole House Rentals,stay,Wintergreen Resort,"The Retreat at Three Ridges is a Scandinavian-inspired Wintergreen condo just a three-minute walk from the slopes, featuring a modern aesthetic, cozy fireplace with provided wood, well-stocked kitchen, and relaxing outdoor space. Scandi style meets mountain coziness at The Retreat at Three Ridges, where wood-burning fires, a sleek kitchen, and a quick three-minute stroll deliver you to Wintergreen's lifts.",,,https://ik.imagekit.io/OE/nelson-county/listings/the-retreat-at-three-ridges-image1_jm1zHFdXu,"Modern kitchen with white cabinets, island, and black stools, overlooking balcony.",,https://ik.imagekit.io/OE/nelson-county/listings/the-retreat-at-three-ridges-image2_MvonG0ZX_J,"Cozy living room with fireplace, gray sofa, light wood floor, minimal decor.",,,,,,,"Wintergreen Resort, Roseland, VA 22967",josh,2026-01-05,2026-01-12,https://www.google.com/maps/dir/?api=1&destination=Wintergreen%20Resort%2C%20Roseland%2C%20VA%2022967,,,,,,,,,,,,,,Scenic Views; Lodging; Outdoor Seating; Full Kitchen; Parking; Cabins,false,https://www.google.com/maps/dir/?api=1&destination=Wintergreen%20Resort%2C%20Roseland%2C%20VA%2022967,false
330,Wintergreen Condo 1437 Highlands,wintergreen-condo-1437-highlands,Whole House Rentals,stay,Wintergreen Resort,"Wintergreen Condo 1437 Highlands is a ski-in/ski-out Highlands building condo showcasing incredible views and modern finishes steps from resort amenities. Highlands 1437 offers true ski-in/ski-out access plus sweeping valley vistas, making the refreshed condo a smart pick for guests who want modern finishes right above the slopes.",,,https://ik.imagekit.io/OE/nelson-county/listings/wintergreen-condo-1437-highlands-image1_B9we_8sYO,"Cozy living room with brown sofa, wooden table, large windows showing scenic view.",,https://ik.imagekit.io/OE/nelson-county/listings/wintergreen-condo-1437-highlands-image2_shyvdLeQR,"Bedroom with blue bed, wooden floor, fireplace, and large window.",,,,,,,"Wintergreen Resort, Roseland, VA 22967",josh,2026-01-05,2026-01-12,https://www.google.com/maps/dir/?api=1&destination=Wintergreen%20Resort%2C%20Roseland%2C%20VA%2022967,,,,,,,,,,,,,,Skiing; Scenic Views; Cabins; Lodging,false,https://www.google.com/maps/dir/?api=1&destination=Wintergreen%20Resort%2C%20Roseland%2C%20VA%2022967,false
331,Time Out,time-out,Whole House Rentals,stay,Wintergreen Resort,"Time Out is a pet-friendly Wintergreen escape sleeping seven with hot tub, fast Wi-Fi, smart TVs, and three queen bedrooms plus single sofa bed. Activities are endless: apple picking, breweries/wineries, hiking, lake, horseback riding, golf, tennis, skiiing.","★ Comfortably sleeps 7: Q, Q, Q, single sofa. ★ Hot Tub ★ FAST Wi-Fi ★ Smart TVs ★ Ms. PAC-MAN arcade ★ Deck ★ Grill ★ Pack n' play ★ Highchair.

Walk to trails and enjoy endless activities: apple picking, breweries/wineries, hiking, lake, horseback riding, golf, tennis, skiing... Take a peaceful morning walk on the path across the street from the cabin.

One mile to Founder's Overlook and amazing sunrises!",,https://ik.imagekit.io/OE/nelson-county/listings/time-out-image1_WA5ToIiMM,Cabin with red chairs on porch surrounded by autumn trees and fallen leaves.,,https://ik.imagekit.io/OE/nelson-county/listings/time-out-image2_hNPstmersg,"Wooden kitchen with stainless steel appliances, granite countertops, and bright overhead lighting.",,,,,,,"Wintergreen Resort, Roseland, VA 22967",josh,2026-01-05,2026-01-12,https://www.google.com/maps/dir/?api=1&destination=Wintergreen%20Resort%2C%20Roseland%2C%20VA%2022967,,,,,,,,,,,,,,Wi-Fi; Scenic Views; Pet Friendly,false,https://www.google.com/maps/dir/?api=1&destination=Wintergreen%20Resort%2C%20Roseland%2C%20VA%2022967,false
332,Cub Creek Cabin,cub-creek-cabin,Cabins & Cottages,stay,Roseland,"Cub Creek Cabin is a secluded two-bedroom rustic retreat minutes from Devils Backbone, Wintergreen Ski Resort, Appalachian Trail, and Blue Ridge Parkway with porch views of Three Ridges and a spring-fed creek soundtrack. Fall asleep to the sound of a spring-fed creek at Cub Creek Cabin, a two-bedroom hideaway perfectly positioned between Devils Backbone, the Appalachian Trail, and the Parkway.",,,https://ik.imagekit.io/OE/nelson-county/listings/cub-creek-cabin-image1_h6q1evBln,Wooden cabin with porch surrounded by dense green forest. Sunlit exterior.,,https://ik.imagekit.io/OE/nelson-county/listings/cub-creek-cabin-image2_bRRxtVEEsJ,"Cozy living room with fireplace, wooden table, chairs, bookshelves, and large window.",,,,,,,"Roseland, VA 22967",josh,2026-01-05,2026-01-12,https://www.google.com/maps/dir/?api=1&destination=Roseland%2C%20VA%2022967,,,,,,,,,,,,,,Cabins; Outdoor Seating; Scenic Views; Lodging; Appalachian Trail,false,https://www.google.com/maps/dir/?api=1&destination=Roseland%2C%20VA%2022967,false
333,Tyebello Cabins,tyebello-cabins,Cabins & Cottages,stay,Montebello,"Tyebello Cabins offer pet-friendly lodging with kitchen, free Wi-Fi, and air conditioning for Blue Ridge travelers seeking simple comforts near Tyro. Tyebello Cabins offer pet-friendly lodging with kitchen, free Wi-Fi, and air conditioning for Blue Ridge travelers seeking simple comforts near Tyro.","Tyebello Cabins offers a serene escape with stunning mountain views and starry nights. Enjoy great hiking opportunities off the Blue Ridge Parkway, the Appalachian Trail, and right on our property. Nearby attractions include wineries, breweries, distilleries, and Crabtree Falls, while the Piney River biking trail is just 25 minutes away. Experience the peaceful rural setting along the North Fork of the Tye River.

Relax by the fire pit and grill your meals in the great outdoors. Stay connected with high-speed internet and streaming services at your fingertips. Pets are welcome, making this the perfect getaway for the whole family.",,https://ik.imagekit.io/OE/nelson-county/listings/tyebello-cabins-image1_v7ATLrmSv,"Two green chairs by fire pit, overlooking stream and trees.",,https://ik.imagekit.io/OE/nelson-county/listings/tyebello-cabins-image2_5RkKGEK6p,"Glass shower enclosure reflecting wood-paneled wall, mirror, and sink with faucet.",,,,,,,"Tyro, VA 22976",josh,2026-01-05,2026-01-12,https://www.google.com/maps/dir/?api=1&destination=Tyro%2C%20VA%2022976,,,,,,,,,,,,,,Wi-Fi; Pet Friendly; Lodging; Cabins; Full Kitchen; Scenic Views,false,https://www.google.com/maps/dir/?api=1&destination=Tyro%2C%20VA%2022976,false
334,Glass & Pine,glass-pine,Cabins & Cottages,stay,Nellysford,The house is located on 5 acres in a neighborhood with homes spaciously set apart from another and very wooded.,"This is a two-bedroom, two-full-bath home. The primary bedroom features a king-size bed with an attached ensuite, while the second bedroom has two sets of twin-size bunk beds. There is a fun loft accessible via a vertical ladder (use caution), though the loft headroom is only about 4 feet high.

Located on 5 acres in a neighborhood with homes spaciously set apart and surrounded by woods, this newly built contemporary home is nestled in the breathtaking Blue Ridge Mountains of Nellysford, VA. It is perfect for nature lovers, families, and friends. Just one mile from Bold Rock Cidery and Devils Backbone Brewery, and centrally located to Wintergreen Resort and local wineries, it offers easy access to outdoor adventures. Relax on the deck with stunning mountain views or cozy up by the wood stove. Glass & Pine is the ideal retreat for making lasting memories.",,https://ik.imagekit.io/OE/nelson-county/listings/glass-pine-image1_cAuZONr-w,"Modern cabin with large windows in snowy woodland setting, clear blue sky.",,https://ik.imagekit.io/OE/nelson-county/listings/glass-pine-image2_RB2rG0JRn7,"Spacious living room with couch, wooden table, and large windows with scenic views.",,,,,,,"Nellysford, VA 22958",josh,2026-01-05,2026-01-12,https://www.google.com/maps/dir/?api=1&destination=Nellysford%2C%20VA%2022958,,,,,,,,,,,,,,Scenic Views; Beer; Cabins; Lodging,false,https://www.google.com/maps/dir/?api=1&destination=Nellysford%2C%20VA%2022958,false
335,Wintergreen 19 Ivy Glen Lane,wintergreen-19-ivy-glen-lane,Vacation Rentals,stay,Wintergreen Resort,"Wintergreen 19 Ivy Glen Lane is a four-bedroom, 3.5-bath end-unit townhouse with two-car garage, steps from shuttle stop, spa, pools, golf, tennis, and hiking.

19 Ivy Glen Lane brings townhouse convenience to Wintergreen—four bedrooms, 3.5 baths, two-car garage, and front-door access to shuttles, spa amenities, pools, golf, and tennis.","Lovingly maintained, this furnished 4BR/3.5BA end-unit townhouse features a 2-car garage and is located in the four-seasons Wintergreen Resort. Enjoy close proximity to the spa, pools, hot tubs, tennis, golf, and great hiking trails. The shuttle stop to the lifts is just 40 steps away!

This property is pet-friendly and offers a perfect retreat for families and groups looking to experience all that Wintergreen has to offer.",,https://ik.imagekit.io/OE/nelson-county/listings/wintergreen-19-ivy-glen-lane-image1_M8YMHOmi7N,"Modern brown house with large windows, driveway, and white SUV parked outside.",,https://ik.imagekit.io/OE/nelson-county/listings/wintergreen-19-ivy-glen-lane-image2_Lirrcwn4D,"Modern kitchen with granite countertops, stainless steel appliances, and two bar stools.",,,,,,,"Wintergreen Resort, Roseland, VA 22967",josh,2026-01-05,2026-01-12,https://www.google.com/maps/dir/?api=1&destination=Wintergreen%20Resort%2C%20Roseland%2C%20VA%2022967,,,,,,,,,,,,,,Resort; Pool; Pet Friendly; Spa; Golf,false,https://www.google.com/maps/dir/?api=1&destination=Wintergreen%20Resort%2C%20Roseland%2C%20VA%2022967,false
336,The Brown Bear Lodge,the-brown-bear-lodge,Whole House Rentals,stay,Wintergreen Resort,"The Brown Bear Lodge is a renovated three-bedroom, 2.5-bath Wintergreen house within walking distance of resort core, featuring bunk room, original stone fireplace, gas fireplace, grill, and fire pit. The Brown Bear Lodge blends classic and contemporary with its original stone fireplace, bunk room, gas stove, and outdoor fire pit all within walking distance of the resort core.",,,https://ik.imagekit.io/OE/nelson-county/listings/the-brown-bear-lodge-image1_MNgHSMy6u,"Green house with wooden deck in forest, surrounded by leafless trees.",,https://ik.imagekit.io/OE/nelson-county/listings/the-brown-bear-lodge-image2_WFvplR59eU,"Modern kitchen with white cabinets, wooden island, stools, and stainless steel appliances.",,,,,,,"Wintergreen Resort, Roseland, VA 22967",josh,2026-01-05,2026-01-12,https://www.google.com/maps/dir/?api=1&destination=Wintergreen%20Resort%2C%20Roseland%2C%20VA%2022967,,,,,,,,,,,,,,Family Friendly; Fuel; Resort; Lodging,false,https://www.google.com/maps/dir/?api=1&destination=Wintergreen%20Resort%2C%20Roseland%2C%20VA%2022967,false
337,Mountain Home in Nelson County,mountain-home-in-nelson-county,Cabins & Cottages,stay,Faber,"Mountain Home in Nelson County offers quiet mountain views 10 minutes from Pippin Hill Winery and 30 minutes to Wintergreen, ideal for Charlottesville-area wine getaways. This Nelson County mountain home keeps wine lovers close to Pippin Hill and Charlottesville while promising peaceful deck views and a private setting for recovery days.",,,https://ik.imagekit.io/OE/nelson-county/listings/mountain-home-in-nelson-county-image1_IxXLR3b9jm,"Wooden stairs and black door entrance, white walls, brown shutters, potted plants.",,https://ik.imagekit.io/OE/nelson-county/listings/mountain-home-in-nelson-county-image2_FTxe4AMlvU,"Modern kitchen with island, wooden beams, barstools, pendant lights, and outdoor view.",,,,,,,"North Garden, VA 22959",josh,2026-01-05,2026-01-12,https://www.google.com/maps/dir/?api=1&destination=North%20Garden%2C%20VA%2022959,,,,,,,,,,,,,,Scenic Views; Wine; Cabins; Lodging; Tastings,false,https://www.google.com/maps/dir/?api=1&destination=North%20Garden%2C%20VA%2022959,false
338,Spy Run Hideaway,spy-run-hideaway,Cabins & Cottages,stay,Wintergreen Resort,"Spy Run Hideaway is a secluded three-bedroom, two-bath cabin on 17 acres that sleeps eight, providing a quiet base for Blue Ridge exploration. Spy Run Hideaway spreads out over 17 wooded acres, giving the three-bedroom, two-bath cabin room for hammocks, wildlife watching, and unplugged evenings after Blue Ridge adventures.","Welcome to Spy Run Hideaway, a charming retreat nestled in Vesuvius. This spacious cabin features 3 bedrooms and 2 full baths, accommodating up to 8 guests comfortably. Set on 17 acres, the property offers a secluded, quiet, and relaxing atmosphere, perfect for a getaway.

Enjoy the tranquility of nature while having the convenience of staff on site. This pet-friendly lodging ensures that your furry friends can join in on the fun. Experience the beauty and serenity of Spy Run Hideaway!",,https://ik.imagekit.io/OE/nelson-county/listings/spy-run-hideaway-image1_SR1H-tiDB,House with wooden porch surrounded by green lawn and trees.,,https://ik.imagekit.io/OE/nelson-county/listings/spy-run-hideaway-image2_QnJSRmXM0,"Cozy living room with gray couches, wooden table, and maroon accent wall.",,,,,,,"Roseland, VA 22967",josh,2026-01-05,2026-01-12,https://www.google.com/maps/dir/?api=1&destination=Roseland%2C%20VA%2022967,,,,,,,,,,,,,,Scenic Views; Pet Friendly; Full Kitchen,false,https://www.google.com/maps/dir/?api=1&destination=Roseland%2C%20VA%2022967,false
339,Love of Mountains Oh Fill My Cup,love-of-mountains-oh-fill-my-cup,Whole House Rentals,stay,Wintergreen Resort,"Love of Mountains Oh Fill My Cup is a modern third-floor two-bedroom condo with upgraded kitchen, private golf course views, and access to public/community pools at Wintergreen. Relax with the whole family at this peaceful place to stay.","Relax with the whole family at this peaceful place to stay. Let the mountains fill your cup and the fire warm your heart. Both beds are queen size. The condo is less than 5 minutes by car to the ski lodge parking lot. (Wintergreen Club amenities are not transferable to Airbnb guests.) Enjoy a modern and spacious third-floor condominium with upgraded kitchen and private golf course views.

Guests have access to two public/community pools: Chestnut Springs (upper Wintergreen) and Rhodes Farm (lower Wintergreen/Nellysford), as well as nearby Lake Sherando.",,https://ik.imagekit.io/OE/nelson-county/listings/love-of-mountains-oh-fill-my-cup-image1_IeSxTT1aBT,"Tall beige house with multiple balconies, surrounded by trees and greenery.",,https://ik.imagekit.io/OE/nelson-county/listings/love-of-mountains-oh-fill-my-cup-image2_7bJGndeuCM,"Modern living room with fireplace, kitchen island, and sliding glass doors to balcony.",,,,,,,"Wintergreen Resort, Roseland, VA 22967",josh,2026-01-05,2026-01-12,https://www.google.com/maps/dir/?api=1&destination=Wintergreen%20Resort%2C%20Roseland%2C%20VA%2022967,,,,,,,,,,,,,,Golf; Full Kitchen; Cabins; Lodging; Swimming Pool,false,https://www.google.com/maps/dir/?api=1&destination=Wintergreen%20Resort%2C%20Roseland%2C%20VA%2022967,false
340,Marigold on the Mountain,marigold-on-the-mountain,Whole House Rentals,stay,Wintergreen Resort,"Marigold on the Mountain is a five-bedroom, four-bath Wintergreen home sleeping 14 with hot tub, cedar barrel sauna, two-tier deck with fire pit, and separate game room. Marigold on the Mountain was built for big groups—five bedrooms, four baths, a hot tub, cedar barrel sauna, two-tier deck with fire pit, and a separate game room handle up to 14 guests in style.","Marigold on the Mountain is a spacious whole house rental featuring 5 bedrooms and 4 baths, accommodating up to 14 guests. Enjoy the luxurious hot tub and cedar barrel sauna on the lower deck, while the upper deck offers a propane fire pit and dining for 10. Inside, you'll appreciate the soaring ceiling and light-drenched open concept living room, dining area, and kitchen. A separate living room/game room downstairs can double as a 6th bedroom. Plus, it's pet-friendly!

Located in the heart of beautiful Wintergreen, Virginia, Marigold offers year-round activities for all ages. Just a few minutes' drive to the slopes, you'll also find dining and entertainment options nearby. Explore some of the best hiking trails in the state off the Blue Ridge Parkway, only 15 minutes from the home, along with additional trails just down the street. Nearby amenities include two sandy-beach-entrance lakes, a community pool for swimming, and over a dozen wineries, breweries, and distilleries—all within a 30-minute drive.",,https://ik.imagekit.io/OE/nelson-county/listings/marigold-on-the-mountain-image1_yac4pWcIy,Outdoor hot tub with bubbles and glowing lights under a wooden canopy.,,https://ik.imagekit.io/OE/nelson-county/listings/marigold-on-the-mountain-image2_THfCTqEMZ,"Spacious living room with stone fireplace, large windows, and modern furniture.",,,,,,,"Wintergreen Resort, Roseland, VA 22967",josh,2026-01-05,2026-01-12,https://www.google.com/maps/dir/?api=1&destination=Wintergreen%20Resort%2C%20Roseland%2C%20VA%2022967,,,,,,,,,,,,,,Outdoor Seating; Pet Friendly,false,https://www.google.com/maps/dir/?api=1&destination=Wintergreen%20Resort%2C%20Roseland%2C%20VA%2022967,false
341,Top of The Mountain Hideaway,top-of-the-mountain-hideaway,Whole House Rentals,stay,Wintergreen Resort,"Top of The Mountain Hideaway is a three-bedroom, three-bath Wintergreen home near the Mountain Inn featuring hot tub, shuffleboard table, and easy access to wineries and breweries. Top of The Mountain Hideaway places you near the Mountain Inn yet still feels private, thanks to a hot tub deck, shuffleboard lounge, and three bedrooms with en-suite baths.","Private beautiful house near the top of Wintergreen with a hot tub, located one mile from the Mountain Inn. Enjoy the shuffleboard table after skiing or hiking! The house is very close to multiple wineries and breweries and features 3 bedrooms and 3 bathrooms.

This beautifully updated home offers a hot tub and shuffleboard table for your enjoyment. It is pet-friendly and provides a perfect retreat for those looking to explore the Wintergreen area.",,https://ik.imagekit.io/OE/nelson-county/listings/top-of-the-mountain-hideaway-image1_Zf0QHLEUu,Wooden A-frame house surrounded by lush green trees and mist.,,https://ik.imagekit.io/OE/nelson-county/listings/top-of-the-mountain-hideaway-image2_AQER_PUCe5,"Rustic living room with wooden ceiling, floral couch, large windows, and chandelier.",,,,,,,"Wintergreen Resort, Roseland, VA 22967",josh,2026-01-05,2026-01-12,https://www.google.com/maps/dir/?api=1&destination=Wintergreen%20Resort%2C%20Roseland%2C%20VA%2022967,,,,,,,,,,,,,,Scenic Views; Lodging; Pet Friendly; Beer,false,https://www.google.com/maps/dir/?api=1&destination=Wintergreen%20Resort%2C%20Roseland%2C%20VA%2022967,false
342,On The Rocks,on-the-rocks,Cabins & Cottages,stay,Wintergreen Resort,"On The Rocks is a three-bedroom, two-bath A-frame less than two miles from Wintergreen Ski Lodge with flat driveway access and dog-friendly policies. On The Rocks brings A-frame charm to the Wintergreen corridor, delivering dog-friendly stays, flat driveway access, and a location less than two miles from the ski lodge.",,,https://ik.imagekit.io/OE/nelson-county/listings/on-the-rocks-image1_TKRsUl-HN,Warmly lit cabin porch nestled in dark forest setting at dusk.,,https://ik.imagekit.io/OE/nelson-county/listings/on-the-rocks-image2_mlZZPZ20e,"Cozy living room, black sofa, colorful rug, wood stove, large windows.",,,,,,,"Wintergreen Resort, Roseland, VA 22967",josh,2026-01-05,2026-01-12,https://www.google.com/maps/dir/?api=1&destination=Wintergreen%20Resort%2C%20Roseland%2C%20VA%2022967,,,,,,,,,,,,,,Pet Friendly; Parking; Full Kitchen,false,https://www.google.com/maps/dir/?api=1&destination=Wintergreen%20Resort%2C%20Roseland%2C%20VA%2022967,false
343,Our Mountain Getaway,our-mountain-getaway,Whole House Rentals,stay,Wintergreen Resort,"Our Mountain Getaway is a six-bedroom, 5.5-bath Wintergreen home overlooking the 12th hole with expansive views, ideal for large groups. Our Mountain Getaway overlooks the 12th hole and packs six bedrooms plus 5.5 baths, giving large families plenty of elbow room and panoramic valley views.",,,https://ik.imagekit.io/OE/nelson-county/listings/our-mountain-getaway-image1_QQ7tsWytv,"Large house with steep gables, surrounded by trees, sunny day.",,https://ik.imagekit.io/OE/nelson-county/listings/our-mountain-getaway-image2_QjleEHkdu,"Spacious living room with stone fireplace, leather couch, and large windows showing trees.",,,,,,,"Wintergreen Resort, Roseland, VA 22967",josh,2026-01-05,2026-01-12,https://www.google.com/maps/dir/?api=1&destination=Wintergreen%20Resort%2C%20Roseland%2C%20VA%2022967,,,,,,,,,,,,,,Golf; Lodging,false,https://www.google.com/maps/dir/?api=1&destination=Wintergreen%20Resort%2C%20Roseland%2C%20VA%2022967,false
344,Rockfish Cabin,rockfish-cabin,Cabins & Cottages,stay,Faber,"Rockfish Cabin is a three-level post-and-beam retreat on 13 wooded acres with granite kitchen, wraparound porch, and a riverside clearing with Adirondack chairs and fire pit. Rockfish Cabin layers a granite chef's kitchen, wraparound porch, and riverside clearing with fire pit across 13 wooded acres—ideal for guests who want privacy without sacrificing comfort.","The main level boasts sliding glass doors leading to a generous porch, a well-stocked kitchen with granite countertops and a gas stove, a gas fireplace, comfortable seating, a farm table, a twin bedroom, and a luxurious bath. The top level features its own living space, perfect for reading, game playing, or even cocktails! This level includes a master bedroom with an upscale full bath and a Juliet balcony.

The bottom level has its own entrance and two large bedrooms—one with a queen bed and the other with bunk beds, a sofa, and a large TV equipped with a DVD and gaming system. An upscale bath and a full-size washer/dryer laundry closet complete this space. Set on over 13 acres, you can walk down the path to the river, which leads to a Poplar grove clearing that opens to a sandy beach. Find yourself restored by relaxing in one of six Adirondack chairs while listening to the rustling leaves and rippling water. Enjoy a campfire with family and friends!

With plenty of parking in the circular driveway, this beautiful cabin is nestled on a 13-acre wooded hillside along the Rockfish River. The home provides a wonderful blend of modern comfort, including high-speed internet and an updated kitchen, within a rustic exposed post and beam cabin. Three floors of living spaces offer options for gathering, working, and playing together, while also allowing for privacy. Sliding glass doors lead to a large wrap-around porch featuring a gas grill, dining table, ample seating, and a tree-level view of the natural setting and wildlife. There is so much to explore on the property and nearby!",,https://ik.imagekit.io/OE/nelson-county/listings/rockfish-cabin-image1_84_d29dwaB,"Wooden cabin with green roof, surrounded by trees and lush greenery.",,https://ik.imagekit.io/OE/nelson-county/listings/rockfish-cabin-image2_X0BibehzI,"Cozy wooden cabin interior with leather couch, staircase, and kitchen area.",,,,,,,"Afton, VA 22920",josh,2026-01-05,2026-01-12,https://www.google.com/maps/dir/?api=1&destination=Afton%2C%20VA%2022920,,,,,,,,,,,,,,Cabins; Fuel; Full Kitchen; Outdoor Seating; Lodging; Water Sports; Fishing,false,https://www.google.com/maps/dir/?api=1&destination=Afton%2C%20VA%2022920,false
345,Blue Ridge Cabin,blue-ridge-cabin,Cabins & Cottages,stay,Roseland,"Blue Ridge Cabin is a four-bedroom mountain escape on two private acres at the base of Route 151 with two kitchens, 2 king beds, and quick access to breweries, hikes, and Wintergreen. Enjoy a memorable getaway at this cabin with mountain views with 3 floors of living & entertaining space, 4 bedrooms, 6 beds ( 2 kings), 3 bathrooms & 2 kitchens at the base of the mountain on the “Rt.","Enjoy a memorable getaway at the Blue Ridge Cabin, featuring stunning mountain views and three floors of living and entertaining space. This spacious cabin offers four bedrooms, six beds (including two kings), three bathrooms, and two kitchens, all situated on two private acres at the base of the mountain along the “Rt. 151 Brew Ridge Trail.” You’ll be able to soak in the natural beauty of the Blue Ridge Mountains while being close to all the fun!

The Blue Ridge Cabin is just minutes away from wineries, breweries, hiking, skiing, golfing, and lake activities. Experience a mountain vacation in this charming bear-themed cabin, tucked away yet conveniently located near 12+ wineries and breweries, including Devils Backbone Brewery (1/2 mile away) and Bold Rock Cider (1 mile away). Enjoy easy access to the Appalachian Trail, Shenandoah National Park, and Wintergreen Ski Resort, making it easy to explore all the must-see spots nearby!",,https://ik.imagekit.io/OE/nelson-county/listings/blue-ridge-cabin-image1_rQ-5AuQor,"Wooden cabin with deck, surrounded by trees, chairs, and firepit in yard.",,https://ik.imagekit.io/OE/nelson-county/listings/blue-ridge-cabin-image2_FjLMY_7oV,"Wooden cabin interior with plush seats, stairway, round table, and chandelier lighting.",,,,,,,"Roseland, VA 22967",josh,2026-01-05,2026-01-12,https://www.google.com/maps/dir/?api=1&destination=Roseland%2C%20VA%2022967,,,,,,,,,,,,,,Scenic Views; Cabins; Lodging; Hiking; Beer,false,https://www.google.com/maps/dir/?api=1&destination=Roseland%2C%20VA%2022967,false
346,Wintergreen Duplex,wintergreen-duplex,Whole House Rentals,stay,Wintergreen Resort,"Wintergreen Duplex is a three-floor, four-bedroom, 3.5-bath townhome with wood-burning fireplace, back deck, laundry, and shuttle access across from the spa. Across from the Wintergreen Spa, Wintergreen Duplex stacks three floors, four bedrooms, and 3.5 baths into a townhome with a wood-burning hearth, back deck, laundry, and front-door shuttle access.","Wintergreen Duplex is a spacious three-floor rental featuring 4 bedrooms and 3.5 bathrooms. Enjoy cozy evenings by the wood-burning fireplace, or relax on the back deck. The unit includes a full-size washer and dryer for your convenience.

Ideally located, it's just a short walk to either overlook, offering magnificent sunsets and sunrises, along with great hiking trails. You'll find the Spa & Fitness Center directly across the street, and there's a free shuttle service to the base and Mountain Inn. The living room is furnished with two full-size couches, and there's a foosball table upstairs for added entertainment. Great location. Great floor plan.",,https://ik.imagekit.io/OE/nelson-county/listings/wintergreen-duplex-image1_s8r0SUoXj,Gray house with wooden stairs surrounded by colorful autumn trees.,,https://ik.imagekit.io/OE/nelson-county/listings/wintergreen-duplex-image2_Ohf82pn4p,"Cozy living room with leather furniture, large windows, and a fireplace.",,,,,,,"Wintergreen Resort, Roseland, VA 22967",josh,2026-01-05,2026-01-12,https://www.google.com/maps/dir/?api=1&destination=Wintergreen%20Resort%2C%20Roseland%2C%20VA%2022967,,,,,,,,,,,,,,Outdoor Seating; Scenic Views; Spa; Lodging,false,https://www.google.com/maps/dir/?api=1&destination=Wintergreen%20Resort%2C%20Roseland%2C%20VA%2022967,false
347,Sunrise on the Trail,sunrise-on-the-trail,Cabins & Cottages,stay,Afton,"Sunrise on the Trail is a renovated home with modern kitchen, coffee bar, smart HDTV, washer/dryer, fire pit, gazebo, and queen bedrooms with wireless charging. Sunrise on the Trail treats guests to a barista-worthy coffee station, smart HDTV, gazebo, and fire pit—everything you need to relax between hikes, especially with wireless-charging queen suites at day's end.","This newly renovated home features a well-appointed kitchen with modern appliances, a dining area, and a coffee bar. The home also includes a full-size washer/dryer, a Keurig Duo coffee maker, and a 50-inch Smart HDTV. Each bedroom is equipped with queen bedding and wireless phone charging. Linens and towels are provided free of charge.

The outdoor area boasts a gazebo, firepit, and chairs, as well as a charcoal grill—please be sure to bring your own charcoal if desired. Centrally located on the brew trail, this home is a short drive to local wineries, breweries, and distilleries, along with an abundance of hiking and outdoor activities in the area. Despite being in the heart of it all, the home is set back off the main road, maintaining a quiet, family-friendly atmosphere.",,https://ik.imagekit.io/OE/nelson-county/listings/sunrise-on-the-trail-image1_3XqAqmEtB,"Small tan house with front yard, large tree, and mountains in background.",,https://ik.imagekit.io/OE/nelson-county/listings/sunrise-on-the-trail-image2_FQx0N8B4R,"Beige living room with sectional sofa, wooden tables, and decorative wall accents.",,,,,,,"Afton, VA 22920",josh,2026-01-05,2026-01-12,https://www.google.com/maps/dir/?api=1&destination=Afton%2C%20VA%2022920,,,,,,,,,,,,,,Coffee; Bar; Outdoor Seating; Tea; Full Kitchen; Cabins; Lodging,false,https://www.google.com/maps/dir/?api=1&destination=Afton%2C%20VA%2022920,false
348,Mima's Mountain House,mimas-mountain-house,Whole House Rentals,stay,Massies Mill,"Mima's Mountain House is a five-bedroom, three-bath creekside retreat sleeping ten with porch views of The Priest and easy access to Route 56 adventures.","Mima's Mountain House is a 5 BR/3 BA house that sleeps 10, offering a peaceful creekside mountain retreat with stunning mountain views. Relax with family and friends as you take in the beauty of the Appalachians. The summit of The Priest can be viewed from the front porch, where we start our day with a cup of coffee.

This beautiful stretch of the Appalachians offers so much to do with a short scenic drive. Enjoy hiking trails, skiing at Wintergreen Resort, local farmers markets, and unique shops. Additionally, there are 5 breweries, 3 cideries, and 10 wineries within a 25-mile radius. *Lodging descriptions are provided by the host and not independently verified. Pet-friendly? Yes. Located in Massies Mill.",,https://ik.imagekit.io/OE/nelson-county/listings/mima-s-mountain-house-image1_EsyoRLgzz,"House surrounded by green forest, with distant mountains under clear blue sky.",,https://ik.imagekit.io/OE/nelson-county/listings/mima-s-mountain-house-image2_c8qZTjZZu,"Spacious kitchen with island, pendant lights, wood flooring, and large stainless steel fridge.",,,,,,,"Massies Mill, VA 22943",josh,2026-01-05,2026-01-12,https://www.google.com/maps/dir/?api=1&destination=Massies%20Mill%2C%20VA%2022943,,,,,,,,,,,,,,Outdoor Seating; Wi-Fi; Pet Friendly; Full Kitchen; Lodging; Hiking; Water Sports; Fishing,false,https://www.google.com/maps/dir/?api=1&destination=Massies%20Mill%2C%20VA%2022943,false
349,Village Antiques,villageantiques,Restaurants,taste,Lovingston,"Serving brunch and lunch, homemade quiche and sandwiches. Serving brunch and lunch, homemade quiche and sandwiches.","Conveniently located on the corner of Main and Front Streets in the heart of Lovingston, Village Antiques is a charming café set in an antiques store. We serve brunch and lunch, featuring homemade quiche and sandwiches, along with Trager Bros hot and iced coffees roasted fresh just a block away. Enjoy a selection of teas, bottled sodas, and fresh baked goods, including sweets, breads, cakes, and so much more!

Open Wednesday through Saturday from 10 AM to 5 PM, come browse around and enjoy a refreshing beverage and a delightful bite to eat.",,https://ik.imagekit.io/OE/nelson-county/listings/village-antiques-image1_pMNc-IvgF,"Turquoise umbrella and door, black awning, outside brick storefront with tables.",,,,,,,,,(434) 263-4800,"605 Front Street, Lovingston, VA 22949",WG,2026-01-05,2026-01-12,https://www.google.com/maps/dir/?api=1&destination=605%20Front%20Street%2C%20Lovingston%2C%20VA%2022949,,,,,,,,,,,,,,Coffee; Bakery; Baked Goods; Tea; Brunch,false,https://www.google.com/maps/dir/?api=1&destination=605%20Front%20Street%2C%20Lovingston%2C%20VA%2022949,false
350,Cliffs Edge,cliffs-edge,Whole House Rentals,stay,Wintergreen Resort,"Cliffs Edge is a Southern Living-featured contemporary mountain home with floor-to-ceiling windows, cantilevered decks, shoji screens, and dramatic Crawford's Knob views. An open floor plan with high ceilings and large skylights, this amazingly engineered home will stun you with its incredible mountain views.","An open floor plan with high ceilings and large skylights, this amazingly engineered home will stun you with its incredible mountain views! This spacious three-bedroom, three-bathroom home, with its cantilevered decks, is perfect for any family. The large upstairs loft, adjacent to the upstairs bedrooms, offers movies, games, puzzles, and comfortable seating. Multiple TVs provide plenty of entertainment options, while the spacious living area and dining room have abundant seating for all.

Featured in Southern Living magazine when originally constructed, this Contemporary Mountain Home has magnificent cliff views of Crawford's Knob Mountain. Situated in the treetops, this cantilevered home extends outward into nature with expansive decks and a living area perfect for entertaining. It also has a desk/table area with the best working views of mountains you'll ever experience. The beautiful shoji screens are designed to give the loft elegant privacy. This is truly a four-season home where you can enjoy vistas of the Blue Ridge Parkway and watch the seasons change from spring to summer, to the beautiful fall foliage of autumn, then snow and skiing of winter.",,https://ik.imagekit.io/OE/nelson-county/listings/cliffs-edge-image1_PghL6fozc,"Beige house with sloped roof, surrounded by trees and rocks.",,https://ik.imagekit.io/OE/nelson-county/listings/cliffs-edge-image2_swMItGy72,"Spacious living room with large windows, two sofas, and outdoor forest view.",,,,,,,"Wintergreen Resort, Roseland, VA 22967",josh,2026-01-05,2026-01-12,https://www.google.com/maps/dir/?api=1&destination=Wintergreen%20Resort%2C%20Roseland%2C%20VA%2022967,,,,,,,,,,,,,,Scenic Views; Lodging,false,https://www.google.com/maps/dir/?api=1&destination=Wintergreen%20Resort%2C%20Roseland%2C%20VA%2022967,false
351,Slopes At Tyro,slopes-at-tyro,Whole House Rentals,stay,Wintergreen Resort,"Slopes at Tyro is a slope-side four-bedroom Wintergreen home with hot tub and wood-burning fireplace providing direct ski-in/ski-out access, including night skiing. Our property manager at Wintergreen is Julie Fitzgerald.",,,https://ik.imagekit.io/OE/nelson-county/listings/slopes-at-tyro-image1_SkMvBj_Gr,Wooden house surrounded by dense green forest and sunlight.,,https://ik.imagekit.io/OE/nelson-county/listings/slopes-at-tyro-image2_RcjJmJPTw2,"Cozy living room with black leather sofa, wooden table, and large windows.",,,,,,,"Wintergreen Resort, Roseland, VA 22967",josh,2026-01-05,2026-01-12,https://www.google.com/maps/dir/?api=1&destination=Wintergreen%20Resort%2C%20Roseland%2C%20VA%2022967,,,,,,,,,,,,,,Skiing; Snow Sports; Pet Friendly,false,https://www.google.com/maps/dir/?api=1&destination=Wintergreen%20Resort%2C%20Roseland%2C%20VA%2022967,false
352,Home on the Ridge,home-on-the-ridge,Whole House Rentals,stay,Wintergreen Resort,"Home on the Ridge is a two-bedroom, two-bath condo overlooking the 18th hole at Devils Knob with kitchen, balcony, and easy access to golf, tennis, and skiing. Home on the Ridge overlooks Devils Knob's 18th hole, giving condo guests a balcony for post-round drinks, full kitchen for easy meals, and immediate access to golf, tennis, and skiing.","Home on the Ridge is a beautifully decorated condo featuring 2 bedrooms and 2 full baths, along with a kitchen and living room. Enjoy a relaxing balcony that overlooks the 18th hole on the Devils Knob Golf Course, providing a stunning view of the course.

This property offers easy access to golf, tennis, and skiing, making it an ideal getaway for outdoor enthusiasts. Please note that lodging descriptions are provided by the host and not independently verified. No pets are allowed. Located in Wintergreen.",,https://ik.imagekit.io/OE/nelson-county/listings/home-on-the-ridge-image1_FIqU4391T,"Patio with metal chairs, table, surrounded by trees, sunlight filtering through branches.",,https://ik.imagekit.io/OE/nelson-county/listings/home-on-the-ridge-image2_qnVMO-7qU,"Cozy living room with armchair, fireplace, lamp, and coffee table.",,,,,,,"Wintergreen Resort, Roseland, VA 22967",josh,2026-01-05,2026-01-12,https://www.google.com/maps/dir/?api=1&destination=Wintergreen%20Resort%2C%20Roseland%2C%20VA%2022967,,,,,,,,,,,,,,Resort; Golf; Tennis; Full Kitchen; Wi-Fi; Parking; Cabins; Lodging,false,https://www.google.com/maps/dir/?api=1&destination=Wintergreen%20Resort%2C%20Roseland%2C%20VA%2022967,false
353,Peppers Mountain Pad,peppers-mountain-pad,Vacation Rentals,stay,Wintergreen Resort,"Pepper's Mountain Pad is a two-bedroom Wintergreen condo walking distance to The Market, village, and Laurelwood pool with wood-burning fireplace, smart TVs, stocked kitchen, and private patio. Peppers Mountain Pad feels like your own village pied-à-terre—walk to The Market or Laurelwood pool, then settle in by the wood-burning fireplace or stream a movie on the smart TVs.","Welcome to Pepper’s Mountain Pad, nestled in the Blue Ridge Mountains at Wintergreen Resort. Within walking distance to all the resort attractions, this 2-bedroom, 2-bathroom mountain condo has so much to offer. Just a 3-minute walk to The Market, The Village, and Laurelwood private pool.

The master bedroom features a king bed, while Bedroom 2 includes a queen bed. The living room has a queen sleeper sofa, and there are two full bathrooms. Enjoy a cozy wood-burning fireplace with firewood provided, and take advantage of three Smart TVs for streaming (no cable). The fully stocked kitchen includes a Keurig and a coffee drip machine, and there is a washer/dryer for your convenience. Private parking and a parking pass are included. The secluded outdoor patio offers a seasonal mountain view, and being an end unit provides added privacy.",,https://ik.imagekit.io/OE/nelson-county/listings/peppers-mountain-pad-image1_IcQF5f6FJ,Wooden bridge leads to two-story brown cabin surrounded by leafless trees.,,https://ik.imagekit.io/OE/nelson-county/listings/peppers-mountain-pad-image2_UIJfSEJGvn,"Cozy living room with stone fireplace, wall-mounted TV, and patterned chairs.",,,,,,,"Wintergreen Resort, Roseland, VA 22967",josh,2026-01-05,2026-01-12,https://www.google.com/maps/dir/?api=1&destination=Wintergreen%20Resort%2C%20Roseland%2C%20VA%2022967,,,,,,,,,,,,,,Wi-Fi; Market; Pool; Pet Friendly; Full Kitchen; Outdoor Seating,false,https://www.google.com/maps/dir/?api=1&destination=Wintergreen%20Resort%2C%20Roseland%2C%20VA%2022967,false
354,Rockfish Valley Retreat,rockfish-valley-retreat,Whole House Rentals,stay,Nellysford,"Rockfish Valley Retreat is a three-bedroom, two-bath valley home sleeping nine with outdoor space, horse farm views, and short drives to trails, wineries, and breweries. Rockfish Valley Retreat frames horse farm vistas from its decks, sleeps nine guests, and keeps wineries, breweries, and trailheads just a short country drive away.","Well-behaved pets/dogs are considered with an additional fee and certain restrictions/guidelines. Rockfish Valley Retreat is a 3-bedroom, 2-bathroom home, perfect for families and friends looking for a peaceful retreat that feels away from it all, yet is close to all the local attractions. We have a wonderful outdoor space with beautiful views and a horse farm across the street.

With a maximum occupancy of 9 people, the retreat is located in the valley area of Wintergreen. We are near some of the area's most popular hiking and outdoor destinations, including Crabtree Falls, the Blue Ridge Tunnel hike, and more than 30 miles of trails at Wintergreen Resort. Additionally, we are a short drive from many wineries and breweries. We love exploring the area with our families and friends and look forward to helping you plan the perfect stay!",,https://ik.imagekit.io/OE/nelson-county/listings/rockfish-valley-retreat-image1_9uA2hVVt0,Wooden house with porch beneath a faint rainbow in overcast sky.,,https://ik.imagekit.io/OE/nelson-county/listings/rockfish-valley-retreat-image2_R0PJrMdQU,"Cozy wooden cabin interior with large windows, fireplace, and comfortable seating.",,,,,,,"Nellysford, VA 22958",josh,2026-01-05,2026-01-12,https://www.google.com/maps/dir/?api=1&destination=Nellysford%2C%20VA%2022958,,,,,,,,,,,,,,Farm; Outdoor Seating; Pet Friendly; Fishing,false,https://www.google.com/maps/dir/?api=1&destination=Nellysford%2C%20VA%2022958,false
355,Dobie Condo 323 at Wintergreen,dobie-condo-323-at-wintergreen,Whole House Rentals,stay,Wintergreen Resort,"Dobie Condo 323 is a two-bedroom, two-bath Wintergreen condo with fireplace and immediate access to resort entertainment for ski weekends or quiet retreats. The resort is found on the Sunrise Side of the Blue Ridge Mountains and is conveniently located close to Charlottesville, Staunton, Lynchburg, and Waynesboro.","Welcome to Dobie Condo 323 at Wintergreen! This cozy condo features 2 bedrooms and 2 bathrooms, complete with a fireplace, making it the perfect retreat for a quiet weekend getaway or an entertaining vacation.

Located at the Wintergreen Resort, you'll have access to a variety of entertainment options while enjoying the serene mountain atmosphere. Please note that lodging descriptions are provided by the host and are not independently verified.",,https://ik.imagekit.io/OE/nelson-county/listings/dobie-condo-323-at-wintergreen-image1_hQp6Rs-TR,"Outdoor patio with round table, chairs, string lights, and greenery.",,https://ik.imagekit.io/OE/nelson-county/listings/dobie-condo-323-at-wintergreen-image2_QrFqSkZCh,"Cozy room with fireplace, large windows, and wooden ceiling.",,,,,,,"Wintergreen Resort, Roseland, VA 22967",josh,2026-01-05,2026-01-12,https://www.google.com/maps/dir/?api=1&destination=Wintergreen%20Resort%2C%20Roseland%2C%20VA%2022967,,,,,,,,,,,,,,Resort; Cabins; Lodging,false,https://www.google.com/maps/dir/?api=1&destination=Wintergreen%20Resort%2C%20Roseland%2C%20VA%2022967,false
356,Highlands 1426 Condo,highlands-1426-condo,Whole House Rentals,stay,Wintergreen Resort,"Highlands 1426 Condo is a renovated two-bedroom, two-bath ski-front condo with sunrise vistas, easy entry, and property manager nearby for Wintergreen stays. Highlands 1426 condenses sunrise views, ski-front access, and fresh renovations into a two-bedroom condo, backed by a nearby property manager for worry-free Wintergreen stays.","Enjoy breathtaking mountain, valley, and sunrise views from this beautifully renovated 2 BR, 2 BA condo. The open and bright floor plan is all on one level and is beautifully decorated. The property manager lives close by, ensuring assistance is readily available. Highlands is a ski-front neighborhood, and the Wintergarden Spa & Aquatics is just across the street.

With very easy access from the parking to the condo entry, this rental offers convenience and comfort for your stay. Please note that lodging descriptions are provided by the host and not independently verified.",,https://ik.imagekit.io/OE/nelson-county/listings/highlands-1426-condo-image1_zKMwuE_gb,Wooden walkway leading to a snow-covered building entrance with green trees.,,https://ik.imagekit.io/OE/nelson-county/listings/highlands-1426-condo-image2_jPHrYJBsj,"Modern living room with brown sofa, dining table, shelves, and mountain view.",,,,,,,"Wintergreen Resort, Roseland, VA 22967",josh,2026-01-05,2026-01-12,https://www.google.com/maps/dir/?api=1&destination=Wintergreen%20Resort%2C%20Roseland%2C%20VA%2022967,,,,,,,,,,,,,,Skiing; Scenic Views; Local Ingredients; Cabins; Lodging,false,https://www.google.com/maps/dir/?api=1&destination=Wintergreen%20Resort%2C%20Roseland%2C%20VA%2022967,false
357,Gumtree Drive 134,gumtree-drive-134,Cabins & Cottages,stay,Wintergreen Resort,"Gumtree Drive 134 is a four-bedroom, four-bath Wintergreen home with game room, hot tub, and direct access to Laurel Ridge hiking trail on the property. Gumtree Drive 134 gives hikers literal backyard access to the Laurel Ridge Trail, plus four bedrooms, four baths, a hot tub, and a lower-level game room for rainy days.","Experience the perfect getaway at Gumtree Drive 134, a spacious 4-bedroom, 4-bath house featuring a game room equipped with two big-screen TVs. Unwind in the hot tub after a day of adventure, with the Laurel Ridge Hiking Trail conveniently located on the property.

This pet-friendly retreat is situated in the beautiful Wintergreen area, making it an ideal destination for families and friends seeking relaxation and outdoor fun. Enjoy your stay in this charming cabin, where comfort meets nature!",,https://ik.imagekit.io/OE/nelson-county/listings/gumtree-drive-134-image1_PmgjY0N-m,Wooden house in forest with American flag and surrounding trees.,,https://ik.imagekit.io/OE/nelson-county/listings/gumtree-drive-134-image2_wbhEDYpwz,"Cozy kitchen with hanging pots, green walls, and sunlight streaming through windows.",,,,,,,"Wintergreen Resort, Roseland, VA 22967",josh,2026-01-05,2026-01-12,https://www.google.com/maps/dir/?api=1&destination=Wintergreen%20Resort%2C%20Roseland%2C%20VA%2022967,,,,,,,,,,,,,,Pet Friendly; Cabins; Lodging,false,https://www.google.com/maps/dir/?api=1&destination=Wintergreen%20Resort%2C%20Roseland%2C%20VA%2022967,false
358,Wake In The Clouds,wake-in-the-clouds,Whole House Rentals,stay,Wintergreen Resort,"Wake in the Clouds is a renovated one-bedroom, two-bath condo with spectacular sunrises, modern finishes, and resort convenience. Wake in the Clouds is aptly named—this renovated one-bedroom, two-bath condo faces the sunrise, offering modern finishes and instant access to Wintergreen amenities.",,,https://ik.imagekit.io/OE/nelson-county/listings/wake-in-the-clouds-image1_wf-ReZDWi,Wooden ramp leading to house entrance beneath leafy green trees.,,https://ik.imagekit.io/OE/nelson-county/listings/wake-in-the-clouds-image2_tL-VlvIQu,"Cozy bedroom with large bed, scenic window view, neutral decor accents.",,,,,,,"Wintergreen Resort, Roseland, VA 22967",josh,2026-01-05,2026-01-12,https://www.google.com/maps/dir/?api=1&destination=Wintergreen%20Resort%2C%20Roseland%2C%20VA%2022967,,,,,,,,,,,,,,Scenic Views; Wi-Fi; Full Kitchen; Cabins; Lodging,false,https://www.google.com/maps/dir/?api=1&destination=Wintergreen%20Resort%2C%20Roseland%2C%20VA%2022967,false
359,Nectar Landing,nectar-landing,Whole House Rentals,stay,Roseland,"Nectar Landing is a three-bedroom, 2.5-bath ranch sleeping ten with game room, Wi-Fi, front porch, back deck hot tub, and open-concept kitchen perfect for multi-family trips. Nectar Landing mixes indoor-outdoor fun via a game room, open kitchen, front porch rockers, and a back-deck hot tub, sleeping up to ten guests in a single-level layout.","Nectar Landing is a charming 3BR/2.5 Bath ranch-style home that comfortably sleeps 10, making it ideal for multi-family or multi-generational trips. This open-concept vacation rental features a dining table and breakfast bar, along with a fully stocked kitchen equipped with stainless steel appliances.

Guests can enjoy a large game room at the far end of the house, which is the perfect spot for entertainment, featuring ping pong, foosball, and shelves filled with puzzles and board games. The home also offers quiet corners for relaxation, a front porch, and a back deck complete with a hot tub. Enjoy a memorable getaway at Nectar Landing!",,https://ik.imagekit.io/OE/nelson-county/listings/nectar-landing-image1_6Tn_5IKLo,"Snow-covered hill, house, bare trees, colorful sunset sky.",,https://ik.imagekit.io/OE/nelson-county/listings/nectar-landing-image2_WbZSWw4gD,"Modern living room with grey sofa, wooden furniture, and wall-mounted TV.",,,,,,,"Nellysford, VA 22958",josh,2026-01-05,2026-01-12,https://www.google.com/maps/dir/?api=1&destination=Nellysford%2C%20VA%2022958,,,,,,,,,,,,,,Wi-Fi; Outdoor Seating; Full Kitchen; Pet Friendly; Parking,false,https://www.google.com/maps/dir/?api=1&destination=Nellysford%2C%20VA%2022958,false
360,Nelson 151 Views and Brews,nelson-151-views-and-brews,Whole House Rentals,stay,Afton,"Nelson 151 Views and Brews is a one-bedroom apartment with full kitchen and washer/dryer, offering Humpback Rock views and proximity to the Route 151 craft beverage trail.","Charming 1-bedroom apartment in beautiful Afton, close to wineries, breweries, and trails. The property offers a lovely view of Humpback Rock and the surrounding Blue Ridge Mountain Range.

Enjoy a full kitchen equipped with a washing machine and dryer. The apartment is conveniently located near a gas station and is centrally situated between Staunton and Charlottesville. It is also close to the Blue Ridge Parkway, Shenandoah National Park, and the Appalachian Trail. Very clean and comfortable!",,https://ik.imagekit.io/OE/nelson-county/listings/nelson-151-views-and-brews-image1_y8zi1-2K8,Three-car garage under sunny sky with brick and siding exterior.,,https://ik.imagekit.io/OE/nelson-county/listings/nelson-151-views-and-brews-image2_X0_Ohw004,"Cozy living space with kitchen, dining table, and brown sofa. Bright natural light.",,,,,,,"Afton, VA 22920",josh,2026-01-05,2026-01-12,https://www.google.com/maps/dir/?api=1&destination=Afton%2C%20VA%2022920,,,,,,,,,,,,,,Full Kitchen; Scenic Views; Parking; Cabins; Lodging,false,https://www.google.com/maps/dir/?api=1&destination=Afton%2C%20VA%2022920,false
361,Woodland Hideaway,woodland-hideaway,Whole House Rentals,stay,Shipman,"Woodland Hideaway is a one-bedroom apartment with separate entrance, full kitchen, dining area, and access to forest trails and Dutch Creek on a secluded property. Woodland Hideaway gives guests their own private apartment—full kitchen, dining nook, and forest-trail access to Dutch Creek—tucked within a larger wooded property.",,,https://ik.imagekit.io/OE/nelson-county/listings/woodland-hideaway-image1_UfzqzNiCm,Rustic wooden cabin surrounded by lush green trees and potted plants.,,https://ik.imagekit.io/OE/nelson-county/listings/woodland-hideaway-image2_xPFD6spfm,"Cozy bedroom with wooden bed and furniture, blue walls, and warm lighting.",,,,,,,"Afton, VA 22920",josh,2026-01-05,2026-01-12,https://www.google.com/maps/dir/?api=1&destination=Afton%2C%20VA%2022920,,,,,,,,,,,,,,Full Kitchen; Wi-Fi; Cabins; Lodging,false,https://www.google.com/maps/dir/?api=1&destination=Afton%2C%20VA%2022920,false
362,Cuatro Climas At 130 Pedlars Point,cuatro-climas-at-130-pedlars-point,Whole House Rentals,stay,Wintergreen Resort,"Cuatro Climas at 130 Pedlars Point is a four-bedroom, 3.5-bath Wintergreen house five minutes from resort amenities, with wood-burning fireplace, mountain views, and multiple levels. Cuatro Climas spans multiple levels with a wood-burning hearth, mountain vistas, and four bedrooms just five minutes from Wintergreen's core amenities.",,,https://ik.imagekit.io/OE/nelson-county/listings/cuatro-climas-at-130-pedlars-point-image1_X8M5LDqHUn,"Wooden cabin in lush forest, dappled sunlight, surrounded by green trees.",,https://ik.imagekit.io/OE/nelson-county/listings/cuatro-climas-at-130-pedlars-point-image2_ySF0_Ziku,"Living room with stone fireplace, plaid sofas, and large television.",,,,,,,"Wintergreen Resort, Roseland, VA 22967",josh,2026-01-05,2026-01-12,https://www.google.com/maps/dir/?api=1&destination=Wintergreen%20Resort%2C%20Roseland%2C%20VA%2022967,,,,,,,,,,,,,,Family Friendly; Scenic Views; Parking; Lodging,false,https://www.google.com/maps/dir/?api=1&destination=Wintergreen%20Resort%2C%20Roseland%2C%20VA%2022967,false
363,Rockfish River Ranch Guest House,rockfish-river-ranch-guest-house,Bed and Breakfast,stay,Shipman,"Rockfish River Ranch Guest House sits on a 100-acre ranch with private trails, creek, bunk beds, high chairs, and family-friendly amenities near breweries and Wintergreen. Families love Rockfish River Ranch Guest House for its 100-acre setting—private trails, creek access, bunk beds, high chairs, and quick hops to breweries and Wintergreen.","Welcome to the Rockfish River Ranch Guest House, nestled in the heart of Nelson County on 100 acres of beautiful landscape. This family-friendly retreat is conveniently located near numerous breweries and wineries, just 30 minutes from Wintergreen Resort, 30 minutes from Charlottesville, and 45 minutes from Lynchburg.

The guest house features an open floor plan with a fully stocked kitchen, accommodating families with amenities such as bunk beds, a pack & play, and high chairs. Enjoy private trails that meander through the woods and alongside a creek, leading to a future pond location.",,https://ik.imagekit.io/OE/nelson-county/listings/rockfish-river-ranch-guest-house-image1_ZhXm92QrC,"Tree with swing in front of modern house, sunny day.",,https://ik.imagekit.io/OE/nelson-county/listings/rockfish-river-ranch-guest-house-image2_gGy1is3pj,"Modern kitchen with island, pendant lights, and large windows. Wooden floors and ceilings.",,,,,,,"Shipman, VA 22971",josh,2026-01-05,2026-01-12,https://www.google.com/maps/dir/?api=1&destination=Shipman%2C%20VA%2022971,,,,,,,,,,,,,,Family Friendly; Beer; Breakfast; Lodging; Water Sports; Fishing,false,https://www.google.com/maps/dir/?api=1&destination=Shipman%2C%20VA%2022971,false
364,The Treetops Lodge,the-treetops-lodge,Cabins & Cottages,stay,Lovingston,"The Treetops Lodge is a secluded luxury cabin sleeping ten with three stories of living space, bunk room, and ample indoor/outdoor seating near Nelson County attractions. Lovingston is a great destination for history buffs as the Lovingston Historic District and the courthouse are both listed on the National Register of Historic Places.","The Treetops Lodge is a luxurious cabin retreat accommodating up to ten guests across three spacious levels. With a cozy bunk room and plenty of indoor and outdoor seating, it’s ideal for gatherings with family and friends. Just a short drive from Lovingston, history buffs can explore the Lovingston Historic District and its courthouse, both listed on the National Register of Historic Places.

Enjoy the perfect mix of comfort and adventure in beautiful Nelson County.",,https://ik.imagekit.io/OE/nelson-county/listings/the-treetops-lodge-image1_oFIPlvrDl,"House with large windows, surrounded by trees, with a fire pit and chairs.",,https://ik.imagekit.io/OE/nelson-county/listings/the-treetops-lodge-image2_iVMFGutl0,"Spacious living room with large windows, wooden beams, and cozy furniture.",,,,,,,"Afton, VA 22920",josh,2026-01-05,2026-01-12,https://www.google.com/maps/dir/?api=1&destination=Afton%2C%20VA%2022920,,,,,,,,,,,,,,Cabins; Beer; Wi-Fi; Outdoor Seating; Lodging,false,https://www.google.com/maps/dir/?api=1&destination=Afton%2C%20VA%2022920,false
365,Cabin on Eagles Ridge Road,cabin-on-eagles-ridge-road,Cabins & Cottages,stay,Nellysford,"Cabin on Eagles Ridge Road is a private cabin with two en-suite master bedrooms, wood-burning fireplace, bluestone fire pit, and walking distance to Devils Backbone and Bold Rock. Cabin on Eagles Ridge Road balances rustic and convenient: twin master suites, bluestone fire pit, and walkable access to Devils Backbone and Bold Rock.","Experience a serene getaway at our cabin featuring two master bedrooms with en suites. Enjoy the convenience of being within walking distance to Devils Backbone and Bold Rock, and just 15 minutes from Wintergreen Resort. This location is perfect for outdoor enthusiasts, with easy access to hiking trails, kayaking, fishing, and surrounded by a variety of breweries, wineries, distilleries, and cideries.

The cabin offers a secluded and private atmosphere, complete with a wood-burning fireplace and an outdoor space featuring a blue stone firepit. Perfect for relaxation and enjoying nature!",,https://ik.imagekit.io/OE/nelson-county/listings/cabin-on-eagles-ridge-road-image1_BtjxSGEWL,Wooden house with chimney surrounded by bare trees in forest setting.,,https://ik.imagekit.io/OE/nelson-county/listings/cabin-on-eagles-ridge-road-image2_n6wnBFOoG,Stone fireplace in cozy living room with large windows and warm lighting.,,,,,,,"Nellysford, VA 22958",josh,2026-01-05,2026-01-12,https://www.google.com/maps/dir/?api=1&destination=Nellysford%2C%20VA%2022958,,,,,,,,,,,,,,Outdoor Seating; Pet Friendly; Cabins; Lodging,false,https://www.google.com/maps/dir/?api=1&destination=Nellysford%2C%20VA%2022958,false
366,1639 Overlook,1639-overlook,Vacation Rentals,stay,Wintergreen Resort,"1639 Overlook is a recently renovated four-bedroom, four-bath Wintergreen condo with panoramic mountain views, golf course proximity, and small-dog-friendly policy. 1639 Overlook was recently renovated to showcase four bedrooms, four baths, pet-friendly policies for small dogs, and sweeping Wintergreen vistas beside the golf course.",,,https://ik.imagekit.io/OE/nelson-county/listings/1639-overlook-image1_EdGAE6RoV,"Buildings illuminated at dusk against a colorful sunset sky, mountainous backdrop.",,https://ik.imagekit.io/OE/nelson-county/listings/1639-overlook-image2_HYWjm-YwE,"Modern kitchen, dining area with mountains visible through large window.",,,,,,,"Wintergreen Resort, Roseland, VA 22967",josh,2026-01-05,2026-01-12,https://www.google.com/maps/dir/?api=1&destination=Wintergreen%20Resort%2C%20Roseland%2C%20VA%2022967,,,,,,,,,,,,,,Scenic Views; Resort; Golf; Pet Friendly; Parking,false,https://www.google.com/maps/dir/?api=1&destination=Wintergreen%20Resort%2C%20Roseland%2C%20VA%2022967,false
367,Foxfire Cottage,foxfire-cottage,Cabins & Cottages,stay,Roseland,"House has high ceilings, stone fireplace, updated kitchen.","Foxfire Cottage features high ceilings, a stone fireplace, and an updated kitchen. This charming retreat includes two bedrooms and two full baths, making it perfect for a relaxing getaway. It is conveniently located near Wintergreen for outdoor recreation and within a mile of Devils Backbone Brewing Co and other attractions along Nelson 151.

Enjoy the many outdoor living spaces, including multiple decks, a private back deck with a pergola, and wonderful mountain views. *Lodging descriptions are provided by the host and not independently verified.",,https://ik.imagekit.io/OE/nelson-county/listings/foxfire-cottage-image1_1b-v730_AV,"White house with wooden chairs on porch, surrounded by trees and grass lawn.",,https://ik.imagekit.io/OE/nelson-county/listings/foxfire-cottage-image2_PHmCD3Qp_,"Living room with stone fireplace, leather couch, colorful stairs, and modern kitchen.",,,,,,,"Roseland, VA 22967",josh,2026-01-05,2026-01-12,https://www.google.com/maps/dir/?api=1&destination=Roseland%2C%20VA%2022967,,,,,,,,,,,,,,Beer; Scenic Views; Wi-Fi; Full Kitchen; Cabins; Lodging,false,https://www.google.com/maps/dir/?api=1&destination=Roseland%2C%20VA%2022967,false
368,The Ski House,the-ski-house,Whole House Rentals,stay,Wintergreen Resort,"The Ski House is a fully renovated three-bedroom, two-bath ski-in/ski-out home perched over Eagle's Swoop at Wintergreen. The Ski House perches directly over Eagle's Swoop, delivering a fully renovated three-bedroom, two-bath ski-in/ski-out experience with unbeatable slope views.",,,https://ik.imagekit.io/OE/nelson-county/listings/the-ski-house-image1_raYunZw2V,Snow machines operating near wooden house among leafless trees.,,https://ik.imagekit.io/OE/nelson-county/listings/the-ski-house-image2_rtwU6I6qK,Two cozy twin beds with bear-themed quilts under slanted wooden ceiling.,,,,,,,"Wintergreen Resort, Roseland, VA 22967",josh,2026-01-05,2026-01-12,https://www.google.com/maps/dir/?api=1&destination=Wintergreen%20Resort%2C%20Roseland%2C%20VA%2022967,,,,,,,,,,,,,,Skiing; Snow Sports; Lodging,false,https://www.google.com/maps/dir/?api=1&destination=Wintergreen%20Resort%2C%20Roseland%2C%20VA%2022967,false
369,1566 Vistas Condo,1566-vistas-condo,Whole House Rentals,stay,Wintergreen Resort,"1566 Vistas Condo is a renovated top-floor, three-bedroom, three-bath condo with skylights, ridgeline views, and quick access to Wintergreen spa and Devil's Knob. 1566 Vistas Condo crowns its building with skylights, ridgeline panoramas, and three ensuite bedrooms, steps from the spa and Devil's Knob facilities.","Experience the comfort of this top-floor condo featuring 3 bedrooms and 3 bathrooms, complete with skylights that offer stunning views from the ridgeline. Located just 3 minutes from Wintergreen and 1 minute from the spa at Devil's Knob, this renovated space (updated in 2018) is child-friendly and boasts proximity to HOA amenities, including pools.

Please note that lodging descriptions are provided by the host and not independently verified.",,https://ik.imagekit.io/OE/nelson-county/listings/1566-vistas-condo-image1_d3ikqxeVz,"Gray townhouses with bare tree, entryway, and green numbered sign.",,https://ik.imagekit.io/OE/nelson-county/listings/1566-vistas-condo-image2_GsLDdAviC,"Cozy living room with fireplace, couch, and mountain view through large windows.",,,,,,,"Wintergreen Resort, Roseland, VA 22967",josh,2026-01-05,2026-01-12,https://www.google.com/maps/dir/?api=1&destination=Wintergreen%20Resort%2C%20Roseland%2C%20VA%2022967,,,,,,,,,,,,,,Spa; Cabins; Lodging,false,https://www.google.com/maps/dir/?api=1&destination=Wintergreen%20Resort%2C%20Roseland%2C%20VA%2022967,false
370,Afton Mountain Inn,afton-mountain-inn,Bed and Breakfast,stay,Afton,"Afton Mountain Inn is an 1848 farmhouse turned boutique hotel with six suites and a premium villa offering premium bedding, Wi-Fi, robes, snack bar, two hot tubs, pool, decks, fire pits, badminton, and private trail across ten acres. Built in 1848, more than a decade before the start of the American Civil War, our historic farmhouse features original heart pine flooring, ornate woodwork, and a stained glass entryway.","Built in 1848, more than a decade before the start of the American Civil War, our historic farmhouse features original heart pine flooring, ornate woodwork, and a stained glass entryway. Nearly two centuries later, the property has been converted into the comfortable self-check-in boutique hotel you see today. The inn offers six one-bedroom guest suites, as well as a two-bedroom Premium Villa.

All guests enjoy premium bedding and linens, free WiFi Internet, complimentary robes and pool towels, wine glasses, free coffee, a free snack bar with ice cream, high-definition flat panel TVs, blackout curtains, sound machines, and mini-fridges. The 10-acre property features a series of outdoor amenities, including a pool (open May-September), two hot tubs, a series of outdoor decks and lounge areas, three fire pits, a badminton court, and a private nature trail.",,https://ik.imagekit.io/OE/nelson-county/listings/afton-mountain-inn-image1_Vnwizc0IW,White two-story house with green roof surrounded by trees and bushes.,,https://ik.imagekit.io/OE/nelson-county/listings/afton-mountain-inn-image2_3Gy0qwzhk,"Elegant bedroom with cozy bed, rug, bathroom view, and natural light through windows.",,,,,,,"10273 Rockfish Valley Highway, Afton, VA 22920",josh,2026-01-05,2026-01-12,https://www.google.com/maps/dir/?api=1&destination=10273%20Rockfish%20Valley%20Highway%2C%20Afton%2C%20VA%2022920,,,,,,,,,,,,,,Coffee; Farm; Lodging; Pool; Retail; Tea; Wi-Fi,false,https://www.google.com/maps/dir/?api=1&destination=10273%20Rockfish%20Valley%20Highway%2C%20Afton%2C%20VA%2022920,false
371,M 260,m-260,Cabins & Cottages,stay,Nellysford,"M 260 is a Stoney Creek mountain home with views, three bedrooms, three baths, hot tub, ping pong, foosball, deck seating, and seasonal waterfall walkway. M 260 treats guests to waterfall walkways, ping pong and foosball games, a bubbling hot tub, and three bedrooms overlooking Stoney Creek's valley.","Mountain home with views in Stoney Creek. This spacious retreat features 3 bedrooms and baths, comfortably sleeping up to 10 guests. Enjoy ample outdoor deck space on both the upper and lower levels, along with a walkway and seating area next to a seasonal waterfall. For entertainment, the property includes a hot tub, ping pong table, and foosball.

The cabin is a fully stocked rental, equipped with everything you could imagine for kitchen and living areas. With consistently great reviews online and in our guest book, this property is just one year old and ready for your getaway!",,https://ik.imagekit.io/OE/nelson-county/listings/m-260-image1_dQ4d42Kku,Modern grey house with large deck surrounded by lush green trees.,,https://ik.imagekit.io/OE/nelson-county/listings/m-260-image2_okYF6M7kOE,"Modern kitchen with green island, stainless appliances, wooden cabinets, and stone flooring.",,,,,,,"Nellysford, VA 22958",josh,2026-01-05,2026-01-12,https://www.google.com/maps/dir/?api=1&destination=Nellysford%2C%20VA%2022958,,,,,,,,,,,,,,Cabins; Full Kitchen; Lodging; Outdoor Seating; Scenic Views; Water Sports; Wi-Fi,false,https://www.google.com/maps/dir/?api=1&destination=Nellysford%2C%20VA%2022958,false
372,Sanctuary Retreat Center,sanctuaryretreatcenter,Whole House Rentals,stay,Nellysford,"Sanctuary Retreat Center hosts 3–7-day holistic retreats on 120 forested acres with meditation, breathwork, lodging, and meals included—overnight stays only during scheduled programs. The peaceful, holistic atmosphere of Sanctuary.","Join us for one of our 3 to 7-day retreats and experience the peaceful, holistic atmosphere of Sanctuary. Nestled in 120 acres of serene woodland, our retreat center offers the perfect setting to slow down, listen deeply, and reconnect with your natural sense of balance and wholeness.

Breathe in the fresh country air, enjoy the healing embrace of nature, and immerse yourself in one of our meditation, breathwork, or themed retreats designed to nourish body, mind, and spirit. All retreats include lodging and meals. Please note that we do not offer overnight accommodations outside of scheduled retreat programs. With decades of experience and inspiration rooted in ancient holistic wisdom, Sanctuary retreats invite you into a nourishing space to ground, balance, and renew. Come home to your heart through a retreat experience that blends meditation, engaging sessions, and nature immersion. We look forward to welcoming you.",,https://ik.imagekit.io/OE/nelson-county/listings/sanctuary-retreat-center-image1_WJ_oqMdVRL,"Pink flowering tree beside house, surrounded by lush greenery and shrubs.",,https://ik.imagekit.io/OE/nelson-county/listings/sanctuary-retreat-center-image2_WMNFybvoy,"Wooden deck with chairs, surrounded by lush green trees and blue hydrangeas.",,https://ik.imagekit.io/OE/nelson-county/listings/sanctuary-retreat-center-image3_hgweSYfrN,"Cozy bedroom with wooden ceiling, white bedding, lamp, window, and artwork.",,,,"Nellysford, VA 22958",WG,2026-01-05,2026-01-12,https://www.google.com/maps/dir/?api=1&destination=Nellysford%2C%20VA%2022958,,,,,,,,,,,,,,Lodging; Cabins,false,https://www.google.com/maps/dir/?api=1&destination=Nellysford%2C%20VA%2022958,false
373,Trinacria Restaurant & Pizzeria,trinacria,Restaurants,taste,Nellysford,"Trinacria Restaurant & Pizzeria opens August 10, 2025, serving family-owned Italian fare on Rockfish Valley Highway. Trinacria Restaurant & Pizzeria brings family-owned Italian classics to Rockfish Valley Highway beginning August 10, 2025—think quiche, pizza, and homestyle plates in a cozy cafe.","Family-owned Italian pizzeria, Trinacria Restaurant & Pizzeria offers a warm and inviting atmosphere perfect for families and friends. Join us for a delightful dining experience featuring authentic Italian cuisine, including our signature pizzas made with fresh ingredients and traditional recipes.

We look forward to welcoming you when we open on August 10, 2025!",,https://ik.imagekit.io/OE/nelson-county/listings/trinacria-restaurant-pizzeria-image1_CmQd67ELy,"Black mug with latte foam art in progress, hands holding cup and stick.",,https://ik.imagekit.io/OE/nelson-county/listings/trinacria-restaurant-pizzeria-image2_CPRNPSN0op,"Trinacria logo with Medusa head, three legs, wheat, red-black color scheme.",,,,,,(434) 361-1100,"2842 Rockfish Valley Highway, Nellysford, VA 22958",WG,2026-01-05,2026-01-12,https://www.google.com/maps/dir/?api=1&destination=2842%20Rockfish%20Valley%20Highway%2C%20Nellysford%2C%20VA%2022958,,,,,,,,,,,,,,Family Friendly; Fishing,false,https://www.google.com/maps/dir/?api=1&destination=2842%20Rockfish%20Valley%20Highway%2C%20Nellysford%2C%20VA%2022958,false
374,Rockfish Valley Farm Guest House,rockfish-valley-farm-guest-house,Bed and Breakfast,stay,Nellysford,"Rockfish Valley Farm Guest House is a four-bedroom ranch with mountain views, rockers on the porch, and donkeys on-site between Bold Rock and Devils Backbone. Rockfish Valley Farm Guest House sits between Bold Rock and Devils Backbone, offering a four-bedroom ranch where you can sip coffee with mountain views and wave to the resident donkeys.","This one-story ranch house is located 1.5 miles south of Nellysford on RT 151 and was initially the home of the manager of Elk Hill Farm. Historically, it was the property of the Reids, Colemans, and Ewings, and has been farmed for over 250 years. The house, surrounded by pastures and fields, dates to just after WWII and was remodeled in the 1990s. It is nicely furnished and up to date.

The house contains four bedrooms, two baths, and a very usable living-dining-kitchen area. The porch features two rockers facing the Blue Ridge Mountains, providing a direct view of Wintergreen Resort on Black Rock Mountain and Devils Knob. The site is unique, surrounded by several waterways and offering almost 360 degrees of Blue Ridge Mountains. The Rockfish Trails connect to it, leading to swimming holes. Additionally, there are two friendly donkeys in residence. The property is situated between Bold Rock Cider and Devil's Backbone, with one being walkable and the other just over half a mile away.",,https://ik.imagekit.io/OE/nelson-county/listings/rockfish-valley-farm-guest-house-image1_nCX2OavrY,"House with porch, large tree, mountains in background, clear sky above.",,https://ik.imagekit.io/OE/nelson-county/listings/rockfish-valley-farm-guest-house-image2_VugIF5jJP,"Cozy living room with red patterned rug, beige sofa, and wooden furniture.",,,,,,,"Nellysford, VA 22958",josh,2026-01-05,2026-01-12,https://www.google.com/maps/dir/?api=1&destination=Nellysford%2C%20VA%2022958,,,,,,,,,,,,,,Full Kitchen; Breakfast; Outdoor Seating; Scenic Views; Lodging; Farm; Fishing,false,https://www.google.com/maps/dir/?api=1&destination=Nellysford%2C%20VA%2022958,false
375,Shenandoah Ridge 11,shenandoah-ridge-11,Whole House Rentals,stay,Wintergreen Resort,"Shenandoah Ridge 11 is a four-bedroom, 4.5-bath townhouse in Wintergreen's Shenandoah Ridge development with access to all resort amenities. Shenandoah Ridge 11 gives Wintergreen visitors four bedrooms, 4.5 baths, and townhouse privacy while keeping all resort amenities—golf, spa, tennis, shuttles—right at their fingertips.",,,https://ik.imagekit.io/OE/nelson-county/listings/shenandoah-ridge-11-image1_r7j-EXO-c,Beige house with multiple gabled roofs and white railing on wooden pathway.,,https://ik.imagekit.io/OE/nelson-county/listings/shenandoah-ridge-11-image2_Mf1_TDmYw,"Spacious kitchen with stainless steel appliances, white countertops, and wooden cabinets.",,,,,,,"Wintergreen Resort, Roseland, VA 22967",josh,2026-01-05,2026-01-12,https://www.google.com/maps/dir/?api=1&destination=Wintergreen%20Resort%2C%20Roseland%2C%20VA%2022967,,,,,,,,,,,,,,Resort; Family Friendly; Skiing; Lodging; Golf,false,https://www.google.com/maps/dir/?api=1&destination=Wintergreen%20Resort%2C%20Roseland%2C%20VA%2022967,false
376,Inn at the Woods,inn-at-the-woods,Cabins & Cottages,stay,Roseland,"Inn at the Woods is a farmhouse minutes from Devils Backbone with three queen bedrooms, pull-out sofa, screened patio, and access to nearby breweries, wineries, and Wintergreen. Inn at the Woods puts three queen suites, a sleeper sofa, and a breezy screened patio minutes from Devils Backbone, creating a farmhouse base for brewery tours and Wintergreen excursions.","Welcome to Inn at the Woods! A warm and welcoming farmhouse located within a mile of Devils Backbone and other 151 breweries and wineries. This farmhouse features 3 bedrooms with queen beds and a pull-out sofa. Enjoy your morning coffee on the screened patio while soaking in the mountain views, or wander around the property to enjoy nature, scenic views, and the flowing creek.

With nearby dining, breweries, wineries, and all that Wintergreen has to offer, this cozy farmhouse is a prime central location for your weekend getaway!",,https://ik.imagekit.io/OE/nelson-county/listings/inn-at-the-woods-image1_MQa9smdzT,"White house surrounded by autumn trees, with mountains in the background.",,https://ik.imagekit.io/OE/nelson-county/listings/inn-at-the-woods-image2_U8RNeR8IC,"White bathroom with dual sinks, round mirrors, wood accents, and glass shower.",,,,,,,"Roseland, VA 22967",josh,2026-01-05,2026-01-12,https://www.google.com/maps/dir/?api=1&destination=Roseland%2C%20VA%2022967,,,,,,,,,,,,,,Outdoor Seating; Scenic Views; Cabins; Lodging; Farm; Tastings; Beer,false,https://www.google.com/maps/dir/?api=1&destination=Roseland%2C%20VA%2022967,false
377,Country Cottage,country-cottage,Cabins & Cottages,stay,Faber,"Country Cottage is a stand-alone woodland hideout with full kitchen, laundry, and a sunny front deck, keeping you equidistant from Charlottesville and the Route 151 craft trail.","Peaceful cottage tucked in the woods but close to breweries, wineries, and Charlottesville. The cottage features a full kitchen, a full bathroom, laundry facilities, a queen-size bed, and a huge front deck that offers beautiful views. It is private and nestled in the woods, providing a tranquil escape while remaining convenient to local attractions.

*Lodging descriptions are provided by the host and not independently verified.",,https://ik.imagekit.io/OE/nelson-county/listings/country-cottage-image1_CGfeKlhal,"Small house with porch in forest setting, surrounded by trees and greenery.",,https://ik.imagekit.io/OE/nelson-county/listings/country-cottage-image2_Kj0DoaIrT,"Cozy bedroom with colorful bedspread, open shelves, and sunlight through windows.",,,,,,,"Afton, VA 22920",josh,2026-01-05,2026-01-12,https://www.google.com/maps/dir/?api=1&destination=Afton%2C%20VA%2022920,,,,,,,,,,,,,,Full Kitchen; Outdoor Seating; Beer; Wi-Fi; Cabins; Lodging,false,https://www.google.com/maps/dir/?api=1&destination=Afton%2C%20VA%2022920,false
378,The View at Crawfords Edge,view-at-crawfords-edge,Whole House Rentals,stay,Wintergreen Resort,"The View at Crawfords Edge is a four-bedroom, four-ensuite Wintergreen retreat with multi-level outdoor living, fire table, pizza oven, vaulted ceilings, and dual living rooms. The View at Crawfords Edge layers four ensuite bedrooms, vaulted living spaces, a pizza oven, and tiered outdoor lounges so your group can toast sunsets high above Wintergreen.","The View at Crawfords Edge offers a stunning retreat with four bedrooms, each equipped with its own ensuite, making it ideal for families or groups. The spacious vaulted living areas and two cozy lounges invite relaxation and connection. Outside, tiered patios provide multiple levels for outdoor enjoyment, featuring a fire table and a pizza oven perfect for evening gatherings. Enjoy breathtaking sunsets high above Wintergreen, where you can unwind and create lasting memories.",,https://ik.imagekit.io/OE/nelson-county/listings/the-view-at-crawfords-edge-image1_TGpMMFwo_,"House with lit porch, surrounded by trees, at dusk.",,https://ik.imagekit.io/OE/nelson-county/listings/the-view-at-crawfords-edge-image2_EtZamV93K,"Spacious living room with stone fireplace, wooden ceiling, large windows, and cozy seating.",,,,,,,"Wintergreen Resort, Roseland, VA 22967",josh,2026-01-05,2026-01-12,https://www.google.com/maps/dir/?api=1&destination=Wintergreen%20Resort%2C%20Roseland%2C%20VA%2022967,,,,,,,,,,,,,,Outdoor Seating; BBQ; Pizza; Pet Friendly; Lodging,false,https://www.google.com/maps/dir/?api=1&destination=Wintergreen%20Resort%2C%20Roseland%2C%20VA%2022967,false
379,Altitude Adjustment,altitude-adjustment,Whole House Rentals,stay,Nellysford,"Altitude Adjustment is a five-bedroom, four-bath mountain retreat with large windows, multiple decks, high-flame fire pit, sauna, outdoor shower, game room, and EV charger. The whole group will love this spacious and unique space.","The whole group will love this spacious and unique space. Grand views abound with this 5-bedroom, 4-bath mountain retreat. Contemporary design features large windows in every room, showcasing spectacular views of the Blue Ridge Mountains. Enjoy three separate decks and a patio, each offering stunning vistas, along with a high flame gas fire pit area.

This beautiful home also includes a six-person interior sauna and an outdoor shower. Entertain in the game room, which features a 16-foot shuffleboard table, or relax in the media room equipped with a TV and power recliners. Additional amenities include a universal EV charger. Experience the charm of this mountain retreat in the heart of Nellysford!",,https://ik.imagekit.io/OE/nelson-county/listings/altitude-adjustment-image1_8Jxku4-8O,"Modern house surrounded by trees, pickup truck parked on driveway.",,https://ik.imagekit.io/OE/nelson-county/listings/altitude-adjustment-image2_aQDSzS4Tb,"Modern living room with large window, mountain view, wooden floor, and kitchen area.",,,,,,,"Wintergreen Resort, Roseland, VA 22967",josh,2026-01-05,2026-01-12,https://www.google.com/maps/dir/?api=1&destination=Wintergreen%20Resort%2C%20Roseland%2C%20VA%2022967,,,,,,,,,,,,,,Fuel; Outdoor Seating; EV Charging; Lodging,false,https://www.google.com/maps/dir/?api=1&destination=Wintergreen%20Resort%2C%20Roseland%2C%20VA%2022967,false
380,Chateau Greenstone,chateau-greenstone,Whole House Rentals,stay,Wintergreen Resort,"Chateau Greenstone is a six-bedroom, four-bath Wintergreen retreat sleeping 18 with multiple game zones, 'zen den,' heated TV porch, hot tub, sauna, and four outdoor gathering areas. We wanted to design a getaway that truly has something for everyone and we think Chateau Greenstone gets as close to this lofty goal as any Wintergreen Property.","The Wintergreen Retreat has something for everyone. With 6 bedrooms and 4 baths, this spacious getaway features 3 game areas for kids of all ages, including shuffleboard, bumper pool, ping pong, foosball, and a pinball arcade, along with a kids' cubby. Parents can unwind in the 'zen den' mini-spa, complete with a massage chair.

Enjoy 4 distinct outdoor areas, including 2 covered spaces and the 'Vista Balcony.' The heated outdoor TV/game porch, hot tub, sauna, and fire pit provide ample opportunities for relaxation and entertainment. With 9 huge TVs and expansive views from November to April, and filtered mountain views from May to October, this retreat comfortably sleeps 18. Each guest has designated beds and bedrooms—no messy or uncomfortable sleepers in open lofts. Rarely does everyone in a large group share the same interests, but we designed Chateau Greenstone to cater to all, making it the perfect Wintergreen property for young and old, active and relaxed lifestyles, outdoor enthusiasts and indoor dwellers alike!",,https://ik.imagekit.io/OE/nelson-county/listings/chateau-greenstone-image1_4nRWeaflw,A-frame house with wooden deck surrounded by trees at dusk.,,https://ik.imagekit.io/OE/nelson-county/listings/chateau-greenstone-image2_VT5zUm2L7,Outdoor hot tub with bubbles on covered patio overlooking lush green trees.,,,,,,,"Wintergreen Resort, Roseland, VA 22967",josh,2026-01-05,2026-01-12,https://www.google.com/maps/dir/?api=1&destination=Wintergreen%20Resort%2C%20Roseland%2C%20VA%2022967,,,,,,,,,,,,,,Pool; Spa; Outdoor Seating; Lodging,false,https://www.google.com/maps/dir/?api=1&destination=Wintergreen%20Resort%2C%20Roseland%2C%20VA%2022967,false
381,Blue Sky Retreat,blue-sky-retreat,Whole House Rentals,stay,Wintergreen Resort,"Blue Sky Retreat is a luxury 4,100+ sq ft designer home with six bedrooms, media and game rooms, sauna, cold plunge, hot tub, and golf course frontage with mountain views. Blue Sky Retreat spans 4,100 designer square feet with six bedrooms, media and game rooms, sauna, cold plunge, and golf-course frontage that frames the Blue Ridge.","Luxury 4100+ sqft designer resort-style home in Wintergreen with top and unique amenities: 6 bedrooms, 4.5 baths, 12 beds—including 4 King beds. Enjoy game and media rooms featuring a pool table, shuffleboard, arcade machines, a 100-inch TV, and a home theater. Dining seating includes indoor options with a 10-seat and a 6-seat table, plus 3 bar stools. Outdoor spaces offer a 10-seat dining area, an 8-seat couch, a fire pit, a grill, and a 6-seat couch. This golf course-front property boasts stunning mountain and valley views, along with a backyard oasis complete with a hot tub, barrel sauna, and cold plunge.

Perfect for every season, whether you’re here for skiing in the winter, hiking in the summer, or simply relaxing in luxury. This home has something for everyone. From designer décor and top-notch amenities to a location offering both serenity and adventure, this is more than a home—it’s an experience.",,https://ik.imagekit.io/OE/nelson-county/listings/blue-sky-retreat-image1_9b5vAS6Ui,"Cozy outdoor deck with fire pit, sofas, and scenic sunset view.",,https://ik.imagekit.io/OE/nelson-county/listings/blue-sky-retreat-image2_pHAwV0gTc,"Modern kitchen with wooden island, black granite countertop, hanging lights, and staircase.",,,,,,,"Wintergreen Resort, Roseland, VA 22967",josh,2026-01-05,2026-01-12,https://www.google.com/maps/dir/?api=1&destination=Wintergreen%20Resort%2C%20Roseland%2C%20VA%2022967,,,,,,,,,,,,,,Scenic Views; Golf; Pet Friendly,false,https://www.google.com/maps/dir/?api=1&destination=Wintergreen%20Resort%2C%20Roseland%2C%20VA%2022967,false
382,The Treehouse,thetreehouse,Whole House Rentals,stay,Afton,"The Treehouse is a 3,200 sq ft modern home on ten acres with hot tub, outdoor shower, 10-person dining, fire pit, heated floors, and award-winning design minutes from breweries and Charlottesville. The Treehouse spreads across ten wooded acres, pairing award-winning architecture with heated floors, expansive dining space, hot tub, outdoor shower, and easy drives to Charlottesville breweries.","Welcome to The Treehouse at Williams Creek! This newly-built, 3200 sq. foot modern home is secluded on 10 acres yet just minutes away from wineries, breweries, and other attractions. Highlights include a hot tub, outdoor shower, 12-person indoor dining table, outdoor dining and living space, fire pit, heated floors, and a well-stocked chef's kitchen with two ovens.

The Treehouse is the perfect location for large groups (up to 11 people) wishing to explore the area or simply relax in this beautiful home. It is conveniently located near popular wineries, breweries, distilleries, farms, and hiking trails, with Charlottesville just 30 minutes away and Crozet only 15 minutes away. Guests have access to the entire home and the expansive 10-acre property. The Treehouse was designed by the owners as a relaxing retreat where guests can escape from everything while enjoying easy access to the area's best attractions. It was featured in the Fall 2023 C-Ville Abode Magazine (article titled 'Hillside Haven') and is a 2025 Best of C-Ville Finalist.",,https://ik.imagekit.io/OE/nelson-county/listings/the-treehouse-image1_XvJDexZqi,"Modern house with large windows, patio furniture, and fire pit in the backyard.",,https://ik.imagekit.io/OE/nelson-county/listings/the-treehouse-image2_3vr40-VSg,"Spacious modern living room with high ceiling, large windows, and wooden staircase.",,,,,,,"Afton, VA 22920",WG,2026-01-05,2026-01-12,https://www.google.com/maps/dir/?api=1&destination=Afton%2C%20VA%2022920,,,,,,,,,,,,,,Outdoor Seating; Full Kitchen; Lodging; Beer,false,https://www.google.com/maps/dir/?api=1&destination=Afton%2C%20VA%2022920,false
162,Woodson's Mill,woodsons-mill,Museums & Heritage,culture,Roseland,"1794 Woodson's Mill still grinds Virginia-grown grains with original water-powered stones, offering stone-milled flour and heritage tours. 1794 Woodson's Mill still grinds Virginia-grown grains with original water-powered stones, offering stone-milled flour and heritage tours.","Woodson’s Mill has been owned and cherished by a small handful of families since its construction in 1794, when Guiliford Campbell built the original four-story, 32-foot square building. The Fulchers improved it in the 1840s, adding the two runs (mill stones), which are still in use today. Sixty years later, Dr. Julian B. Woodson expanded the mill into a thriving enterprise that included an icehouse, sawmill, and foundry, all while maintaining his duties as a medical doctor and State Senator.

The rise of large industrial mills in post-war America, along with Dr. Woodson’s death in 1963, brought a temporary end to the mill business. However, Huron T. Campbell, who owned the mill during its inactivity, refused to sell any of the equipment or machinery in hopes that someone would eventually restore it. J. Gill Brockenbrough, Jr., who purchased Woodson’s Mill in the early 1980s, did restore it and lived there until his death in 2001. All these individuals were passionate about Woodson’s Mill, and so are we.",,https://ik.imagekit.io/OE/nelson-county/listings/woodson-s-mill-image1_ZE7ZqH35G,Wooden water mill with red wheel and surrounding greenery in sunlight.,,,,,,,,,(540) 430-0532,"3211 Lowesville Road, Roseland, VA 22967",josh,2026-01-05,2026-01-12,https://www.google.com/maps/dir/?api=1&destination=3211%20Lowesville%20Road%2C%20Roseland%2C%20VA%2022967,,,,,,,,,,,,,,Museum; Retail; Seasonal Menu; Water Sports,false,https://www.google.com/maps/dir/?api=1&destination=3211%20Lowesville%20Road%2C%20Roseland%2C%20VA%2022967,false
168,Rockfish Valley Natural History Center,rockfish-valley-natural-history-center,Museums & Heritage,culture,Nellysford,Rockfish Valley Natural History Center showcases wildlife exhibits from the Virginia Museum of Natural History inside the old Wintergreen schoolhouse. The Rockfish Valley Foundation's Natural History Center features exhibits from the Virginia Museum of Natural History.,"The Rockfish Valley Foundation’s Natural History Center features exhibits from the Virginia Museum of Natural History, including an array of taxidermied native wildlife. Young visitors will have the chance to experience animal pelts, insects, rocks, and other artifacts. While always a place of community gathering, the NHC has had many diverse uses throughout its long history.

This historic place still serves the community with programs and events every year.",,https://ik.imagekit.io/OE/nelson-county/listings/rockfish-valley-natural-history-center-image1_aIErl8JZ0,"White building with a porch and sign, surrounded by leafless trees and grass.",,,,,,,,,(434) 361-0271,"1368 Rockfish Valley Highway, Nellysford, VA 22958",josh,2026-01-05,2026-01-12,https://www.google.com/maps/dir/?api=1&destination=1368%20Rockfish%20Valley%20Highway%2C%20Nellysford%2C%20VA%2022958,,,,,,,,,,,,,,Museum; Fishing,false,https://www.google.com/maps/dir/?api=1&destination=1368%20Rockfish%20Valley%20Highway%2C%20Nellysford%2C%20VA%2022958,false
385,The Goldfinch,the-goldfinch,Cabins & Cottages,stay,Afton,"The Goldfinch is a two-bedroom, two-bath home with screened porch, garage, and central HVAC near Veritas Vineyards, Route 151, Blue Ridge Parkway, and Charlottesville. The Goldfinch gives two-bedroom convenience near Veritas with perks like a screened porch, garage parking, central HVAC, and quick access to Route 151 and the Parkway.",,,https://ik.imagekit.io/OE/nelson-county/listings/the-goldfinch-image1_w_8X4s7VT,"Small house, autumn trees, driveway with red truck, evening light.",,https://ik.imagekit.io/OE/nelson-county/listings/the-goldfinch-image2__phpH4Uv-,"Gray sofa with floral pillows, candles, and vase on wooden table.",,,,,,(757) 778-1160,"Afton, VA 22920",josh,2026-01-05,2026-01-12,https://www.google.com/maps/dir/?api=1&destination=Afton%2C%20VA%2022920,,,,,,,,,,,,,,Outdoor Seating; Full Kitchen; Pet Friendly; Scenic Views; Cabins; Farm; Tastings,false,https://www.google.com/maps/dir/?api=1&destination=Afton%2C%20VA%2022920,false
118,Swimming,swimming,Swimming,experience,Montebello,"Indoor and outdoor swimming across Wintergreen Resort, including year-round Aquatics Center pools and Lake Monocan's summer beach.","Wintergreen Resort offers facilities for both indoor and outdoor swimming, with indoor options available year-round. Lake Monocan Park at Stoney Creek provides swimming opportunities from Memorial Day Weekend through Labor Day. Members and all registered resort guests enjoy complimentary access to Lake Monocan Park.

Swimming at Lake Monocan is open to the public every day except Saturday, when only Wintergreen Resort members and guests are permitted. A fee is charged for non-guests using the Monocan Park facilities. Additionally, the Wintergarden Spa and Fitness Center indoor pool is open year-round, while all Wintergreen outdoor pools operate daily from Memorial Day weekend to Labor Day. Outdoor pools are located at the Aquatics & Fitness Center and Stoney Creek Golf Course.",,https://ik.imagekit.io/OE/nelson-county/listings/swimming-image1_K6MZpkrv3,"Indoor pool, surrounded by potted plants and lounge seating inside a spacious room.",,,,,,,,,(434) 325-8280,"Wintergreen Aquatics & Fitness Center, 39 Mountain Inn Loop, Wintergreen, VA 22967",josh,2026-01-05,2026-01-12,https://www.google.com/maps/dir/?api=1&destination=Wintergreen%20Aquatics%20%26%20Fitness%20Center%2C%2039%20Mountain%20Inn%20Loop%2C%20Wintergreen%2C%20VA%2022967,,,,,,,,,,,,,,Pool; Outdoor Seating; Seasonal Menu; Resort; Water Sports; Fishing,false,https://www.google.com/maps/dir/?api=1&destination=Wintergreen%20Aquatics%20%26%20Fitness%20Center%2C%2039%20Mountain%20Inn%20Loop%2C%20Wintergreen%2C%20VA%2022967,false
387,Rockwell Ridge Inn,rockwellridgeinn,Cabins & Cottages,stay,Afton,"Rockwell Ridge Inn is a pet-friendly retreat on 20 acres in Afton with private trails, seasonal gardens, creeks, and accommodations including a 3-bedroom inn, pet-friendly cottages, and nature immersion spaces. Rockwell Ridge Inn invites guests to roam 20 acres of Afton trails, gardens, and creeks while choosing between a three-bedroom inn or pet-friendly cottages for a true nature immersion.","Welcome to Rockwell Ridge Inn, a pet-friendly mountain retreat in Afton, Virginia, set on 20 peaceful acres of meadows, creeks, woods, and trails. Located just minutes from the Blue Ridge Parkway, Shenandoah National Park, and the Nelson 151 wine and brewery trail, our private getaway offers the perfect blend of nature, comfort, and convenience.

Whether you're here to hike Humpback Rocks, sip at Veritas Vineyard, or unwind by the fire under a canopy of stars, Rockwell Ridge offers a laid-back yet refined base for your adventures. On-site, enjoy private trails, a rustic meadow, seasonal gardens, and flowing creeks ideal for morning walks or afternoon lounging. Our three pet-welcoming accommodations include: The Inn, a spacious 3-bedroom, 3-bath home with a fully equipped kitchen, large great room, and generous gathering space—perfect for families or friend groups; The Dogwood Suite, a 1-bedroom, 1-bath suite with modern touches and direct access to the deck and outdoors; and The Chestnut Suite, a charming 1-bedroom, 1-bath suite offering peaceful views and cozy privacy. Each space opens onto a shared deck overlooking the ridge and meadow, making it an ideal choice for solo travelers, couples, families, and larger group stays.",,https://ik.imagekit.io/OE/nelson-county/listings/rockwell-ridge-inn-image1_7TKqEFWib,"Blue cabin with wooden doors, decorated wreaths, surrounded by trees.",,https://ik.imagekit.io/OE/nelson-county/listings/rockwell-ridge-inn-image2_XBpXGhjEG,"Blue wooden cabin with porch, surrounded by trees and shrubs.",,https://ik.imagekit.io/OE/nelson-county/listings/rockwell-ridge-inn-image3_AOrMTU8L0,"Wooden kitchen with vaulted ceiling, island, and dining table under pendant lights.",,,,"Afton, VA 22920",WG,2026-01-05,2026-01-12,https://www.google.com/maps/dir/?api=1&destination=Afton%2C%20VA%2022920,,,,,,,,,,,,,,Pet Friendly; Seasonal Menu; Lodging; Cabins,false,https://www.google.com/maps/dir/?api=1&destination=Afton%2C%20VA%2022920,false
388,Everett Estate,everettestate,Whole House Rentals,stay,Wintergreen Resort,"Step into a beautifully crafted retreat where a stunning live-edge oak breakfast bar with leather stools awaits. This inviting space is perfect for enjoying your morning coffee or gathering with friends and family.

Experience the charm and comfort of this exceptional home, designed to provide a memorable stay.",,,https://ik.imagekit.io/OE/nelson-county/listings/everett-estate-image1_hDitKstLu,"House with trees, stairs leading up, and stone wall in foreground.",,https://ik.imagekit.io/OE/nelson-county/listings/everett-estate-image2_y5dCp-_c7,"White house with large tree, fountain, and green lawn under clear blue sky.",,https://ik.imagekit.io/OE/nelson-county/listings/everett-estate-image3_pntIHpCJ6,"Floral wallpapered kitchen, stained glass window, wooden table with floral centerpiece.",,,,"56 Rodes Farm Drive, Nellysford, VA 22958",WG,2026-01-05,2026-01-12,https://www.google.com/maps/dir/?api=1&destination=56%20Rodes%20Farm%20Drive%2C%20Nellysford%2C%20VA%2022958,,,,,,,,,,,,,,Coffee; Events; Scenic Views; Tea; Pet Friendly; Lodging,false,https://www.google.com/maps/dir/?api=1&destination=56%20Rodes%20Farm%20Drive%2C%20Nellysford%2C%20VA%2022958,false
389,Don Lupe Mexican Restaurant,donlupe,Restaurants,taste,Roseland,"Don Lupe Mexican Restaurant serves authentic Mexican cuisine with high-quality ingredients and attentive service on Rockfish Valley Highway. At Don Lupe Restaurant, we take pride in offering the authentic taste of Mexican cuisine in each of our dishes.",,,https://ik.imagekit.io/OE/nelson-county/listings/don-lupe-mexican-restaurant-image1_CFnON7sma,Child playing guitar in sombrero and poncho near cactus.,,,,,,,,,(434) 218-1789,"2815 Rockfish Valley Highway, Nellysford, VA 22958",WG,2026-01-05,2026-01-12,https://www.google.com/maps/dir/?api=1&destination=2815%20Rockfish%20Valley%20Highway%2C%20Nellysford%2C%20VA%2022958,,,,,,,,,,,,,,Local Ingredients; Fishing,false,https://www.google.com/maps/dir/?api=1&destination=2815%20Rockfish%20Valley%20Highway%2C%20Nellysford%2C%20VA%2022958,false
12-ridges-vineyard,12 Ridges Vineyard,12-ridges-vineyard,Vineyards & Wineries,taste,Vesuvius,"A new vision has come to life at one of the most beautiful locations in all of Virginia. ​ 12 Ridges, a family-owned vineyard formerly known as Skylark Farm, now offers an intimate Tasting Room, over seven thousand five hundred square feet of outdoor patio space, and glorious 360 degree hilltop views.",,,https://ik.imagekit.io/OE/nelson-county/listings/12-ridges-vineyard-image1_2M-P87f-B,,,,,,,,,https://12ridges.com/,(434) 996-4252,"24981 Blue Ridge Pkwy, Vesuvius, VA 24483",josh,2026-01-05,2026-01-12,https://www.google.com/maps/dir/?api=1&destination=24981%20Blue%20Ridge%20Pkwy%2C%20Vesuvius%2C%20VA%2024483,,,,,,,,,,,,,,Events; Farm; Outdoor Seating; Scenic Views; Tastings; Wine,false,https://www.google.com/maps/dir/?api=1&destination=24981%20Blue%20Ridge%20Pkwy%2C%20Vesuvius%2C%20VA%2024483,false
389,Rapunzel’s Coffee & Books,rapunzels-coffee-books,Attraction,,Coffee Shops,"Rapunzel’s Further Ado Foundation hosts live music every Wednesday, Friday, and Saturday evenings starting at 8pm.","Rapunzel’s Coffee and Books is an eclectic arts venue, community.",,https://nelsoncounty.com/wp-content/uploads/2021/11/Rapunzels-Coffee-Books-S.jpg,,,,,,,,,https://www.rapunzelscoffeeandbooks.org/,(434) 263-6660,,josh,2021-11-14,2026-01-12,,,,,,,,,,,,,,,,false,,false
390,Sweet Bliss Bakery,sweet-bliss-bakery,Attraction,,Coffee Shops,"We love supporting our local farmers, and offer seasonal desserts so they are at their peak of freshness..",Our desserts are lovingly handcrafted from the finest ingredients.,,https://nelsoncounty.com/wp-content/uploads/2024/05/Sweet-Bliss-Bakery.jpg,,,,,,,,,,(434) 465-6776,"2789 Rockfish Valley Highway Nellysford, VA 22958",josh,2024-05-16,2026-01-12,,,,,,,,,,,,,,,,false,,false
391,Terrace Café,terrace-cafe-at-wintergreen-resort,Attraction,,Coffee Shops,"The Terrace Café proudly serves a variety of Starbucks beverages, perfect for a quick pick-me-up. Stop in to enjoy delicious breakfast sandwiches, sweet treats, and warm specialty drinks that will brighten your day. Located at 39 Mountain Inn Loop in Wintergreen, VA, the café's hours vary by season, so be sure to check in for the latest updates.",,,https://nelsoncounty.com/wp-content/uploads/2024/05/terrace-cafe.jpg,,,,,,,,,https://www.wintergreenresort.com/terrace-cafe/,(434) 325-8080,,josh,2024-05-16,2026-01-12,,,,,,,,,,,,,,,,false,,false
393,Big Tiny House,big-tiny-house,Lodging,stay,Afton,"FORBES magazine named this model as the most beautiful tiny house in the world. A six-figure tiny home in the epicenter of VA’s Brew Ridge Trail. “Big Tiny” is a luxurious retreat that is huge on both character and amenities. This handcrafted home boasts a full-sized kitchen private bedroom, cozy sleeping loft, 2 large screen TVs, and full bath with tub. With a cathedral ceiling and walls of windows, this Escape Traveler XL is the flagship offering of the premiere tiny home builder..","Contact
Jeremy DiMaio, jddimaio@yahoo.com

Staff on Site?
No",,https://ik.imagekit.io/OE/nelson-county/listings/The-Big-Tiny-House-Exterior_xjEol51YQ.jpg,"Tiny house with string lights, surrounded by chairs and trees at night.",6964e1395c7cd75eb847810f,https://ik.imagekit.io/OE/nelson-county/listings/BeHG5hTgFu4BOR0MfWOzimuLmaW2P9WALHu9Vht7_LOC0b1I0N.jpg,"Cozy wooden tiny house interior with sofa, table, large windows, and ceiling fan.",6964e1705c7cd75eb848dbb1,,,,http://aftonstaysva.com/,,"Afton, Virginia, 22920",,,,,,,,,,,,,,,,,,Pet Friendly,false,,false
398,Wine Cottage,wine-cottage,Lodging,,Afton,"Experience the charm of The Wine Cottage, a beautifully updated lodging option nestled in Afton, Virginia. With stunning mountain views and a private backyard fire pit, this cozy retreat is just a short drive from northern Nelson County's renowned wineries and breweries, making it the perfect getaway for wine enthusiasts and nature lovers alike.","Clean and full of mid-century charm, The Wine Cottage features a blend of modern updates while retaining the character of its 1950s origins. Enjoy easy access to local attractions, including the Afton Mountain Tunnel, ensuring a memorable stay in this picturesque area.",,https://nelsoncounty.com/wp-content/uploads/2025/01/The-Wine-Cottage.jpg,,,https://nelsoncounty.com/wp-content/uploads/2025/01/The-Wine-Cottage-Interior.jpg,,,,,,https://koehlervacationrentals.com/listing/fully-equipped-near-veritas-afton-mtn-hazy-mtn/,,,josh,2025-02-08,2026-01-12,,,,,,,,,,,,,,,,false,,false
400,Castor Cabin,castor-cabin,Lodging,,Cabins,"Perfectly blending rustic charm with modern amenities, this thoughtfully designed cabin invites you to unwind, explore, and make unforgettable memories..",,,https://nelsoncounty.com/wp-content/uploads/2025/01/The-Castor-Cabin.jpg,,,https://nelsoncounty.com/wp-content/uploads/2025/01/The-Castor-Cabin-Interior.jpg,,,,,,https://www.thecastorcabin.com/,,,josh,2025-02-10,2026-01-12,,,,,,,,,,,,,,,,false,,false
402,Mountain House INN,mountain-house-inn,Lodging,,Montebello,"Escape to the Mountain House INN, a beautifully remodeled two-story home nestled on the sunny side of the mountain in Montebello. With 18 acres of serene landscapes, enjoy breathtaking views from the front porch, gather around the cozy fire pit, and immerse yourself in nature's tranquility. This is the perfect getaway for those looking to relax and recharge.",,,https://nelsoncounty.com/wp-content/uploads/2025/01/Mountain-House-Inn.jpg,,,https://nelsoncounty.com/wp-content/uploads/2025/01/Mountain-House-Inn-Interior.jpg,,,,,,http://airbnb.com/h/themountainhouseinn,,,josh,2025-02-11,2026-01-12,,,,,,,,,,,,,,,,false,,false
407,Wooder House,wooder-house,Lodging,,Cabins,"Our home is perfect for families, friends, and couples looking for a cozy space to chill together in the woods..",,,https://nelsoncounty.com/wp-content/uploads/2025/05/The-Wooder-House.jpg,,,https://nelsoncounty.com/wp-content/uploads/2025/05/The-Wooder-House-Int.jpg,,,,,,https://www.airbnb.com/h/thewooderhouse,,,josh,2025-05-14,2026-01-12,,,,,,,,,,,,,,,,false,,false
409,Afton House,afton-house,Lodging,,Afton,"The Afton House is a luxurious retreat designed for gatherings, offering breathtaking views and accommodations for up to 16 guests. Enjoy a unique blend of comfort and elegance in this one-of-a-kind home, perfect for family reunions or special celebrations in Afton.",,,https://nelsoncounty.com/wp-content/uploads/2025/05/The-Afton-House.jpg,,,https://nelsoncounty.com/wp-content/uploads/2025/05/The-Afton-House-Int.jpg,,,,,,http://www.theaftonhouse.com,,,josh,2025-05-30,2026-01-12,,,,,,,,,,,,,,,,false,,false
410,Little Farmhouse,little-farmhouse,Lodging,stay,Afton,"Clean, charmingly rustic, well-appointed and in the heart of Virginia Wine Country, “Cheval Circle” is just a short drive from many of Nelson County’s most popular destinations, including dozens of wineries and breweries and the Afton Mountain Tunnel. Enjoy the beautiful mountain views and the quiet horse farm just across the meadow!","Contact
Heather Koehler, homebuyerrichmond@gmail.com

Staff on Site?
No

Pet-Friendly?
No",,https://ik.imagekit.io/OE/nelson-county/listings/Cheval-Circle-Int_JrN9sYhxs.jpg,"Spacious living room with large windows, spiral staircase, and modern furniture.",6964e3285c7cd75eb8553e88,https://ik.imagekit.io/OE/nelson-county/listings/Cheval-Circle_5j01tny9n.jpg,"White house with a porch, surrounded by trees and greenery.",6964e3325c7cd75eb8559a05,,,,http://koehlervacationrentals.com/,,"Afton, Virginia, 22920",,,,,,,,,,What Makes This Space Unique,"We named the property “Cheval Circle” after the French word for horse “cheval” and the house Scott’s family grew up in. We love Mimi’s horses nearby and the incredible mountain views from the front porch. Check out a way to ride those horses in our complimentary online guidebook we provide with your stay. Just a few details you will want to know. We have carefully outfitted this house to accommodate a large group, with several separate seating areas. There is also a dining room that can comfortable accommodate 10 people. The laundry room contains a high capacity washer and dryer that is removed from all the activity of the household. Also included are three smart TV’s, board games, ceiling fans, Keurig and regular coffee makers, stainless steel appliances, cooking basics, and modern farmhouse decor. Complimentary wifi, toiletries, hairdryer, ironing board and central heating and air conditioning.

*Lodging descriptions are provided by the host and not independently verified.",,,,,,,,false,,false
411,Fairway Chalet,fairway-chalet,Lodging,stay,Whole House Rentals,"Family friendly retreat. Welcome to the Fairway Chalet, your perfect mountain retreat nestled in the heart of Wintergreen Resort. This thoughtfully appointed Chalet offers the ideal blend of comfort, convenience and natural beauty..",,,https://ik.imagekit.io/OE/nelson-county/listings/The-Fairway-Chalet-Int_IutIge62u.jpg,"Cozy living room with stone fireplace, brown sofa, and plaid rug.",6964e5e75c7cd75eb86fd32f,https://ik.imagekit.io/OE/nelson-county/listings/The-Fairway-Chalet_hC-gkgDfm.jpg,"Wooden patio set with mugs and blanket, surrounded by autumn trees.",6964e5f25c7cd75eb870151d,,,,https://fairwaychalet.com,,"Wintergreen, Virginia, 22958",,,,https://www.google.com/maps/search/?api=1&query=Wintergreen%2C%20Virginia%2C%2022958,,,,,,What Makes This Space Unique,"Prime location: Close to the skiing in the winter, pool & hiking in spring and summer.
Spacious: Over 3000 sq ft, the open floor plan is perfect for gathering with family and friends. Activities galore! arcade game, ping pong, board games and firepit offer lots to enjoy.

*Lodging descriptions are provided by the host and not independently verified.",,,,,,,,false,https://www.google.com/maps/search/?api=1&query=Wintergreen%2C%20Virginia%2C%2022958,false
414,Brown Bear Lodge,brown-bear-lodge,Lodging,stay,Wintergreen Resort,"Nestled in the Blue Ridge Mountains, enjoy this completely renovated 3 bed, 2.5 bath house within walking distance to the main Wintergreen Resort areas. Bunk bed room, original stone fireplace, stand alone house, gas fireplace, grill and firepit..",,,https://ik.imagekit.io/OE/nelson-county/listings/The-Brown-Bear-Lodge-Int_gumB1iLTr.jpg,"Modern kitchen with white cabinets, wooden island, stainless appliances, and greenery centerpiece.",6964e50c5c7cd75eb8652da2,https://ik.imagekit.io/OE/nelson-county/listings/The-Brown-Bear-Lodge_G8NTp322oT.jpg,Green cabin with wooden deck surrounded by bare trees under blue sky.,6964e5125c7cd75eb865755a,,,,,,"Wintergreen Resort, VA",,,,https://www.google.com/maps/search/?api=1&query=Wintergreen%20Resort%2C%20VA,,,,,,,,,,,,,,,false,https://www.google.com/maps/search/?api=1&query=Wintergreen%20Resort%2C%20VA,false
415,Treetops Lodge,treetops-lodge,Lodging,stay,Lovingston,"Luxury “Cabin in the Woods”, perfectly secluded yet convenient to everything Nelson County has to offer. Sleeps 10 with 3 bedrooms ( 1king, 2 queen ) and bunk room (2 sets). Three living areas on three stories makes plenty of room for multiple families or large groups. Mountain views, peaceful setting, plenty of indoor and outdoor living space. The prefect place to escape from it all while still being conveniently located near breweries, wineries, hiking and more..",,,https://ik.imagekit.io/OE/nelson-county/listings/The-Treetops-Lodge-Int_JxGvcrck3.jpg,"Spacious living room with large windows, wooden beams, and cozy furniture.",6964e6ba5c7cd75eb874b03c,https://ik.imagekit.io/OE/nelson-county/listings/The-Treetops-Lodge_NihMYPSJg.jpg,House with large windows surrounded by dense green trees.,6964e6bf5c7cd75eb874d6ab,,,,https://www.airbnb.ca/rooms/950575973276142565?source_impression_id=p3_1768220282_P3KWL_186NkdWND8,,"Lovingston, Virginia, 22949",,,,https://www.google.com/maps/search/?api=1&query=Lovingston%2C%20Virginia%2C%2022949,,,,,,,,,,,,,,,false,https://www.google.com/maps/search/?api=1&query=Lovingston%2C%20Virginia%2C%2022949,false
416,Ski House,ski-house,Lodging,,Whole House Rentals,"Experience the ultimate mountain getaway at the Ski House, a beautifully renovated 3-bedroom, 2-bathroom retreat located on Eagles Swoop at Wintergreen Resort. Enjoy the convenience of ski-in and ski-out access while taking in breathtaking views of the slopes from your cozy home away from home.",,,https://nelsoncounty.com/wp-content/uploads/2025/07/The-Ski-House.jpg,,,https://nelsoncounty.com/wp-content/uploads/2025/07/The-Ski-House-Int.jpg,,,,,,https://www.airbnb.com,,,josh,2025-07-03,2026-01-12,,,,,,,,,,,,,,,,false,,false
418,Goldfinch,goldfinch,Lodging,,Afton,"Experience a comfortable stay at Goldfinch, a charming lodging located in Afton. This fully equipped home features two bedrooms and two bathrooms, including a walk-in shower and a shower/tub combination. Enjoy amenities such as a new queen pullout sofa, an inflatable mattress, central HVAC, a washer and dryer, and a screened porch, all while being conveniently situated near Veritas Vineyards and the Route 151 Craft Beverage Trail.","Goldfinch offers ample parking and a detached, covered garage, making it an ideal choice for travelers. Located just 6 miles from the scenic Blue Ridge Parkway and Skyline Drive, and 20 miles from Charlottesville, this property is perfect for those looking to explore the natural beauty of the area. The lodging is pet-friendly, ensuring that your furry friends can join in on the adventure.",,https://nelsoncounty.com/wp-content/uploads/2025/09/The-Goldfinch.jpg,,,https://nelsoncounty.com/wp-content/uploads/2025/09/The-Goldfinch-Int.jpg,,,,,,,(757) 778-1160,,josh,2025-09-03,2026-01-12,,,,,,,,,,,,,,,,false,,false
419,Celadon Acres Farm,celadonacresfarm,Hikes & Trails,,Lovingston,We strive to work in harmony with our surroundings by growing and producing spray free crops..,Montebello Fish Hatchery Veritas Vineyards & Winery Mountain and Vine Winery Blue Mountain Brewery Basic Necessities,,https://nelsoncounty.com/wp-content/uploads/2025/11/IMG_5038-1.jpeg,,,https://nelsoncounty.com/wp-content/uploads/2025/11/IMG_5038.jpeg,,,,,,https://celadonacres.com/,(434) 465-0965,,josh,2025-11-26,2026-01-12,,,,,,,,,,,,,,,,false,,false
420,A. Bryant Family Farm,abryantfamilyfarm,Farms & Orchards,experience,Commonwealth of Virginia,"Bryant Family Farm is a fourth generation, Century Farm, located in the Piedmont region in the Blue Ridge Mountains of Nelson County, VA. In addition to tending a herd of Black Angus cattle, we raise farm chickens and supply eggs to fellow small businesses in the area. Our farm and local orchards are full of berries and other gifts from Mother Nature. We use these ultra fresh flavors to make a number of small-batch jams and jellies..",,,https://ik.imagekit.io/OE/nelson-county/listings/IMG_5042_Et0nhu8x6.jpeg,"White house on lush green field, misty mountains in the background.",6964e9795c7cd75eb88834cd,,,6964e6bf5c7cd75eb874d6ab,,,,https://www.abryantfamilyfarm.org,,Virginia,,,,https://www.google.com/maps/search/?api=1&query=Virginia,,,,,,,,,,,,,,Farm,false,https://www.google.com/maps/search/?api=1&query=Virginia,false
421,Heart of Nelson,heartofnelson,Attraction,,Art,"We have handmade crafts from local Artisans including culinary, pottery, clothing and so much more..",Blue Mountain Brewery Basic Necessities,,https://nelsoncounty.com/wp-content/uploads/2025/12/IMG_5080.jpeg,,,,,,,,,https://www.heartofnelson.com/,(434) 818-1287,,josh,2025-12-08,2026-01-12,,,,,,,,,,,,,,,,false,,false
422,Afton Peak,aftonpeak,Lodging,stay,Afton,"Nestled among pines and dogwoods in Nelson County, this modern A-frame was created to balance luxury and warmth, where every detail invites you to slow down, reconnect, and stay a little longer..",,,https://ik.imagekit.io/OE/nelson-county/listings/IMG_5097-e1765552077734_ihMCrhI_M.jpeg,"Cozy cabin illuminated at dusk, surrounded by dense forest and distant mountain.",6964e9795c7cd75eb88834cd,https://ik.imagekit.io/OE/nelson-county/listings/IMG_5098_KqJikHnf0.jpeg,"Spacious room with triangular windows, cozy furniture, and wooden flooring.",6964e6bf5c7cd75eb874d6ab,,,,https://www.airbnb.com/rooms/1527744687524354747?viralityEntryPoint=1&amp;unique_share_id=2659D045-56CF-4610-9B5D-82A595ACDAE7&amp;slcid=6b8e3aece9f54797a59f0318d83d1a1b&amp;s=76&amp;feature=share&amp;adults=1&amp;channel=native&amp;slug=CeYRfe88&amp;source_impression_id=p3_1765551730_P3CEDaK8LUqT7Tgu,(152) 774-4687,"Afton, Virginia, 22920",josh,2025-12-12,2026-01-12,https://www.google.com/maps/search/?api=1&query=Afton%2C%20Virginia%2C%2022920,,,,,,,,,,,,,,,false,https://www.google.com/maps/search/?api=1&query=Afton%2C%20Virginia%2C%2022920,false
