id,name,slug,type,category,area,description,detailedDescription,customHtml,image1,image1Desc,image2,image2Desc,image3,image3Desc,website,phone,address,authorName,publishedDate,modifiedDate,directionsLink,videoLink,document1,document1Name,document2,document2Name,accordionPanel1Title,accordionPanel1Content,accordionPanel2Title,accordionPanel2Content,accordionPanel3Title,accordionPanel3Content,accordionPanel4Title,accordionPanel4Content,amenities,featured,googleMapsUrl
3,Trager Brothers Coffee 1.0,trager-brothers-coffee-1-0,Coffee Shops,taste,Lovingston,"TBC is family-owned and operated, small-batch, and completely “a mano.” We sight roast to order and do not warehouse roasted coffee of any kind. Our roasters and baristas meticulously cup each coffee we source, collectively creating roast profiles that coax out and enhance the inherent flavor characteristics that are special to each particular origin.

We are proud to serve only Organic coffee and are an OCIA certified Organic coffee roastery. We are committed to bringing you the highest quality, freshest, environmentally sound coffee on the market. We believe in sourcing coffee from farms that are committed to environmental sustainability and fair wages for farmers and their families. This has led us to a lifelong pursuit of building relationships with like-minded people in the Specialty Coffee Industry and with farms and collectives throughout the world.",,,https://ik.imagekit.io/OE/nelson-county/listings/trager-brothers-coffee-1-0-image1_CD5zSPxJ7,"Two people smiling, one holding coffee logo sticker towards camera.",,,,,https://www.tbcroasters.com/,(434) 263-8916,"486 Front Street, Lovingston, VA 22949",josh,,,https://www.google.com/maps/dir/?api=1&destination=486%20Front%20Street%2C%20Lovingston%2C%20VA%2022949,,,,,,,,,,,,,,Cafe; Coffee; Order Pickup; Organic; Tea,FALSE,https://www.google.com/maps/dir/?api=1&destination=486%20Front%20Street%2C%20Lovingston%2C%20VA%2022949
4,Trager Brothers Coffee 2.0,trager-brothers-coffee-2-0,Coffee Shops,taste,Afton,"TBC is family-owned and operated, small-batch, and completely “a mano.” We sight roast to order and do not warehouse roasted coffee of any kind. Our roasters and baristas meticulously cup each coffee we source, collectively creating roast profiles that coax out and enhance the inherent flavor characteristics that are special to each particular origin.

We are proud to serve only Organic coffee and are an OCIA certified Organic coffee roastery. We are committed to bringing you the highest quality, freshest, environmentally sound coffee on the market. We believe in sourcing coffee from farms that are committed to environmental sustainability and fair wages for farmers and their families. This has led us to a lifelong pursuit of building relationships with like-minded people in the Specialty Coffee Industry and with farms and collectives throughout the world.",,,https://ik.imagekit.io/OE/nelson-county/listings/trager-brothers-coffee-2-0-image1_onAYYsQs0L,Barista decorating coffee foam with chocolate in a black cup.,,,,,https://www.tbcroasters.com/,(434) 263-8916,"190 Rockfish Valley School Lane, Afton, VA 22920",josh,,,https://www.google.com/maps/dir/?api=1&destination=190%20Rockfish%20Valley%20School%20Lane%2C%20Afton%2C%20VA%2022920,,,,,,,,,,,,,,Coffee; Organic; Bar; Tea; Cafe; Fishing,FALSE,https://www.google.com/maps/dir/?api=1&destination=190%20Rockfish%20Valley%20School%20Lane%2C%20Afton%2C%20VA%2022920
5,Afton Market,afton-market,Markets & Delis,taste,Afton,"Convenience store and gas. Deli open for breakfast and lunch. Specialties include fried chicken, fresh coffee and fountain drinks.",,,https://ik.imagekit.io/OE/nelson-county/listings/Screenshot_2025-11-14_at_6.38.31_PM_U31i9aoWc.png,"Gas station with cars, convenience store, and trees in the background.",,,,,,(540) 456-6111,"10185 Rockfish Valley Highway, Afton, VA",josh,,,https://www.google.com/maps/dir/?api=1&destination=10185%20Rockfish%20Valley%20Highway%2C%20Afton%2C%20VA%2022920,,,,,,,,,,,,,,Breakfast; Coffee; Deli; Fuel; Lunch; Market; Retail; Tea; Beer,FALSE,https://www.google.com/maps/dir/?api=1&destination=10185%20Rockfish%20Valley%20Highway%2C%20Afton%2C%20VA%2022920
6,Ashley's Market,ashleys-market,Markets & Delis,taste,Afton,"Locally owned convenience and gas store. The Deli is open for breakfast and lunch. Specialties include fried chicken, subs, and deli salads.",,,https://ik.imagekit.io/OE/nelson-county/listings/ashley-s-market-image1_-O8C_lefS,Market storefront under clear blue sky with vending machines outside.,https://ik.imagekit.io/OE/nelson-county/listings/ashley-s-market-image2_BHBW3b0b2,Market entrance with vending machines under a clear blue sky.,,,https://www.facebook.com/ashleysmaket151/,(434) 361-2087,"6445 Rockfish Valley Highway, Afton, VA 22920",josh,,,https://www.google.com/maps/dir/?api=1&destination=6445%20Rockfish%20Valley%20Highway%2C%20Afton%2C%20VA%2022920,,,,,,,,,,,,,,Fuel; Breakfast; Deli; Lunch; Market; Hiking,FALSE,https://www.google.com/maps/dir/?api=1&destination=6445%20Rockfish%20Valley%20Highway%2C%20Afton%2C%20VA%2022920
7,Chicken Coop,chicken-coop,Markets & Delis,taste,Lovingston,"Homemade chicken, barbecue, fresh burgers, mac and cheese, and variety of sandwiches.",,,https://ik.imagekit.io/OE/nelson-county/listings/chicken-coop-image1_PIMkxTnKd,Cars parked in front of a brick food market.,,,,,,(434) 263-7818,"40 Front Street, Lovingston, VA 22949",josh,,,https://www.google.com/maps/dir/?api=1&destination=40%20Front%20Street%2C%20Lovingston%2C%20VA%2022949,,,,,,,,,,,,,,BBQ; Retail; Full Kitchen; Market; Deli,FALSE,https://www.google.com/maps/dir/?api=1&destination=40%20Front%20Street%2C%20Lovingston%2C%20VA%2022949
8,Colleen Deli,colleen-deli,Markets & Delis,taste,Arrington,"Daily fried chicken and lunch specials. Full breakfast served from open to close. Salad bar during the summer. Full menu featuring sandwiches, wraps, subs and more. Homemade bake goods for your sweet tooth.

Located in the Colleen Exxon & Convenience Mart on Rt. 29 (5 miles south of Lovingston) in Nelson County.",,,https://ik.imagekit.io/OE/nelson-county/listings/colleen-deli-image1_Qm3EZKyhY,"Gas station with red canopy, two pumps, parked cars, and convenience store in background.",,,,,,(434) 263-8300,"4071 Thomas Nelson Hwy, Arrington, VA 22922",josh,,,https://www.google.com/maps/dir/?api=1&destination=4071%20Thomas%20Nelson%20Hwy%2C%20Arrington%2C%20VA%2022922,,,,,,,,,,,,,,Breakfast; Lunch; Bar; Seasonal Menu; Bakery; Baked Goods; Deli; Market,FALSE,https://www.google.com/maps/dir/?api=1&destination=4071%20Thomas%20Nelson%20Hwy%2C%20Arrington%2C%20VA%2022922
9,Corner Market,corner-market,Markets & Delis,taste,Schuyler,Convenience store and gas. Deli open for breakfast and lunch. Stop in and check out our deli items.,,,https://ik.imagekit.io/OE/nelson-county/listings/corner-market-image1_wiPXqe1ES,"Small convenience store with illuminated signs, parked car, and visible interior lights.",,,,,,(434) 263-5500,"11309 James River Road in Shipman, VA",josh,,,https://www.google.com/maps/dir/?api=1&destination=11309%20James%20River%20Road%2C%20Shipman%2C%20VA%2022971,,,,,,,,,,,,,,Retail; Fuel; Breakfast; Deli; Lunch; Market; Water Sports,FALSE,https://www.google.com/maps/dir/?api=1&destination=11309%20James%20River%20Road%2C%20Shipman%2C%20VA%2022971
10,Graves Grocery & Deli,graves-grocery-deli,Markets & Delis,community,Nellysford,"Convenience store and gas. Deli open: breakfast and lunch daily. 1779 Rockfish Valley Hwy. Nellysford, VA 22958 434-361-2504 Locally owned convenience and gas store. The Deli is open for breakfast and lunch. Specialties include fried chicken, subs, and deli salads.",,,https://ik.imagekit.io/OE/nelson-county/listings/graves-grocery-deli-image1_DBJko9s0a,"Storefront with red sign, vending machines, and newspaper stands outside.",,,,,,(434) 361-2504,"1779 Rockfish Valley Highway, Nellysford, VA 22958",josh,,,https://www.google.com/maps/dir/?api=1&destination=1779%20Rockfish%20Valley%20Highway%2C%20Nellysford%2C%20VA%2022958,,,,,,,,,,,,,,Retail; Fuel; Breakfast; Lunch; Deli; Market; Fishing,FALSE,https://www.google.com/maps/dir/?api=1&destination=1779%20Rockfish%20Valley%20Highway%2C%20Nellysford%2C%20VA%2022958
11,Hickman's Exxon Grocery,hickmans-exxon-grocery,Markets & Delis,community,Roseland,Convenience Store and Gas. Deli open for Breakfast and Lunch daily.,,,https://ik.imagekit.io/OE/nelson-county/listings/hickman-s-exxon-grocery-image1_s5gtjxUQJ,"Small shop with red roof, 'Open' sign, and outdoor seating under sunny sky.",,,,,,(434) 361-1205,"1311 Beech Grove Road, Roseland, VA 22967",josh,,,https://www.google.com/maps/dir/?api=1&destination=1311%20Beech%20Grove%20Road%2C%20Roseland%2C%20VA%2022967,,,,,,,,,,,,,,Fuel; Breakfast; Lunch; Deli; Hunting; Market,FALSE,https://www.google.com/maps/dir/?api=1&destination=1311%20Beech%20Grove%20Road%2C%20Roseland%2C%20VA%2022967
12,IGA Blue Ridge Grocery,iga-blue-ridge-grocery,Markets & Delis,community,Nellysford,Blue Ridge Grocery provides groceries to your local community. Enjoy your shopping experience when you visit our supermarket.,,,https://ik.imagekit.io/OE/nelson-county/listings/iga-blue-ridge-grocery-image1_9UYmGsIn7,"Grocery store facade with shopping carts, icy machine, and open sign.",,,,,,(434) 361-1105,"2797 Rockfish Valley Highway, Nellysford, VA",josh,,,https://www.google.com/maps/dir/?api=1&destination=2797%20Rockfish%20Valley%20Highway%2C%20Nellysford%2C%20VA%2022958,,,,,,,,,,,,,,Market; Local Ingredients; Order Pickup; Parking; Deli; Fishing,FALSE,https://www.google.com/maps/dir/?api=1&destination=2797%20Rockfish%20Valley%20Highway%2C%20Nellysford%2C%20VA%2022958
13,Ike's Market & Deli,ikes-market-deli,Markets & Delis,community,Schuyler,Convenience Store and Deli. Deli open – featuring specials and menu items.,,,https://ik.imagekit.io/OE/nelson-county/listings/ike-s-market-deli-image1_7BFICV0DZ,"Baked potato with cheese, baked beans, carrots, and saucy pulled pork on plate.",,,,,,(434) 831-1185,"6597 Rockfish River Road in Schuyler, VA",josh,,,https://www.google.com/maps/dir/?api=1&destination=6597%20Rockfish%20River%20Road%2C%20Schuyler%2C%20VA%2022969,,,,,,,,,,,,,,Deli; Fishing; Hunting; Market; Retail; Water Sports,FALSE,https://www.google.com/maps/dir/?api=1&destination=6597%20Rockfish%20River%20Road%2C%20Schuyler%2C%20VA%2022969
14,Indian Oven,indian-oven,Restaurants,taste,Lovingston,"Embark on a culinary journey through India at Indian Oven, where authentic dishes are prepared with the freshest ingredients and meticulous attention to detail. From fiery curries to coconut-infused delights, our menu offers something for everyone. Immerse yourself in the warm and inviting atmosphere of our restaurant and savor the flavors of India.",,,https://ik.imagekit.io/OE/nelson-county/listings/indian-oven-image1_0QlheMSPI,Restaurant entrance with 'Indian Oven' sign on white brick exterior wall.,,,,,,(434) 263-4080,"10749 Thomas Nelson Hwy, Lovingston, VA 22949",josh,,,https://www.google.com/maps/dir/?api=1&destination=10749%20Thomas%20Nelson%20Hwy%2C%20Lovingston%2C%20VA%2022949,,,,,,,,,,,,,,Takeout; Family Friendly; Market; Deli,FALSE,https://www.google.com/maps/dir/?api=1&destination=10749%20Thomas%20Nelson%20Hwy%2C%20Lovingston%2C%20VA%2022949
15,Mac's Country Store,macs-country-store,Markets & Delis,community,Roseland,"Serving Breakfast, Lunch & Dinner. Daily specials, eat in or take out. Our famous fried chicken is the best around. Antiques sold within the store too. At the the intersection of Routes 151 and 56 and Roseland Road. 7023 Patrick Henry Hwy.

Roseland, VA 22967 434-277-5305 Locally owned convenience and gas store. The Deli is open for breakfast and lunch. Specialties include fried chicken, subs, and deli salads.",,,https://ik.imagekit.io/OE/nelson-county/listings/mac-s-country-store-image1_Gk_Ua_dFF,"White building with vending machines, parked car, and trees in the background.",https://ik.imagekit.io/OE/nelson-county/listings/mac-s-country-store-image2_YzwsuX-Df,"White building with vending machines, parked car, and wooden porch surrounded by trees.",https://ik.imagekit.io/OE/nelson-county/listings/mac-s-country-store-image3_SvqK4KDnb,Tie-dye background with bold white text in cursive font.,,(434) 277-5305,"7023 Patrick Henry Highway, Roseland, VA 22967",josh,,,https://www.google.com/maps/dir/?api=1&destination=7023%20Patrick%20Henry%20Highway%2C%20Roseland%2C%20VA%2022967,,,,,,,,,,,,,,Breakfast; Lunch; Dinner; Takeout; Market; Deli,FALSE,https://www.google.com/maps/dir/?api=1&destination=7023%20Patrick%20Henry%20Highway%2C%20Roseland%2C%20VA%2022967
16,Subway,subway,Markets & Delis,taste,Lovingston,"“The way a sandwich should be.” Hours: 10 am-10 pm; Friday night until 11 pm; Sunday until 9 p.m. Located in Annie Land Plaza, Highway 29 in Lovingston.",,,https://ik.imagekit.io/OE/nelson-county/listings/subway-image1_ASH5hYhT2,"Brick storefront with Subway and tobacco shop signs, under clear blue sky.",https://ik.imagekit.io/OE/nelson-county/listings/subway-image2_FsH2B7eDE,"Brick building with Subway and vape shop, clear sky above.",,,https://restaurants.subway.com/united-states/va/lovingston/65-callohill-drive,(434) 263-6800,"65 Callohill Drive, Lovingston, VA 22949",josh,,,https://www.google.com/maps/dir/?api=1&destination=65%20Callohill%20Drive%2C%20Lovingston%2C%20VA%2022949,,,,,,,,,,,,,,Deli; Market,FALSE,https://www.google.com/maps/dir/?api=1&destination=65%20Callohill%20Drive%2C%20Lovingston%2C%20VA%2022949
17,The Market at Wintergreen,the-market-at-wintergreen,Markets & Delis,community,Wintergreen Resort,"Convenience Store, Groceries, Deli and Gas. Wintergreen sweatshirts and tee shirts. Deli open: 7:30 am to 7:30 pm daily.",,,https://ik.imagekit.io/OE/nelson-county/listings/the-market-at-wintergreen-image1_mYJhz6AkM,"Customers at deli counter inside a market, browsing and buying packaged food items.",,,,,,(434) 325-8224,"189 Mountain Inn Loop, Wintergreen, VA",josh,,,https://www.google.com/maps/dir/?api=1&destination=189%20Mountain%20Inn%20Loop%2C%20Wintergreen%2C%20VA%2022958,,,,,,,,,,,,,,Deli; Resort; Fuel; Market,FALSE,https://www.google.com/maps/dir/?api=1&destination=189%20Mountain%20Inn%20Loop%2C%20Wintergreen%2C%20VA%2022958
18,Williams Grocery,williams-grocery,Markets & Delis,community,Schuyler,"Grocery Store and Gas. Featuring local honey, fishing supplies and bait.",,,https://ik.imagekit.io/OE/nelson-county/listings/williams-grocery-image1_7ZxBQDA49,Gas pumps and store building surrounded by trees and hills under blue sky.,,,,,,(434) 263-4746,439 Williamstown Road in Shipman or 6445 Rockfish Va,josh,,,https://www.google.com/maps/dir/?api=1&destination=439%20Williamstown%20Road%2C%20Shipman%2C%20VA%2022971,,,,,,,,,,,,,,Retail; Fuel; Local Ingredients; Market; Deli; Water Sports; Fishing; Hunting,FALSE,https://www.google.com/maps/dir/?api=1&destination=439%20Williamstown%20Road%2C%20Shipman%2C%20VA%2022971
19,Ann's Family Restaurant,anns-family-restaurant,Restaurants,taste,Arrington,Good old country cooking. Fresh vegetables and specials every day. Closed Saturday.,,,https://ik.imagekit.io/OE/nelson-county/listings/ann-s-family-restaurant-image1_wg1eO0bow,Red-roofed restaurant with parked cars and campaign signs on grass.,,,,,,(434) 263-8110,"1170 Thomas Nelson Highway, Arrington, VA 22922",josh,,,https://www.google.com/maps/dir/?api=1&destination=1170%20Thomas%20Nelson%20Highway%2C%20Arrington%2C%20VA%2022922,,,,,,,,,,,,,,Family Friendly,FALSE,https://www.google.com/maps/dir/?api=1&destination=1170%20Thomas%20Nelson%20Highway%2C%20Arrington%2C%20VA%2022922
20,Basic Necessities,basic-necessities,Restaurants,taste,Nellysford,"Basic Necessities is an off-beat café, wine and cheese shop nestled in the Rockfish Valley of the Blue Ridge Mountains near Nellysford, Virginia.

Since 1997 it has been offering what many call “a taste of Europe in the Blue Ridge Mountains.” It is known for in great wines at affordable prices, imported cheeses, a source of fresh local baked breads, and delicious meals in a colorful and creative atmosphere. The staff welcomes locals, skiers at Wintergreen Resort, traveling foodies, and those simply exploring beautiful Nelson County. At lunch they have long featured Sue Pfaltz’s delicious and innovative soups, big house salads, and seasonal specialties. Reservations are advised for Friday and Saturday night dinners where guests find creatively-prepared dishes and musical entertainment. The popular Sunday brunch is from 10-2 and frequently features a harpist during the middle of the day.",,,https://ik.imagekit.io/OE/nelson-county/listings/basic-necessities-image1_xjB3aTYi6,Cozy house with glowing string lights on fence at dusk.,,,,,,(434) 361-1776,"2226 Rockfish Valley Highway, Nellysford, VA 22958",josh,,,https://www.google.com/maps/dir/?api=1&destination=2226%20Rockfish%20Valley%20Highway%2C%20Nellysford%2C%20VA%2022958,,,,,,,,,,,,,,Wine; Retail; Dinner; Live Music; Brunch; Fishing,FALSE,https://www.google.com/maps/dir/?api=1&destination=2226%20Rockfish%20Valley%20Highway%2C%20Nellysford%2C%20VA%2022958
21,Blue Mountain Brewery,blue-mountain-brewery,Breweries & Cideries,taste,Afton,"Our full-service restaurant features appetizers, salads, sandwiches, burgers, specialty pizzas and desserts made from scratch using the highest quality ingredients we can find. 8-10 Blue Mountain draft beers, local wine, cider & kombucha are available daily. Restaurant hours are 11am-10pm Monday-Saturday and 11am-9pm on Sunday.",,,https://ik.imagekit.io/OE/nelson-county/listings/blue-mountain-brewery-image1_tGxjiiEoX,"Pizza, beer, and grapes on a wooden table in outdoor sunlight.",,,,,https://www.bluemountainbrewery.com/,(540) 456-8020,"9519 Critzers Shop Road, Afton, VA 22920",josh,,,https://www.google.com/maps/dir/?api=1&destination=9519%20Critzers%20Shop%20Road%2C%20Afton%2C%20VA%2022920,,,,,,,,,,,,,,Beer; Cider; Events; Family Friendly; Full Kitchen; Meeting Planners; Outdoor Seating; Scenic Views; Tastings,FALSE,https://www.google.com/maps/dir/?api=1&destination=9519%20Critzers%20Shop%20Road%2C%20Afton%2C%20VA%2022920
22,Blue Ridge Pig,blue-ridge-pig,Restaurants,taste,Nellysford,"Whether it be the classic Pork Barbeque with slaw or the Turkey Croissant with the works (lettuce, tomato, cheddar cheese, mayo, and our special dill sauce), this quaint establishment will always keep you coming back for your Blue Ridge Pig fix. All of our meats are smoked on-site behind the restaurant by none other than Strawberry Goodwin himself.

Every one of our recipes is unique, not only to the local area, but also to the entire east coast. The only way to experience this one-of-a-kind hog heaven is to stop by and check it out for yourself!",,,https://ik.imagekit.io/OE/nelson-county/listings/blue-ridge-pig-image1_yZZLDI6Ia,Cartoon pig with chef hat on weathered sign against trees and sky.,,,,,,(434) 361-1170,"2198 Rockfish Valley Highway, Nellysford, VA 22958",josh,,,https://www.google.com/maps/dir/?api=1&destination=2198%20Rockfish%20Valley%20Highway%2C%20Nellysford%2C%20VA%2022958,,,,,,,,,,,,,,BBQ; Takeout; Scenic Views,FALSE,https://www.google.com/maps/dir/?api=1&destination=2198%20Rockfish%20Valley%20Highway%2C%20Nellysford%2C%20VA%2022958
23,Bold Kitchen at Bold Rock,bold-kitchen-at-bold-rock,Restaurants,taste,Nellysford,Bold Kitchen at Bold Rock is a local restaurant serving a variety of dishes in a welcoming atmosphere.,,,https://ik.imagekit.io/OE/nelson-county/listings/bold-kitchen-at-bold-rock-image1_XleEsXz-D,"Outdoor patio with tables, umbrellas, and mountain view under a clear blue sky.",,,,,,,"1020 Rockfish Valley Highway, Nellysford, VA 22958",josh,,,https://www.google.com/maps/dir/?api=1&destination=1020%20Rockfish%20Valley%20Highway%2C%20Nellysford%2C%20VA%2022958,,,,,,,,,,,,,,Bar; Cider; Tastings; Full Kitchen,FALSE,https://www.google.com/maps/dir/?api=1&destination=1020%20Rockfish%20Valley%20Highway%2C%20Nellysford%2C%20VA%2022958
24,Chen's Restaurant,chens-restaurant,Restaurants,taste,Lovingston,Freshly prepared to order Chinese food to take out or eat in.,,,https://ik.imagekit.io/OE/nelson-county/listings/chen-s-restaurant-image1_yGrDjUjGy,"Glazed fried chicken pieces with broccoli florets, arranged closely together.",,,,,,(434) 263-8865,"73 Callohill Drive, Lovingston, VA 22949",josh,,,https://www.google.com/maps/dir/?api=1&destination=73%20Callohill%20Drive%2C%20Lovingston%2C%20VA%2022949,,,,,,,,,,,,,,Takeout; Lunch,FALSE,https://www.google.com/maps/dir/?api=1&destination=73%20Callohill%20Drive%2C%20Lovingston%2C%20VA%2022949
25,Chirio's Pizza,chirios-pizza,Restaurants,taste,Nellysford,"Oldest pizza establishment in Nelson County, since 1989.",,,https://ik.imagekit.io/OE/nelson-county/listings/chirio-s-pizza-image1_UVtpKdV9N,Pepperoni pizza with olives and broccoli on a golden crust.,,,,,,(434) 361-9188,"2777 Rockfish Valley Highway, Nellysford, VA 22958",josh,,,https://www.google.com/maps/dir/?api=1&destination=2777%20Rockfish%20Valley%20Highway%2C%20Nellysford%2C%20VA%2022958,,,,,,,,,,,,,,Family Friendly; Takeout; Delivery; Desserts; Pizza,FALSE,https://www.google.com/maps/dir/?api=1&destination=2777%20Rockfish%20Valley%20Highway%2C%20Nellysford%2C%20VA%2022958
26,Coquito Kitchen,coquito-kitchen,Restaurants,taste,Nellysford,Opened March 2024 at the Rockfish Valley Community Center!,,,https://ik.imagekit.io/OE/nelson-county/listings/coquito-kitchen-image1_0G55fEaHh,"Cartoon bear and toucan with banjo, yellow circle background, 'Coquito' text.",,,,,,,"190 Rockfish School Lane, Afton, VA 22920",josh,,,https://www.google.com/maps/dir/?api=1&destination=190%20Rockfish%20School%20Lane%2C%20Afton%2C%20VA%2022920,,,,,,,,,,,,,,Lunch; Full Kitchen; Fishing,FALSE,https://www.google.com/maps/dir/?api=1&destination=190%20Rockfish%20School%20Lane%2C%20Afton%2C%20VA%2022920
27,Devils Backbone Brewing,devils-backbone-brewing,Restaurants,taste,Roseland,The smoke-free craft brewery and restaurant is open 7 days a week serving both lunch and dinner.,,,https://ik.imagekit.io/OE/nelson-county/listings/devils-backbone-brewing-image1_fuU0b-q4C,"Rustic building with stone pillars, wooden roof, and red umbrella-covered tables outside.",,,,,https://www.dbbrewingcompany.com/visit/basecamp/,(434) 361-1001,"200 Mosbys Run, Roseland, VA 22967",josh,,,https://www.google.com/maps/dir/?api=1&destination=200%20Mosbys%20Run%2C%20Roseland%2C%20VA%2022967,,,,,,,,,,,,,,Beer; Outdoor Seating; Live Music; Full Kitchen; Coffee; Tea; Biking; Hiking,FALSE,https://www.google.com/maps/dir/?api=1&destination=200%20Mosbys%20Run%2C%20Roseland%2C%20VA%2022967
28,El Mariachi Mexican Food,el-mariachi-mexican-food,Restaurants,taste,Lovingston,Life without Mexican food is NO life at all!,,,https://ik.imagekit.io/OE/nelson-county/listings/el-mariachi-mexican-food-image1_lrhnaZQny,"Two musicians in sombreros playing guitar and violin, 'El Mariachi' text beside them.",,,,,,(434) 263-5999,"165 Front Street, Lovingston, VA 22949",josh,,,https://www.google.com/maps/dir/?api=1&destination=165%20Front%20Street%2C%20Lovingston%2C%20VA%2022949,,,,,,,,,,,,,,Retail; Local Ingredients,FALSE,https://www.google.com/maps/dir/?api=1&destination=165%20Front%20Street%2C%20Lovingston%2C%20VA%2022949
29,Fire & Frost Wood Fired Bakehouse,fire-frost-wood-fired-bakehouse,Restaurants,taste,Nellysford,Wood.,,,https://ik.imagekit.io/OE/nelson-county/listings/fire-frost-wood-fired-bakehouse-image1_pWDMelTVX,"Mosaic pizza oven with open fire, wood stacked below, tools hanging nearby.",,,,,,(434) 326-5639,"121 Blue Ridge Drive, Roseland, VA 22967",josh,,,https://www.google.com/maps/dir/?api=1&destination=121%20Blue%20Ridge%20Drive%2C%20Roseland%2C%20VA%2022967,,,,,,,,,,,,,,Scenic Views; Resort; Pizza,FALSE,https://www.google.com/maps/dir/?api=1&destination=121%20Blue%20Ridge%20Drive%2C%20Roseland%2C%20VA%2022967
30,Iron and Ale,iron-and-ale,Restaurants,taste,Nellysford,"Iron & Ale is the place where you always feel like part of the family, your home away from home. Treat that special someone to an inspired chef crafted dinner paired with a glass of hand selected wine out on the veranda or under one of the elegant chandeliers. With a rotating menu and multiple beers on tap, Iron and Ale is a wonderful date night destination.",,,https://ik.imagekit.io/OE/nelson-county/listings/iron-and-ale-image1_Phj7hhJ9W,Illuminated sign reading 'Iron & Ale' on a building porch at night.,,,,,,(540) 440-2140,"1354 Stoney Creek West, Nellysford, VA 22958",josh,,,https://www.google.com/maps/dir/?api=1&destination=1354%20Stoney%20Creek%20West%2C%20Nellysford%2C%20VA%2022958,,,,,,,,,,,,,,Seasonal Menu; Wine; Outdoor Seating; Beer,FALSE,https://www.google.com/maps/dir/?api=1&destination=1354%20Stoney%20Creek%20West%2C%20Nellysford%2C%20VA%2022958
31,McDonald's,mcdonalds,Restaurants,taste,Lovingston,Open 7 days a week from 6 am – 11 pm (open until midnight on Friday and Saturday nights) Highway 29 in Lovingston.,,,https://ik.imagekit.io/OE/nelson-county/listings/mcdonald-s-image1_xLvXtaYOs,Illuminated McDonald's sign with golden arches against a dark night sky.,,,,,,(434) 263-8066,"44 Callohill Drive, Lovingston, VA 22949",josh,,,https://www.google.com/maps/dir/?api=1&destination=44%20Callohill%20Drive%2C%20Lovingston%2C%20VA%2022949,,,,,,,,,,,,,,Takeout; Breakfast; Lunch; Dinner,FALSE,https://www.google.com/maps/dir/?api=1&destination=44%20Callohill%20Drive%2C%20Lovingston%2C%20VA%2022949
32,Montebello Country Store & Cafe,montebello-country-store-cafe,Restaurants,taste,Montebello,"A family operation for 5 generations – an interesting place to explore – just think – “Country Store.” We offer a unique collection of toys for children, McCutcheon’s jams and jellies, custom t-shirts, sweatshirts, caps and gift items as well as a great selection of camping & fishing supplies with a full line of groceries, ice, and fuel.

Try your hand at trout fishing, then come in for a bowl of our chili . Located on Route 56, 3.5 miles east of the Parkway (MP 27).",,,https://ik.imagekit.io/OE/nelson-county/listings/montebello-country-store-cafe-image1_D_nYeoKbj,Wooden sign carved with 'Montebello Country Store' text on light wall.,,,,,,(540) 377-2650,"15072 Crabtree Falls Highway, Montebello, VA 24464",josh,,,https://www.google.com/maps/dir/?api=1&destination=15072%20Crabtree%20Falls%20Highway%2C%20Montebello%2C%20VA%2024464,,,,,,,,,,,,,,Retail; Family Friendly; Water Sports; Fishing,FALSE,https://www.google.com/maps/dir/?api=1&destination=15072%20Crabtree%20Falls%20Highway%2C%20Montebello%2C%20VA%2024464
33,Paulie's Pig Out,paulies-pig-out,Restaurants,taste,Afton,"Barbecue restaurant featuring pork and chicken, mac n’ cheese, beans, potato salad and cheesy garlic potatoes. Be sure to check out our amazing desserts!",,,https://ik.imagekit.io/OE/nelson-county/listings/paulie-s-pig-out-image1_8dXrFbPav,"Pulled pork sandwich with coleslaw on a rustic bun, set on paper.",,,,,,(434) 361-2001,"7376 Rockfish Valley Highway in Afton, VA",josh,,,https://www.google.com/maps/dir/?api=1&destination=7376%20Rockfish%20Valley%20Highway%2C%20Afton%2C%20VA%2022920,,,,,,,,,,,,,,BBQ,FALSE,https://www.google.com/maps/dir/?api=1&destination=7376%20Rockfish%20Valley%20Highway%2C%20Afton%2C%20VA%2022920
34,Smokin' Barrel Restaurant,smokin-barrel-restaurant,Restaurants,taste,Arrington,"Located at Blue Mountain Barrel House. Appetizers, soups, salads, sandwiches, burgers, BBQ, desserts and a kids menu.",,,https://ik.imagekit.io/OE/nelson-county/listings/smokin-barrel-restaurant-image1_O6_IquE9r,"People relaxing on patio with chairs, umbrellas, sunset, and mountain view.",,,,,,(434) 226-2450,"495 Cooperative Way, Arrington, VA 22922",josh,,,https://www.google.com/maps/dir/?api=1&destination=495%20Cooperative%20Way%2C%20Arrington%2C%20VA%2022922,,,,,,,,,,,,,,Beer; Scenic Views; BBQ; Bar; Family Friendly; Full Kitchen; Tastings,FALSE,https://www.google.com/maps/dir/?api=1&destination=495%20Cooperative%20Way%2C%20Arrington%2C%20VA%2022922
35,The Copper Mine Bistro,the-copper-mine-bistro,Restaurants,taste,Roseland,"Located in the heart of the mountain’s Blackrock Village, The Copper Mine Bistro serves a traditional breakfast in the morning, and an innovative Mediterranean menu at dinner. During the winter, the Bistro serves lunch on the weekends and holiday periods.

Around the clock, the atmosphere is casual and comfortable, providing the perfect setting following a day on the links, the courts, or the slopes. Enjoy our creative menu of tapas, small and large plates and the popular gourmet pizzas. Hours may vary by season, so please check This Week at Wintergreen for current hours of operation.",,,https://ik.imagekit.io/OE/nelson-county/listings/the-copper-mine-bistro-image1_3GowztWtV,"Cozy restaurant with diners, warm fireplace, and elegantly set tables.",https://ik.imagekit.io/OE/nelson-county/listings/the-copper-mine-bistro-image2_QsKokoOVE,"People sitting at a rustic bar. Wooden walls, beer taps, and overhead chandelier.",,,,(434) 325-8090,"39 Wintergreen Drive, Roseland, VA 22967",josh,,,https://www.google.com/maps/dir/?api=1&destination=39%20Wintergreen%20Drive%2C%20Roseland%2C%20VA%2022967,,,,,,,,,,,,,,Breakfast; Lunch; Seasonal Menu; Dinner,FALSE,https://www.google.com/maps/dir/?api=1&destination=39%20Wintergreen%20Drive%2C%20Roseland%2C%20VA%2022967
36,The Edge,the-edge,Restaurants,taste,Wintergreen Resort,"The Edge is casual and family-friendly with a rustic mountain flare. At lunch and dinner, savor a complete menu of tempting appetizers, seasonal salads, flavorful sandwiches and hearty entrees, all served with the best view on the mountain. The energetic bar is the place to be when the sun sets with live music offered seasonally – see schedule below.

Hours may vary by season, so please check This Week at Wintergreen for current hours of operation.",,,https://ik.imagekit.io/OE/nelson-county/listings/the-edge-image1_3m2oRzZrd,People seated at rustic bar with wooden walls and large chandelier.,,,,,,(434) 325-8080,"11 Grassy Ridge Road, Wintergreen, VA 22958",josh,,,https://www.google.com/maps/dir/?api=1&destination=11%20Grassy%20Ridge%20Road%2C%20Wintergreen%2C%20VA%2022958,,,,,,,,,,,,,,Scenic Views; Snow Sports; Bar; Live Music; Seasonal Menu,FALSE,https://www.google.com/maps/dir/?api=1&destination=11%20Grassy%20Ridge%20Road%2C%20Wintergreen%2C%20VA%2022958
37,The Farmhouse at Veritas,the-farmhouse-at-veritas,Restaurants,taste,Afton,"Surrounded by the Blue Ridge Mountains and located in the heart of Virginia wine country which was named as one of the Top 10 Best Wine Travel Destinations in 2012 by Wine Enthusiast Magazine. 7 wineries, 3 breweries, a cidery and a distillery are all located within a 10-mile radius. The Farmhouse at Veritas combines excellence in service, lodging, fine dining, wine and ambiance.

BedandBreakfast.com has named The Farmhouse at Veritas on of the Top Ten B &B’s in the country. Farmhouse Dinners are offered Wednesday through Sunday nights at 6:30 pm. They are four-course, wine paired meals which feature home grown and house made Farm-to-Fork menus prepared weekly by Chef Daniel. Enjoy dining al fresco in the summer or cozy by the fire in the winter. Guests will be greeted with a glass of Veritas Sparkling Wine and seated before 7 pm. Advance Reservations required. Please allow 24 hours for booking.",,,https://ik.imagekit.io/OE/nelson-county/listings/the-farmhouse-at-veritas-image1_LBC9TWPstE,"Table with wine glasses, flowers, on outdoor patio with garden view.",,,,,,(540) 456-8100,"72 Saddleback Farm, Afton, VA 22920",josh,,,https://www.google.com/maps/dir/?api=1&destination=72%20Saddleback%20Farm%2C%20Afton%2C%20VA%2022920,,,,,,,,,,,,,,Wine; Farm; Tastings; Golf; Beer,FALSE,https://www.google.com/maps/dir/?api=1&destination=72%20Saddleback%20Farm%2C%20Afton%2C%20VA%2022920
38,Vito's Pizza & Italian Grill,vitos-pizza-italian-grill,Restaurants,taste,Lovingston,"It all began in Carini, Italy. I was just thirteen years old, working at my brother-in-laws restaurant as a dishwasher and prep cook. After a couple of years, I started to help the chefs who are professionals that trained in Venice. In 1981, when I was sixteen years old, I had moved to America.

I was living in Virginia and was working in a pizzeria-dish washing, of course, and again, I had worked my way up. I then moved to Massachusetts and had worked at my brothers restaurant as a cook. I was just 20 years old when I opened my first restaurant in Massachusetts After twelve years, in 1999, I moved back to Virgina, where I opened Vito’s in Lovingston. It has become a very successful business, thanks to the people in this country and all around. And of course… my wife, employees, and clientele who helped make this all possible! Buon Appetito!",,,https://ik.imagekit.io/OE/nelson-county/listings/vito-s-pizza-italian-grill-image1_qEDLQecPU,Three pizzas with various toppings surrounded by condiments and peppers on a table.,,,,,,(434) 263-8688,"8181 Thomas Nelson Highway, Lovingston, VA 22949",josh,,,https://www.google.com/maps/dir/?api=1&destination=8181%20Thomas%20Nelson%20Highway%2C%20Lovingston%2C%20VA%2022949,,,,,,,,,,,,,,Family Friendly; Full Kitchen; Pizza,FALSE,https://www.google.com/maps/dir/?api=1&destination=8181%20Thomas%20Nelson%20Highway%2C%20Lovingston%2C%20VA%2022949
39,Black Bear Creamery,black-bear-creamery,Restaurants,taste,Nellysford,"Local ice cream shop specializing in homemade ice cream, milkshakes and sundaes.",,,https://ik.imagekit.io/OE/nelson-county/listings/black-bear-creamery-image1_NoSYfCv22,"Café with string lights, colorful umbrellas, and outdoor seating at dusk.",,,,,,(434) 263-8916,"18 Pheasant Run, Nellysford, VA 22958",josh,,,https://www.google.com/maps/dir/?api=1&destination=18%20Pheasant%20Run%2C%20Nellysford%2C%20VA%2022958,,,,,,,,,,,,,,Desserts; Family Friendly; Hiking; Beer,FALSE,https://www.google.com/maps/dir/?api=1&destination=18%20Pheasant%20Run%2C%20Nellysford%2C%20VA%2022958
115,Soaring,soaring,Activities,experience,Lovingston,"Soaring This group group of 50+ members enjoys soaring over the Blue Ridge Mountains in classic and state of the art gliders, harnessing the power of nature to sustain our flights. We always welcome visitors interested in flight! SVS is a very active club, with operations on nearly every flyable weekend day throughout the year.

On most flying days they have canopies set up with lawn chairs and snacks so that everybody can enjoy the time they are not flying as well as the times they are. Visitors are always welcome visitors, and hopefully you will visit and decide to join the club and become a regular. The Club operates at their new GliderPort in Nellysford. Shenandoah Valley Soaring 118 Flying Eagle Ct, Nellysford VA 22958",,,https://ik.imagekit.io/OE/nelson-county/listings/soaring-image1_yNKVZurmi,Two aircraft on grassy field with mountains and cloudy sky background.,,,,,,(434) 981-4359,"604 Dillard Hill Road, Lovingston, VA 22949",josh,,,https://www.google.com/maps/dir/?api=1&destination=604%20Dillard%20Hill%20Road%2C%20Lovingston%2C%20VA%2022949,https://www.youtube.com/watch?v=fj13w5vb9Nk,,,,,,,,,,,,,Scenic Views; Tastings,FALSE,https://www.google.com/maps/dir/?api=1&destination=604%20Dillard%20Hill%20Road%2C%20Lovingston%2C%20VA%2022949
116,Skiing & Snowboarding,skiing-snowboarding,Activities,experience,Wintergreen Resort,"Skiing & Snowboarding Twice named “Best Ski Resort” by the readers of WashingtonPost.com, Wintergreen Resort boasts the most thrilling winter playground in the Mid-Atlantic. Its snow-covered amenities include the most extensive beginner-to-expert terrain for skiers and riders alike and Virginia’s largest tubing park.

Nestled atop the ancient Blue Ridge Mountains, Wintergreen Resort is perfect for skiing, snowboarding, and tubing – whether you’re a beginner or pro. Enjoy more time on the slopes while avoiding the lines thanks to five chairlifts including two lightning fast, “six pack” lifts. The resort is easy to reach… convenient to Washington D.C., Richmond, Hampton Roads and Raleigh/Durham/Chapel Hill via well maintained roadways. Whether you’re planning a winter day trip or an overnight escape, look no further than this 11,000-acre resort. Wintergreen Resort offers learn to ski or snowboard programs for all ages and ability levels. Whether your aim is to conquer Potato Patch or hit The Highlands in style, our instructors will help you reach your goals. Sign up at the Snowsports school desk on the middle level of the Skyline Pavilion Ski Center. You will need a pre-purchased lift ticket and equipment for group lessons, private lessons and specialty workshops. Please allow at least one hour to pick up your rentals and get situated before a lesson. For questions, please call the Wintergreen Resort Ski Information Center at 434-325-2100 or visit their website . The Terrain Park offers both skiers and riders the chance to hone their freestyle skills, and is designed to accommodate a variety of skill levels. Some of the varieties of rails that you might find on any given day are rainbows, straight rails, battle ships, down-kinks, s-rails and fun boxes. As for snow features, there might be tabletops, spines, or hips. Look for something new each time you come to ski or ride. The Plunge at Wintergreen Resort is Virginia’s largest tubing park. Imagine being on top of a ten story building and looking out over a hill that’s longer than three football fields. Now imagine going downhill on a tube at speeds reaching 30 mph. That’s The Plunge! Thrills and chills without the spills. To make it even easier, our conveyor lift will bring you and your tube comfortably and quickly back up the hill so you can do it again and again. Some of our guests call it the “scream machine” and we think you’ll agree! It’s just plain tubular fun.",,,https://ik.imagekit.io/OE/nelson-county/listings/skiing-snowboarding-image1_AF2O5qfQA,"Two snowboarders in winter gear, smiling, holding snowboards, with mountain background.",,,,,,(434) 325-2100,"39 Mountain Inn Loop, Wintergreen, VA 22967",josh,,,https://www.google.com/maps/dir/?api=1&destination=39%20Mountain%20Inn%20Loop%2C%20Wintergreen%2C%20VA%2022967,https://www.youtube.com/watch?v=ddJ2_pjukfI,,,,,,,,,,,,,Scenic Views; Snow Sports; Water Sports,TRUE,https://www.google.com/maps/dir/?api=1&destination=39%20Mountain%20Inn%20Loop%2C%20Wintergreen%2C%20VA%2022967
117,Tennis,tennis,Activities,experience,Wintergreen Resort,"Wintergreen Resort Tennis Magazine has ranked Wintergreen among the nation’s top 50 tennis programs for the past 18 years, and in 2010 awarded the distinction of being the #1 resort for families in the United States. Located in the heart of the Blue Ridge Mountains, Wintergreen offers the perfect setting for your next tennis getaway.

Our facilities at both Devils Knob and Stoney Creek total 19 clay courts and 3 indoor deco-turf courts. Route 664 Wintergreen, VA 22958 434-325-2200 | Website Nelson County High School Outdoor tennis courts open to public when the facility is not being used for school events.",,,https://ik.imagekit.io/OE/nelson-county/listings/tennis-image1_vrYu1T-i9,"Tennis courts surrounded by trees, adjacent to green golf course, mountains in background.",,,,,,(434) 325-2200,"Wintergreen Tennis Center, 581 Wintergreen Drive, Wintergreen, VA 22967",josh,,,https://www.google.com/maps/dir/?api=1&destination=Wintergreen%20Tennis%20Center%2C%20581%20Wintergreen%20Drive%2C%20Wintergreen%2C%20VA%2022967,,,,,,,,,,,,,,Tennis,FALSE,https://www.google.com/maps/dir/?api=1&destination=Wintergreen%20Tennis%20Center%2C%20581%20Wintergreen%20Drive%2C%20Wintergreen%2C%20VA%2022967
43,Blue Mountain Barrel House,blue-mountain-barrel-house,Breweries & Cideries,taste,Arrington,"By 2011, Blue Mountain beer was in demand across Virginia at a rate that exceeded our capacity at the original Blue Mountain location in Afton. The next evolution for us became Blue Mountain Barrel House, a larger production-minded facility with almost tenfold capacity of our brewery in Afton. But just building a bigger brewery seemed a bit boring.

So we did things our way: first, we picked a 15-acre spot in the south of Nelson County that has the stunning mountain views to match our Afton location. As the most mountainous county in America east of the Mississippi, the stark line of the Blue Ridge is woven into the fabric of our inspiration. Next, we designed a facility that had special capabilities to produce the barrel-aged beers we hang our hat on, beers like Dark Hollow. With a unique brewhouse and a fluctuating temperature-controlled barrel aging room,",,,https://ik.imagekit.io/OE/nelson-county/listings/blue-mountain-barrel-house-image1_aohVkuJqX,"Assorted beer flights on wooden table, two people in background enjoying.",,,,,https://www.bluemountainbarrel.com/,(434) 263-4002,"495 Cooperative Way, Arrington, VA 22922",josh,,,https://www.google.com/maps/dir/?api=1&destination=495%20Cooperative%20Way%2C%20Arrington%2C%20VA%2022922,,,,,,,,,,,,,,Beer; Cider; Seasonal Menu; Tastings,TRUE,https://www.google.com/maps/dir/?api=1&destination=495%20Cooperative%20Way%2C%20Arrington%2C%20VA%2022922
44,Blue Toad Hard Cider,blue-toad-hard-cider,Breweries & Cideries,taste,Roseland,"Born in a barn, Blue Toad Cider honors the tradition and legacy of America’s first preferred beverage by brewing an all-natural and eminently drinkable hard cider using locally grown apples in Western New York and apples grown in the Blue Ridge Mountains of Virginia.

Rather than solely using European-style tart and bitter apples, Blue Toad Hard Cider uses a cider blend of three to four different apple varieties (replete with natural seasonal variation) grown in areas near Rochester, New York and Tyro, Virginia. Our production takes place at our cideries located in the Genesee Regional Market in Rochester, New York and at the base of Wintergreen Resort in Roseland, Virginia. We believe our cider is different – more authentic, more drinkable, more responsibly produced, more of an experience – than the more mass-produced ciders that may use imported concentrates. We hope you’ll treat yourself to a bottle, can or glass of our hard cider soon to savor that difference. We think you’ll be back for another.",,,https://ik.imagekit.io/OE/nelson-county/listings/blue-toad-hard-cider-image1_sCenJqzoN7,Blue fish mural painted on gray wooden planks.,,,,,https://www.bluetoadhardcider.com/,(434) 760-9200,"462 Winery Lane, Roseland, VA 22967",josh,,,https://www.google.com/maps/dir/?api=1&destination=462%20Winery%20Lane%2C%20Roseland%2C%20VA%2022967,,,,,,,,,,,,,,Beer; Cider; Farm; Meeting Planners; Outdoor Seating; Pet Friendly; Scenic Views; Tastings,FALSE,https://www.google.com/maps/dir/?api=1&destination=462%20Winery%20Lane%2C%20Roseland%2C%20VA%2022967
45,Bold Rock Hard Cider,bold-rock-hard-cider,Breweries & Cideries,taste,Nellysford,"Our cidery in the heart of the Blue Ridge Mountains is open daily for tours, tastings and hard cider to go.",,,https://ik.imagekit.io/OE/nelson-county/listings/bold-rock-hard-cider-image1__h55RjVBl,"Wooden building with outdoor seating, blue umbrellas, people, and trees under blue sky.",,,,,https://boldrock.com/visit/nellysford-cidery/,(434) 361-1030,"1020 Rockfish Valley Highway, Nellysford, VA 22958",josh,,,https://www.google.com/maps/dir/?api=1&destination=1020%20Rockfish%20Valley%20Highway%2C%20Nellysford%2C%20VA%2022958,,,,,,,,,,,,,,Bar; Beer; Cider; Cocktails; Farm; Live Music; Meeting Planners; Tastings; Water Sports,FALSE,https://www.google.com/maps/dir/?api=1&destination=1020%20Rockfish%20Valley%20Highway%2C%20Nellysford%2C%20VA%2022958
46,Brewing Tree Beer Company,brewing-tree-beer-company,Breweries & Cideries,taste,Afton,Brewing Tree Beer Company was founded in 2018 by the husband and wife team of Mark and Gina Thompson.,,,https://ik.imagekit.io/OE/nelson-county/listings/brewing-tree-beer-company-image1_e43JZexL6,People at outdoor brewery with food truck and green umbrellas.,,,,,https://www.brewingtreebeerco.com/,(540) 381-0990,"9278 Rockfish Valley Highway, Afton, VA 22920",josh,,,https://www.google.com/maps/dir/?api=1&destination=9278%20Rockfish%20Valley%20Highway%2C%20Afton%2C%20VA%2022920,,,,,,,,,,,,,,Beer; Cider; Family Friendly; Full Kitchen; Tastings; Water Sports,FALSE,https://www.google.com/maps/dir/?api=1&destination=9278%20Rockfish%20Valley%20Highway%2C%20Afton%2C%20VA%2022920
47,Bryant's Cider & Brewery,bryants-cider-brewery,Breweries & Cideries,taste,Roseland,Our mission is to produce authentic ciders and craft beers using traditional methods while creating an organic and always evolving consumer experience.,,,https://ik.imagekit.io/OE/nelson-county/listings/bryant-s-cider-brewery-image1_Pl3ykVMup,"White barn, large tree, picnic tables, string lights, people sitting outside.",,,,,https://www.bryantscider.com/,(804) 420-9683,"3224 East Branch Loop, Roseland, VA 22967",josh,,,https://www.google.com/maps/dir/?api=1&destination=3224%20East%20Branch%20Loop%2C%20Roseland%2C%20VA%2022967,,,,,,,,,,,,,,Beer; Farm; Outdoor Seating; Seasonal Menu; Cider; Tastings,FALSE,https://www.google.com/maps/dir/?api=1&destination=3224%20East%20Branch%20Loop%2C%20Roseland%2C%20VA%2022967
48,Devils Backbone Brewing Company,devils-backbone-brewing-company,Breweries & Cideries,taste,Roseland,"Years ago, our founders, Steve and Heidi Crandall, were on a ski trip in the Alps when they tried their first craft beer, a German Weisse at a brewpub.",,,https://ik.imagekit.io/OE/nelson-county/listings/devils-backbone-brewing-company-image1_xOCX-_l34,"Aerial view of colorful autumn landscape with mountains, road, and buildings.",,,,,https://www.dbbrewingcompany.com/,(434) 361-1001,"200 Crandall Run, Roseland, VA 22967",josh,,,https://www.google.com/maps/dir/?api=1&destination=200%20Crandall%20Run%2C%20Roseland%2C%20VA%2022967,,,,,,,,,,,,,,Adventure; Appalachian Trail; Beer; Biking; Cider; Meeting Planners; Spirits; Tastings,TRUE,https://www.google.com/maps/dir/?api=1&destination=200%20Crandall%20Run%2C%20Roseland%2C%20VA%2022967
49,Outback Brew House,outback-brew-house,Breweries & Cideries,taste,Lovingston,Join us for a relaxing hand crafted beer at our very own brand new and developing Outback Brew House!,,,https://ik.imagekit.io/OE/nelson-county/listings/outback-brew-house-image1_3mAJkqmbA,"Beer glass with logo outdoors, blue sky, string lights in background.",,,,,https://www.outbackhouselodging.com/outback-brew-house/,(434) 263-0007,"7995 Thomas Nelson Hwy, Lovingston, VA 22949",josh,,,https://www.google.com/maps/dir/?api=1&destination=7995%20Thomas%20Nelson%20Hwy%2C%20Lovingston%2C%20VA%2022949,,,,,,,,,,,,,,Outdoor Seating; Live Music; Beer; Cider; Tastings,FALSE,https://www.google.com/maps/dir/?api=1&destination=7995%20Thomas%20Nelson%20Hwy%2C%20Lovingston%2C%20VA%2022949
50,"Three Notch'd Brewery, Distillery & Craft Kitchen",three-notchd-brewery-distillery-craft-kitchen-nelson-county,Breweries & Cideries,taste,Nellysford,"Located off the historic highway 151, our Nelson County location houses our Brewery, Distillery and Craft Kitchen.",,,https://ik.imagekit.io/OE/nelson-county/listings/three-notch-d-brewery-distillery-craft-kitchen-image1_0-OUbAArR3,Assorted colorful beer cans displayed outdoors near a wooden building.,,,,,https://threenotchdbrewing.com/location/nellysford/,(434) 226-0020,"2461 Rockfish Valley Hwy, Nellysford, VA 22958",josh,,,https://www.google.com/maps/dir/?api=1&destination=2461%20Rockfish%20Valley%20Hwy%2C%20Nellysford%2C%20VA%2022958,,,,,,,,,,,,,,Beer; Cider; Full Kitchen; Spirits; Tastings,FALSE,https://www.google.com/maps/dir/?api=1&destination=2461%20Rockfish%20Valley%20Hwy%2C%20Nellysford%2C%20VA%2022958
51,Wild Man Dan Brewery,wild-man-dan-brewery,Breweries & Cideries,taste,Afton,Dan brews award winning home crafted ales and enjoys teaching you to do the same.,,,https://ik.imagekit.io/OE/nelson-county/listings/wild-man-dan-brewery-image1_k5KRI9nIU,"Brick house with white porch, surrounded by trees and blooming flowers.",,,,,https://wildmandanbeer.com/,(540) 798-1781,"279 Avon Road, Afton, VA 22920",josh,,,https://www.google.com/maps/dir/?api=1&destination=279%20Avon%20Road%2C%20Afton%2C%20VA%2022920,,,,,,,,,,,,,,Beer; Cider; Meeting Planners; Outdoor Seating; Retail; Scenic Views; Tastings,FALSE,https://www.google.com/maps/dir/?api=1&destination=279%20Avon%20Road%2C%20Afton%2C%20VA%2022920
52,Wood Ridge Farm Brewery,wood-ridge-farm-brewery,Breweries & Cideries,taste,Lovingston,"From Dirt To The Glass Brewery Here at Wood Ridge Farm Brewery in Lovingston, VA, the beer is crafted with the wholesome philosophy of being more than just a farm Brewery.",,,https://ik.imagekit.io/OE/nelson-county/listings/wood-ridge-farm-brewery-image1_Bi7zpuZf1,"Wooden 'LOVE' sign with sunset backdrop, couple walking towards a garden.",,,,,https://www.woodridgefarmbrewery.com/,(434) 531-7362,"165 Old Ridge Road, Lovingston, VA 22949",josh,,,https://www.google.com/maps/dir/?api=1&destination=165%20Old%20Ridge%20Road%2C%20Lovingston%2C%20VA%2022949,,,,,,,,,,,,,,Farm; Scenic Views; Seasonal Menu; Beer; Cider; Tastings,FALSE,https://www.google.com/maps/dir/?api=1&destination=165%20Old%20Ridge%20Road%2C%20Lovingston%2C%20VA%2022949
53,Devils Backbone Distilling Co.,devils-backbone-distilling-co,Distilleries,taste,Roseland,Devils Backbone Distilling Co.,,,https://ik.imagekit.io/OE/nelson-county/listings/devils-backbone-distilling-co--image1_kkqc1tAn6,"People relax outdoors on wooden chairs under sunny skies, surrounded by trees.",,,,,https://www.dbbrewingcompany.com/spirits/,(434) 361-1001,"35 Mosbys Run, Roseland, VA 22967",josh,,,https://www.google.com/maps/dir/?api=1&destination=35%20Mosbys%20Run%2C%20Roseland%2C%20VA%2022967,,,,,,,,,,,,,,Spirits; Cocktails; Outdoor Seating; Tastings; Beer,FALSE,https://www.google.com/maps/dir/?api=1&destination=35%20Mosbys%20Run%2C%20Roseland%2C%20VA%2022967
54,Silverback Distillery,silverback-distillery,Distilleries,taste,Afton,"Silverback Distillery is the only mother-daughter distilling duo in the nation crafting high-quality, award-winning spirits.",,,https://ik.imagekit.io/OE/nelson-county/listings/silverback-distillery-image1_RBNd85uTW,"Blue building with lit windows, dusk sky, parking lot, and surrounding trees.",,,,,,(540) 456-7070,"9520 Rockfish Valley Highway, Afton, VA 22920",josh,,,https://www.google.com/maps/dir/?api=1&destination=9520%20Rockfish%20Valley%20Highway%2C%20Afton%2C%20VA%2022920,,,,,,,,,,,,,,Spirits; Cocktails; Tastings; Scenic Views; Water Sports,FALSE,https://www.google.com/maps/dir/?api=1&destination=9520%20Rockfish%20Valley%20Highway%2C%20Afton%2C%20VA%2022920
55,Virginia Distillery Co.,virginia-distillery-co,Distilleries,taste,Lovingston,"Our American single malt whisky is crafted in the heart of Virginia’s Blue Ridge Mountains, showcasing both New and Old World whisky-making.",,,https://ik.imagekit.io/OE/nelson-county/listings/virginia-distillery-co--image1_eCbxehNaH,"Stone gate entrance to a large white house, surrounded by trees and hills.",,,,,https://vadistillery.com/,(434) 285-2900,"299 Eades Lane in Lovingston, VA",josh,,,https://www.google.com/maps/dir/?api=1&destination=299%20Eades%20Lane%2C%20Lovingston%2C%20VA%2022949,,,,,,,,,,,,,,Spirits; Museum; Tastings,FALSE,https://www.google.com/maps/dir/?api=1&destination=299%20Eades%20Lane%2C%20Lovingston%2C%20VA%2022949
131,Montebello Fish Hatchery,montebello-fish-hatchery,Activities,culture,Montebello,"Montebello Fish Hatchery hosts numerous visitors and school group tours throughout the year. In addition to trout, there is a nature trail and pollinator plots located on the property. Spy Rock, a scenic view off of the Appalachian Trail and and Crabtree Falls , another popular hiking destination, are nearby.",,,https://ik.imagekit.io/OE/nelson-county/listings/montebello-fish-hatchery-image1_4Xa9lVMTCF,Sign for Montebello State Fish Hatchery amidst autumn trees by winding road.,,,,,,(540) 377-2418,"359 Fish Hatchery Lane, Montebello, VA 24464",josh,,,https://www.google.com/maps/dir/?api=1&destination=359%20Fish%20Hatchery%20Lane%2C%20Montebello%2C%20VA%2024464,,,,,,,,,,,,,,Hiking; Biking; Fishing,FALSE,https://www.google.com/maps/dir/?api=1&destination=359%20Fish%20Hatchery%20Lane%2C%20Montebello%2C%20VA%2024464
144,One Forest,one-forest,Activities,experience,Nellysford,"Forest Farm – One Forest is a forest farm and woodland activity space where people from all walks of life can gather to play, experience, and learn from nature. In our forest, we host a wide variety of programs and events that aim to educate and connect you with permaculture, forest farming, nature awareness and nature therapy.

Our mission is to create a welcoming environment where people of all ages are given the opportunity to create an ongoing relationship with the natural world. Also available: fresh chicken eggs and cut flowers. By Appointment Only. 1041 Spruce Creek Lane Nellysford, VA 22958 Locally owned convenience and gas store. The Deli is open for breakfast and lunch. Specialties include fried chicken, subs, and deli salads.",,,https://ik.imagekit.io/OE/nelson-county/listings/one-forest-image1_SsMvpz8Qy,Tall white flowering plant in garden with wooden house and trees behind.,,,,,,,"Nellysford, VA 22958",josh,,,https://www.google.com/maps/dir/?api=1&destination=Nellysford%2C%20VA%2022958,,,,,,,,,,,,,,Outdoor Seating,FALSE,https://www.google.com/maps/dir/?api=1&destination=Nellysford%2C%20VA%2022958
160,Oak Ridge Estate,oak-ridge-estate,Activities,culture,Arrington,"Photo credit: Eric Kelley The mansion on this 5,000-acre plantation estate was first built in 1802 and acquired at the turn of the 20th century by Thomas Fortune Ryan, a Nelson County native who had become one of the 10 wealthiest men in the nation.",,,https://ik.imagekit.io/OE/nelson-county/listings/oak-ridge-estate-image1_AoSf5sg8m,"Large white mansion with columns, surrounded by green lawn and trimmed shrubs.",,,,,,(434) 263-8676,"2300 Oak Ridge Road, Arrington, VA 22922",josh,,,https://www.google.com/maps/dir/?api=1&destination=2300%20Oak%20Ridge%20Road%2C%20Arrington%2C%20VA%2022922,,,,,,,,,,,,,,Events,FALSE,https://www.google.com/maps/dir/?api=1&destination=2300%20Oak%20Ridge%20Road%2C%20Arrington%2C%20VA%2022922
161,Swannanoa,swannanoa,Activities,culture,Afton,"Swannanoa was built in 1911 by Major James H. Dooley atop the Blue Ridge at Afton Mountain. It is an Italianate marble villa with commanding views of the Shenandoah and Rockfish Valleys. Extensive terraced gardens with statues and marble walls surround the palace. It has been used as a retreat, a clubhouse, and a philosophy institute and is presently under restoration by the owner.

It is only open to the public on selected weekends during the spring, summer and fall. Schedule available at Nelson County Visitor Center: 434-263-7015 .",,,https://ik.imagekit.io/OE/nelson-county/listings/swannanoa-image1_RcVj2PVkX,Vintage black car parked outside a large white mansion.,,,,,,(540) 942-5201,"497 Swannanoa Lane, Afton, VA 22920",josh,,,https://www.google.com/maps/dir/?api=1&destination=497%20Swannanoa%20Lane%2C%20Afton%2C%20VA%2022920,,,,,,,,,,,,,,Outdoor Seating; Scenic Views; Tours,FALSE,https://www.google.com/maps/dir/?api=1&destination=497%20Swannanoa%20Lane%2C%20Afton%2C%20VA%2022920
166,Blue Ridge Fruit Loop,blue-ridge-fruit-loop,Activities,outdoor,Tyro,"From May until December, taste & tour the places that grow the freshest fruits and berries in Nelson and Amherst counties. Select from a wide variety of apples, Asian pears, blackberries, blueberries, cherries, nectarines, peaches, plums, strawberries, sweet cider, fruit jams, jellies, and more!

From pre-picked (fruit) or pick-your-own (fruit or berries), find your favorites while enjoying spectacular views of the Blue Ridge Mountains. Visit all 11 farms: Blue Ridge Fruit Company, Critzer Family Farm, Dickie Brothers Orchard, Drumheller’s Orchard, Fitzgerald’s Orchard, Hill Top Berry Farm & Winery, Morris Orchard, Saunders Brothers, Seamans’ Orchard, Silver Creek Orchards and Silver Creek & Seamans’ Orchards. The Brew Ridge Trail is a self-guided tour featuring six of the nation’s best craft breweries. With everything from lagers to stouts, there’s something for everyone along the trail. The six breweries along the Trail include Blue Mountain Brewery, Blue Mountain Barrel House, Devils Backbone Brewing Company, South Street Brewery, Starr Hill Brewery, and Wild Wolf Brewing Company. Four of the breweries are in Nelson County along scenic Route 151; Starr Hill is in nearby Crozet, and South Street Brewery is in Charlottesville. The self-guided tour allows you to check out all of our breweries at your leisure. Each brewery offers Sample Tastings of their craft beers, allowing you to try out a variety of what they produce. Otherwise, draft beer and bottled beer are generally available, and growler fills can be purchased for selected brews. Start planning your trip, using the Trail Map on the website, and you’ll be sipping in no time! Inglewood Farm Deer Creek Farm Montebello Fish Hatchery Veritas Vineyards & Winery Mountain and Vine Winery Blue Mountain Brewery Basic Necessities",,,https://ik.imagekit.io/OE/nelson-county/listings/blue-ridge-fruit-loop-image1_xveXoCybQ,"Clusters of ripe blackberries on bush, hand reaching in sunlight.",,,,,,(434) 263-7015,"Blue Ridge Fruit Loop Trailhead, 56 Cabell Road, Tyro, VA 22976",josh,,,https://www.google.com/maps/dir/?api=1&destination=Blue%20Ridge%20Fruit%20Loop%20Trailhead%2C%2056%20Cabell%20Road%2C%20Tyro%2C%20VA%2022976,,,,,,,,,,,,,,Cider; Farm; Seasonal Menu; Scenic Views; Biking; Tastings,FALSE,https://www.google.com/maps/dir/?api=1&destination=Blue%20Ridge%20Fruit%20Loop%20Trailhead%2C%2056%20Cabell%20Road%2C%20Tyro%2C%20VA%2022976
386,Glass Hollow Studio & Gallery,glasshollow,Art & Artisans,culture,Afton,"Glass Hollow Studio and Gallery Discover the art of glassmaking at Glass Hollow Studio and Gallery, nestled in the scenic Rockfish Valley.",,,https://ik.imagekit.io/OE/nelson-county/listings/glass-hollow-studio-gallery-image1_P9hwkSskV,Blue glass orb being shaped in bright orange flame.,https://ik.imagekit.io/OE/nelson-county/listings/glass-hollow-studio-gallery-image2_xTwMG5Mnc,Circular logo with blue mountains and glassblowing tool. Text around edges.,,,https://glasshollow.com,(434) 270-6104,"9080 Rockfish Valley Highway, Afton, VA 22920",Brittany Niemeyer,,,https://www.google.com/maps/dir/?api=1&destination=9080%20Rockfish%20Valley%20Highway%2C%20Afton%2C%20VA%2022920,https://www.youtube.com/watch?v=VtiRHsUcEuE,,,,,,,,,,,,,Museum; Retail,TRUE,https://www.google.com/maps/dir/?api=1&destination=9080%20Rockfish%20Valley%20Highway%2C%20Afton%2C%20VA%2022920
95,Blue Ridge Parkway Loops,blue-ridge-parkway-loops,Biking,outdoor,Nelson County,"Enjoy views from any of several scenic overlooks along the parkway.

The 22-mile ride begins at Royal Oaks Cabins in Love (Milepost 16) and goes south to Tye River Gap and back. 0.0 – R Route 814 0.2 – L Blue Ridge Parkway (scenic overlooks into Shenandoah and Rockfish Valleys) 16.2 – L on exit to reach Route 250 East 16.3 – R Route 250 East (Rockfish Gap Tourist Information, long downhill, country store) 19.1 – R Route 750 (Bike Centennial’s Route 76) 20.9 – R Route 6 in Afton (home of the former legendary Cookie Lady on your right, just across railroad bridge) Head back up Route 6 22.3 – L Route 250 (watch traffic) 23.5 – R on ramp to Blue Ridge Parkway and Shenandoah National Park 23.6 – L on Blue Ridge Parkway 39.6 – R Route 814 39.8 – Return to Royal Oaks 40 Mile Ride for Mountain Bikers 0.0 – From Milepost 16 Blue Ridge Parkway – cross the Parkway onto Route 814 Right onto Route 56 to North Fork – follow it back to the Parkway Right onto the Parkway back to milepost 16 40 Mile Ride for Motorcyclists For the 40-mile ride, begin at the same point, but head north to Milepost 0 at Afton Mountain. At this point, take the optional loop through the small hamlet of Afton. 0.0 – R Route 814 0.2 – L Blue Ridge Parkway (scenic overlooks into Shenandoah and Rockfish Valleys) 16.2 – L on exit to reach Route 250 East 16.3 – R Route 250 East (Rockfish Gap Tourist Information, long downhill, country store) 19.1 – R Route 750 (Bike Centennial’s Route 76) 20.9 – R Route 6 in Afton (home of the former legendary Cookie Lady on your right, just across railroad bridge) Head back up Route 6 22.3 – L Route 250 (watch traffic) 23.5 – R on ramp to Blue Ridge Parkway and Shenandoah National Park 23.6 – L on Blue Ridge Parkway 39.6 – R Route 814 39.8 – Return to Royal Oaks 40 Mile Ride for Mountain Bikers 0.0 – From Milepost 16 Blue Ridge Parkway – cross the Parkway onto Route 814 Right onto Route 56 to North Fork – follow it back to the Parkway Right onto the Parkway back to milepost 16 Lower Shamokin Falls Trail Blue Mountain Brewery Basic Necessities",,,https://ik.imagekit.io/OE/nelson-county/listings/blue-ridge-parkway-loops-image1_ned_KWOT2,Sun setting over mountains with road and railing in foreground.,,,,,,(434) 263-7015,"Milepost 16, Blue Ridge Parkway, Love, VA 22952",josh,,,https://www.google.com/maps/dir/?api=1&destination=Milepost%2016%2C%20Blue%20Ridge%20Parkway%2C%20Love%2C%20VA%2022952,,,,,,,,,,,,,,Biking; Hiking; Scenic Views,FALSE,https://www.google.com/maps/dir/?api=1&destination=Milepost%2016%2C%20Blue%20Ridge%20Parkway%2C%20Love%2C%20VA%2022952
96,Oak Ridge Loop,oak-ridge-loop,Biking,outdoor,Nelson County,"29 miles Exit parking area on Route 650 (sharp curve). Turn left 1.5 – R Route 56 The Corner Market, watch traffic! 2.2 – L Route 639 9.5 – L Route 617 19.0 – L Route 623 19.5 – L Route 766 – becomes Route 624 19.6 – L Route 29 Watch traffic, ride single file 21.5 – R Route 718 23.0 – Bear L on Route 651 24.7 – R Route 29 / Route 56 combined.

Watch traffic, ride single file 26.9 – L Route 653 28.9 – L Route 710 29.1 – Route 710 becomes Route 650 29.3 – Return to parking area near Oak Ridge Estate 0.0 – R Route 814 0.2 – L Blue Ridge Parkway (scenic overlooks into Shenandoah and Rockfish Valleys) 16.2 – L on exit to reach Route 250 East 16.3 – R Route 250 East (Rockfish Gap Tourist Information, long downhill, country store) 19.1 – R Route 750 (Bike Centennial’s Route 76) 20.9 – R Route 6 in Afton (home of the former legendary Cookie Lady on your right, just across railroad bridge) Head back up Route 6 22.3 – L Route 250 (watch traffic) 23.5 – R on ramp to Blue Ridge Parkway and Shenandoah National Park 23.6 – L on Blue Ridge Parkway 39.6 – R Route 814 39.8 – Return to Royal Oaks 40 Mile Ride for Mountain Bikers 0.0 – From Milepost 16 Blue Ridge Parkway – cross the Parkway onto Route 814 Right onto Route 56 to North Fork – follow it back to the Parkway Right onto the Parkway back to milepost 16 Lower Shamokin Falls Trail Blue Mountain Brewery Basic Necessities",,,https://ik.imagekit.io/OE/nelson-county/listings/oak-ridge-loop-image1_C_eilCHEx,Stone cottage with green roof surrounded by trees and iron fence.,https://ik.imagekit.io/OE/nelson-county/listings/oak-ridge-loop-image2__dpCyljnt,"Old wooden mill with waterwheel by pond, surrounded by lush green trees.",,,,(434) 263-7015,"1010 Oak Ridge Road, Arrington, VA 22922",josh,,,https://www.google.com/maps/dir/?api=1&destination=1010%20Oak%20Ridge%20Road%2C%20Arrington%2C%20VA%2022922,,,,,,Overview,<p>The Oak Ridge Loop is a forested hiking trail that follows wooded ridgelines and slopes. The loop format allows hikers to experience varied terrain without retracing their steps.</p>,Trail Experience,"<p>The loop is considered <strong>moderate in length</strong> and <strong>moderate in difficulty</strong>, with gradual climbs, uneven footing, and natural trail surfaces.</p>",Planning Notes,<p>Trail conditions may vary after storms or seasonal weather. Visitors should remain on the marked route to avoid erosion and confusion at intersections.</p>,,,Biking; Retail; Farm; Fishing,FALSE,https://www.google.com/maps/dir/?api=1&destination=1010%20Oak%20Ridge%20Road%2C%20Arrington%2C%20VA%2022922
97,Woodson's Mill Loop,woodsons-mill-loop,Biking,outdoor,Nelson County,"Photo credit: Woodson's Mill 24 miles. Begins and ends at Woodson’s Mill on Route 778, just off Route 56 in the Lowesville area. 0.0 – L Route 778. Woodson’s Mill 1.2 – Straight through Route 676 4.7 – L Routes 151/56 at T 5.7 – L Route 56 10.2 – L Route 680. Watch mileage. Disregard first 680 turn. 14.3 – R Route 56.

Massies Mill. R almost immediately Route 666. 23.3 – L Route 778 at Lowesville. Return to Historic Woodson’s Mill Photo credit: Woodson's Mill 23 miles 24 miles. Begins and ends at Woodson’s Mill on Route 778, just off Route 56 in the Lowesville area. 0.0 – L Route 778. Woodson’s Mill 1.2 – Straight through Route 676 4.7 – L Routes 151/56 at T 5.7 – L Route 56 10.2 – L Route 680. Watch mileage. Disregard first 680 turn. 14.3 – R Route 56. Massies Mill. R almost immediately Route 666. 23.3 – L Route 778 at Lowesville. Return to Historic Woodson’s Mill Lower Shamokin Falls Trail Blue Mountain Brewery Basic Necessities",,,https://ik.imagekit.io/OE/nelson-county/listings/woodson-s-mill-loop-image1_yiXWRoa0o,"Old wooden watermill surrounded by lush greenery, near a tranquil pond.",,,,,,(434) 263-7015,"3211 Lowesville Road, Roseland, VA 22967",josh,,,https://www.google.com/maps/dir/?api=1&destination=3211%20Lowesville%20Road%2C%20Roseland%2C%20VA%2022967,,,,,,,,,,,,,,Biking; Scenic Views; Farm; Water Sports,FALSE,https://www.google.com/maps/dir/?api=1&destination=3211%20Lowesville%20Road%2C%20Roseland%2C%20VA%2022967
98,Walton's Mountain Museum Loop,waltons-mountain-museum-loop,Biking,outdoor,Nelson County,"31 miles Begins and ends at Walton’s Mountain Museum on Route 617 (near Route 800) in Schuyler. 0.0 – L Route 617 from Walton’s Mountain Museum 0.4 – R Route 693.

Cross Rockfish River 2.9 – L Route 722 at T 4.9 – R Route 602 at T 8.6 – L Route 626 at T (James River, Howardsville, fishing, canoeing, picnicking) 14.3 – L Route 627 17.5 – Cross Route 6 (mini market on Route 6 in Esmont) Continue on Route 627 through Esmont. 19.4 – L Route 715 20.1 – R Route 719 at T 22.0 – L Route 717 22.1 – R Route 630 (Green Creek Road) 28.0 – L Route 6 29.4 – R Route 800 30.8 – R Route 617 31.0 – Return to Museum 0.0 – R Route 814 0.2 – L Blue Ridge Parkway (scenic overlooks into Shenandoah and Rockfish Valleys) 16.2 – L on exit to reach Route 250 East 16.3 – R Route 250 East (Rockfish Gap Tourist Information, long downhill, country store) 19.1 – R Route 750 (Bike Centennial’s Route 76) 20.9 – R Route 6 in Afton (home of the former legendary Cookie Lady on your right, just across railroad bridge) Head back up Route 6 22.3 – L Route 250 (watch traffic) 23.5 – R on ramp to Blue Ridge Parkway and Shenandoah National Park 23.6 – L on Blue Ridge Parkway 39.6 – R Route 814 39.8 – Return to Royal Oaks 40 Mile Ride for Mountain Bikers 0.0 – From Milepost 16 Blue Ridge Parkway – cross the Parkway onto Route 814 Right onto Route 56 to North Fork – follow it back to the Parkway Right onto the Parkway back to milepost 16 Lower Shamokin Falls Trail Blue Mountain Brewery Basic Necessities",,,https://ik.imagekit.io/OE/nelson-county/listings/walton-s-mountain-museum-loop-image1_anr51axUp,"Red brick building with American flag, labeled Schuyler Elementary School.",,,,,,(434) 263-7015,"6484 Rockfish River Road, Schuyler, VA 22969",josh,,,https://www.google.com/maps/dir/?api=1&destination=6484%20Rockfish%20River%20Road%2C%20Schuyler%2C%20VA%2022969,,,,,,Overview,<p>The Walton’s Mountain Museum Loop is a short walking route that connects outdoor paths with the historic Walton’s Mountain Museum. It provides an easy way to combine light outdoor activity with a visit to the museum.</p>,Trail Experience,"<p>The loop is short and considered <strong>easy</strong>, with gentle terrain suitable for most visitors. The path passes through open areas and light woodland near the museum grounds.</p>",Planning Notes,<p>This loop works well as a casual walk before or after visiting the museum and does not require special preparation.</p>,,,Biking; Hiking; Scenic Views; Museum; Farm; Water Sports,FALSE,https://www.google.com/maps/dir/?api=1&destination=6484%20Rockfish%20River%20Road%2C%20Schuyler%2C%20VA%2022969
99,Virginia Blue Ridge Railway Trail,virginia-blue-ridge-railway-trail,Biking,outdoor,Piney River,"7 miles This trail is open for hiking, biking and horseback riding year round. The main trailhead is in Piney River on SR 151, Patrick Henry Hwy. It has ample parking for cars and horse trailers. A smaller trail head (at milepost 1.7) in Roses Mill on SR 674, Roses Mill Rd can accommodate only cars. Restroom facilities are available at both trail heads.

The mainly crushed stone trail follows a scenic route along the Piney and Tye Rivers, where wildflowers bloom from spring through summer and wildlife abounds. The trail dead ends at the 7 mile point, there is no eastern access at Tye River Depot, so you must retrace your steps to your vehicle. During the autumn hunting season, trail users should wear blaze orange clothing. The trail is open sunrise to sunset. The trail occupies the rail bed of the former Virginia Blue Ridge Railway, which ran from Tye River Depot (to interchange with the Southern Railway) to Massies Mill. Construction of the railroad started in 1915 and the line was abandoned in 1980.",,,https://ik.imagekit.io/OE/nelson-county/listings/virginia-blue-ridge-railway-trail-image1_gb6HkVrGb,Trailhead sign and small building surrounded by trees under clear blue sky.,,,,,,(434) 263-7130,"3124 Patrick Henry Highway, Piney River, VA 22964",josh,,,https://www.google.com/maps/dir/?api=1&destination=3124%20Patrick%20Henry%20Highway%2C%20Piney%20River%2C%20VA%2022964,,,,,,,,,,,,,,Biking; Equestrian; Scenic Views; Hiking; Water Sports,FALSE,https://www.google.com/maps/dir/?api=1&destination=3124%20Patrick%20Henry%20Highway%2C%20Piney%20River%2C%20VA%2022964
100,Nelson Scenic Loop,nelson-scenic-loop,Biking,outdoor,Tyro,"The Nelson Scenic Loop is a 50-mile auto and bike tour that features Nelson County’s bounty of natural, cultural, and historic attractions. Comprising Route 151, Route 664, the Blue Ridge Parkway, and Route 56, the Nelson Scenic Loop traverses both the lower foothills of the Piedmont as well as the summits of Virginia’s Blue Ridge Mountains.

Photo credit: Woodson's Mill 7 miles This trail is open for hiking, biking and horseback riding year round. The main trailhead is in Piney River on SR 151, Patrick Henry Hwy. It has ample parking for cars and horse trailers. A smaller trail head (at milepost 1.7) in Roses Mill on SR 674, Roses Mill Rd can accommodate only cars. Restroom facilities are available at both trail heads. The mainly crushed stone trail follows a scenic route along the Piney and Tye Rivers, where wildflowers bloom from spring through summer and wildlife abounds. The trail dead ends at the 7 mile point, there is no eastern access at Tye River Depot, so you must retrace your steps to your vehicle. During the autumn hunting season, trail users should wear blaze orange clothing. The trail is open sunrise to sunset. The trail occupies the rail bed of the former Virginia Blue Ridge Railway, which ran from Tye River Depot (to interchange with the Southern Railway) to Massies Mill. Construction of the railroad started in 1915 and the line was abandoned in 1980.",,,https://ik.imagekit.io/OE/nelson-county/listings/nelson-scenic-loop-image1_RICn_P7cl8,Black butterfly on pale purple flowers with green leaves.,,,,,,(434) 263-7015,"Route 151 & Route 664 Junction, Nellysford, VA 22958",josh,,,https://www.google.com/maps/dir/?api=1&destination=Route%20151%20%26%20Route%20664%20Junction%2C%20Nellysford%2C%20VA%2022958,,,,,,Overview,"<p>The Nelson Scenic Loop is a self-guided driving route that showcases the landscapes, rural communities, and mountain views of Nelson County.</p><p>The loop is designed for leisurely exploration rather than point-to-point travel.</p>",Driving Experience,"<p>The full route spans <strong>several dozen miles</strong> and travels through valleys, along ridgelines, and near rivers.</p><p>Road conditions range from gentle rural roads to winding mountain sections.</p>",Planning Your Drive,"<p>The scenic loop can be driven in sections or completed in one outing. Drivers should allow time for pull-offs, stops, and nearby points of interest.</p><p>Caution is advised on narrow or curving roads.</p>",,,Biking; Educational; Scenic Views; Farm; Water Sports,FALSE,https://www.google.com/maps/dir/?api=1&destination=Route%20151%20%26%20Route%20664%20Junction%2C%20Nellysford%2C%20VA%2022958
101,Tye River,tye-river,Canoeing,outdoor,Tyro,"Photo credit: Wyatt Greene With headwaters beginning high in the Blue Ridge Mountains and the George Washington National Forest, the Tye River is one of the most beautiful whitewater streams in Virginia. The river begins at the end of two mountain passes, the North Fork and South Fork, at the foot of a mountain.

It travels for about 34 miles through Nelson County, through beautiful scenery, with mountain, valley and pastoral views. The upper section can have strong whitewater for advanced paddlers, and the middle and lower sections, moderate whitewater on a seasonal basis. The rapids are rated Class I to Class II+. Depending upon water conditions, some rapids on the",,,https://ik.imagekit.io/OE/nelson-county/listings/tye-river-image1_obd32khA6,Bridge over river surrounded by lush forest and distant hills.,,,,,https://nelsoncounty.com/explore/tye-river/,(434) 263-7015,Tye River Main Access 2724 Patrick Henry Highway Piney River VA 22964,josh,,,https://www.google.com/maps/search/?api=1&query=Tye%20River%20Main%20Access%202724%20Patrick%20Henry%20Highway%20Piney%20River%20VA%2022964,,,,,,,,,,,,,,Water Sports,FALSE,https://www.google.com/maps/search/?api=1&query=Tye%20River%20Main%20Access%202724%20Patrick%20Henry%20Highway%20Piney%20River%20VA%2022964
102,James River,james-river,Canoeing,outdoor,Wingina,"Photo credit: Wyatt Greene The James River forms the southeastern border of Nelson County, and is the longest and largest of Virginia’s rivers, draining the center of Virginia, from the Appalachian Mountains to the Chesapeake Bay.

Important as a transportation center, the canals, railroads, highways, factories, cities and dams show how central the role of the James River was in developing the state of Virginia. Many access points exist for canoeing or kayaking the river. Small boats (such as john boats) can also be used at most access points. Midway Concrete Ramp (In James River WMA off Rt. 743; Northeast of Wingina) Wingina Concrete Ramp (Rt. 56, South of Wingina) James River State Park Boat Ramp and also a Canoe/Livery Landing James River | Map of James River (Dept. of Game and Inland Fisheries) Several companies offer livery services for canoeing, kayaking or tubing on the James River, making it easy to get on the water and return you to your original starting point.",,,https://ik.imagekit.io/OE/nelson-county/listings/james-river-image1_FejU6BN18,Serene river surrounded by lush green trees and distant mountains under clear sky.,,,,,https://nelsoncounty.com/explore/james-river/,(434) 933-4355,947 James River Road Wingina VA 24599,josh,,,https://www.google.com/maps/search/?api=1&query=947%20James%20River%20Road%20Wingina%20VA%2024599,,,,,,Overview,"<p>The James River is one of Virginia’s most significant waterways and offers a wide range of recreational opportunities in Nelson County, including paddling, fishing, and scenic river access.</p>",Paddling Experience,"<p>River conditions vary by section and season. Some stretches are suitable for <strong>easy, flatwater paddling</strong>, while others include moving water that requires experience and careful planning.</p>",Fishing Information,<p>The James River supports a variety of freshwater species and attracts anglers throughout the year. Access points range from easily reached riverbanks to more remote locations.</p>,Planning & Safety,<p>Visitors should check water levels and weather conditions before heading out and follow all safety guidance. Life jackets and appropriate gear are strongly recommended.</p>,Biking; Hiking; Water Sports; Fishing,FALSE,https://www.google.com/maps/search/?api=1&query=947%20James%20River%20Road%20Wingina%20VA%2024599
103,Rockfish River,rockfish-river,Canoeing,outdoor,Afton,"Photo credit: Nobtyer The Rockfish River is formed in Nelson County, Virginia, by the confluence of its North and South Forks (37°54′13″N 78°49′58″W), both of which rise in the Blue Ridge Mountains near the Blue Ridge Parkway. It flows generally southeastwardly through northern Nelson County; in its lower course the river is used to define the boundary between Nelson and Albemarle counties.

It enters the James River from the northwest on the common boundary of the two counties, about 8 miles (13 km) southwest of Scottsville. North Fork: Goodwins Creek to",,,https://ik.imagekit.io/OE/nelson-county/listings/rockfish-river-image1_d1GnubdLD,Person kayaking with a dog in green kayak on a river.,,,,,https://nelsoncounty.com/explore/rockfish-river/,(434) 263-7015,Rockfish River Access 5156 Rockfish Valley Highway Afton VA 22920,josh,,,https://www.google.com/maps/search/?api=1&query=Rockfish%20River%20Access%205156%20Rockfish%20Valley%20Highway%20Afton%20VA%2022920,,,,,,Overview,"<p>The Rockfish River is a smaller tributary of the James River that flows through Nelson County and provides opportunities for fishing, paddling, and quiet river exploration.</p>",River Experience,<p>The river includes calmer stretches suitable for casual recreation as well as sections where conditions change with rainfall. Water levels can fluctuate quickly.</p>,Fishing Information,<p>Anglers visit the Rockfish River for its scenic setting and seasonal fishing opportunities. Access points vary in ease and visibility.</p>,Planning Notes,<p>Visitors should be mindful of changing water conditions and respect private property along the river corridor.</p>,Water Sports; Fishing,FALSE,https://www.google.com/maps/search/?api=1&query=Rockfish%20River%20Access%205156%20Rockfish%20Valley%20Highway%20Afton%20VA%2022920
104,Lake Nelson,lake-nelson,Canoeing,outdoor,Arrington,"Lake Nelson is a 40-acre impoundment located in Nelson County, Virginia. This reservoir is owned by the Virginia Department of Game and Inland Fisheries (VDGIF) and is managed primarily for fisheries related activities. Facilities available at this reservoir are a boat ramp, parking area and portable toilets which are available March-September. The lake is open 24 hours a day.

Outboard motor use is prohibited but electric motors are permitted.",,,https://ik.imagekit.io/OE/nelson-county/listings/lake-nelson-image1_ntx7GII0I,"Calm lake reflecting cloudy sky, surrounded by dense forest, distant mountains visible.",,,,,https://nelsoncounty.com/explore/lake-nelson/,(434) 263-7015,801 Lake Nelson LaneArrington VA 22922,josh,,,https://www.google.com/maps/search/?api=1&query=801%20Lake%20Nelson%20LaneArrington%20VA%2022922,,,,,,,,,,,,,,Water Sports; Fishing,FALSE,https://www.google.com/maps/search/?api=1&query=801%20Lake%20Nelson%20LaneArrington%20VA%2022922
40,Dickie Brothers Orchard,dickie-brothers-orchard,Farms & Orchards,experience,Roseland,"One of Virginia’s Century Farms. Apple varieties include: Gala, Paula Red, McIntosh, Red and Golden Delicious, Empire, Winesap, Stayman, Rome, Granny Smith and Fuji. Other products include cider, sweet potatoes, plums, apple butter and pumpkins.

Pick-your-own includes: Raspberries in June, Blackberries in mid-July, Honeycrisp Apples in late August, and PYO Apples (various varieties) 7 days a week (weather permitting) from 2nd week in September through the 2nd week of November. Picking containers and bags provided.",,,https://ik.imagekit.io/OE/nelson-county/listings/dickie-brothers-orchard-image1_mgGfsUOkW,"Child in dress standing by Dickie Bros Orchard sign, rustic background.",https://ik.imagekit.io/OE/nelson-county/listings/dickie-brothers-orchard-image2_CzMZz9sVs,Pumpkins and colorful flowers displayed outside rustic wooden building with American flag.,,,https://dickiebrothers.com/,(434) 277-5516,"2685 Dickie Road, Roseland, VA 22967",josh,,,https://www.google.com/maps/dir/?api=1&destination=2685%20Dickie%20Road%2C%20Roseland%2C%20VA%2022967,,,,,,,,,,,,,,Farm; Cider; Local Ingredients; Tastings,FALSE,https://www.google.com/maps/dir/?api=1&destination=2685%20Dickie%20Road%2C%20Roseland%2C%20VA%2022967
41,Drumheller's Orchard,drumhellers-orchard,Farms & Orchards,experience,Lovingston,"The apple packing shed showcases Red and Golden Delicious, Stayman, Winesap, Rome, York and Granny Smith, Black Twig and Albemarle Pippin varieties. Find pumpkins, cider, apple butter and honey too. Special events and festivals in the fall. Baked goods and many other farm products like honey, apple butter and ham round out the selection.

Bus tours and school groups welcome – advance notice is appreciated. Pet-friendly.",,,https://ik.imagekit.io/OE/nelson-county/listings/drumheller-s-orchard-image1_lGFwTv4Vd,Pink and white blossoms on a branch against a clear blue sky.,,,,,https://www.drumhellersorchard.com/,(434) 263-5036,"1130 Drumheller Orchard Lane, Lovingston, VA 22949",josh,,,https://www.google.com/maps/dir/?api=1&destination=1130%20Drumheller%20Orchard%20Lane%2C%20Lovingston%2C%20VA%2022949,,,,,,,,,,,,,,Bakery; Cider; Farm; Pet Friendly; Local Ingredients; Tastings,FALSE,https://www.google.com/maps/dir/?api=1&destination=1130%20Drumheller%20Orchard%20Lane%2C%20Lovingston%2C%20VA%2022949
42,Saunders Brothers Farm Market,saunders-brothers-farm-market,Farms & Orchards,experience,Piney River,"Saunders Brothers Farm Market is a family owned business that takes pride in offering our customer service with a smile! We grow quality peaches, apples, Asian pears, vegetables, flowering shrubs, annuals and perennials. You can find these products and much more at our retail Farm Market, located just five miles from our orchard in Piney River.

Stop by and stock up on beef and pork, baked goods, salsa, cider, or jam and in season hand-made wreaths. Try our mouth-watering peach ice cream from Homestead Creamery and visit our onsite farm antique museum! We offer something for everyone including Kids on the Farm in the Summer, live music and an event every Saturday. We work hard to make our Farm Market a quality stop for our customers! We’re open May to December, Monday through Saturday, from 9-6 until Daylight Savings and 9-5 afterwards. See our website, Instagram or Facebook for more details. We look forward to you visiting our Farm Market.",,,https://ik.imagekit.io/OE/nelson-county/listings/saunders-brothers-farm-market-image1_f1AEM7MxN,American flag waves outside rustic store with produce sign and wooden facade.,,,,,https://www.saundersbrothers.com/,(434) 277-5455,"2717 Tye Brook Highway, Piney River, VA 22964",josh,,,https://www.google.com/maps/dir/?api=1&destination=2717%20Tye%20Brook%20Highway%2C%20Piney%20River%2C%20VA%2022964,,,,,,,,,,,,,,Farm; Market; Desserts; Bakery; Local Ingredients; Family Friendly; Museum; Water Sports,FALSE,https://www.google.com/maps/dir/?api=1&destination=2717%20Tye%20Brook%20Highway%2C%20Piney%20River%2C%20VA%2022964
133,Big Arms Farm,big-arms-farm,Farms & Orchards,community,Lovingston,"Sustainably Grown Cut Flowers, Vegetables, Fruits & Grass Fed Beef Come visit us at the Nelson Farmers Market, where you can design your own beautiful bouquet, try unusual foods such as native paw paws, hickory smoked peppers and seedless che fruit or order a custom-made dried flower wreath.",,,https://ik.imagekit.io/OE/nelson-county/listings/big-arms-farm-image1_i2J6RcEih,Smiling couple under canopy surrounded by colorful flowers.,,,,,,(434) 263-7015,"Nelson Farmers Market Cooperative, 868 Front Street, Lovingston, VA 22949",josh,,,https://www.google.com/maps/dir/?api=1&destination=Nelson%20Farmers%20Market%20Cooperative%2C%20868%20Front%20Street%2C%20Lovingston%2C%20VA%2022949,,,,,,,,,,,,,,Market; Farm; Local Ingredients,FALSE,https://www.google.com/maps/dir/?api=1&destination=Nelson%20Farmers%20Market%20Cooperative%2C%20868%20Front%20Street%2C%20Lovingston%2C%20VA%2022949
134,Caldwell Farms,caldwell-farms,Farms & Orchards,experience,Lovingston,"You pick flower farm in beautiful Nelson County, VA.",,,https://ik.imagekit.io/OE/nelson-county/listings/caldwell-farms-image1_FWxJVDAqM,Colorful bouquet of flowers with green fields in the background.,,,,,,(770) 401-0390,"394 Stagebridge Road, Lovingston, VA 24590",josh,,,https://www.google.com/maps/dir/?api=1&destination=394%20Stagebridge%20Road%2C%20Lovingston%2C%20VA%2024590,,,,,,,,,,,,,,Seasonal Menu; Retail; Farm; Local Ingredients,FALSE,https://www.google.com/maps/dir/?api=1&destination=394%20Stagebridge%20Road%2C%20Lovingston%2C%20VA%2024590
135,Davis Creek Farm,davis-creek-farm,Farms & Orchards,experience,Lovingston,Davis Creek Farm is a sixty-acre working family farm located in a pristine hollow in the Blue Ridge Mountains of Virginia.,,,https://ik.imagekit.io/OE/nelson-county/listings/davis-creek-farm-image1_lUORCOvoM,"Horses grazing in a lush, green pasture with a forest background.",,,,,,(434) 249-4333,"4670 Davis Creek Lane, Lovingston, VA 22949",josh,,,https://www.google.com/maps/dir/?api=1&destination=4670%20Davis%20Creek%20Lane%2C%20Lovingston%2C%20VA%2022949,,,,,,,,,,,,,,Farm; Local Ingredients,FALSE,https://www.google.com/maps/dir/?api=1&destination=4670%20Davis%20Creek%20Lane%2C%20Lovingston%2C%20VA%2022949
136,Deer Creek Farm,deer-creek-farm,Farms & Orchards,experience,Roseland,"Custom beef and lamb by whole, half, or quarter.",,,https://ik.imagekit.io/OE/nelson-county/listings/deer-creek-farm-image1_qTXfWgAfq,Grilled steak sizzling on open flame with rosemary garnish.,,,,,,(434) 277-9104,"3764 Lowesville Road, Lowesville, VA 22967",josh,,,https://www.google.com/maps/dir/?api=1&destination=3764%20Lowesville%20Road%2C%20Lowesville%2C%20VA%2022967,,,,,,,,,,,,,,Order Pickup; Farm; Local Ingredients,FALSE,https://www.google.com/maps/dir/?api=1&destination=3764%20Lowesville%20Road%2C%20Lowesville%2C%20VA%2022967
137,Edible Landscaping,edible-landscaping,Farms & Orchards,experience,Afton,"Located high in the foothills of the Blue Ridge Mountains, you’ll find plants and trees that produce edible food – berries, nuts, fruits, herbs; items that we distribute worldwide.",,,https://ik.imagekit.io/OE/nelson-county/listings/edible-landscaping-image1_nVFTmhRf7,Hand picking ripe blackberries from bush with green leaves.,,,,,,(434) 361-9134,"361 Spirit Ridge Lane, Afton, VA 22920",josh,,,https://www.google.com/maps/dir/?api=1&destination=361%20Spirit%20Ridge%20Lane%2C%20Afton%2C%20VA%2022920,,,,,,,,,,,,,,Organic; Order Pickup; Farm; Local Ingredients,FALSE,https://www.google.com/maps/dir/?api=1&destination=361%20Spirit%20Ridge%20Lane%2C%20Afton%2C%20VA%2022920
138,Fitzgerald Farms,fitzgerald-farms,Farms & Orchards,experience,Arrington,Pick-Your-Own Pumpkins during the fall season and sweet corn during the summer.,,,https://ik.imagekit.io/OE/nelson-county/listings/fitzgerald-farms-image1_XtoAg2MWJ,"Child sitting among numerous bright orange pumpkins, wearing pink overalls.",,,,,,(434) 277-8047,"4850 Tye Brook Highway, Arrington, VA 22922",josh,,,https://www.google.com/maps/dir/?api=1&destination=4850%20Tye%20Brook%20Highway%2C%20Arrington%2C%20VA%2022922,,,,,,,,,,,,,,Farm; Desserts; Fishing,FALSE,https://www.google.com/maps/dir/?api=1&destination=4850%20Tye%20Brook%20Highway%2C%20Arrington%2C%20VA%2022922
139,Fitzgerald's Orchard,fitzgeralds-orchard,Farms & Orchards,experience,Tyro,"Red and Golden Delicious, Gala, Rome, Granny Smith, Fuji and Pink Lady’s apples available in season.",,,https://ik.imagekit.io/OE/nelson-county/listings/fitzgerald-s-orchard-image1_NO_6fucxa,Red and yellow apples on leafy tree branch under blue sky.,,,,,,(434) 277-5798,"728 Harpers Creek Lane, Tyro, VA 22976",josh,,,https://www.google.com/maps/dir/?api=1&destination=728%20Harpers%20Creek%20Lane%2C%20Tyro%2C%20VA%2022976,,,,,,,,,,,,,,Seasonal Menu; Farm; Scenic Views; Local Ingredients,FALSE,https://www.google.com/maps/dir/?api=1&destination=728%20Harpers%20Creek%20Lane%2C%20Tyro%2C%20VA%2022976
141,Hungry Hill Farm,hungry-hill-farm,Farms & Orchards,experience,Shipman,Our farm is open year around for visitors and groups.,,,https://ik.imagekit.io/OE/nelson-county/listings/hungry-hill-farm-image1_N-4ZiI8f5,"Bee sipping liquid from glass rim, close-up, detailed, blurred background.",,,,,,(434) 263-5336,"89 Williamstown Road, Shipman, VA 22971",josh,,,https://www.google.com/maps/dir/?api=1&destination=89%20Williamstown%20Road%2C%20Shipman%2C%20VA%2022971,,,,,,,,,,,,,,Farm; Retail,FALSE,https://www.google.com/maps/dir/?api=1&destination=89%20Williamstown%20Road%2C%20Shipman%2C%20VA%2022971
143,Lost Point Farm,lost-point-farm,Farms & Orchards,community,Arrington,"Situated on a rocky knob above the Tye River, Lost Point Farm was established in 2010. All herbs and produce are grown without the use of synthetic fertilizers or pesticides for our friends and neighbors in Arrington and the close surrounding area. By appointment only. Arrington, VA 22922 Locally owned convenience and gas store. The Deli is open for breakfast and lunch.

Specialties include fried chicken, subs, and deli salads.",,,https://ik.imagekit.io/OE/nelson-county/listings/lost-point-farm-image1_ysMce9Xxm,White flowers in front of wooden cabin surrounded by lush greenery.,,,,,,(434) 263-7015,"Arrington, VA 22922",josh,,,https://www.google.com/maps/dir/?api=1&destination=Arrington%2C%20VA%2022922,,,,,,,,,,,,,,Order Pickup; Scenic Views; Farm; Local Ingredients; Water Sports,FALSE,https://www.google.com/maps/dir/?api=1&destination=Arrington%2C%20VA%2022922
145,Pharsalia,pharsalia,Farms & Orchards,experience,Tyro,"Built in 1814 at the foot of dePriest Mountain in Nelson County, Virginia, by William Massie, Pharsalia commands stunning views and is surrounded by original outbuildings and lovely gardens. Pharsalia is rich in history with a picturesque setting like no other and is on the National Register of Historic Place and the Virginia Landmarks Register.

Pharsalia, owned by descendants of the Massie family, continues to carry on the tradition of grace and eloquence along with a connection with the land. It is a working farm with orchards and extensive vegetable and flower gardens. Pharsalia is not open to the public, but will schedule group tours with prior arrangement. Events such as weddings, family gatherings and corporate retreats may be arranged at Pharsalia. Several flower-arranging workshops are scheduled throughout the year. 2333 Pharsalia Rd.",,,https://ik.imagekit.io/OE/nelson-county/listings/pharsalia-image1_cVhWdTBSo,"White house surrounded by colorful trees, with mountains in the background.",,,,,,(434) 277-5231,"2333 Pharsalia Road, Tyro, VA 22976",josh,,,https://www.google.com/maps/dir/?api=1&destination=2333%20Pharsalia%20Road%2C%20Tyro%2C%20VA%2022976,,,,,,Overview,"<p>Pharsalia is a historic hilltop estate overlooking the Rockfish Valley. The property is known for its architecture, long history, and expansive views of the surrounding countryside.</p>",Historic Context,"<p>The estate dates to the early 19th century and reflects the agricultural and social history of the region. Over time, the property has served a variety of cultural and community roles.</p>",Visiting Notes,<p>Public access to Pharsalia is limited and typically associated with scheduled events or special openings.</p>,,,Events; Farm; Scenic Views; Retail; Local Ingredients,FALSE,https://www.google.com/maps/dir/?api=1&destination=2333%20Pharsalia%20Road%2C%20Tyro%2C%20VA%2022976
146,Robinia Institute,robinia-institute,Farms & Orchards,experience,Wingina,"FROM THE SOUL TO THE SOIL Reawakening the Wild Founded in 2017 as the educational and consulting center of Timshel Wildland , a 400-acre process-led & emergent conservation landscape in Virginia, Robinia’s mission is to advocate , educate , and demonstrate the abundance, joy, and regenerative power of holistically managed and wild living systems.",,,https://ik.imagekit.io/OE/nelson-county/listings/robinia-institute-image1_neYzCA4xW,Person in hat tending plants in a lush green field.,,,,,,(330) 310-1475,"530 James River Road, Wingina, VA 24599",josh,,,https://www.google.com/maps/dir/?api=1&destination=530%20James%20River%20Road%2C%20Wingina%2C%20VA%2024599,,,,,,,,,,,,,,Educational; Retail; Farm; Local Ingredients,FALSE,https://www.google.com/maps/dir/?api=1&destination=530%20James%20River%20Road%2C%20Wingina%2C%20VA%2024599
147,Rose Isle Farm,rose-isle-farm,Farms & Orchards,experience,Roseland,"At the foot of the Blue Ridge Mountains in Roseland, Virginia, Massie and Joyce Saunders of Rose Isle Farm raise beef with a difference – Beer Beef. The cattle at Rose Isle Farm are fed spent mash from Blue Mountain Barrel House Brewery, a perfect marriage of recycling and animal husbandry for Rose Isle Farm and this local Nelson County brewery.

By including the spent brewer grains as supplemental feed and raising the cattle on large rolling green pastures and clear mountain water, Rose Isle Farm’s beef is winning rave reviews and repeat customers. Feeding this protein-packed supplement translates to better health for the cattle and beef with a difference you will love to taste.. again and again. Store-bought beef will be a thing of the past, once you’ve tried Rose Isle Farm Beer Beef. Call us today to order. Visits by Appointment Only.",,,https://ik.imagekit.io/OE/nelson-county/listings/rose-isle-farm-image1_t283CgSR-,"Farm with silo, red roofs, green fields, and hazy mountains in the background.",,,,,,(434) 277-8574,"329 Crabtree Falls Highway, Roseland, VA 22967",josh,,,https://www.google.com/maps/dir/?api=1&destination=329%20Crabtree%20Falls%20Highway%2C%20Roseland%2C%20VA%2022967,,,,,,,,,,,,,,Beer; Farm; Local Ingredients; Tastings,FALSE,https://www.google.com/maps/dir/?api=1&destination=329%20Crabtree%20Falls%20Highway%2C%20Roseland%2C%20VA%2022967
148,Seamans' Orchard,seamans-orchard,Farms & Orchards,experience,Roseland,"Nestled at the foot of the Blue Ridge Mountains, Seamans’ Orchard is a fourth generation farm. The farm grows the finest apples, blueberries, cherries, and strawberries mother nature will allow. Pick-your-own or pre-picked strawberries upon request beginning May. Pick-your-own cherries and blueberries in June. Pick-your-own apples in the fall on select weekends.

Call for hours and availability. No pets please, service dogs only.",,,https://ik.imagekit.io/OE/nelson-county/listings/seamans-orchard-image1__NNqdOH0h,"Cherries, blueberries, strawberries in clear containers on a wooden table.",,,,,,(434) 277-8130,"415 Dark Hollow Road, Roseland, VA",josh,,,https://www.google.com/maps/dir/?api=1&destination=415%20Dark%20Hollow%20Road%2C%20Roseland%2C%20VA%2022967,,,,,,,,,,,,,,Farm; Market; Scenic Views; Family Friendly,FALSE,https://www.google.com/maps/dir/?api=1&destination=415%20Dark%20Hollow%20Road%2C%20Roseland%2C%20VA%2022967
149,Silver Creek and Seamans' Orchards,silver-creek-and-seamans-orchards,Farms & Orchards,experience,Roseland,"The packing shed offers Empire, Gala, Jonathan, Red and Golden Delicious, York, Winesap, Red Rome, Stayman, Pippin, Jonagold and Pink Lady apples. Also apple butter, cider, honey, jellies, and pumpkins. Check the event calendar for information on festivals and “Pick your Own” days.",,,https://ik.imagekit.io/OE/nelson-county/listings/silver-creek-and-seamans-orchards-image1_pv2iDWEdx,Crates of colorful apples displayed inside a rustic market setting.,,,,,,(434) 277-5824,"5529 Crabtree Falls Highway in Tyro, VA",josh,,,https://www.google.com/maps/dir/?api=1&destination=5529%20Crabtree%20Falls%20Highway%2C%20Tyro%2C%20VA%2022976,,,,,,,,,,,,,,Cider; Local Ingredients; Events; Farm; Tastings,FALSE,https://www.google.com/maps/dir/?api=1&destination=5529%20Crabtree%20Falls%20Highway%2C%20Tyro%2C%20VA%2022976
150,Silver Creek Orchards,silver-creek-orchards,Farms & Orchards,experience,Tyro,"Silver Creek Orchards is a seventh generation family owned farm that offers over 20 varieties of apples, as well as wine grapes and beef cattle. Open for Pick-your-own on second weekend in September and second weekend in October.

During the second weekends in September and October, Silver Creek Orchards offers pick-your-own apples, one of our favorite events of the year where you can enjoy the gorgeous mountain air while picking some of Silver Creek Orchard’s delicious apples.",,,https://ik.imagekit.io/OE/nelson-county/listings/silver-creek-orchards-image1_jTNIexbgs,"Crates filled with red apples in sunlight, stacked outdoors.",,,,,,(434) 277-5865,"3679 Pharsalia Road, Tyro, VA 22976",josh,,,https://www.google.com/maps/dir/?api=1&destination=3679%20Pharsalia%20Road%2C%20Tyro%2C%20VA%2022976,,,,,,,,,,,,,,Farm; Family Friendly; Scenic Views; Events,FALSE,https://www.google.com/maps/dir/?api=1&destination=3679%20Pharsalia%20Road%2C%20Tyro%2C%20VA%2022976
151,Silver Fox Lavender Farm,silver-fox-lavender-farm,Farms & Orchards,experience,Nellysford,"Selling lavender products, as well as home & garden, handmade wooden farm tables, mantles, and benches. Our annual Lavender Festival will be held in June when our lavender field is in full bloom! Workshop Wednesday hours will be posted per scheduled class, and there will be yoga classes as well. Our Post & Beam Barn hosts micro weddings, parties & fun workshops!",,,https://ik.imagekit.io/OE/nelson-county/listings/silver-fox-lavender-farm-image1_OhRtsVHYZ,Barn and field under cloudy sky with mountain in background.,,,,,,(540) 903-2750,"877 Glenthorne Loop, Nellysford, VA 22958",josh,,,https://www.google.com/maps/dir/?api=1&destination=877%20Glenthorne%20Loop%2C%20Nellysford%2C%20VA%2022958,,,,,,,,,,,,,,Events; Farm; Retail,FALSE,https://www.google.com/maps/dir/?api=1&destination=877%20Glenthorne%20Loop%2C%20Nellysford%2C%20VA%2022958
152,The Apple Shed,the-apple-shed,Farms & Orchards,experience,Lovingston,"Get fresh, local apples and pumpkins. Fuji, old-fashioned Winesap, Stamens and many others. Also apple, pear and plum butters, oysters, and grain fed beef. Pre cut Christmas Trees available after Thanksgiving. Small intimate weddings in the Apple Chapel by a licensed marriage celebrant.

Call for details: 434-263-8843 On Hwy 29, one mile south of Route 6 West.",,,https://ik.imagekit.io/OE/nelson-county/listings/the-apple-shed-image1_qF6IcNkNQ,"Red sign with white apple design, text reads 'The Apple Shed.'",,,,,,(434) 263-8843,"14815 Thomas Nelson Highway, Lovingston, VA 22949",josh,,,https://www.google.com/maps/dir/?api=1&destination=14815%20Thomas%20Nelson%20Highway%2C%20Lovingston%2C%20VA%2022949,,,,,,,,,,,,,,Market; Seasonal Menu; Local Ingredients; Farm,FALSE,https://www.google.com/maps/dir/?api=1&destination=14815%20Thomas%20Nelson%20Highway%2C%20Lovingston%2C%20VA%2022949
153,Tinkerland Farm,tinkerland-farm,Farms & Orchards,experience,Roseland,"Tinkerland Farm is a family farm located across the road from Bryant Ln on Rt 151 in Nelson County, Virginia. It is named after the late Tinker Bryant(Frank George Jr.) who lived on Bryant Ln and worked as the rural letter carrier out of Roseland postoffice for many years.

He is survived by two of his daughters, Rebecca Moyer who owns A Bryant Family Farm on Bryant Lane, and Sarah Loken who owns Tinkerland Farm on the East side of Rt.151. We are currently selling chestnuts at Tinkerland Farm during this fall season: from October 1st going through early November. We accept payment in the form of cash or check. Pre-picked chestnuts are $14.99 for a 2.5 lb bag. Pick-your-own chestnuts are $2.5 per lb.",,,https://ik.imagekit.io/OE/nelson-county/listings/tinkerland-farm-image1_GJCn3JIgk,Roasted chestnuts with golden interior on blue background.,,,,,,(434) 277-3600,"Bryant Lane & Route 151, Roseland, VA 22967",josh,,,https://www.google.com/maps/dir/?api=1&destination=Bryant%20Lane%20%26%20Route%20151%2C%20Roseland%2C%20VA%2022967,,,,,,,,,,,,,,Farm; Seasonal Menu; Family Friendly; Local Ingredients,FALSE,https://www.google.com/maps/dir/?api=1&destination=Bryant%20Lane%20%26%20Route%20151%2C%20Roseland%2C%20VA%2022967
154,Turnip the Beets Farm,turnip-the-beets-farm,Farms & Orchards,community,Gladstone,"Our small farm business is owned and operated by Shane and Beverly Spanninger. A couple of love birds that decided to turn their dreams of sustainable farming and living into their reality. They have two wonderful young children and are so happy to be raising them not only surrounded by tons of love but surrounded by fields of flowers and fresh food as well.

We grow an assortment of flowers and and vegetables in an earth friendly manner on our small 8 acre farm in Nelson County Virginia. We pride ourselves on growing without any chemical fertilizers, pesticides or herbicides. We grow biodynamicaly to protect the land and to provide the highest quality food and flowers. We also sell at the Nelson Farmers Market on Saturdays from 8am to noon. We also sell at the Lynchburg Community Market on Saturdays from 7am to 2pm and on Wednesdays from 10am to 2pm. We do weekly doorstep flower deliveries in particular neighborhoods and provide wholesale options for fresh cut flowers for events and produce for restaurants.",,,https://ik.imagekit.io/OE/nelson-county/listings/turnip-the-beets-farm-image1_V-DMMdF30q,Assorted colorful tomatoes in blue cartons at a market.,,,,,,(434) 944-9467,"110 Boltons Place, Gladstone, VA 24553",josh,,,https://www.google.com/maps/dir/?api=1&destination=110%20Boltons%20Place%2C%20Gladstone%2C%20VA%2024553,,,,,,,,,,,,,,Market; Events; Farm; Local Ingredients,FALSE,https://www.google.com/maps/dir/?api=1&destination=110%20Boltons%20Place%2C%20Gladstone%2C%20VA%2024553
155,Virginia Chestnuts,virginia-chestnuts,Farms & Orchards,experience,Shipman,"We’re providers of quality, Virginia-grown chestnuts, located in beautiful Nelson County. Our orchard is maturing and so is our production. Watch for new products and photos this year.",,,https://ik.imagekit.io/OE/nelson-county/listings/virginia-chestnuts-image1_ZMRjy4HK4,"Young trees in a grassy field, mountains in the background under blue sky.",,,,,,(434) 277-3600,"5990 Wheeler Cove Road, Shipman, VA 22971",josh,,,https://www.google.com/maps/dir/?api=1&destination=5990%20Wheeler%20Cove%20Road%2C%20Shipman%2C%20VA%2022971,,,,,,,,,,,,,,Farm; Seasonal Menu; Family Friendly; Local Ingredients,FALSE,https://www.google.com/maps/dir/?api=1&destination=5990%20Wheeler%20Cove%20Road%2C%20Shipman%2C%20VA%2022971
171,Mars Knob Farm,marsknob,Farms & Orchards,experience,Roseland,"My husband and I bought my family farmhouse in 2009. It was built in the 1800s and sits on 200+ acres in Roseland, VA. We decided that we wanted to take things back to the way they used to be. Natural, no chemicals and limited ingredients.

We embrace the beauty of small-scale production, so each item is unique and made in small batches right in our home, ensuring a personal touch in everything we create. marsknobfarm@gmail.com Roseland, VA 22967 My husband and I bought my family farmhouse in 2009. It was built in the 1800s and sits on 200+ acres in Roseland, VA. We decided that we wanted to take things back to the way they used to be. Natural, no chemicals and limited ingredients. Roseland, VA 22967 Inglewood Farm Deer Creek Farm Montebello Fish Hatchery Veritas Vineyards & Winery Mountain and Vine Winery Blue Mountain Brewery Basic Necessities",,,https://ik.imagekit.io/OE/nelson-county/listings/mars-knob-farm-image1_-aoc7JgX_,"Floral emblem with text 'MARS KNOB FARM, NATURE & BEAUTY' on beige background.",,,,,,,"Roseland, VA 22967",WG,,,https://www.google.com/maps/dir/?api=1&destination=Roseland%2C%20VA%2022967,,,,,,,,,,,,,,Farm; Family Friendly; Local Ingredients,FALSE,https://www.google.com/maps/dir/?api=1&destination=Roseland%2C%20VA%2022967
271,Eventide Farm,eventidefarm,Farms & Orchards,experience,Afton,"Small farm and Farm Stand in Nelson County Virginia. Flowers, produce, plants, baked goods, farm fresh eggs, herbs, soap, candles. 11254 Rockfish Valley Hwy Afton, VA 22920 eventidefarmva@gmail.com Small farm and Farm Stand in Nelson County Virginia.

Flowers, produce, plants, baked goods, farm fresh eggs, herbs, soap, candles. 11254 Rockfish Valley Hwy Afton, VA 22920 eventidefarmva@gmail.com Deer Creek Farm Montebello Fish Hatchery Veritas Vineyards & Winery Mountain and Vine Winery Blue Mountain Brewery Basic Necessities",,,https://ik.imagekit.io/OE/nelson-county/listings/eventide-farm-image1_UJELFrlDR,Family at pumpkin stand with holiday candles under white tent.,,,,,,(540) 705-3244,"11254 Rockfish Valley Highway, Afton, VA 22920",WG,,,https://www.google.com/maps/dir/?api=1&destination=11254%20Rockfish%20Valley%20Highway%2C%20Afton%2C%20VA%2022920,,,,,,,,,,,,,,Farm; Market; Seasonal Menu; Bakery; Baked Goods; Local Ingredients,FALSE,https://www.google.com/maps/dir/?api=1&destination=11254%20Rockfish%20Valley%20Highway%2C%20Afton%2C%20VA%2022920
273,Deep Sea Pete's Creekside Farm,deep-sea-petes-creekside-farm,Farms & Orchards,experience,Roseland,Log/Garden bed grown cultivated culinary mushrooms,,,https://ik.imagekit.io/OE/nelson-county/listings/deep-sea-pete-s-creekside-farm-image1_jdX269gOR,"Basket of mushrooms on wooden slats, stream in background.",https://ik.imagekit.io/OE/nelson-county/listings/deep-sea-pete-s-creekside-farm-image2_L7RgwL-GO,Assorted mushrooms with herbs on woven basket and wooden surface.,,,,(757) 560-8996,"1219 Perry Lane, Lovingston, VA 22949",WG,,,https://www.google.com/maps/dir/?api=1&destination=1219%20Perry%20Lane%2C%20Lovingston%2C%20VA%2022949,,,,,,,,,,,,,,Farm; Local Ingredients,FALSE,https://www.google.com/maps/dir/?api=1&destination=1219%20Perry%20Lane%2C%20Lovingston%2C%20VA%2022949
276,Gathered Threads,gathered,Farms & Orchards,experience,Roseland,"Gathered Threads is a small family farm-based business located on 6 acres in Nelson County, Virginia. Though not yet certified organic, we are personally dedicated to growing all plants sustainably without the use of any pesticides, insecticides, or chemical fertilizers.

Hope to see you at market! 1127 Jennys Creek Rd Roseland, VA 22967 gatheredthreadsllc@gmail.com Gathered Threads is a small family farm-based business located on 6 acres in Nelson County, Virginia. Though not yet certified organic, we are personally dedicated to growing all plants sustainably without the use of any pesticides, insecticides, or chemical fertilizers. Hope to see you at market! 1127 Jennys Creek Rd Roseland, VA 22967 gatheredthreadsllc@gmail.com Deer Creek Farm Montebello Fish Hatchery Veritas Vineyards & Winery Mountain and Vine Winery Blue Mountain Brewery Basic Necessities",,,https://ik.imagekit.io/OE/nelson-county/listings/gathered-threads-image1_FeSRjOoNK,Vegetable garden with rows of greenery and two greenhouses in the background.,,,,,,,"1127 Jennys Creek Road, Roseland, VA 22967",WG,,,https://www.google.com/maps/dir/?api=1&destination=1127%20Jennys%20Creek%20Road%2C%20Roseland%2C%20VA%2022967,,,,,,,,,,,,,,Market; Retail; Farm; Local Ingredients,FALSE,https://www.google.com/maps/dir/?api=1&destination=1127%20Jennys%20Creek%20Road%2C%20Roseland%2C%20VA%2022967
283,Galleywinter Farm,galleywinter,Farms & Orchards,experience,Afton,"Galleywinter Farm is a sanctuary for healing, horsemanship and creative process. At the base of the Blue Ridge Mountains in Afton, Virginia, this working horse farm provides private and pastoral surroundings so conducive to the health and nutrition counseling, lessons in horsemanship, equine therapy, and nature therapy that take place here.

We are so pleased to provide beautiful workspaces, healthy meals and sleeping accommodations for your Restorative Stay, your Creative or Educational Retreats. INDIVIDUAL HEALTH RETREATS & GETAWAYS | YOGA CLASSES | BODYWORK | HOSTING GUEST TEACHERS & HEALERS IN THE STUDIO | FARM STAYS & CAMPING | WRITER'S and ARTISTS RETREATS & RESIDENCIES | NATURE-BASED HEALING | PLANT SANCTUARY | ZEN DECK | MEDITATION WITH HORSES Customized health retreats: Counseling is available to ground or enhance your visit. Ask about nutrition, fitness, stress management, communication and relationship-building, body-wise approaches to alignment, sovereignty and empowerment; horse-wise sessions to become more aware of your personal space, your influence within and around you, emotional states and co-regulating. *Lodging descriptions are provided by the host and not independently verified. Contact Gail Todter, Ph.D, gail@leadingforth.com Staff on Site? No Pet-Friendly? No Located in Afton",,,https://ik.imagekit.io/OE/nelson-county/listings/galleywinter-farm-image1_RGBNG08oV,"Farm sign on rustic wooden post, surrounded by pink flowers and greenery.",https://ik.imagekit.io/OE/nelson-county/listings/galleywinter-farm-image2_r9qXWOU9ke,"Bathtub with rose petals in forest, surrounded by green trees.",https://ik.imagekit.io/OE/nelson-county/listings/galleywinter-farm-image3_CyJ4_PP99,"Wooden room with bed, rocking chairs, table, and natural light through large windows.",,,"Afton, VA 22920",WG,,,https://www.google.com/maps/dir/?api=1&destination=Afton%2C%20VA%2022920,,,,,,,,,,,,,,Farm; Equestrian; Local Ingredients,FALSE,https://www.google.com/maps/dir/?api=1&destination=Afton%2C%20VA%2022920
383,Queen Oaks Farm,queenoaksfarm,Farms & Orchards,experience,Schuyler,"Thanks for visiting us here at L&B Farms. My name is Lauren Shifflett, and my husband and I manage our small farm here in Schuyler, Virginia. I have always dreamed of running my own homestead as I have always had a passion for animals and desire to be self sufficient. Over the last year I have maintained my sourdough starters and baked a variety of different sourdough items that we love.

Turns out, a lot of other people love them too so I completed my Food Handler's Certification and began a small in home bakery offering a multiple list of baked goods.",,,https://ik.imagekit.io/OE/nelson-county/listings/queen-oaks-farm-image1_fuxgxACcR,"Pumpkin-shaped bread with a cinnamon stick stem, held in hand.",,,,,,,"Schuyler, VA 22969",WG,,,https://www.google.com/maps/dir/?api=1&destination=Schuyler%2C%20VA%2022969,,,,,,,,,,,,,,Baked Goods; Bakery; Farm; Local Ingredients; Market,FALSE,https://www.google.com/maps/dir/?api=1&destination=Schuyler%2C%20VA%2022969
384,Three Trees Farm,threetreesfarm,Farms & Orchards,experience,Nelson 29,"Our story is deeply rooted in our love for nature and sustainable farming practices. We are dedicated to providing the freshest and highest quality produce and meats to our customers. We are passionate about organic agriculture and are committed to bringing the best of our farm to your table. Walkers Mountain Arrington, VA 571-268-0478 Locally owned convenience and gas store.

The Deli is open for breakfast and lunch. Specialties include fried chicken, subs, and deli salads.",,,https://ik.imagekit.io/OE/nelson-county/listings/three-trees-farm-image1_fJWvUI8kJ,Silhouette of three trees and mountains on orange circular background.,https://ik.imagekit.io/OE/nelson-county/listings/three-trees-farm-image2_O2cJxikgn,People sorting vegetables on tables against red wooden barn.,,,,(571) 268-0478,"Walkers Mountain, Arrington, VA",WG,,,https://www.google.com/maps/dir/?api=1&destination=Walkers%20Mountain%2C%20Arrington%2C%20VA,,,,,,,,,,,,,,Organic; Scenic Views; Local Ingredients; Farm,FALSE,https://www.google.com/maps/dir/?api=1&destination=Walkers%20Mountain%2C%20Arrington%2C%20VA
105,Fishing the Tye River,fishing-the-tye-river,Fishing,outdoor,Tyro,"The Tye River is a 35.4-mile-long tributary of the James River in central Virginia originating on the eastern slope of the Blue Ridge Mountains in Nelson County, and is fed by the Piney and Buffalo rivers. It joins with the James River near Norwood, in Nelson County, VA.

The Tye River is home to dozens of species of fish and other aquatic life, including largemouth bass, smallmouth bass and bluegill. Browns, rainbows and brooks can be taken on a fly by the studious angler. The Tye River is also stocked with catchable-sized trout periodically by the Virginia Department of Wildlife Resources from October through May. (See the Trout Stocking Plan and Schedule ) Virginia Fishing License required. Trout license also required between October 1 and June 15. Public Access points to the Tye River include along Route 56 bridges, from the bridge on Cub Creek Rd. off Rt. 56… however be aware that permission may be needed from private property owners for nearby car parking. Photo credit: Wyatt Greene With headwaters beginning high in the Blue Ridge Mountains and the George Washington National Forest, the Tye River is one of the most beautiful whitewater streams in Virginia. The river begins at the end of two mountain passes, the North Fork and South Fork, at the foot of a mountain. It travels for about 34 miles through Nelson County, through beautiful scenery, with mountain, valley and pastoral views. The upper section can have strong whitewater for advanced paddlers, and the middle and lower sections, moderate whitewater on a seasonal basis. The rapids are rated Class I to Class II+. Depending upon water conditions, some rapids on the Tye River can approach Class III to IV. 8.5 mile distance, normally canoeable in the winter, for an average of 15-18 days/yr. Difficulty 2-4. Excellent scenery. Hazards include a low-water bridge, and several Class 4 rapids on right turns. 13.5 mile distance, normally canoeable in the winter and early spring, for an average of 55-60 days/yr. Difficulty 1-2. Very good scenery. Hazards include barbed wire fences across the stream, and a seven-foot dam just below takeout. Takeout on the right bank, downstream of Rt. 29 and ABOVE the seven-foot dam about 200 yards below the bridge. (long uphill carry) 11.5 mile distance, normally canoeable in winter, spring and early summer, for an average of 100-115 days/yr. Difficulty 1,2,3. Very good scenery. Put-in, at Rt. 29, below the seven-foot dam. Alternatively, get permission to cross private property at Rt.739 bridge crossing for a shorter carry. 1.5 mile distance, normally canoeable only in winter, following a prolonged wet period, for an average of 5-6 days/yr. Difficulty 3-4. Very good scenery. Hazards: continuous, strong rapids, with an impassable rapid upstream from the bridge put-in. Rocks and boulders abound, seek full information on this section before attempting. Information above excerpted from: V irginia Whitewater – A Paddler’s Guide to the Rivers of Virginia by H. Roger Corbett. Lower Shamokin Falls Trail Blue Mountain Brewery Basic Necessities",,,https://ik.imagekit.io/OE/nelson-county/listings/fishing-the-tye-river-image1_abPBDA5QU,"Person holding brown trout over water surface, visible scales and spots.",,,,,,(434) 263-7015,"Route 56 River Access, Tyro, VA 22976",josh,,,https://www.google.com/maps/dir/?api=1&destination=Route%2056%20River%20Access%2C%20Tyro%2C%20VA%2022976,,,,,,,,,,,,,,Scenic Views; Water Sports; Fishing,FALSE,https://www.google.com/maps/dir/?api=1&destination=Route%2056%20River%20Access%2C%20Tyro%2C%20VA%2022976
106,Fishing the James River,fishing-the-james-river,Fishing,outdoor,Wingina,"From the confluence of the Jackson and Cowpasture Rivers in Botetourt County, downstream to Richmond, the James River offers a wide range of angling opportunities and settings. Smallmouth bass are the dominant game species, but spotted and largemouth bass can also be caught. Smallmouth bass fishing can be good throughout the river.

Both the mountain sections (upstream from Lynchburg) and the piedmont sections (between Lynchburg and Richmond) generally provide good fishing. Other species are also plentiful in the James River, including channel catfish, flathead catfish, and various sunfish species (redbreast, bluegill, and rock bass). Flathead catfish appear to be more numerous upstream from Lynchburg, and channel catfish are more numerous below Lynchburg. Muskies are also annually stocked in the James. These fish are scarce, but some very large fish can be caught. Most of the muskies are found upstream from Lynchburg. Overall, the James River offers an excellent fishing opportunity for whatever you might want. Canoeing is the best way to access the river. Small boats (such as john boats) can also be used at most access points. Bank and wade fishing access is also available throughout the river. Virginia Fishing License(s) are required. The area fronts one of the better stretches of the James River for fishing. Anglers land smallmouth bass, various sunfishes and channel catfish. This section of the river is popular for float fishing. A one-acre pond provides a variety of sunfish for those — perhaps with young anglers — not interested in fishing the river. The ramp access makes the area an excellent “put in” or “take out” point for James River canoeists. For fishermen, a number of trout stocked streams are nearby, west of the management area in Nelson County. A boat launching ramp provides year-round access to the James River. The area is located approximately 15 miles south-east of Lovingston in the southeastern portion of Nelson County, near the community of Wingina. Access is from State Route 56, between Lovingston and Buckingham Court House, on Route 626 travel easterly following road signs. The Virginia Department of Wildlife Resources requires an Access Permit for visitors to department-owned Wildlife Management Areas (WMAs) and public fishing lakes effective January 1, 2012, who are age 17 and older, unless they possess a valid Virginia hunting, freshwater fishing, or trapping license, or a current Virginia boat registration. One of Virginia’s newest state parks, James River State Park has 1,500 acres with three ponds for fishing: Branch Pond, Green Hill Pond and Taylor Pond in addition to freshwater fishing on the James River. Where fishing is permitted, valid Virginia fishing licenses are required. Specific licenses are required for saltwater and trout-water fishing. Please call the park in advance for specifics.",,,https://ik.imagekit.io/OE/nelson-county/listings/fishing-the-james-river-image1_acFgJjgeQ,Hand holding largemouth bass with lake and trees in background.,,,,,,(434) 933-4355,"Midway Boat Ramp, 106 Midway Lane, Wingina, VA 24599",josh,,,https://www.google.com/maps/dir/?api=1&destination=Midway%20Boat%20Ramp%2C%20106%20Midway%20Lane%2C%20Wingina%2C%20VA%2024599,,,,,,,,,,,,,,Boating; Fishing; Water Sports,FALSE,https://www.google.com/maps/dir/?api=1&destination=Midway%20Boat%20Ramp%2C%20106%20Midway%20Lane%2C%20Wingina%2C%20VA%2024599
107,Fishing the Little Piney River,fishing-the-little-piney-river,Fishing,outdoor,Lowesville,"Little Piney River is a stream located at the junction of Rt. 666 and Woodson, at the southern part of Nelson County near Lowesville, VA. Fishermen will find a variety of fish including largemouth bass, smallmouth bass and bluegill here. Be sure to check with Department of Wildlife Resources to ensure the stream is open to the public, and that you have the necessary fishing license.

Photo credit: Wyatt Greene With headwaters beginning high in the Blue Ridge Mountains and the George Washington National Forest, the Tye River is one of the most beautiful whitewater streams in Virginia. The river begins at the end of two mountain passes, the North Fork and South Fork, at the foot of a mountain. It travels for about 34 miles through Nelson County, through beautiful scenery, with mountain, valley and pastoral views. The upper section can have strong whitewater for advanced paddlers, and the middle and lower sections, moderate whitewater on a seasonal basis. The rapids are rated Class I to Class II+. Depending upon water conditions, some rapids on the Tye River can approach Class III to IV. 8.5 mile distance, normally canoeable in the winter, for an average of 15-18 days/yr. Difficulty 2-4. Excellent scenery. Hazards include a low-water bridge, and several Class 4 rapids on right turns. 13.5 mile distance, normally canoeable in the winter and early spring, for an average of 55-60 days/yr. Difficulty 1-2. Very good scenery. Hazards include barbed wire fences across the stream, and a seven-foot dam just below takeout. Takeout on the right bank, downstream of Rt. 29 and ABOVE the seven-foot dam about 200 yards below the bridge. (long uphill carry) 11.5 mile distance, normally canoeable in winter, spring and early summer, for an average of 100-115 days/yr. Difficulty 1,2,3. Very good scenery. Put-in, at Rt. 29, below the seven-foot dam. Alternatively, get permission to cross private property at Rt.739 bridge crossing for a shorter carry. 1.5 mile distance, normally canoeable only in winter, following a prolonged wet period, for an average of 5-6 days/yr. Difficulty 3-4. Very good scenery. Hazards: continuous, strong rapids, with an impassable rapid upstream from the bridge put-in. Rocks and boulders abound, seek full information on this section before attempting. Information above excerpted from: V irginia Whitewater – A Paddler’s Guide to the Rivers of Virginia by H. Roger Corbett. Lower Shamokin Falls Trail Blue Mountain Brewery Basic Necessities",,,https://ik.imagekit.io/OE/nelson-county/listings/fishing-the-little-piney-river-image1_r1x6cZxYB,Silhouette of person fishing against a sky backdrop with tall trees.,,,,,,(434) 263-7015,"162 Woodson Road, Lowesville, VA 22967",josh,,,https://www.google.com/maps/dir/?api=1&destination=162%20Woodson%20Road%2C%20Lowesville%2C%20VA%2022967,,,,,,,,,,,,,,Scenic Views; Parking; Water Sports; Fishing,FALSE,https://www.google.com/maps/dir/?api=1&destination=162%20Woodson%20Road%2C%20Lowesville%2C%20VA%2022967
108,Fishing the South Rockfish River,fishing-the-south-rockfish-river,Fishing,outdoor,Afton,"The Rockfish River (South) is stocked with catchable-sized trout periodically by the Department of Wildlife Resources from October through May. See the TROUT STOCKING SCHEDULE for their stocking plan. Virginia Fishing License required. Trout license also required between October 1 and June 15. Access Points: put-in by the bridge on Route 6 and take-out at the Nelson County Wayside on Rt. 29.

Photo credit: Wyatt Greene With headwaters beginning high in the Blue Ridge Mountains and the George Washington National Forest, the Tye River is one of the most beautiful whitewater streams in Virginia. The river begins at the end of two mountain passes, the North Fork and South Fork, at the foot of a mountain. It travels for about 34 miles through Nelson County, through beautiful scenery, with mountain, valley and pastoral views. The upper section can have strong whitewater for advanced paddlers, and the middle and lower sections, moderate whitewater on a seasonal basis. The rapids are rated Class I to Class II+. Depending upon water conditions, some rapids on the Tye River can approach Class III to IV. 8.5 mile distance, normally canoeable in the winter, for an average of 15-18 days/yr. Difficulty 2-4. Excellent scenery. Hazards include a low-water bridge, and several Class 4 rapids on right turns. 13.5 mile distance, normally canoeable in the winter and early spring, for an average of 55-60 days/yr. Difficulty 1-2. Very good scenery. Hazards include barbed wire fences across the stream, and a seven-foot dam just below takeout. Takeout on the right bank, downstream of Rt. 29 and ABOVE the seven-foot dam about 200 yards below the bridge. (long uphill carry) 11.5 mile distance, normally canoeable in winter, spring and early summer, for an average of 100-115 days/yr. Difficulty 1,2,3. Very good scenery. Put-in, at Rt. 29, below the seven-foot dam. Alternatively, get permission to cross private property at Rt.739 bridge crossing for a shorter carry. 1.5 mile distance, normally canoeable only in winter, following a prolonged wet period, for an average of 5-6 days/yr. Difficulty 3-4. Very good scenery. Hazards: continuous, strong rapids, with an impassable rapid upstream from the bridge put-in. Rocks and boulders abound, seek full information on this section before attempting. Information above excerpted from: V irginia Whitewater – A Paddler’s Guide to the Rivers of Virginia by H. Roger Corbett. Lower Shamokin Falls Trail Blue Mountain Brewery Basic Necessities",,,https://ik.imagekit.io/OE/nelson-county/listings/fishing-the-south-rockfish-river-image1_kGBkHHzo1,Hand holding fish in net with water and leaves.,,,,,,(434) 263-7015,"Rockfish River Wayside, 6759 Rockfish Valley Highway, Afton, VA 22920",josh,,,https://www.google.com/maps/dir/?api=1&destination=Rockfish%20River%20Wayside%2C%206759%20Rockfish%20Valley%20Highway%2C%20Afton%2C%20VA%2022920,,,,,,,,,,,,,,Scenic Views; Water Sports; Fishing,FALSE,https://www.google.com/maps/dir/?api=1&destination=Rockfish%20River%20Wayside%2C%206759%20Rockfish%20Valley%20Highway%2C%20Afton%2C%20VA%2022920
109,Fishing at Montebello,fishing-at-montebello,Fishing,outdoor,Montebello,"Take the kids to Montebello and catch some Rainbow Trout in the fee base trout ponds. An assortment of fishing poles in both adult and children sizes, fishing line, a variety of lures as well as live and artificial bait available in the country store. No license required.",,,https://ik.imagekit.io/OE/nelson-county/listings/fishing-at-montebello-image1_2qVcnapTN,"People fishing by a small pond, surrounded by green trees and hills.",,,,,,(540) 377-2650,"15072 Crabtree Falls Highway, Montebello, VA 24464",josh,,,https://www.google.com/maps/dir/?api=1&destination=15072%20Crabtree%20Falls%20Highway%2C%20Montebello%2C%20VA%2024464,,,,,,,,,,,,,,Retail; Family Friendly; Water Sports; Fishing,FALSE,https://www.google.com/maps/dir/?api=1&destination=15072%20Crabtree%20Falls%20Highway%2C%20Montebello%2C%20VA%2024464
110,Fishing at Lake Monocan Park,fishing-at-lake-monacan-park,Fishing,outdoor,Wintergreen Resort,Photo credit: Wintergreen Resort Lake Monocan is a 20-acre lake and park located at Stoney Creek in Nellysford.,,,https://ik.imagekit.io/OE/nelson-county/listings/fishing-at-lake-monocan-park-image1_raTra86HT,"Aerial view of a lush green forest, lake, and rolling hills.",,,,,,(434) 325-8180,"Lake Monocan Park, 239 Monocan Drive, Nellysford, VA 22958",josh,,,https://www.google.com/maps/dir/?api=1&destination=Lake%20Monocan%20Park%2C%20239%20Monocan%20Drive%2C%20Nellysford%2C%20VA%2022958,,,,,,,,,,,,,,Boating; Picnic Area; Seasonal Menu; Water Sports; Fishing,FALSE,https://www.google.com/maps/dir/?api=1&destination=Lake%20Monocan%20Park%2C%20239%20Monocan%20Drive%2C%20Nellysford%2C%20VA%2022958
111,Fishing at Lake Nelson,fishing-at-lake-nelson,Fishing,outdoor,Arrington,"Lake Nelson is a 40-acre impoundment located in Nelson County, Virginia. This reservoir is owned by the Department of Wildlife Resources and is managed primarily for fisheries related activities. Facilities available at this reservoir are a boat ramp, parking area and portable toilets which are available March-September.

Fishermen are likely to catch largemouth bass, channel catfish, black crappie, bluegill, and redear sunfish. The lake is open 24 hours a day. Outboard motor use is prohibited but electric motors are permitted. (From Arrington, Rt. 655 East (1.4); Left on Rt. 812 (.8) to Concrete ramp) Department of Wildlife Resources requires an Access Permit for visitors to department-owned Wildlife Management Areas (WMAs) and public fishing lakes effective January 1, 2012, who are age 17 and older, unless they possess a valid Virginia hunting, freshwater fishing, or trapping license, or a current Virginia boat registration. Photo credit: Wyatt Greene With headwaters beginning high in the Blue Ridge Mountains and the George Washington National Forest, the Tye River is one of the most beautiful whitewater streams in Virginia. The river begins at the end of two mountain passes, the North Fork and South Fork, at the foot of a mountain. It travels for about 34 miles through Nelson County, through beautiful scenery, with mountain, valley and pastoral views. The upper section can have strong whitewater for advanced paddlers, and the middle and lower sections, moderate whitewater on a seasonal basis. The rapids are rated Class I to Class II+. Depending upon water conditions, some rapids on the Tye River can approach Class III to IV. 8.5 mile distance, normally canoeable in the winter, for an average of 15-18 days/yr. Difficulty 2-4. Excellent scenery. Hazards include a low-water bridge, and several Class 4 rapids on right turns. 13.5 mile distance, normally canoeable in the winter and early spring, for an average of 55-60 days/yr. Difficulty 1-2. Very good scenery. Hazards include barbed wire fences across the stream, and a seven-foot dam just below takeout. Takeout on the right bank, downstream of Rt. 29 and ABOVE the seven-foot dam about 200 yards below the bridge. (long uphill carry) 11.5 mile distance, normally canoeable in winter, spring and early summer, for an average of 100-115 days/yr. Difficulty 1,2,3. Very good scenery. Put-in, at Rt. 29, below the seven-foot dam. Alternatively, get permission to cross private property at Rt.739 bridge crossing for a shorter carry. 1.5 mile distance, normally canoeable only in winter, following a prolonged wet period, for an average of 5-6 days/yr. Difficulty 3-4. Very good scenery. Hazards: continuous, strong rapids, with an impassable rapid upstream from the bridge put-in. Rocks and boulders abound, seek full information on this section before attempting. Information above excerpted from: V irginia Whitewater – A Paddler’s Guide to the Rivers of Virginia by H. Roger Corbett. Lower Shamokin Falls Trail Blue Mountain Brewery Basic Necessities",,,https://ik.imagekit.io/OE/nelson-county/listings/fishing-at-lake-nelson-image1_np2rZtH6Z,Person holding live fish by the mouth over blurred outdoor background.,,,,,,(434) 263-7015,"801 Lake Nelson Lane, Arrington, VA 22922",josh,,,https://www.google.com/maps/dir/?api=1&destination=801%20Lake%20Nelson%20Lane%2C%20Arrington%2C%20VA%2022922,,,,,,,,,,,,,,Boating; Fishing; Water Sports,TRUE,https://www.google.com/maps/dir/?api=1&destination=801%20Lake%20Nelson%20Lane%2C%20Arrington%2C%20VA%2022922
112,Wintergreen Resort Fishing,wintergreen-resort-fishing,Fishing,outdoor,Wintergreen Resort,"Nestled in 11,000 acres in the Blue Ridge Mountains, WINTERGREEN RESORT is in close proximity to some of the best fly fishing Virginia has to offer. Wintergreen’s Fly Fishing services are designed to accommodate the inexperienced to the expert angler.

Wintergreen’s Orvis-Endorsed instructors have the perfect classroom setting at Lake Monocan to introduce students to the art of Fly Fishing, or anglers can experience the thrill of fishing for trout in the mountains or smallmouth bass on the legendary James River with a knowledgeable and friendly guide. Due to limited availability, please call well in advance for bookings. Wintergreen offers half and full day Fly Fishing Classes. Fly-casting instruction is based on The Orvis Progressive Method to Fly Casting and inexperienced to expert casters are welcome. All instruction includes the use of Orvis fly rods and equipment, and all classes are held at the facilities at Lake Monocan and on the private ponds in Stoney Creek.",,,https://ik.imagekit.io/OE/nelson-county/listings/wintergreen-resort-fishing-image1_p-qkftaFk,"Two men fishing by a river, one pointing ahead, surrounded by greenery.",,,,,,(434) 325-8180,"Wintergreen Resort Outdoor Programs, 39 Mountain Inn Loop, Wintergreen, VA 22967",josh,,,https://www.google.com/maps/dir/?api=1&destination=Wintergreen%20Resort%20Outdoor%20Programs%2C%2039%20Mountain%20Inn%20Loop%2C%20Wintergreen%2C%20VA%2022967,,,,,,,,,,,,,,Scenic Views; Water Sports; Fishing,FALSE,https://www.google.com/maps/dir/?api=1&destination=Wintergreen%20Resort%20Outdoor%20Programs%2C%2039%20Mountain%20Inn%20Loop%2C%20Wintergreen%2C%20VA%2022967
113,Devils Knob Golf Course,devils-knob-golf-course,Golf,experience,Wintergreen Resort,"When Ellis Maples designed this 18 hole gem, the highest golf course in Virginia, his challenge was to enhance its stunning Blue Ridge Mountain setting. Sitting at an elevation of over 3,800 feet, players leave Devils Knob Golf Course remembering narrow fairways, excellent turf conditions and unsurpassed vistas.

Typically 12-18 degrees cooler even than its sister golf course, Stoney Creek, Devils Knob provides Virginia’s coolest playing conditions throughout the summer and the most dramatic mountain foliage backdrop throughout the fall. If you are searching for a true mountain golf challenge, Devils Knob golf course is a “must play.” At 3,850 feet, the highest course in the State of Virginia Access is only available to members, guests and registered resort guests 50-mile views of the Shenandoah and Rockfish valleys Surprisingly level mountaintop terrain Pleasant 70-85 degree temperatures throughout the spring and summer Spacious 16,585 square foot clubhouse, featuring pro shop with top-of-the-line merchandise, locker room, fine dining and snack shop. Devils Knob Golf Course is only available to Wintergreen Club Members and Wintergreen Resort Lodging Guests. Route 664 Wintergreen, VA 22958 434-325-8520 Photo credit: Wyatt Greene With headwaters beginning high in the Blue Ridge Mountains and the George Washington National Forest, the Tye River is one of the most beautiful whitewater streams in Virginia. The river begins at the end of two mountain passes, the North Fork and South Fork, at the foot of a mountain. It travels for about 34 miles through Nelson County, through beautiful scenery, with mountain, valley and pastoral views. The upper section can have strong whitewater for advanced paddlers, and the middle and lower sections, moderate whitewater on a seasonal basis. The rapids are rated Class I to Class II+. Depending upon water conditions, some rapids on the Tye River can approach Class III to IV. 8.5 mile distance, normally canoeable in the winter, for an average of 15-18 days/yr. Difficulty 2-4. Excellent scenery. Hazards include a low-water bridge, and several Class 4 rapids on right turns. 13.5 mile distance, normally canoeable in the winter and early spring, for an average of 55-60 days/yr. Difficulty 1-2. Very good scenery. Hazards include barbed wire fences across the stream, and a seven-foot dam just below takeout. Takeout on the right bank, downstream of Rt. 29 and ABOVE the seven-foot dam about 200 yards below the bridge. (long uphill carry) 11.5 mile distance, normally canoeable in winter, spring and early summer, for an average of 100-115 days/yr. Difficulty 1,2,3. Very good scenery. Put-in, at Rt. 29, below the seven-foot dam. Alternatively, get permission to cross private property at Rt.739 bridge crossing for a shorter carry. 1.5 mile distance, normally canoeable only in winter, following a prolonged wet period, for an average of 5-6 days/yr. Difficulty 3-4. Very good scenery. Hazards: continuous, strong rapids, with an impassable rapid upstream from the bridge put-in. Rocks and boulders abound, seek full information on this section before attempting. Information above excerpted from: V irginia Whitewater – A Paddler’s Guide to the Rivers of Virginia by H. Roger Corbett. Lower Shamokin Falls Trail Blue Mountain Brewery Basic Necessities",,,https://ik.imagekit.io/OE/nelson-county/listings/devils-knob-golf-course-image1_-NwtvpV8L,Green golf course bordered by autumn-colored trees under clear blue sky.,,,,,,(434) 325-8520,"Route 664, Wintergreen, VA 22958",josh,,,https://www.google.com/maps/dir/?api=1&destination=Route%20664%2C%20Wintergreen%2C%20VA%2022958,,,,,,,,,,,,,,Golf; Resort; Scenic Views,TRUE,https://www.google.com/maps/dir/?api=1&destination=Route%20664%2C%20Wintergreen%2C%20VA%2022958
114,Stoney Creek Golf Course,stoney-creek-golf-course,Golf,experience,Wintergreen Resort,"Golf year round in the Rockfish River valley on the 27-hole Rees Jones Design Stoney Creek Golf Course . With contoured greens and the occasional side hill lie, Jones brought the natural elements of the landscape into play: meandering streams, hardwood forests and pristine wetlands.

When playing the course for the first time, one should be careful to not be distracted by the stunning scenery or wildlife… it may cost them yet another par. Winter golf in Virginia? It’s true. Few other places on earth provide the opportunity to snow ski in the morning and play championship-caliber golf later in the day. Because of a dramatic 3,300 foot change in elevation, it happens at Wintergreen. Route 664 Wintergreen, VA 22958 434-325-8250 Photo credit: Wyatt Greene With headwaters beginning high in the Blue Ridge Mountains and the George Washington National Forest, the Tye River is one of the most beautiful whitewater streams in Virginia. The river begins at the end of two mountain passes, the North Fork and South Fork, at the foot of a mountain. It travels for about 34 miles through Nelson County, through beautiful scenery, with mountain, valley and pastoral views. The upper section can have strong whitewater for advanced paddlers, and the middle and lower sections, moderate whitewater on a seasonal basis. The rapids are rated Class I to Class II+. Depending upon water conditions, some rapids on the Tye River can approach Class III to IV. 8.5 mile distance, normally canoeable in the winter, for an average of 15-18 days/yr. Difficulty 2-4. Excellent scenery. Hazards include a low-water bridge, and several Class 4 rapids on right turns. 13.5 mile distance, normally canoeable in the winter and early spring, for an average of 55-60 days/yr. Difficulty 1-2. Very good scenery. Hazards include barbed wire fences across the stream, and a seven-foot dam just below takeout. Takeout on the right bank, downstream of Rt. 29 and ABOVE the seven-foot dam about 200 yards below the bridge. (long uphill carry) 11.5 mile distance, normally canoeable in winter, spring and early summer, for an average of 100-115 days/yr. Difficulty 1,2,3. Very good scenery. Put-in, at Rt. 29, below the seven-foot dam. Alternatively, get permission to cross private property at Rt.739 bridge crossing for a shorter carry. 1.5 mile distance, normally canoeable only in winter, following a prolonged wet period, for an average of 5-6 days/yr. Difficulty 3-4. Very good scenery. Hazards: continuous, strong rapids, with an impassable rapid upstream from the bridge put-in. Rocks and boulders abound, seek full information on this section before attempting. Information above excerpted from: V irginia Whitewater – A Paddler’s Guide to the Rivers of Virginia by H. Roger Corbett. Lower Shamokin Falls Trail Blue Mountain Brewery Basic Necessities",,,https://ik.imagekit.io/OE/nelson-county/listings/stoney-creek-golf-course-image1_4pzf3VTYQ,"Lush green golf course with autumn trees, mountain backdrop under cloudy sky.",,,,,,(434) 325-8250,"135 Stoney Creek East, Nellysford, VA 22958",josh,,,https://www.google.com/maps/dir/?api=1&destination=135%20Stoney%20Creek%20East%2C%20Nellysford%2C%20VA%2022958,,,,,,,,,,,,,,Resort; Golf; Water Sports; Fishing,FALSE,https://www.google.com/maps/dir/?api=1&destination=135%20Stoney%20Creek%20East%2C%20Nellysford%2C%20VA%2022958
169,Indian Summer Guide Service,indian-summer-guide-service,Horseback Riding,experience,Nelson County,"Offering private vineyard horseback rides led by one of our knowledgeable guides, who will ensure your safety as well as your enjoyment.",,,https://ik.imagekit.io/OE/nelson-county/listings/indian-summer-guide-service-image1_vrYc4oP7k,Three riders on horses overlooking green valley with mountains in background.,,,,,,(434) 531-9679,"151 Veritas Lane, Afton, VA 22920",josh,,,https://www.google.com/maps/dir/?api=1&destination=151%20Veritas%20Lane%2C%20Afton%2C%20VA%2022920,,,,,,,,,,,,,,Equestrian; Farm; Hiking; Tastings; Wine,FALSE,https://www.google.com/maps/dir/?api=1&destination=151%20Veritas%20Lane%2C%20Afton%2C%20VA%2022920
56,Allen Creek Nature Preserve,allen-creek-nature-preserve,Hikes & Trails,outdoor,Wintergreen Resort,Miles: 0.7 Blaze Color: Yellow Difficulty Level: EASY Directions: Google Maps This nature preserve in the middle of Wintergreen’s community is one of the most unique environments on the mountain.,,,https://ik.imagekit.io/OE/nelson-county/listings/allen-creek-nature-preserve-image1_hUFD6CEWI,Purple violets amidst green leaves and grass on forest floor.,,,,,,(434) 263-7015,"8519 Thomas Nelson Hwy, Lovingston, VA 22949",josh,,,https://www.google.com/maps/dir/?api=1&destination=8519%20Thomas%20Nelson%20Hwy%2C%20Lovingston%2C%20VA%2022949,https://www.youtube.com/watch?v=VtiRHsUcEuE,,,,,,,,,,,,,Tours; Family Friendly; Hiking; Biking,FALSE,https://www.google.com/maps/dir/?api=1&destination=8519%20Thomas%20Nelson%20Hwy%2C%20Lovingston%2C%20VA%2022949
57,Appalachian Trail from Rt 56 to Harpers Creek,appalachian-trail-from-rt-56-to-harpers-creek,Hikes & Trails,outdoor,Tyro,"Miles: 2.6 Difficulty Level: Moderate A 2.6-mile moderate hike along the Appalachian Trail traverses a wooden Swinging Bridge over the Tye River, and travels through stands of mountain laurel and rhododendron to the Harpers Creek Shelter (AT) and Harper’s Creek, where the water gurgles through the large cascading rocks.",,,https://ik.imagekit.io/OE/nelson-county/listings/appalachian-trail-from-rt-56-to-harpers-creek-image1_zH8UGdn8C,Wooden suspension bridge through colorful autumn forest with rocky foreground.,,,,,,(434) 263-7015,"8519 Thomas Nelson Hwy, Lovingston, VA 22949",josh,,,https://www.google.com/maps/dir/?api=1&destination=8519%20Thomas%20Nelson%20Hwy%2C%20Lovingston%2C%20VA%2022949,,,,,,,,,,,,,,Scenic Views; Hiking; Biking; Appalachian Trail; Water Sports,FALSE,https://www.google.com/maps/dir/?api=1&destination=8519%20Thomas%20Nelson%20Hwy%2C%20Lovingston%2C%20VA%2022949
58,Blackrock Trail,blackrock-trail,Hikes & Trails,outdoor,Wintergreen Resort,"Miles: 0.8 Blaze Color: Red Difficulty Level: Difficult Directions: Google Maps Blackrock Trail is located on a south-facing slope, which promotes the dry, thin soils along the pedlar gneiss rock formations. Mountain laurel, blueberry, and rose azalea thrive in this harsh environment and are in bloom during June.

The dominant tree species found along the trail are chestnut oak and table mountain pine; note the way the southwest winds shape these pines. It connect to the Pedlars Edge Trail. Use caution in winter. Miles: 2.6 Difficulty Level: Moderate A 2.6-mile moderate hike along the Appalachian Trail traverses a wooden Swinging Bridge over the Tye River, and travels through stands of mountain laurel and rhododendron to the Harpers Creek Shelter (AT) and Harper’s Creek, where the water gurgles through the large cascading rocks. Multiple campsites are on each side of the creek, and there’s a vault toilet up the hill from the shelter. Directions From State Route 56 at Crabtree Falls: Take SR 56 east for approximately 3-4 miles. The Appalachian Trail crosses SR 56 and a AT parking lot is available to the right (South side) of SR 56. Head across the street from the parking lot (North) on the AT across the Swinging Bridge, and continue up the trail towards Harper’s Creek Shelter.",,,https://ik.imagekit.io/OE/nelson-county/listings/blackrock-trail-image1_icsrDn5Xh,Forest trail with rocks and dense green foliage surrounding trees.,,,,,,(434) 263-7015,"8519 Thomas Nelson Hwy, Lovingston, VA 22949",josh,,,https://www.google.com/maps/dir/?api=1&destination=8519%20Thomas%20Nelson%20Hwy%2C%20Lovingston%2C%20VA%2022949,https://www.youtube.com/watch?v=TrcrOdSjQwQ,,,,,,,,,,,,,Scenic Views; Biking; Hiking,FALSE,https://www.google.com/maps/dir/?api=1&destination=8519%20Thomas%20Nelson%20Hwy%2C%20Lovingston%2C%20VA%2022949
59,Blue Ridge Tunnel,blue-ridge-tunnel,Hikes & Trails,outdoor,Afton,"Blue Ridge Tunnel Photos of the Blue Ridge Tunnel courtesy of Jack Looney Photography The Blue Ridge Tunnel was constructed between 1850 and 1858 beneath Rockfish Gap in the Blue Ridge Mountains of central Virginia. CSX Transportation generously donated the tunnel to Nelson County in 2007.

The tunnel is located at the convergence of the southern entrance of Shenandoah National Park’s Skyline Drive, the northern entrance of the Blue Ridge Parkway, the Appalachian Trail, and U. S. Bicycle Route 76. Both Interstate 64 and U. S. 250 cross over the tunnel at Rockfish Gap. Traveling through the long, dark tunnel will be a stirring experience for a variety of visitors from across the Commonwealth and beyond: hikers and cyclists of every level, wildlife watchers, history enthusiasts, railroad buffs, heritage tourists, school children on field trips, and nearby residents.",,,https://ik.imagekit.io/OE/nelson-county/listings/blue-ridge-tunnel-image1_PrnI6PqE9,"Cyclist with headlight in dark tunnel, wet rocky walls.",https://ik.imagekit.io/OE/nelson-county/listings/Blue-Ridge-Tunnel-Video-Preview_orwEUvRjO.jpg,"Person holding light inside dark, arched tunnel.",https://ik.imagekit.io/OE/nelson-county/listings/Blue-Ridge-Tunnel-Opening_QtYh0xz0N.jpg,"Stone archway entrance to dark tunnel, surrounded by rocky landscape.",,(434) 263-7015,"215 Afton Depot Lane, Afton, VA 22920",josh,,,https://www.google.com/maps/dir/?api=1&destination=215%20Afton%20Depot%20Lane%2C%20Afton%2C%20VA%2022920,https://www.youtube.com/watch?v=9TllH8bjlHQ,https://ik.imagekit.io/OE/nelson-county/listings/Blue_Ridge_Tunnel_Map_OxY941XXoL.pdf,Blue Ridge Tunnel Map,,,About the Tunnel,"<h4>History</h4>

<p>The Blue Ridge Tunnel was designed by French-born engineer Claudius Crozet (1789–1864), one of the most influential transportation engineers of the 19th century. A graduate of the École Polytechnique in Paris, Crozet later taught engineering at the U.S. Military Academy at West Point and helped found the Virginia Military Institute.</p>

<p>As chief engineer, Crozet surveyed a rail route through Rockfish Gap to connect eastern and western Virginia. His plan included several tunnels, extensive embankments, and the nearly one-mile-long Blue Ridge Tunnel between Nelson and Augusta counties.</p>

<p>Construction proved far more difficult than expected due to extremely hard rock, particularly greenstone. Despite these challenges, Irish immigrant laborers successfully bored through the mountain, meeting with remarkable precision in December 1856.</p>

<p>The tunnel opened to rail traffic on April 13, 1858, becoming the longest railroad tunnel in North America at the time. Although Crozet had resigned shortly before its completion, his engineering vision was essential to the project’s success.</p>

<p>Learn more about the tunnel’s history at the <a href='https://www.blueridgetunnel.org' target='_blank'>Blue Ridge Tunnel Foundation</a>.</p>",Trail & Park Rules,"<h4>Trail & Park Rules</h4>

<p>The Blue Ridge Tunnel Trail is open daily from <strong>sunrise to sunset</strong>. Visitors should remain aware of other trail users, watch for uneven ground inside the tunnel, and <strong>bring flashlights or headlamps</strong> at all times.</p>

<p>Trailhead parking areas are small and limited. When parking areas are full, the trail is considered full. Visitors should park only in designated spaces and never along roadways. There is no overnight parking, RV parking, or camping at either trailhead.</p>

<p>For a less strenuous experience, including improved accessibility for wheelchair users, the <strong>east trailhead</strong> is recommended. Cyclists are also encouraged to use the east side and must always yield to pedestrians.</p>

<p>Help protect the natural environment by staying on designated trails and avoiding damage to plants, trees, and wildlife. Collecting plants or animals is prohibited, and visitors should pack out all trash. Feeding wildlife and releasing balloons are not allowed.</p>

<p>Mountain bikes are permitted only on designated roads. The use of motorized vehicles, drones, fireworks, and unmanned aircraft is prohibited. Alcohol use is not permitted, and smoking is not allowed inside the tunnel.</p>

<p>Overnight camping is prohibited and considered trespassing. All visitors are expected to follow Virginia law while using the trail.</p>",Trail Conditions & What to Expect,"<h4>Trail Conditions & What to Expect</h4>

<h5>Distance & Time</h5>
<p>At a comfortable walking pace, a hike to the western portal and back typically takes about <strong>1.5 hours</strong>. The trail is approximately <strong>2.25 miles one way</strong> and <strong>4.5 miles round trip</strong> when walking from one trailhead to the other and returning.</p>

<h5>Trail Surface</h5>
<p>The trail is primarily crushed gravel with some steep inclines. Inside the tunnel, the surface may be uneven due to ruts and puddles caused by constant water drip.</p>

<h5>Lighting & Visibility</h5>
<p>The tunnel is not lit and is very dark. A <strong>high-powered flashlight or headlamp is strongly recommended</strong> for all visitors.</p>

<h5>Weather & Clothing</h5>
<p>The interior of the tunnel remains cool year-round, typically between <strong>55–65°F</strong>. Water drips continuously from the ceiling and walls, so visitors should wear appropriate clothing and sturdy, comfortable shoes.</p>

<h5>Wet Areas & Stream Crossing</h5>
<p>Puddles are common inside the tunnel. On the west side of the trail, a concrete stream crossing may have water flowing over it during or after rainstorms. Use caution in wet conditions.</p>

<h5>Facilities</h5>
<p>Portable restrooms are available at both the eastern and western parking areas but are not located along the trail. There are no water fountains on the trail, so visitors should bring drinking water.</p>",Frequently Asked Questions,"<h4>Frequently Asked Questions</h4>

<h5>Is the trail suitable for wheelchairs?</h5>
<p>The trail surface is crushed gravel. The <strong>east trail</strong> has minimal elevation change and is generally the most accessible option. The tunnel is unlit and remains cool year-round (approximately <strong>55–65°F</strong>), with constant water dripping that can create puddles and ruts. Visitors should consider these conditions when planning their visit.</p>

<h5>Trail grades and accessibility details</h5>
<p><strong>East Trail to Tunnel Entrance:</strong> 0.63 miles with a gentle average grade of approximately 1.5%.</p>
<p><strong>Tunnel:</strong> Approximately 4,273 feet long with a gradual average grade of 1.3%.</p>
<p><strong>West Trail to Tunnel Entrance:</strong> Steeper terrain with sustained grades over 5% and a maximum grade of approximately 19%. This section is more challenging.</p>

<h5>Are dogs allowed?</h5>
<p>Yes. Dogs are permitted on the trail and in the tunnel but must be kept on a leash at all times. Owners are responsible for cleaning up after their pets.</p>

<h5>How long is the trail and tunnel?</h5>
<p>The full trail from one trailhead to the other is approximately <strong>2.25 miles</strong>. The tunnel itself is nearly one mile long.</p>
<p>From the east trailhead through the tunnel: approximately <strong>1.44 miles</strong>. From the west trailhead through the tunnel: approximately <strong>1.62 miles</strong>.</p>

<h5>Who manages the trail?</h5>
<p>The trail and tunnel are owned by Nelson County and maintained by the Nelson County Parks and Recreation Department.</p>

<h5>Are restrooms or amenities available?</h5>
<p>Portable restrooms are located at both the east and west trailheads. There are no restrooms or water fountains along the trail.</p>

<h5>What are the visiting hours?</h5>
<p>The trail and tunnel are open daily from <strong>sunrise to sunset</strong>.</p>

<h5>Is the tunnel lit?</h5>
<p>No. Visitors must bring <strong>high-powered flashlights or headlamps</strong> to safely travel through the tunnel.</p>

<h5>Can I ride a bike on the trail?</h5>
<p>Yes. Cyclists are encouraged to use the east trail, which has gentler grades. The west trail is steeper and best suited for experienced riders. Bicyclists must yield to pedestrians and be prepared for wet, uneven conditions inside the tunnel.</p>",Biking; Educational; Hiking; Parking; Scenic Views,TRUE,https://www.google.com/maps/dir/?api=1&destination=215%20Afton%20Depot%20Lane%2C%20Afton%2C%20VA%2022920
60,Brimstone Trail,brimstone-trail,Hikes & Trails,outdoor,Wintergreen Resort,"Miles: 0.8 Blaze Color: Red Difficulty Level: Difficult Directions: Google Maps The steep and rocky cliffs provide incredible views of Three Ridges Mountain and points to the southwest. The trail meanders below the Plunge and consists of a series of steep, short up and down sections. Mountain laurel and rhododendron cover these dry soiled slopes, along with chestnut oaks.

These thickets are interrupted by “rock gardens” where rock cap fern & fly poison lily grow. Use caution in winter. Miles: 2.6 Difficulty Level: Moderate A 2.6-mile moderate hike along the Appalachian Trail traverses a wooden Swinging Bridge over the Tye River, and travels through stands of mountain laurel and rhododendron to the Harpers Creek Shelter (AT) and Harper’s Creek, where the water gurgles through the large cascading rocks. Multiple campsites are on each side of the creek, and there’s a vault toilet up the hill from the shelter. Directions From State Route 56 at Crabtree Falls: Take SR 56 east for approximately 3-4 miles. The Appalachian Trail crosses SR 56 and a AT parking lot is available to the right (South side) of SR 56. Head across the street from the parking lot (North) on the AT across the Swinging Bridge, and continue up the trail towards Harper’s Creek Shelter. Blackrock Trail Blue Mountain Brewery Basic Necessities",,,https://ik.imagekit.io/OE/nelson-county/listings/brimstone-trail-image1_opRNVPbgI,"Rocky trail with hiker in distance, green leaves in foreground.",https://ik.imagekit.io/OE/nelson-county/listings/brimstone-trail-image2_zX3Kal7WOD,"Wooden sign with red and yellow text, directions to trails, gravel road background.",,,,(434) 263-7015,"8519 Thomas Nelson Hwy, Lovingston, VA 22949",josh,,,https://www.google.com/maps/dir/?api=1&destination=8519%20Thomas%20Nelson%20Hwy%2C%20Lovingston%2C%20VA%2022949,https://www.youtube.com/watch?v=C90XOQeKhLw,,,,,,,,,,,,,Scenic Views; Biking; Hiking; Fishing,FALSE,https://www.google.com/maps/dir/?api=1&destination=8519%20Thomas%20Nelson%20Hwy%2C%20Lovingston%2C%20VA%2022949
61,Cedar Ciffs North Trail,cedar-ciffs-north-trail,Hikes & Trails,outdoor,Wintergreen Resort,"Miles: 0.7 Blaze Color: Red Difficulty Level: Moderate to Difficult Directions: Google Maps This trail is parallel to the Cedar Cliffs Main trail on a north- facing slope. This setting promotes cool, damp conditions. The trail is boulder strewn and provides a beautifully scenic walk.

The trail is somewhat difficult but well worth the effort and is connected to the Cedar Cliffs Main Trail and overlook. Closed in winter. Miles: 0.7 Blaze Color: Red Difficulty Level: Moderate to Difficult Directions: Google Maps This trail is parallel to the Cedar Cliffs Main trail on a north- facing slope. This setting promotes cool, damp conditions. The trail is boulder strewn and provides a beautifully scenic walk. The trail is somewhat difficult but well worth the effort and is connected to the Cedar Cliffs Main Trail and overlook. Closed in winter. Blackrock Trail Blue Mountain Brewery Basic Necessities",,,https://ik.imagekit.io/OE/nelson-county/listings/cedar-ciffs-north-trail-image1_43xSez7xo,"Wooden trail sign with colored text and arrow, rocky background, and greenery.",,,,,,(434) 263-7015,"8519 Thomas Nelson Hwy, Lovingston, VA 22949",josh,,,https://www.google.com/maps/dir/?api=1&destination=8519%20Thomas%20Nelson%20Hwy%2C%20Lovingston%2C%20VA%2022949,https://www.youtube.com/watch?v=NMIQRgCLF4c,,,,,,,,,,,,,Scenic Views; Seasonal Menu; Biking; Hiking,FALSE,https://www.google.com/maps/dir/?api=1&destination=8519%20Thomas%20Nelson%20Hwy%2C%20Lovingston%2C%20VA%2022949
119,Afton Mountain Vineyards,afton-mountain-vineyards,Vineyards & Wineries,taste,Afton,"Our beautiful vineyard site is located on the sunrise side of Afton Mountain. Here the vines are protected from frost by our elevation of nearly 1000 feet, shielded from excessive rain by the mountain’s rain shadow, and dried by the prevailing breezes flowing through the nearby Rockfish and Humpback gaps.

Afton Mountain Vineyards is one of Virginia’s first farm wineries; our original vines were planted in 1978. Some of those blocks are still in production today. Since our acquisition in 2009 we have doubled the acres under vine; we now grow a total of 11 varieties on 26 acres.",,,https://ik.imagekit.io/OE/nelson-county/listings/afton-mountain-vineyards-image1_N7bTUqyJGf,Rows of vines in vineyard with mountains and buildings in background.,,,,,https://www.aftonmountainvineyards.com/,(540) 456-8667,"234 Vineyard Lane, Afton, VA 22920",josh,,,https://www.google.com/maps/dir/?api=1&destination=234%20Vineyard%20Lane%2C%20Afton%2C%20VA%2022920,,,,,,,,,,,,,,Farm; Meeting Planners; Outdoor Seating; Scenic Views; Tastings; Wine,FALSE,https://www.google.com/maps/dir/?api=1&destination=234%20Vineyard%20Lane%2C%20Afton%2C%20VA%2022920
120,Brent Manor Vineyards,brent-manor-vineyards,Vineyards & Wineries,taste,Faber,"Nestled in the hills of Virginia Wine Country in beautiful Nelson County just South of Charlottesville, The Brent Manor Vineyards welcomes you to a mix of the New World and the Old World.",,,https://ik.imagekit.io/OE/nelson-county/listings/brent-manor-vineyards-image1_el5haOFHc,"Modern house with stone columns, metal roof, and cloudy sky background.",,,,,https://www.brentmanorvineyards.com/,(434) 826-0722,"100 Brent Manor Lane, Faber, VA 22938",josh,,,https://www.google.com/maps/dir/?api=1&destination=100%20Brent%20Manor%20Lane%2C%20Faber%2C%20VA%2022938,,,,,,,,,,,,,,Wine; Tastings; Retail; Events; Farm,FALSE,https://www.google.com/maps/dir/?api=1&destination=100%20Brent%20Manor%20Lane%2C%20Faber%2C%20VA%2022938
121,Caihailian Vineyard,caihailian-vineyard,Vineyards & Wineries,taste,Roseland,"Caihailian Vineyard is owned by Bob and Anne Ramsey, and is named for their three fantastic kids.",,,https://ik.imagekit.io/OE/nelson-county/listings/caihailian-vineyard-image1_-u3-ITjD2,"Vineyard with green vines, trees, mountains under blue sky with clouds.",,,,,,,"872 Beech Grove, Roseland, VA 22967",josh,,,https://www.google.com/maps/dir/?api=1&destination=872%20Beech%20Grove%2C%20Roseland%2C%20VA%2022967,,,,,,,,,,,,,,Wine; Retail; Family Friendly; Farm; Tastings,FALSE,https://www.google.com/maps/dir/?api=1&destination=872%20Beech%20Grove%2C%20Roseland%2C%20VA%2022967
122,Cardinal Point Winery,cardinal-point-winery,Vineyards & Wineries,taste,Afton,"Family owned and operated, Cardinal Point Vineyard and Winery lies in the beautiful foothills of the Blue Ridge, in the shadow of Afton Mountain.",,,https://ik.imagekit.io/OE/nelson-county/listings/cardinal-point-winery-image1_kGIpRRfXg,"Wine bottles and glass on barrel table, plant and book beside.",,,,,https://www.cardinalpointwinery.com/,(540) 456-8400,"9423 Batesville Rd, Afton, VA 22920",josh,,,https://www.google.com/maps/dir/?api=1&destination=9423%20Batesville%20Rd%2C%20Afton%2C%20VA%2022920,,,,,,,,,,,,,,Family Friendly; Farm; Live Music; Meeting Planners; Scenic Views; Tastings; Wine,FALSE,https://www.google.com/maps/dir/?api=1&destination=9423%20Batesville%20Rd%2C%20Afton%2C%20VA%2022920
123,Flying Fox Vineyards,flying-fox-vineyards,Vineyards & Wineries,taste,Afton,"Is to honor the emerging Virginia Wine industry with unique expressions of Varietal character and authenticity of place, but also to push our own limits and comfort levels with wine making that is uninhibited by history or convention Our limited production and sharp focus create not only a consistent portfolio of premium quality wines, but also the opportunity for play and experimentation outside of that portfolio in our Sly Fox series, and our Award Winning Seasonal Vermouth.",,,https://ik.imagekit.io/OE/nelson-county/listings/flying-fox-vineyards-image1_QyaP87PFD,Winery building facade with large mural and outdoor seating at night.,,,,,https://www.flyingfoxvineyard.com/,(434) 361-1692,"10368 Critzer Shop Rd, Afton, VA 22920",josh,,,https://www.google.com/maps/dir/?api=1&destination=10368%20Critzer%20Shop%20Rd%2C%20Afton%2C%20VA%2022920,,,,,,,,,,,,,,Tastings; Seasonal Menu; Outdoor Seating; Wine; Farm,FALSE,https://www.google.com/maps/dir/?api=1&destination=10368%20Critzer%20Shop%20Rd%2C%20Afton%2C%20VA%2022920
124,Hill Top Winery & Meadery,hill-top-winery-meadery,Vineyards & Wineries,taste,Nellysford,Since 1998 we have specialized in wine made from fruit other than grapes.,,,https://ik.imagekit.io/OE/nelson-county/listings/hill-top-winery-meadery-image1_ne-tv5TEE,"Wine bottle, strawberries, and wine glasses arranged on a wooden board with cheese knives.",,,,,,(434) 361-1266,"2800 Berry Hill Road, Nellysford, VA 22958",josh,,,https://www.google.com/maps/dir/?api=1&destination=2800%20Berry%20Hill%20Road%2C%20Nellysford%2C%20VA%2022958,,,,,,,,,,,,,,Desserts; Farm; Local Ingredients; Scenic Views; Tastings; Wine,FALSE,https://www.google.com/maps/dir/?api=1&destination=2800%20Berry%20Hill%20Road%2C%20Nellysford%2C%20VA%2022958
125,Lovingston Winery,lovingston-winery,Vineyards & Wineries,taste,Lovingston,Lovingston Winery opened in 2003 as a small batch 100% estate grown vineyard and winery located in the rolling countryside of the Blue Ridge Mountains.,,,https://ik.imagekit.io/OE/nelson-county/listings/lovingston-winery-image1_fP7hZ7487,Two wine bottles on wooden table with red flowers in background.,,,,,https://www.lovingstonwinery.com/,(434) 263-8467,"885 Freshwater Cove, Lovingston, VA 22949",josh,,,https://www.google.com/maps/dir/?api=1&destination=885%20Freshwater%20Cove%2C%20Lovingston%2C%20VA%2022949,,,,,,,,,,,,,,Scenic Views; Wine; Farm; Tastings,FALSE,https://www.google.com/maps/dir/?api=1&destination=885%20Freshwater%20Cove%2C%20Lovingston%2C%20VA%2022949
126,Mountain and Vine Winery,mountain-and-vine-winery,Vineyards & Wineries,taste,Faber,Photo credit: Lucy Jalin Photography Mountain and Vine Vineyards & Winery is located in the Monticello AVA wine region.,,,https://ik.imagekit.io/OE/nelson-county/listings/mountain-and-vine-winery-image1_YUi_3GXtY,"Lush green landscape with hills, house, pond, and cloudy sky backdrop.",,,,,https://www.mountainandvine.com/,(434) 263-6100,"500 DelFosse Winery Lane, Faber, VA",josh,,,https://www.google.com/maps/dir/?api=1&destination=500%20DelFosse%20Winery%20Lane%2C%20Faber%2C%20VA%2022938,,,,,,,,,,,,,,Family Friendly; Farm; Meeting Planners; Tastings; Wine,FALSE,https://www.google.com/maps/dir/?api=1&destination=500%20DelFosse%20Winery%20Lane%2C%20Faber%2C%20VA%2022938
127,Mountain Cove Vineyards & Winery,mountain-cove-vineyards-winery,Vineyards & Wineries,taste,Lovingston,"Virginia’s oldest winery. Located next to The Nature Conservancy’s Fortunes Cove Preserve. Includes shaded picnic areas, performance pavilion, hiking and mountain biking routes.",,,https://ik.imagekit.io/OE/nelson-county/listings/mountain-cove-vineyards-winery-image1_nMIHMYkXF,"Wooden cabin with red roof, green vines, and empty chairs outside.",,,,,https://www.facebook.com/MountainCoveVineyards/,(434) 263-5392,"1365 North Amherst Hwy, Lovingston, VA 22949",josh,,,https://www.google.com/maps/dir/?api=1&destination=1365%20North%20Amherst%20Hwy%2C%20Lovingston%2C%20VA%2022949,,,,,,,,,,,,,,Family Friendly; Farm; Local Ingredients; Meeting Planners; Picnic Area; Scenic Views; Tastings; Wine,FALSE,https://www.google.com/maps/dir/?api=1&destination=1365%20North%20Amherst%20Hwy%2C%20Lovingston%2C%20VA%2022949
128,Valley Road Vineyards,valley-road-vineyards,Vineyards & Wineries,taste,Afton,"Founded in 2015, Valley Road Vineyards was conceived by a group of friends who brought talents from successful careers in law, advertising, insurance, real estate development, and writing, among others.",,,https://ik.imagekit.io/OE/nelson-county/listings/valley-road-vineyards-image1_zzVQeEY7N,Green hills with scattered houses and red barns under a clear sky.,,,,,https://www.valleyroadwines.com/,(540) 456-6350,"9264 Critzers Shop Road, Afton, VA 22920",josh,,,https://www.google.com/maps/dir/?api=1&destination=9264%20Critzers%20Shop%20Road%2C%20Afton%2C%20VA%2022920,,,,,,,,,,,,,,Farm; Fishing; Tastings; Wine,TRUE,https://www.google.com/maps/dir/?api=1&destination=9264%20Critzers%20Shop%20Road%2C%20Afton%2C%20VA%2022920
129,Veritas Vineyards & Winery,veritas-vineyards-winery,Vineyards & Wineries,taste,Afton,"Our philosophy is to make wine with the classic, old-world principles of viticulture and vinification, at the same time using state of the art technology to capture varietal and regional character.

Our name derives from the Roman historian Pliny the Elder’s observation “In Vino Veritas” – “In Wine there is Truth.” We believe that the truth in our wine comes straight from our vineyard as an expression of the land where we live and work.",,,https://ik.imagekit.io/OE/nelson-county/listings/veritas-vineyards-winery-image1_nHivj3-nt,"Lush vineyards with white houses, mountains in background, under a clear blue sky.",,,,,https://veritaswines.com/,(540) 456-8000,"151 Veritas Lane, Afton, VA 22920",josh,,,https://www.google.com/maps/dir/?api=1&destination=151%20Veritas%20Lane%2C%20Afton%2C%20VA%2022920,,,,,,,,,,,,,,Farm; Meeting Planners; Outdoor Seating; Scenic Views; Tastings; Wine,FALSE,https://www.google.com/maps/dir/?api=1&destination=151%20Veritas%20Lane%2C%20Afton%2C%20VA%2022920
62,Chestnut Springs Trail,chestnut-springs-trail,Hikes & Trails,outdoor,Wintergreen Resort,"Miles: 1.1 Blaze Color: Yellow-Red Difficulty Level: Moderate Directions: Google Maps The north end of the trail leaves the stream and yellow birches and rhododendron of the Shamokin Gorge and enters oak-hickory forest type. As the trail enters south facing territory, several small streams cross the trail.

This southern end is ideal for spring wildflowers like bloodroot, wild ginger, and violets; all of which bloom in April. Watch for stinging nettle (long pants recommended). Use caution in winter. Miles: 1.1 Blaze Color: Yellow-Red Difficulty Level: Moderate Directions: Google Maps The north end of the trail leaves the stream and yellow birches and rhododendron of the Shamokin Gorge and enters oak-hickory forest type. As the trail enters south facing territory, several small streams cross the trail. This southern end is ideal for spring wildflowers like bloodroot, wild ginger, and violets; all of which bloom in April. Watch for stinging nettle (long pants recommended). Use caution in winter. Chestnut Springs Trail Blackrock Trail Blue Mountain Brewery Basic Necessities",,,https://ik.imagekit.io/OE/nelson-county/listings/chestnut-springs-trail-image1_QehjN4ktm,Wooden trail sign with engraved text surrounded by lush green foliage.,,,,,,(434) 263-7015,"8519 Thomas Nelson Hwy, Lovingston, VA 22949",josh,,,https://www.google.com/maps/dir/?api=1&destination=8519%20Thomas%20Nelson%20Hwy%2C%20Lovingston%2C%20VA%2022949,https://www.youtube.com/watch?v=E5Fj329cUBc,,,,,,,,,,,,,Hiking; Biking,FALSE,https://www.google.com/maps/dir/?api=1&destination=8519%20Thomas%20Nelson%20Hwy%2C%20Lovingston%2C%20VA%2022949
63,Crabtree Falls,crabtree-falls,Hikes & Trails,outdoor,Montebello,"Crabtree Falls Photo credit: Matthew Blouir Travelers have been trading in their long vacations for shorter day trips during these unprecedented times. Those who are looking for the perfect daytrip should travel peaceful Nelson County roads to Crabtree Falls. This picturesque and historic location is seriously beautiful any time of the year.

Crabtree Falls is located in the Montebello area and is dubbed the highest cascading waterfall east of the Mississippi River. The Falls are actually comprised of five major cascades, with the first overlook is just 700 feet from the upper parking lot along a gentle, paved trail. The Crabtree Falls hike is unique hike – as you wind around the mountain, you will be hiking next to the falls for the entire way up. For amateur photographers, there are plenty of scenic views at which to stop and take pictures. Hikers of all ages and abilities can enjoy views of the falls. There is a small parking fee per vehicle. If you’re enjoying a day trip with your dog, just make sure they are well-behaved and on a leash. Always stay on the trail. The Falls are open from year-round from dawn to dusk. It takes around for 3 hours for a round-trip hike. If you’re thinking of staying a night, there are nearby cabins, glamping and camping options. Spring in Nelson County is all misty skies and bright flower buds.",,,https://ik.imagekit.io/OE/nelson-county/listings/crabtree-falls-image1_IXQ2lOEKu,Waterfall cascading over rocks surrounded by lush green foliage.,,,,,,,"11581 Crabtree Falls Highway, Montebello, VA 24464",josh,,,https://www.google.com/maps/dir/?api=1&destination=11581%20Crabtree%20Falls%20Highway%2C%20Montebello%2C%20VA%2024464,https://www.youtube.com/watch?v=NQTLh-j5MzA,,,,,Overview,"<p>Crabtree Falls is one of the most well-known waterfall hikes in Virginia, featuring a series of cascading waterfalls that descend more than 1,200 feet along the eastern slope of the Blue Ridge Mountains. The trail follows Crabtree Creek through a steep, wooded gorge and offers multiple designated viewpoints of the falls.</p><p>The site is managed as a protected natural area and is valued for both its scenic beauty and its challenging terrain.</p>",Trail Experience,"<p>The main trail to Crabtree Falls is approximately <strong>3 miles round-trip</strong> and is considered <strong>strenuous</strong>. The route is steep and rocky, with uneven footing, exposed roots, and narrow sections along the gorge.</p><p>Elevation gain is significant, especially on the return hike uphill, and the trail requires good physical condition and sturdy footwear.</p>",Safety Information,"<p>Crabtree Falls has a history of serious accidents, often caused by visitors leaving the marked trail or climbing on wet rocks near the water. Staying on designated paths and observing posted warnings is essential.</p><p>Visitors should never attempt to climb the falls or cross barriers placed for safety.</p>",Planning Your Visit,"<p>Due to the difficulty of the trail, Crabtree Falls is best suited for experienced hikers. Visitors should allow adequate time for the hike, carry water, and be prepared for changing weather conditions.</p><p>Practicing Leave No Trace principles helps protect both visitors and the natural environment.</p>",Scenic Views; Parking; Biking; Hiking; Water Sports,FALSE,https://www.google.com/maps/dir/?api=1&destination=11581%20Crabtree%20Falls%20Highway%2C%20Montebello%2C%20VA%2024464
64,Devils Knob Trail,devils-knob-trail,Hikes & Trails,outdoor,Wintergreen Resort,Miles: 0.6 Blaze Color: Yellow-Red Difficulty Level: Moderate Directions: Google Maps The trail begins at the Blue Ridge Overlook.,,,https://ik.imagekit.io/OE/nelson-county/listings/devils-knob-trail-image1_9-WjX9SyQ,Rocky forest trail with scattered sunlight filtering through green foliage.,,,,,,(434) 263-7015,"8519 Thomas Nelson Hwy, Lovingston, VA 22949",josh,,,https://www.google.com/maps/dir/?api=1&destination=8519%20Thomas%20Nelson%20Hwy%2C%20Lovingston%2C%20VA%2022949,https://www.youtube.com/watch?v=0b9Jg-76Mug,,,,,,,,,,,,,Scenic Views; Biking; Hiking,FALSE,https://www.google.com/maps/dir/?api=1&destination=8519%20Thomas%20Nelson%20Hwy%2C%20Lovingston%2C%20VA%2022949
65,Fortune's Cove Nature Preserve,fortunes-cove-nature-preserve,Hikes & Trails,outdoor,Lovingston,Miles: 5.3 Difficulty Level: Difficult Fortune’s Cove provides two loops that reward visitors with stunning mountain vistas.,,,https://ik.imagekit.io/OE/nelson-county/listings/fortune-s-cove-nature-preserve-image1__i7ZniCv5,"Trail sign on curved tree, surrounded by dense green forest.",,,,,,(434) 977-4837,"1920 Fortune's Cove Lane, Lovingston, VA 22949",josh,,,https://www.google.com/maps/dir/?api=1&destination=1920%20Fortune%E2%80%99s%20Cove%20Lane%2C%20Lovingston%2C%20VA%2022949,https://www.youtube.com/watch?v=0wCPsQBnei8,,,,,Overview,<p>Fortune’s Cove Nature Preserve protects a rugged section of forested land along the Maury River and offers a network of hiking trails through diverse natural habitats.</p><p>The preserve is managed for conservation and low-impact recreation.</p>,Trail Experience,"<p>Trails within the preserve range from <strong>moderate to strenuous</strong> and include rocky terrain, elevation changes, and river views.</p><p>Routes vary in length and can be combined for longer hikes.</p>",Safety & Stewardship,"<p>Because of steep terrain and natural hazards, visitors should remain on designated trails and follow posted guidance.</p><p>Practicing Leave No Trace principles helps protect sensitive habitats.</p>",Planning Your Visit,"<p>The preserve is best suited for experienced hikers. Visitors should plan ahead, bring adequate supplies, and be prepared for limited facilities.</p>",Hiking; Biking,FALSE,https://www.google.com/maps/dir/?api=1&destination=1920%20Fortune%E2%80%99s%20Cove%20Lane%2C%20Lovingston%2C%20VA%2022949
66,Fortune's Ridge Trail,fortunes-ridge-trail,Hikes & Trails,outdoor,Wintergreen Resort,Miles: 1.1 Blaze Color: Red Difficulty Level: Moderate to Difficult Directions: Google Maps Fortunes Ridge Trail follows a cold mountain stream over cascading rock formations.,,,https://ik.imagekit.io/OE/nelson-county/listings/fortune-s-ridge-trail-image1_INFnASltm,Wooden trail sign reads 'Laurel Ridge Loop 3 Mile' in forest.,,,,,,(434) 263-7015,"8519 Thomas Nelson Hwy, Lovingston, VA 22949",josh,,,https://www.google.com/maps/dir/?api=1&destination=8519%20Thomas%20Nelson%20Hwy%2C%20Lovingston%2C%20VA%2022949,https://www.youtube.com/watch?v=vQsfriAzwkk,,,,,,,,,,,,,Scenic Views; Biking; Hiking; Water Sports,FALSE,https://www.google.com/maps/dir/?api=1&destination=8519%20Thomas%20Nelson%20Hwy%2C%20Lovingston%2C%20VA%2022949
67,Hemlock Springs Loop,hemlock-springs-loop,Hikes & Trails,outdoor,Wintergreen Resort,Miles: 0.8 Blaze Color: Yellow-Red Difficulty Level: Moderate to Difficult Directions: Google Maps This trail is one of the only areas that provides habitat for both pink and yellow ladyslippers.,,,https://ik.imagekit.io/OE/nelson-county/listings/hemlock-springs-loop-image1_hX7dh-gSI,Person standing on large rock surrounded by green grass.,,,,,,(434) 263-7015,"8519 Thomas Nelson Hwy, Lovingston, VA 22949",josh,,,https://www.google.com/maps/dir/?api=1&destination=8519%20Thomas%20Nelson%20Hwy%2C%20Lovingston%2C%20VA%2022949,https://www.youtube.com/watch?v=rxKTg8wKULo,,,,,,,,,,,,,Hiking; Biking,FALSE,https://www.google.com/maps/dir/?api=1&destination=8519%20Thomas%20Nelson%20Hwy%2C%20Lovingston%2C%20VA%2022949
68,Highlands Leisure Trail,highlands-leisure-trail,Hikes & Trails,outdoor,Wintergreen Resort,Miles: 0.5 Blaze Color: Yellow Difficulty Level: Easy Directions: Google Maps The Highlands Leisure Trail is the popular connecting trail between the resort’s Blackrock Village and the Wintergarden.,,,https://ik.imagekit.io/OE/nelson-county/listings/highlands-leisure-trail-image1_14-OGVdVb,Wooded trail with steps surrounded by lush green foliage and sunlight.,,,,,,(434) 263-7015,"8519 Thomas Nelson Hwy, Lovingston, VA 22949",josh,,,https://www.google.com/maps/dir/?api=1&destination=8519%20Thomas%20Nelson%20Hwy%2C%20Lovingston%2C%20VA%2022949,https://www.youtube.com/watch?v=6Hgw0sY6GOM,,,,,,,,,,,,,Scenic Views; Resort; Biking; Hiking,FALSE,https://www.google.com/maps/dir/?api=1&destination=8519%20Thomas%20Nelson%20Hwy%2C%20Lovingston%2C%20VA%2022949
69,Humpback Rocks,humpback-rocks,Hikes & Trails,outdoor,Lyndhurst,"The Humpback Rocks Visitors Center is located at milemarker 5.8, six miles south of the Rockfish Gap Interchange of I-64 and US 250.",,,https://ik.imagekit.io/OE/nelson-county/listings/humpback-rocks-image1_f_nN7bZ7z,Sunrise over misty valley with rocky foreground and scattered clouds.,,,,,,(540) 943-4716,"Humpback Gap Parking Area, Milepost 5.8 Blue Ridge Parkway, Lyndhurst, VA 22952",josh,,,https://www.google.com/maps/dir/?api=1&destination=Humpback%20Gap%20Parking%20Area%2C%20Milepost%205.8%20Blue%20Ridge%20Parkway%2C%20Lyndhurst%2C%20VA%2022952,https://www.youtube.com/watch?v=MouDyX0MDvo,,,,,Overview,"<p>Humpback Rocks is one of the most popular hiking destinations in the Blue Ridge Mountains, known for its dramatic rock outcrop and sweeping views of the Shenandoah Valley and surrounding ridgelines.</p><p>The summit provides one of the most recognizable viewpoints along the Blue Ridge Parkway.</p>",Trail Experience,"<p>The primary trail to Humpback Rocks is approximately <strong>2 miles round-trip</strong> and is considered <strong>strenuous</strong> due to its steep climb and rocky steps.</p><p>Although the distance is short, the elevation gain is significant and requires good physical conditioning.</p>",Safety Information,"<p>The summit area includes exposed rock and steep drop-offs. Visitors should use caution near edges and be mindful of weather conditions, particularly high winds or wet surfaces.</p>",Planning Your Visit,"<p>Because of its popularity, Humpback Rocks can be busy during peak seasons. Arriving early and wearing sturdy footwear can help ensure a safer and more enjoyable hike.</p>",Scenic Views; Biking; Hiking,FALSE,https://www.google.com/maps/dir/?api=1&destination=Humpback%20Gap%20Parking%20Area%2C%20Milepost%205.8%20Blue%20Ridge%20Parkway%2C%20Lyndhurst%2C%20VA%2022952
70,James River State Park,james-river-state-park,Hikes & Trails,outdoor,Gladstone,James River State Park features over 15 miles of hiking/biking/horseback riding trails that meander through 1500 acres of rolling meadows and quiet forests.,,,https://ik.imagekit.io/OE/nelson-county/listings/james-river-state-park-image1_IdOJ0UXYE,Stone entrance sign reading 'James River Wildlife Management Area' among trees.,,,,,,(434) 933-4355,"104 Green Hill Drive, Gladstone, VA 24553",josh,,,https://www.google.com/maps/dir/?api=1&destination=104%20Green%20Hill%20Drive%2C%20Gladstone%2C%20VA%2024553,,,,,,Overview,"<p>James River State Park is a large public park that offers access to the James River along with forests, open meadows, and scenic overlooks. The park protects a diverse landscape while providing space for outdoor recreation and quiet exploration.</p>",Trails & Recreation,"<p>The park includes a network of hiking and biking trails ranging from <strong>easy riverside walks</strong> to <strong>moderate upland routes</strong> with elevation changes. River access supports paddling and fishing, and open areas are suitable for picnicking and wildlife viewing.</p>",Visitor Experience,"<p>Because of the park’s size, visitors can choose from short outings or full-day adventures. Trails are well-marked, and different areas of the park offer distinct experiences depending on interest and ability.</p>",Planning Notes,"<p>Visitors should review maps and trail descriptions in advance and allow sufficient time to explore. Conditions can vary by season, particularly along river corridors.</p>",Boating; Cabins; Water Sports; Biking; Hiking,FALSE,https://www.google.com/maps/dir/?api=1&destination=104%20Green%20Hill%20Drive%2C%20Gladstone%2C%20VA%2024553
71,Kids in Parks: Virginia Blue Ridge Railway Trail,kids-in-parks-virginia-blue-ridge-railway-trail,Hikes & Trails,outdoor,Piney River,"This Blue Ridge Parkway Foundation program helps get kids and families “un-plugged”, outdoors and actively engaged in nature, for their health and the health of our parks. Each TRACK Trail provides a series of self-guided, brochure led adventures designed to turn an ordinary hike into a fun-filled adventure.

Kids who register their TRACK Trail adventures on the KIDS IN PARKS website become members of the program’s Trail TRACKer Team and earn prizes designed to make their next adventure more fun.",,,https://ik.imagekit.io/OE/nelson-county/listings/kids-in-parks-virginia-blue-ridge-railway-trail-image1_uPNIvt_fZ,Wooden covered bridge over forest path; red bicycle leaning nearby.,,,,,,(434) 263-7130,"3124 Patrick Henry Highway, Piney River, VA 22964",josh,,,https://www.google.com/maps/dir/?api=1&destination=3124%20Patrick%20Henry%20Highway%2C%20Piney%20River%2C%20VA%2022964,https://www.youtube.com/watch?v=xLH-a3FUtDw,,,,,Overview,"<p>This Kids in Parks trail follows portions of the Virginia Blue Ridge Railway corridor, offering a gentle outdoor experience tied to local history.</p>",Trail Experience,"<p>The trail is considered <strong>easy</strong> and is well suited for children, families, and casual walkers.</p>",Program Information,<p>Families can participate in self-guided activities that encourage exploration and learning along the trail.</p>,,,Hiking; Adventure; Family Friendly; Parking; Biking; Water Sports; Hunting,FALSE,https://www.google.com/maps/dir/?api=1&destination=3124%20Patrick%20Henry%20Highway%2C%20Piney%20River%2C%20VA%2022964
140,HeartRock Retreat & Homestead,heartrockretreat,Whole House Rentals,stay,Roseland,"Welcome to HeartRock! Located in Nelson County, Virginia, our fifteen acre homestead offers both rustic charm and modern comfort. We’ve got fields of edible, medicinal, and floral gardens tucked into an oak forest, alongside comfortable and inspired lodging.

Between the Main House, Guest House, and Tree House, we offer sleeping space for fifteen guests, along with reading nooks, hammocks, porch swings, a fire pit and poor man’s hot tub, and many other outdoor gathering spaces. These details make HeartRock a novel location for intimate events like reunions, weddings, and retreats. Easy access to the Rockfish River, George Washington National Forest, the vineyards and breweries of Nelson County, Wintergreen Resort, and the cities of Charlottesville and Lynchburg provide abundant options for family getaway entertainment. Have you ever heard the whippoorwill sing while watching the stars? Grazed on organic veggies in the morning dew, or felt a sunset kiss your heart? Come on over, you'll be glad you did. 2808 Glad Road Schuyler, VA 22969 Welcome to HeartRock! Located in Nelson County, Virginia, our fifteen acre homestead offers both rustic charm and modern comfort. We’ve got fields of edible, medicinal, and floral gardens tucked into an oak forest, alongside comfortable and inspired lodging. Between the Main House, Guest House, and Tree House, we offer sleeping space for fifteen guests, along with reading nooks, hammocks, porch swings, a fire pit and poor man’s hot tub, and many other outdoor gathering spaces. These details make HeartRock a novel location for intimate events like reunions, weddings, and retreats. Easy access to the Rockfish River, George Washington National Forest, the vineyards and breweries of Nelson County, Wintergreen Resort, and the cities of Charlottesville and Lynchburg provide abundant options for family getaway entertainment. Have you ever heard the whippoorwill sing while watching the stars? Grazed on organic veggies in the morning dew, or felt a sunset kiss your heart? Come on over, you'll be glad you did. 2808 Glad Road Schuyler, VA 22969 ReDeer Creek Farm Montebello Fish Hatchery Veritas Vineyards & Winery Mountain and Vine Winery Blue Mountain Brewery Basic Necessities",,,https://ik.imagekit.io/OE/nelson-county/listings/heartrock-retreat-homestead-image1_mAMJ2A-kN,Lush green garden with various plants and trees in a forest setting.,https://ik.imagekit.io/OE/nelson-county/listings/heartrock-retreat-homestead-image2_-41zacroR,"Lush vegetable garden with rows, greenhouses, surrounded by trees under cloudy sky.",https://ik.imagekit.io/OE/nelson-county/listings/heartrock-retreat-homestead-image3_IUAyZgjGJ,Bee collecting nectar from honey on shiny surface.,,(434) 263-7015,"2808 Glad Road, Schuyler, VA 22969",josh,,,https://www.google.com/maps/dir/?api=1&destination=2808%20Glad%20Road%2C%20Schuyler%2C%20VA%2022969,,,,,,,,,,,,,,Outdoor Seating; Beer; Organic; Farm; Local Ingredients; Water Sports,FALSE,https://www.google.com/maps/dir/?api=1&destination=2808%20Glad%20Road%2C%20Schuyler%2C%20VA%2022969
72,Laurel Ridge Loop,laurel-ridge-loop,Hikes & Trails,outdoor,Wintergreen Resort,"Miles: 1.6 Blaze Color: Yellow Difficulty Level: Moderate Directions: Google Maps The loop layout of the trail provides access to an array of forest types: mountain laurel thickets, yellow birch, hemlock remains, and oak-hickory forest.",,,https://ik.imagekit.io/OE/nelson-county/listings/laurel-ridge-loop-image1_k_xUZ0XKg,Wooden trail sign with yellow and red text in forest setting.,,,,,,(434) 263-7015,"8519 Thomas Nelson Hwy, Lovingston, VA 22949",josh,,,https://www.google.com/maps/dir/?api=1&destination=8519%20Thomas%20Nelson%20Hwy%2C%20Lovingston%2C%20VA%2022949,https://www.youtube.com/watch?v=a8Oc3URmNJI,,,,,Overview,"<p>The Laurel Ridge Loop is a wooded hiking trail that travels along ridgelines through dense mountain vegetation. It offers a longer, more immersive forest experience.</p>",Trail Experience,<p>The loop covers <strong>several miles</strong> and is generally considered <strong>moderate to strenuous</strong> due to elevation changes and uneven terrain.</p>,Planning Notes,"<p>Because the trail passes through remote forest, hikers should carry water, allow adequate time to complete the loop, and be prepared for limited cell service.</p>",,,Hiking; Parking; Biking,FALSE,https://www.google.com/maps/dir/?api=1&destination=8519%20Thomas%20Nelson%20Hwy%2C%20Lovingston%2C%20VA%2022949
142,Inglewood Fine Meats,inglewood-fine-meats,Restaurants,taste,Arrington,"Nestled in Nelson County. We take pride in the fact that our Beef and Lamb is not only Verified All Natural, but our animals live a quality life in the foothills of the blue ridge mountains. We never use hormone treatment on any of our animals. They live a happy stress-free life rotating through our expansive fields.

Fields are maintained without any chemicals, poisons or biosolids, ensuring no transfer of harmful materials to our meats. Soon we will be offering USDA processed all natural Black Angus Beef and Dorset Lamb delivered from our farm to your door! Register for notifications and promotions.",,,https://ik.imagekit.io/OE/nelson-county/listings/inglewood-fine-meats-image1_KBCogmzSHU,"Raw meat on wooden board with garlic, chili, peppercorns, and rosemary.",,,,,,(434) 365-0028,"4638 Variety Mills Road, Arrington, VA",josh,,,https://www.google.com/maps/dir/?api=1&destination=4638%20Variety%20Mills%20Road%2C%20Arrington%2C%20VA%2022922,,,,,,,,,,,,,,Farm; Local Ingredients,FALSE,https://www.google.com/maps/dir/?api=1&destination=4638%20Variety%20Mills%20Road%2C%20Arrington%2C%20VA%2022922
73,Lower Shamokin Falls Trail,lower-shamokin-falls-trail,Hikes & Trails,outdoor,Wintergreen Resort,"Miles: 1.7 Blaze Color: Blue Difficulty Level: Moderate Perhaps the longest destination hike on the property, the trail begins on a jeep trail and then meanders through dense forest cover. The end of the trail is located at the base of a cascading waterfall that begins just below the Upper Shamokin Falls Trail.

DIRECTIONS: From Rt. 151 in Nellysford, take a left onto Rt. 751 (Old Stoney Creek Road), trail begins at the end of the road at gate. Miles: 2.6 Difficulty Level: Moderate A 2.6-mile moderate hike along the Appalachian Trail traverses a wooden Swinging Bridge over the Tye River, and travels through stands of mountain laurel and rhododendron to the Harpers Creek Shelter (AT) and Harper’s Creek, where the water gurgles through the large cascading rocks. Multiple campsites are on each side of the creek, and there’s a vault toilet up the hill from the shelter. Directions From State Route 56 at Crabtree Falls: Take SR 56 east for approximately 3-4 miles. The Appalachian Trail crosses SR 56 and a AT parking lot is available to the right (South side) of SR 56. Head across the street from the parking lot (North) on the AT across the Swinging Bridge, and continue up the trail towards Harper’s Creek Shelter. Lower Shamokin Falls Trail Blue Mountain Brewery Basic Necessities",,,https://ik.imagekit.io/OE/nelson-county/listings/lower-shamokin-falls-trail-image1_BIy5ezGql,Trail sign on tree reads 'Lower Shamokin Falls Trail' in lush forest.,,,,,,(434) 263-7015,"8519 Thomas Nelson Hwy, Lovingston, VA 22949",josh,,,https://www.google.com/maps/dir/?api=1&destination=8519%20Thomas%20Nelson%20Hwy%2C%20Lovingston%2C%20VA%2022949,https://www.youtube.com/watch?v=a8Oc3URmNJI,,,,,,,,,,,,,Hiking; Biking; Water Sports,FALSE,https://www.google.com/maps/dir/?api=1&destination=8519%20Thomas%20Nelson%20Hwy%2C%20Lovingston%2C%20VA%2022949
74,Mau-Har Trail,mau-har-trail,Hikes & Trails,outdoor,Tyro,"The blue blazed Mau-Har trail provides an excellent circuit hike in conjunction with the Appalachian Trail through the Three Ridges Wilderness area in Nelson County. The Appalachian Trail crosses through the wilderness for approximately ten miles.

This section of the Appalachian Trail, combined with the other trail in the wilderness, the three mile long Mau-Har Trail, creates “one of the best loop trails in the state of Virginia,” according to one guidebook.These trails are maintained by the Tidewater Appalachian Trail Club, a trail maintenance club affiliated with the Appalachian Trail Conservancy . There are two Appalachian Trail shelters within the wilderness, the Maupin Field Shelter to the north, and the Harper’s Creek Shelter, 2.6 trail miles from the Tye River. The trail begins on the A.T. 1.8 miles from Reeds Gap/route 664. It continues for 3.3 miles through steep terrain passing near the 50 foot Campbell’s Creek waterfall. The trail ends on the A.T., 1.5 miles from the junction of the A.T. and Route 56.",,,https://ik.imagekit.io/OE/nelson-county/listings/mau-har-trail-image1_eNNMwbi1U,Small waterfall cascading over rocks surrounded by autumn foliage.,,,,,,(434) 263-7015,"Blue Ridge Parkway Milepost 13.7, Roseland, VA 22967",josh,,,https://www.google.com/maps/dir/?api=1&destination=Blue%20Ridge%20Parkway%20Milepost%2013.7%2C%20Roseland%2C%20VA%2022967,https://www.youtube.com/watch?v=I0-Z8sJtkvg,,,,,Overview,"<p>The Mau-Har Trail is a scenic backcountry hiking route in the George Washington National Forest, known for its waterfalls, stream crossings, and forested mountain terrain.</p><p>The trail is often used as part of a loop hike that includes the nearby Appalachian Trail.</p>",Trail Experience,"<p>The Mau-Har Trail is approximately <strong>3 miles one way</strong> and is considered <strong>moderate to strenuous</strong>. The route follows a creek corridor with multiple stream crossings and includes steady elevation change.</p><p>Footing can be rocky and uneven, particularly after rain.</p>",Safety Information,"<p>Stream crossings may be difficult during periods of high water. Visitors should use caution, especially after heavy rainfall.</p><p>Because this is a backcountry trail, preparation and navigation awareness are important.</p>",Planning Your Visit,"<p>Hikers should carry sufficient water, wear sturdy footwear, and allow adequate time for the hike. Checking weather conditions before starting is strongly recommended.</p>",Hiking; Biking; Appalachian Trail; Water Sports,FALSE,https://www.google.com/maps/dir/?api=1&destination=Blue%20Ridge%20Parkway%20Milepost%2013.7%2C%20Roseland%2C%20VA%2022967
75,Montebello Nature Trail,montebello-nature-trail,Hikes & Trails,outdoor,Montebello,"A short trail (.5 mile) follows a small stream that was once part of the Montebello Fish Hatchery. The path is lined with a wide diversity of ferns as well as native shrubs and wildflowers. Relax on one of the benches and listen for the Louisiana water thrush or watch dragonflies skimming the stream. Entrance just above the dam. The trail is always open.

Montebello Nature Trail 359 Fish Hatchery Lane Montebello, VA 24464 Directions Follow Route 56 to Montebello Miles: 2.6 Difficulty Level: Moderate A 2.6-mile moderate hike along the Appalachian Trail traverses a wooden Swinging Bridge over the Tye River, and travels through stands of mountain laurel and rhododendron to the Harpers Creek Shelter (AT) and Harper’s Creek, where the water gurgles through the large cascading rocks. Multiple campsites are on each side of the creek, and there’s a vault toilet up the hill from the shelter. Directions From State Route 56 at Crabtree Falls: Take SR 56 east for approximately 3-4 miles. The Appalachian Trail crosses SR 56 and a AT parking lot is available to the right (South side) of SR 56. Head across the street from the parking lot (North) on the AT across the Swinging Bridge, and continue up the trail towards Harper’s Creek Shelter. Lower Shamokin Falls Trail Blue Mountain Brewery Basic Necessities",,,https://ik.imagekit.io/OE/nelson-county/listings/montebello-nature-trail-image1_Uvj7h3IC1,People walking on a sunny forest trail surrounded by green trees.,,,,,,(540) 377-2650,"359 Fish Hatchery Lane, Montebello, VA",josh,,,https://www.google.com/maps/dir/?api=1&destination=359%20Fish%20Hatchery%20Lane%2C%20Montebello%2C%20VA%2024464,,,,,,,,,,,,,,Biking; Hiking; Water Sports; Fishing,FALSE,https://www.google.com/maps/dir/?api=1&destination=359%20Fish%20Hatchery%20Lane%2C%20Montebello%2C%20VA%2024464
76,Nelson County Wilderness Area,nelson-county-wilderness-area,Hikes & Trails,outdoor,Montebello,"The Wilderness designation provides permanent protection for the two areas in their natural state. The Priest (nearly 6,000 acres) rises from an elevation of about 1,000 feet at the Tye River to 4,063 feet. Three Ridges (4,608 acres) is one of the wildest and most rugged areas in the Virginia Blue Ridge.

One of the accesses to the area is the Appalachian Trail that runs through this scenic wilderness. See the Three Ridges Map Miles: 2.6 Difficulty Level: Moderate A 2.6-mile moderate hike along the Appalachian Trail traverses a wooden Swinging Bridge over the Tye River, and travels through stands of mountain laurel and rhododendron to the Harpers Creek Shelter (AT) and Harper’s Creek, where the water gurgles through the large cascading rocks. Multiple campsites are on each side of the creek, and there’s a vault toilet up the hill from the shelter. Directions From State Route 56 at Crabtree Falls: Take SR 56 east for approximately 3-4 miles. The Appalachian Trail crosses SR 56 and a AT parking lot is available to the right (South side) of SR 56. Head across the street from the parking lot (North) on the AT across the Swinging Bridge, and continue up the trail towards Harper’s Creek Shelter. Lower Shamokin Falls Trail Blue Mountain Brewery Basic Necessities",,,https://ik.imagekit.io/OE/nelson-county/listings/nelson-county-wilderness-area-image1_kdVr3IMtp,Hiker with a green backpack walking through a forest.,,,,,,(434) 263-7015,"George Washington National Forest, Montebello, VA 24464",josh,,,https://www.google.com/maps/dir/?api=1&destination=George%20Washington%20National%20Forest%2C%20Montebello%2C%20VA%2024464,https://www.youtube.com/watch?v=sAtnq74NMgI,,,,,,,,,,,,,Hiking; Biking; Appalachian Trail; Water Sports,FALSE,https://www.google.com/maps/dir/?api=1&destination=George%20Washington%20National%20Forest%2C%20Montebello%2C%20VA%2024464
77,North Fork of the Piney River,north-fork-of-the-piney-river,Hikes & Trails,outdoor,Piney River,"A scenic driving and short walking trail offers views of Piney River as it cascades over large rocks. It is stocked for fishing and has good swimming holes. Directions Take Route 56 west to Massies Mill, turn on SR 666 (Dickie Road).

Follow SR 666 for a total of approximately 4 miles past Dickie Brothers Orchard where the road becomes a gravel road then winds up and over the mountain offering mountain views of the Blue Ridge. At the foot of the mountain turn right onto Route 827. Route 827 goes into the George Washington National Forest and parallels the North Fork of the Piney River. Park along the roadside and walk beside the river (except where private property is posted) which offers scenic views of this mountain stream. Miles: 2.6 Difficulty Level: Moderate A 2.6-mile moderate hike along the Appalachian Trail traverses a wooden Swinging Bridge over the Tye River, and travels through stands of mountain laurel and rhododendron to the Harpers Creek Shelter (AT) and Harper’s Creek, where the water gurgles through the large cascading rocks. Multiple campsites are on each side of the creek, and there’s a vault toilet up the hill from the shelter. Directions From State Route 56 at Crabtree Falls: Take SR 56 east for approximately 3-4 miles. The Appalachian Trail crosses SR 56 and a AT parking lot is available to the right (South side) of SR 56. Head across the street from the parking lot (North) on the AT across the Swinging Bridge, and continue up the trail towards Harper’s Creek Shelter. Lower Shamokin Falls Trail Blue Mountain Brewery Basic Necessities",,,https://ik.imagekit.io/OE/nelson-county/listings/north-fork-of-the-piney-river-image1_-MuJGSrnG,Water cascading over mossy rocks surrounded by green leaves.,,,,,,(434) 263-7015,"Piney River, VA 22964",josh,,,https://www.google.com/maps/dir/?api=1&destination=Piney%20River%2C%20VA%2022964,,,,,,,,,,,,,,Water Sports; Biking; Hiking; Farm; Fishing; Swimming Pool,FALSE,https://www.google.com/maps/dir/?api=1&destination=Piney%20River%2C%20VA%2022964
78,Old Appalachian Trail,old-appalachian-trail,Hikes & Trails,outdoor,Wintergreen Resort,Miles: 3.3 Blaze Color: Red-Yellow Difficulty Level: Moderate to Difficult Directions: Google Maps This trail has an array of access points and varying hike lengths.,,,https://ik.imagekit.io/OE/nelson-county/listings/old-appalachian-trail-image1_mjlB71z_w,"Narrow dirt path with yellow moss, surrounded by trees in a forest.",,,,,,(434) 263-7015,"8519 Thomas Nelson Hwy, Lovingston, VA 22949",josh,,,https://www.google.com/maps/dir/?api=1&destination=8519%20Thomas%20Nelson%20Hwy%2C%20Lovingston%2C%20VA%2022949,https://www.youtube.com/watch?v=7Nh0uDKNoHg,,,,,,,,,,,,,Hiking; Biking; Appalachian Trail,FALSE,https://www.google.com/maps/dir/?api=1&destination=8519%20Thomas%20Nelson%20Hwy%2C%20Lovingston%2C%20VA%2022949
79,Paul's Creek Trail,pauls-creek-trail,Hikes & Trails,outdoor,Wintergreen Resort,Miles: 0.6 Blaze Color: Blue Difficulty Level: Moderate Directions: Google Maps Family favorite!,,,https://ik.imagekit.io/OE/nelson-county/listings/paul-s-creek-trail-image1_MwER-wYqT,Forest stream flowing over rocks surrounded by trees and autumn leaves.,,,,,,(434) 263-7015,"8519 Thomas Nelson Hwy, Lovingston, VA 22949",josh,,,https://www.google.com/maps/dir/?api=1&destination=8519%20Thomas%20Nelson%20Hwy%2C%20Lovingston%2C%20VA%2022949,https://www.youtube.com/watch?v=7sY95GxqXgQ,,,,,,,,,,,,,Family Friendly; Biking; Hiking; Water Sports; Swimming Pool,FALSE,https://www.google.com/maps/dir/?api=1&destination=8519%20Thomas%20Nelson%20Hwy%2C%20Lovingston%2C%20VA%2022949
80,Pedlars Edge Trail,pedlars-edge-trail,Hikes & Trails,outdoor,Wintergreen Resort,Miles: 1.6 Blaze Color: Red Difficulty Level: Difficult Directions: Google Maps The Pedlars Edge trail connects to the Blackrock Trail .,,,https://ik.imagekit.io/OE/nelson-county/listings/pedlars-edge-trail-image1_vnTLjWNB-,"Bird perched on icy branch, blue sky background.",,,,,,(434) 263-7015,"8519 Thomas Nelson Hwy, Lovingston, VA 22949",josh,,,https://www.google.com/maps/dir/?api=1&destination=8519%20Thomas%20Nelson%20Hwy%2C%20Lovingston%2C%20VA%2022949,https://www.youtube.com/watch?v=CEseBebiAoc,,,,,,,,,,,,,Biking; Hiking,FALSE,https://www.google.com/maps/dir/?api=1&destination=8519%20Thomas%20Nelson%20Hwy%2C%20Lovingston%2C%20VA%2022949
81,Pond Hollow Trail,pond-hollow-trail,Hikes & Trails,outdoor,Wintergreen Resort,Miles: 1.0 Blaze Color: Red Difficulty Level: Difficult Directions: Google Maps Pond Hollow is one of the most interesting and challenging trails on the mountain.,,,https://ik.imagekit.io/OE/nelson-county/listings/pond-hollow-trail-image1_Ej7WY6jiu,Group of people walking through lush green forest near rocky cliff.,,,,,,(434) 263-7015,"8519 Thomas Nelson Hwy, Lovingston, VA 22949",josh,,,https://www.google.com/maps/dir/?api=1&destination=8519%20Thomas%20Nelson%20Hwy%2C%20Lovingston%2C%20VA%2022949,https://www.youtube.com/watch?v=nLlzm-zJRYU,,,,,,,,,,,,,Biking; Hiking,FALSE,https://www.google.com/maps/dir/?api=1&destination=8519%20Thomas%20Nelson%20Hwy%2C%20Lovingston%2C%20VA%2022949
82,Ravens Roost Park,ravens-roost-park,Hikes & Trails,outdoor,Wintergreen Resort,Miles: 0.5 Blaze Color: Yellow Difficulty Level: Moderate Directions: Google Maps This trail is excellent for finding wildflowers during warmer months.,,,https://ik.imagekit.io/OE/nelson-county/listings/ravens-roost-park-image1_1twDjr3Lr,Wooden deck overlooks vast green forest landscape and distant horizon.,,,,,,(434) 263-7015,"8519 Thomas Nelson Hwy, Lovingston, VA 22949",josh,,,https://www.google.com/maps/dir/?api=1&destination=8519%20Thomas%20Nelson%20Hwy%2C%20Lovingston%2C%20VA%2022949,https://www.youtube.com/watch?v=im3xJ1yNeao,,,,,,,,,,,,,Seasonal Menu; Hiking; Biking,FALSE,https://www.google.com/maps/dir/?api=1&destination=8519%20Thomas%20Nelson%20Hwy%2C%20Lovingston%2C%20VA%2022949
83,Shamokin Springs Nature Preserve,shamokin-springs-nature-preserve,Hikes & Trails,outdoor,Lovingston,"Miles: 0.3 Blaze Color: Yellow Difficulty Level: Easy Directions: Google Maps This nature preserve in the middle of Wintergreen’s community is one of the most unique environments on the mountain. The high elevation wetland with braided streams features northern plant species.

It is a favorite with families and can be accompanied by a Nature Preserve Guide found at the trail entrance or at Trillium House . Miles: 2.6 Difficulty Level: Moderate A 2.6-mile moderate hike along the Appalachian Trail traverses a wooden Swinging Bridge over the Tye River, and travels through stands of mountain laurel and rhododendron to the Harpers Creek Shelter (AT) and Harper’s Creek, where the water gurgles through the large cascading rocks. Multiple campsites are on each side of the creek, and there’s a vault toilet up the hill from the shelter. Directions From State Route 56 at Crabtree Falls: Take SR 56 east for approximately 3-4 miles. The Appalachian Trail crosses SR 56 and a AT parking lot is available to the right (South side) of SR 56. Head across the street from the parking lot (North) on the AT across the Swinging Bridge, and continue up the trail towards Harper’s Creek Shelter. https://www.nelsoncounty.com/shamokin-spring-nature-preserve/ Blue Mountain Brewery Basic Necessities",,,https://ik.imagekit.io/OE/nelson-county/listings/shamokin-springs-nature-preserve-image1_06TPiH1-t,Small waterfall cascading over rocks in a forest stream.,https://ik.imagekit.io/OE/nelson-county/listings/shamokin-springs-nature-preserve-image2_sDnCAzjbr,Mountain landscape with distant green hills and scattered clouds beneath blue sky.,,,,(434) 263-7015,"8519 Thomas Nelson Hwy, Lovingston, VA 22949",josh,,,https://www.google.com/maps/dir/?api=1&destination=8519%20Thomas%20Nelson%20Hwy%2C%20Lovingston%2C%20VA%2022949,https://www.youtube.com/watch?v=VPlJNnuUq8g,,,,,,,,,,,,,Educational; Family Friendly; Biking; Hiking,FALSE,https://www.google.com/maps/dir/?api=1&destination=8519%20Thomas%20Nelson%20Hwy%2C%20Lovingston%2C%20VA%2022949
84,The Plunge,the-plunge,Hikes & Trails,outdoor,Wintergreen Resort,"Miles: 0.2 Blaze Color: Yellow Difficulty Level: Moderate (if you take your time) Directions: Google Maps One of the shortest trails on the mountain (it is an access trail to the Blackrock Trail ), The Plunge is an excellent introduction to the beauty and natural history of the area.

The hikers will find a steep climb around rock formations that were created millions of years ago (called pedlar gneiss). The Plunge provides an incredible overlook and family picture spot at both the top (at Blackrock Park on Blackrock Circle) and the bottom of the trail. Use extra caution in winter. Miles: 2.6 Difficulty Level: Moderate A 2.6-mile moderate hike along the Appalachian Trail traverses a wooden Swinging Bridge over the Tye River, and travels through stands of mountain laurel and rhododendron to the Harpers Creek Shelter (AT) and Harper’s Creek, where the water gurgles through the large cascading rocks. Multiple campsites are on each side of the creek, and there’s a vault toilet up the hill from the shelter. Directions From State Route 56 at Crabtree Falls: Take SR 56 east for approximately 3-4 miles. The Appalachian Trail crosses SR 56 and a AT parking lot is available to the right (South side) of SR 56. Head across the street from the parking lot (North) on the AT across the Swinging Bridge, and continue up the trail towards Harper’s Creek Shelter. https://www.nelsoncounty.com/shamokin-spring-nature-preserve/ Blue Mountain Brewery Basic Necessities",,,https://ik.imagekit.io/OE/nelson-county/listings/the-plunge-image1_RX1pJhwfh,"Rocky viewpoint overlooking lush, green mountains under clear blue sky.",,,,,,(434) 263-7015,"8519 Thomas Nelson Hwy, Lovingston, VA 22949",josh,,,https://www.google.com/maps/dir/?api=1&destination=8519%20Thomas%20Nelson%20Hwy%2C%20Lovingston%2C%20VA%2022949,https://www.youtube.com/watch?v=5_RUc2yc2JU,,,,,,,,,,,,,Family Friendly; Biking; Hiking,FALSE,https://www.google.com/maps/dir/?api=1&destination=8519%20Thomas%20Nelson%20Hwy%2C%20Lovingston%2C%20VA%2022949
85,Trillium Field,trillium-field,Hikes & Trails,outdoor,Wintergreen Resort,"Miles: 0.1 Blaze Color: Yellow Difficulty Level: Easy Directions: Google Maps In early May the bloom from thousands of trillium blanket the forest floor with white and pink. The Trillium Field provides habitat for wildflower species that bloom throughout the warmer months. On the corner of Wintergreen Drive and Devils Knob Loop.

Miles: 2.6 Difficulty Level: Moderate A 2.6-mile moderate hike along the Appalachian Trail traverses a wooden Swinging Bridge over the Tye River, and travels through stands of mountain laurel and rhododendron to the Harpers Creek Shelter (AT) and Harper’s Creek, where the water gurgles through the large cascading rocks. Multiple campsites are on each side of the creek, and there’s a vault toilet up the hill from the shelter. Directions From State Route 56 at Crabtree Falls: Take SR 56 east for approximately 3-4 miles. The Appalachian Trail crosses SR 56 and a AT parking lot is available to the right (South side) of SR 56. Head across the street from the parking lot (North) on the AT across the Swinging Bridge, and continue up the trail towards Harper’s Creek Shelter.",,,https://ik.imagekit.io/OE/nelson-county/listings/trillium-field-image1_7pHAG-Gk3,Pink and white flowers with green leaves in a forest setting.,,,,,,(434) 263-7015,"8519 Thomas Nelson Hwy, Lovingston, VA 22949",josh,,,https://www.google.com/maps/dir/?api=1&destination=8519%20Thomas%20Nelson%20Hwy%2C%20Lovingston%2C%20VA%2022949,https://www.youtube.com/watch?v=im3xJ1yNeao,,,,,,,,,,,,,Seasonal Menu; Biking; Hiking,FALSE,https://www.google.com/maps/dir/?api=1&destination=8519%20Thomas%20Nelson%20Hwy%2C%20Lovingston%2C%20VA%2022949
86,Upper Shamokin Falls Trail,upper-shamokin-falls-trail,Hikes & Trails,outdoor,Wintergreen Resort,Miles: 0.4 Blaze Color: Yellow Difficulty Level: Easy Directions: Google Maps One of the most popular and beautiful hikes on the mountain.,,,https://ik.imagekit.io/OE/nelson-county/listings/upper-shamokin-falls-trail-image1_ce-OXirm6,"Waterfall cascading over moss-covered rocks, surrounded by lush green forest.",,,,,,(434) 263-7015,"8519 Thomas Nelson Hwy, Lovingston, VA 22949",josh,,,https://www.google.com/maps/dir/?api=1&destination=8519%20Thomas%20Nelson%20Hwy%2C%20Lovingston%2C%20VA%2022949,https://www.youtube.com/watch?v=VPlJNnuUq8g,,,,,,,,,,,,,Family Friendly; Hiking; Biking; Water Sports,FALSE,https://www.google.com/maps/dir/?api=1&destination=8519%20Thomas%20Nelson%20Hwy%2C%20Lovingston%2C%20VA%2022949
87,Upper Shamokin Gorge Trail,upper-shamokin-gorge-trail,Hikes & Trails,outdoor,Wintergreen Resort,"Miles: 0.8 Blaze Color: Red Difficulty Level: Difficult Directions: Google Maps One of the more beautiful and challenging hikes on the mountain, the Gorge Trail starts on Laurel Springs Drive near Wolftrap Lane where it follows and crosses the headwaters of Stoney Creek at several spots.",,,https://ik.imagekit.io/OE/nelson-county/listings/upper-shamokin-gorge-trail-image1_tKh9Zdsqi,Flowing stream through forest with rocks and autumn foliage.,,,,,,(434) 263-7015,"8519 Thomas Nelson Hwy, Lovingston, VA 22949",josh,,,https://www.google.com/maps/dir/?api=1&destination=8519%20Thomas%20Nelson%20Hwy%2C%20Lovingston%2C%20VA%2022949,https://www.youtube.com/watch?v=hd-69eHiBg0,,,,,,,,,,,,,Hiking; Biking; Appalachian Trail; Water Sports,FALSE,https://www.google.com/maps/dir/?api=1&destination=8519%20Thomas%20Nelson%20Hwy%2C%20Lovingston%2C%20VA%2022949
88,White Oak Trail,white-oak-trail,Hikes & Trails,outdoor,Wintergreen Resort,Miles: 0.5 Blaze Color: Yellow Difficulty Level: Moderate Directions: Google Maps This trail is excellent for finding wildflowers during warmer months.,,,https://ik.imagekit.io/OE/nelson-county/listings/white-oak-trail-image1_X40JzxeuX,Trail sign surrounded by lush green foliage in misty forest.,,,,,,(434) 263-7015,"8519 Thomas Nelson Hwy, Lovingston, VA 22949",josh,,,https://www.google.com/maps/dir/?api=1&destination=8519%20Thomas%20Nelson%20Hwy%2C%20Lovingston%2C%20VA%2022949,https://www.youtube.com/watch?v=im3xJ1yNeao,,,,,,,,,,,,,Seasonal Menu; Hiking; Biking,FALSE,https://www.google.com/maps/dir/?api=1&destination=8519%20Thomas%20Nelson%20Hwy%2C%20Lovingston%2C%20VA%2022949
89,White Rock Falls,white-rock-falls,Hikes & Trails,outdoor,Montebello,"Miles: 2.5 Difficulty Level: Moderate The 2.5 mile moderate hike highlights an impressive gorge, which has a waterfall and a natural wading pool.",,,https://ik.imagekit.io/OE/nelson-county/listings/white-rock-falls-image1_t3PUF_tMy,Small waterfall flowing down rocky terrain surrounded by trees.,,,,,,(434) 263-7015,"Blue Ridge Parkway Milepost 19, Montebello, VA 24464",josh,,,https://www.google.com/maps/dir/?api=1&destination=Blue%20Ridge%20Parkway%20Milepost%2019%2C%20Montebello%2C%20VA%2024464,https://www.youtube.com/watch?v=ROOLpZZYbHQ,,,,,Overview,"<p>White Rock Falls is a scenic waterfall located in the Blue Ridge Mountains, reached by a forested hiking trail. The falls cascade over exposed rock, creating a striking natural feature that varies with seasonal water flow.</p><p>The area is quieter and less developed than some nearby waterfall destinations.</p>",Trail Experience,"<p>The hike to White Rock Falls is relatively short but considered <strong>moderate to strenuous</strong> due to rocky footing, elevation changes, and stream crossings.</p><p>While the distance is manageable, hikers should expect uneven terrain and steady climbing.</p>",Safety & Planning,"<p>Trail conditions can change with weather and rainfall, making rocks and stream crossings slippery. Sturdy footwear is recommended.</p><p>Visitors should remain on the established trail to reduce risk and protect the surrounding environment.</p>",,,Pool; Biking; Hiking; Water Sports,FALSE,https://www.google.com/maps/dir/?api=1&destination=Blue%20Ridge%20Parkway%20Milepost%2019%2C%20Montebello%2C%20VA%2024464
90,Three Ridges,three-ridges,Hikes & Trails,outdoor,Tyro,"Miles: 13.3 Blaze Color: Red Difficulty Level: Difficult Directions: Google Maps For a very long and very rugged trail near Wintergreen check out Three Ridges Trail. It is a 13.3 mile heavily trafficked loop that some hikers take two days to cover. It features a waterfall and is rated as difficult.

Three Ridges on Hiking Upward Miles: 2.6 Difficulty Level: Moderate A 2.6-mile moderate hike along the Appalachian Trail traverses a wooden Swinging Bridge over the Tye River, and travels through stands of mountain laurel and rhododendron to the Harpers Creek Shelter (AT) and Harper’s Creek, where the water gurgles through the large cascading rocks. Multiple campsites are on each side of the creek, and there’s a vault toilet up the hill from the shelter. Directions From State Route 56 at Crabtree Falls: Take SR 56 east for approximately 3-4 miles. The Appalachian Trail crosses SR 56 and a AT parking lot is available to the right (South side) of SR 56. Head across the street from the parking lot (North) on the AT across the Swinging Bridge, and continue up the trail towards Harper’s Creek Shelter.",,,https://ik.imagekit.io/OE/nelson-county/listings/three-ridges-image1_FeDL-sZPk,"Small waterfall flowing over rocks, surrounded by autumn leaves and trees.",,,,,,(434) 263-7015,"Reeds Gap Trailhead, Route 664, Roseland, VA 22967",josh,,,https://www.google.com/maps/dir/?api=1&destination=Reeds%20Gap%20Trailhead%2C%20Route%20664%2C%20Roseland%2C%20VA%2022967,https://www.youtube.com/watch?v=INMLTLKSVAk,,,,,,,,,,,,,Hiking; Biking; Appalachian Trail; Water Sports,FALSE,https://www.google.com/maps/dir/?api=1&destination=Reeds%20Gap%20Trailhead%2C%20Route%20664%2C%20Roseland%2C%20VA%2022967
91,Stoney Creek Park,stoney-creek-park,Hikes & Trails,outdoor,Wintergreen Resort,"Miles: 0.3 Blaze Color: Yellow Difficulty Level: Easy Directions: Google Maps Visit the forested linear park with a mile-plus long walking path next to a stream with picnic tables and bench. The park’s creek forms part of the western boundary of Wintergreen’s subdivision in the valley.

A major expansion in 2022 included a completely new parking lot off of Stoney Creek West along with a new, easy-to-walk trail lined with benches and picnic tables.",,,https://ik.imagekit.io/OE/nelson-county/listings/stoney-creek-park-image1_Jb225aVyuc,White flowers blooming among lush green leaves in a forest setting.,,,,,,(434) 263-7015,"Stoney Creek West Drive, Nellysford, VA 22958",josh,,,https://www.google.com/maps/dir/?api=1&destination=Stoney%20Creek%20West%20Drive%2C%20Nellysford%2C%20VA%2022958,,,,,,,,,,,,,,Picnic Area; Family Friendly; Parking; Biking; Hiking,FALSE,https://www.google.com/maps/dir/?api=1&destination=Stoney%20Creek%20West%20Drive%2C%20Nellysford%2C%20VA%2022958
92,Spy Rock,spy-rock,Hikes & Trails,outdoor,Montebello,"The USDA Forest Service has closed the parking lot and associated trail that provides access to Spy Rock. The Forest Service is closing the parking lot located behind the Montebello Fish Hatchery in Nelson County. The public can continue to access Spy Rock via an alternative route.

Hikers should be aware that this alternative route is approximately 6.5 miles in length (round-trip) and has fewer trail blazes and other directional signage. All hikers should carry a map of this alternative route and be well-prepared for this longer distance hike. Parking for this alternative route is located at the end of State Route 826 (Meadows Lane). State Route 826 is maintained by the Virginia Department of Transportation and is not suitable for some passenger vehicles. The road is recommended for travel only by higher clearance, four-wheel drive vehicles. Access to the trail requires a minimum 6.5-mile round-trip hike which includes a steady uphill grade, sections of very steep trail and rocky terrain and sections of gravel road. Spy Ridge Parking Map Directions From State Route 56, take State Route 826 (Meadows Lane) for approximately 3.75 miles to its end point at the Crabtree Meadows parking area. From the Crabtree Meadows parking area, hike back along State Route 826 for 0.5 miles and turn left onto Forest Service Road 596 (Cash Hollow Road). Hike* along Forest Service Road 596 (Cash Hollow Road) for 0.5 miles to the intersection with the Appalachian Trail. Turn right (south) on the Appalachian Trail and continue for 2.1 miles to the intersection with",,,https://ik.imagekit.io/OE/nelson-county/listings/spy-rock-image1_1KwRYk5CN,"Hikers standing on rocky summit under cloudy blue sky, overlooking green mountains.",,,,,,(540) 265-5100,"Meadows Lane (SR 826) Trailhead, Montebello, VA 24464",josh,,,https://www.google.com/maps/dir/?api=1&destination=Meadows%20Lane%20%28SR%20826%29%20Trailhead%2C%20Montebello%2C%20VA%2024464,,,,,,Overview,<p>Spy Rock is a popular hiking destination known for its expansive summit views of the Blue Ridge Mountains. The trail leads to a large rocky outcrop that provides panoramic vistas across Nelson County and surrounding areas.</p>,Trail Experience,"<p>The most commonly used route to Spy Rock is approximately <strong>5 miles round-trip</strong> and is considered <strong>moderate to strenuous</strong>. The trail includes steady elevation gain, rocky sections, and uneven footing.</p><p>The final approach to the summit requires scrambling over exposed rock.</p>",Safety Information,"<p>The summit area is exposed, and weather conditions can change quickly. Visitors should use caution near cliff edges and avoid hiking during storms or high winds.</p>",Planning Your Visit,"<p>Hikers should carry sufficient water, wear sturdy footwear, and allow adequate time for the hike. Staying on the established trail helps protect the landscape and ensures a safer experience.</p>",Biking; Fishing; Hiking; Scenic Views,FALSE,https://www.google.com/maps/dir/?api=1&destination=Meadows%20Lane%20%28SR%20826%29%20Trailhead%2C%20Montebello%2C%20VA%2024464
93,Spruce Creek Park,spruce-creek-park,Hikes & Trails,outdoor,Nellysford,"The park is located at the trailhead of the Rockfish Valley Loop Trails and at the Rockfish Valley Foundation Natural History Center at the intersection of Route 151 (Rockfish Valley Highway) and 627 at Nellysford.

Spruce Creek Park includes Rockfish Valley (Kids in Parks) TRACK Trail, Spruce Creek Trail, Rockfish River Trail, Reids/Glenthorne Trail, Butterfly Trail, Beech Grove Trail, Children’s Trail, Native Plant Trail, and Rockfish Valley Geology Trail. The park is open sunrise to sunset. Directions The park (and parking) is located at the located at the intersection of Route 151 (Rockfish Valley Highway) and 617 at Nellysford. Miles: 2.6 Difficulty Level: Moderate A 2.6-mile moderate hike along the Appalachian Trail traverses a wooden Swinging Bridge over the Tye River, and travels through stands of mountain laurel and rhododendron to the Harpers Creek Shelter (AT) and Harper’s Creek, where the water gurgles through the large cascading rocks. Multiple campsites are on each side of the creek, and there’s a vault toilet up the hill from the shelter. Directions From State Route 56 at Crabtree Falls: Take SR 56 east for approximately 3-4 miles. The Appalachian Trail crosses SR 56 and a AT parking lot is available to the right (South side) of SR 56. Head across the street from the parking lot (North) on the AT across the Swinging Bridge, and continue up the trail towards Harper’s Creek Shelter. Lower Shamokin Falls Trail Blue Mountain Brewery Basic Necessities",,,https://ik.imagekit.io/OE/nelson-county/listings/spruce-creek-park-image1_dQTxUZJOD,Tall green thistles with spiky leaves against dense forest backdrop.,,,,,,(434) 361-0271,"1368 Rockfish Valley Highway, Nellysford, VA 22958",josh,,,https://www.google.com/maps/dir/?api=1&destination=1368%20Rockfish%20Valley%20Highway%2C%20Nellysford%2C%20VA%2022958,,,,,,Overview,<p>Spruce Creek Park is a small community park that provides access to open green space along Spruce Creek. It is designed for casual outdoor use and quiet recreation.</p>,Park Experience,<p>Walking paths and open areas make the park suitable for short strolls and relaxed outdoor activities. Terrain is generally <strong>easy</strong> and accessible.</p>,Use Notes,<p>Visitors are encouraged to respect the natural setting and follow posted guidelines to help maintain the park for community use.</p>,,,Hiking; Biking; Fishing,FALSE,https://www.google.com/maps/dir/?api=1&destination=1368%20Rockfish%20Valley%20Highway%2C%20Nellysford%2C%20VA%2022958
94,Rockfish Valley Loop Trails,rockfish-valley-loop-trails,Hikes & Trails,outdoor,Nellysford,"Experience the Rockfish River and Reid’s Creek on approximately four miles of trails on a farm surrounding the confluence. Part of the Virginia Birding & Wildlife Trail , these paths offer recreation and interaction with nature and history.

Currently open for hiking only, these are mowed grass and dirt trails, and have a nearly flat grade throughout, although surrounded by spectacular mountain views. Parking is located at Spruce Creek Park at old Wintergreen, and on the southwest side of the Route 151 bridge over the Rockfish River. Open sunrise to sunset. Miles: 2.6 Difficulty Level: Moderate A 2.6-mile moderate hike along the Appalachian Trail traverses a wooden Swinging Bridge over the Tye River, and travels through stands of mountain laurel and rhododendron to the Harpers Creek Shelter (AT) and Harper’s Creek, where the water gurgles through the large cascading rocks. Multiple campsites are on each side of the creek, and there’s a vault toilet up the hill from the shelter. Directions From State Route 56 at Crabtree Falls: Take SR 56 east for approximately 3-4 miles. The Appalachian Trail crosses SR 56 and a AT parking lot is available to the right (South side) of SR 56. Head across the street from the parking lot (North) on the AT across the Swinging Bridge, and continue up the trail towards Harper’s Creek Shelter. Lower Shamokin Falls Trail Blue Mountain Brewery Basic Necessities",,,https://ik.imagekit.io/OE/nelson-county/listings/rockfish-valley-loop-trails-image1_pCdYf7Kn0,"Wooden footbridge crossing over rocky ground, surrounded by lush green trees.",,,,,,(434) 361-0126,"Rockfish Valley Loop Trailhead, 1368 Rockfish Valley Highway, Nellysford, VA 22958",josh,,,https://www.google.com/maps/dir/?api=1&destination=Rockfish%20Valley%20Loop%20Trailhead%2C%201368%20Rockfish%20Valley%20Highway%2C%20Nellysford%2C%20VA%2022958,,,,,,Overview,"<p>The Rockfish Valley Loop Trails are a connected network of hiking paths that wind through forests, open fields, and stream corridors in the Rockfish Valley.</p><p>The system offers multiple loop options rather than a single out-and-back route.</p>",Trail Experience,"<p>Individual loops range from <strong>short walks under one mile</strong> to <strong>longer routes of several miles</strong>. Overall difficulty is generally <strong>easy to moderate</strong>, depending on the route selected.</p><p>Terrain includes gentle elevation changes and well-defined paths.</p>",Planning Notes,"<p>Because the trails interconnect, visitors are encouraged to review posted maps before starting.</p><p>Staying on marked paths helps protect surrounding land and ensures a safe experience.</p>",,,Hiking; Educational; Biking; Farm; Water Sports; Fishing,FALSE,https://www.google.com/maps/dir/?api=1&destination=Rockfish%20Valley%20Loop%20Trailhead%2C%201368%20Rockfish%20Valley%20Highway%2C%20Nellysford%2C%20VA%2022958
130,Quarry Gardens at Schuyler,quarry-gardens-at-schuyler,Hikes & Trails,outdoor,Schuyler,"Natural area and botanical garden for public education and enjoyment. Schuyler has been the soapstone capital of the world since 1880’s. Six quarries under these gardens were worked from 1950s to 1970s, then used as dump-sites, and finally abandoned to grow wild.

Now the gardens around these quarries include 40 acres of habitat and plant communities in various eco-zones with more than 600 species of plants and animals found on site, 2 miles of walking trail, native plant galleries, demonstration garden, and visitor center exhibits. 1643 Salem Road Schuyler, Virginia 22969 Locally owned convenience and gas store. The Deli is open for breakfast and lunch. Specialties include fried chicken, subs, and deli salads.",,,https://ik.imagekit.io/OE/nelson-county/listings/quarry-gardens-at-schuyler-image1_jw6Y3UBV0,"Rocky cliffside and trees reflected in a calm, clear lake.",,,,,,(434) 939-1005,"1643 Salem Road, Schuyler, VA 22969",josh,,,https://www.google.com/maps/dir/?api=1&destination=1643%20Salem%20Road%2C%20Schuyler%2C%20VA%2022969,,,,,,,,,,,,,,Biking; Hiking,FALSE,https://www.google.com/maps/dir/?api=1&destination=1643%20Salem%20Road%2C%20Schuyler%2C%20VA%2022969
156,Kids in Parks: Rockfish River Trailhead,kids-in-parks-rockfish-river-trailhead,Hikes & Trails,outdoor,Nellysford,"The Rockfish Valley Kids in Parks Track Trail in Nellysford at the Rockfish Valley Foundation ’s beautiful Rockfish River Trailhead on Route 151, 1.5 miles south of Nellysford.",,,https://ik.imagekit.io/OE/nelson-county/listings/kids-in-parks-rockfish-river-trailhead-image1_QtOY0MxuS,"Bare trees by a flowing stream, mountain and clear sky in background.",,,,,,(434) 226-0446,"Rockfish River Trailhead, 1368 Rockfish Valley Highway, Nellysford, VA 22958",josh,,,https://www.google.com/maps/dir/?api=1&destination=Rockfish%20River%20Trailhead%2C%201368%20Rockfish%20Valley%20Highway%2C%20Nellysford%2C%20VA%2022958,https://www.youtube.com/watch?v=xLH-a3FUtDw,,,,,Overview,<p>The Kids in Parks Rockfish River Trailhead is part of a family-focused program designed to encourage children and families to explore nature together.</p>,Trail Experience,"<p>Routes accessed from this trailhead are <strong>easy</strong> and family-friendly, with relatively flat terrain and manageable distances.</p>",Program Information,<p>The Kids in Parks program uses guided activities and challenges to promote outdoor learning and exploration.</p>,,,Adventure; Hiking; Biking; Water Sports; Fishing,FALSE,https://www.google.com/maps/dir/?api=1&destination=Rockfish%20River%20Trailhead%2C%201368%20Rockfish%20Valley%20Highway%2C%20Nellysford%2C%20VA%2022958
163,Brew Ridge Trail,brew-ridge-trail,Hikes & Trails,outdoor,Nelson County,"The Brew Ridge Trail is a self-guided tour featuring six of the nation’s best craft breweries. With everything from lagers to stouts, there’s something for everyone along the trail. The six breweries along the Trail include Blue Mountain Brewery, Blue Mountain Barrel House, Devils Backbone Brewing Company, South Street Brewery, Starr Hill Brewery, and Wild Wolf Brewing Company.

Four of the breweries are in Nelson County along scenic Route 151; Starr Hill is in nearby Crozet, and South Street Brewery is in Charlottesville. The self-guided tour allows you to check out all of our breweries at your leisure. Each brewery offers Sample Tastings of their craft beers, allowing you to try out a variety of what they produce. Otherwise, draft beer and bottled beer are generally available, and growler fills can be purchased for selected brews. Start planning your trip, using the Trail Map on the website, and you’ll be sipping in no time! The",,,https://ik.imagekit.io/OE/nelson-county/listings/brew-ridge-trail-image1_Ok2KK-HVc,"Circular logo with beer glasses, text: 'Brew Ridge Trail, Virginia's Original Beer Trail.'",,,,,,(434) 263-7015,"Route 151 Craft Beverage Corridor, Nelson County, VA 22958",josh,,,https://www.google.com/maps/dir/?api=1&destination=Route%20151%20Craft%20Beverage%20Corridor%2C%20Nelson%20County%2C%20VA%2022958,,,,,,,,,,,,,,Beer; Hiking; Tastings; Scenic Views; Biking,FALSE,https://www.google.com/maps/dir/?api=1&destination=Route%20151%20Craft%20Beverage%20Corridor%2C%20Nelson%20County%2C%20VA%2022958
164,Nelson 151,nelson-151,Hikes & Trails,outdoor,Nellysford,"Located at the base of the Blue Ridge, Route 151 is Main Street for the Rockfish Valley. This northern part of Nelson County is home to 5 wineries, 3 breweries, 1 cidery, cozy Bed & Breakfasts, friendly farmers, spectacular views, and so much more.

ALONG THE TRAIL (north to south) you’ll find: Afton Mountain Vineyards, Veritas Vineyard & Winery, Blue Mountain Brewery, Cardinal Point Vineyard & Winery, Flying Fox Vineyard, Hill Top Berry Farm & Winery, Wild Wolf Brewing Company, Bold Rock Hard Cider and Devils Backbone Brewing Company. Follow the TRAIL MAP along scenic Route 151 and find out why Nelson County is THE destination for Virginia wine, mead, craft beer, hard cider, local food & outdoor recreation lovers! The Brew Ridge Trail is a self-guided tour featuring six of the nation’s best craft breweries. With everything from lagers to stouts, there’s something for everyone along the trail. The six breweries along the Trail include Blue Mountain Brewery, Blue Mountain Barrel House, Devils Backbone Brewing Company, South Street Brewery, Starr Hill Brewery, and Wild Wolf Brewing Company. Four of the breweries are in Nelson County along scenic Route 151; Starr Hill is in nearby Crozet, and South Street Brewery is in Charlottesville. The self-guided tour allows you to check out all of our breweries at your leisure. Each brewery offers Sample Tastings of their craft beers, allowing you to try out a variety of what they produce. Otherwise, draft beer and bottled beer are generally available, and growler fills can be purchased for selected brews. Start planning your trip, using the Trail Map on the website, and you’ll be sipping in no time! Inglewood Farm Deer Creek Farm Montebello Fish Hatchery Veritas Vineyards & Winery Mountain and Vine Winery Blue Mountain Brewery Basic Necessities",,,https://ik.imagekit.io/OE/nelson-county/listings/nelson-151-image1_pBBP3u1qZ,Mountain silhouette with text 'NELSON 151' on dark blue shield.,,,,,,(434) 263-7015,"Route 151, Nellysford, VA 22958",josh,,,https://www.google.com/maps/dir/?api=1&destination=Route%20151%2C%20Nellysford%2C%20VA%2022958,,,,,,,,,,,,,,Beer; Cider; Spirits; Hiking; Scenic Views; Biking; Farm; Tastings; Fishing,FALSE,https://www.google.com/maps/dir/?api=1&destination=Route%20151%2C%20Nellysford%2C%20VA%2022958
165,Nelson 29,nelson-29,Hikes & Trails,outdoor,Lovingston,"Nelson has a new craft beverage trail! Nelson 29 is named after the Route 29 corridor that travels through the middle of the county. This route, conveniently located between Charlottesville and Lynchburg, is host to the 20 miles between Arrington’s Blue Mountain Barrel House and DelFosse Vineyards and Winery in Faber.

Those traveling Nelson 29 will also experience Mountain Cove Vineyards, Lovingston Winery , Virginia Distillery Co, and Brent Manor Vineyards. For those venturing off of the 29 corridor, there is even more to see and do!",,,https://ik.imagekit.io/OE/nelson-county/listings/nelson-29-image1_U00mTb8Bmc,Green shield with 'Nelson 29 Craft Beverage Trail' text and mountain silhouette.,,,,,,(434) 263-7015,"Route 29 Corridor, Lovingston, VA 22949",josh,,,https://www.google.com/maps/dir/?api=1&destination=Route%2029%20Corridor%2C%20Lovingston%2C%20VA%2022949,,,,,,,,,,,,,,Wine; Spirits; Hiking; Scenic Views; Biking; Beer,FALSE,https://www.google.com/maps/dir/?api=1&destination=Route%2029%20Corridor%2C%20Lovingston%2C%20VA%2022949
170,Nelson Scoops,nelsonscoops,Restaurants,taste,Lovingston,"At Nelson Scoops, we offer much more than just your average ice cream parlor experience.",,,https://ik.imagekit.io/OE/nelson-county/listings/nelson-scoops-image1_uomigoG-v,"Three ice cream cones on dark surface, different flavors, garnished with chocolate shavings.",,,,,,(434) 263-0003,"8203 Thomas Nelson Highway, Lovingston, VA 22949",WG,,,https://www.google.com/maps/dir/?api=1&destination=8203%20Thomas%20Nelson%20Highway%2C%20Lovingston%2C%20VA%2022949,,,,,,,,,,,,,,Desserts; Family Friendly,TRUE,https://www.google.com/maps/dir/?api=1&destination=8203%20Thomas%20Nelson%20Highway%2C%20Lovingston%2C%20VA%2022949
167,Virginia Spirits Trail,virginia-spirits-trail,Hikes & Trails,outdoor,Commonwealth of Virginia,"Here in Virginia, we take great pride in putting our souls into every bottle of distilled spirits because we know that small batches take time, heart, and spirit. We believe in farm to bottle, continuously focusing on the small batches. Every bottle is unique; it is 750ml of one-of-a-kind liquid art, crafted from grains to glass, right here in the Commonwealth.

As the birthplace of American distilled spirits, Virginia’s heritage has taught us to chase the undiscovered.",,,https://ik.imagekit.io/OE/nelson-county/listings/virginia-spirits-trail-image1_dZvNEofPr,White cursive text 'Virginia Spirits' on dark blue background.' (8 words),,,,,,(804) 786-5120,"Virginia Spirits Trail, Commonwealth of Virginia",josh,,,https://www.google.com/maps/dir/?api=1&destination=Virginia%20Spirits%20Trail%2C%20Commonwealth%20of%20Virginia,,,,,,,,,,,,,,Spirits; Tastings; Hiking; Farm; Scenic Views; Biking,FALSE,https://www.google.com/maps/dir/?api=1&destination=Virginia%20Spirits%20Trail%2C%20Commonwealth%20of%20Virginia
172,Crestvue Cottage,crestvue-cottage,Cabins & Cottages,stay,Arrington,"Take it easy at this unique and tranquil getaway on a working farm.

Originally the summer kitchen to the 1904 farmhouse, and surrounded by 111 acres of pasture and woods with almost 2 miles of hiking trails, this detached cottage has been completely renovated and is the perfect place to hang your hat while visiting all of the attractions Nelson County has to offer. 5 minutes from Oak Ridge Estate, less than 10 minutes from wineries and breweries and less than 30 minutes from Wintergreen. Crestvue Cottage is a detached guest house separated from the main house by a breezeway. The cottage is approx. 340 sq ft with the bedroom/bathroom on the 2nd floor. Private deck access from the 2nd floor bedroom. The stargazing from the deck is amazing! The kitchen has a hot plate for cooking as well as a 14-in-1 digital air fryer oven. Coffee, tea and hot chocolate are provided with the coffee maker, as well as cream/sugar. Queen bed upstairs sleeps 2 comfortably and fold-out couch downstairs will fit one small-ish person. Ideal for a child! Grab a cup of coffee and take a morning stroll down one of our 3 out and back trails on the property. Take a picnic lunch in the meadow. And enjoy a glass of wine on your private 2nd floor deck after a day skiing in Wintergreen or hiking the Virginia Blue Ridge Railway Trail. *Lodging descriptions are provided by the host and not independently verified. Contact Leslie Brock, leslie@crestvuefarm.com Staff on Site? Yes Pet-Friendly? No Located in Arrington Take it easy at this unique and tranquil getaway on a working farm. Originally the summer kitchen to the 1904 farmhouse, and surrounded by 111 acres of pasture and woods with almost 2 miles of hiking trails, this detached cottage has been completely renovated and is the perfect place to hang your hat while visiting all of the attractions Nelson County has to offer. 5 minutes from Oak Ridge Estate, less than 10 minutes from wineries and breweries and less than 30 minutes from Wintergreen.",,,https://ik.imagekit.io/OE/nelson-county/listings/crestvue-cottage-image1_Mm7x0OQyf,"White house with balcony, surrounded by green lawn and trees under blue sky.",https://ik.imagekit.io/OE/nelson-county/listings/crestvue-cottage-image2_yyVLXAeNY,"Cozy living room with kitchenette, TV, rug, and wooden stairs.",,,,,"Arrington, VA 22922",josh,,,https://www.google.com/maps/dir/?api=1&destination=Arrington%2C%20VA%2022922,,,,,,,,,,,,,,Farm; Outdoor Seating; Full Kitchen; Cabins; Lodging,FALSE,https://www.google.com/maps/dir/?api=1&destination=Arrington%2C%20VA%2022922
173,Sentosa Cabin,sentosa-cabin,Cabins & Cottages,stay,Schuyler,"1 bedroom, 1 bath cabin with covered back porch, full kitchen and wifi. Mountain and woods views and 2 miles of woods nature trails for guests Sentosa Cabin is a remote haven for nature lovers. Ideal for couples or a single traveler looking for a quiet escape in the country.

Located in a serene location with beautiful mountain views from the back deck, it is tucked away in the woods for relaxation in nature. There are over 2 miles of hiking/nature trails on the property that connect to the Rockfish River, that are available for guests to use. *Lodging descriptions are provided by the host and not independently verified. Contact Sarah Ponton, samponton123@gmail.com Staff on Site? No Pet-Friendly? No Located in Schuyler",,,https://ik.imagekit.io/OE/nelson-county/listings/sentosa-cabin-image1_ffHRrfeUG-,"Wooden cabin with green metal roof, surrounded by lush trees and sunlight.",https://ik.imagekit.io/OE/nelson-county/listings/sentosa-cabin-image2_tXL4mojV8,"Cozy wooden kitchen with white appliances, circular table, and sunlight through windows.",,,,,"Nellysford, VA 22958",josh,,,https://www.google.com/maps/dir/?api=1&destination=Nellysford%2C%20VA%2022958,,,,,,,,,,,,,,Scenic Views; Cabins; Outdoor Seating; Wi-Fi; Full Kitchen; Lodging; Water Sports; Fishing,FALSE,https://www.google.com/maps/dir/?api=1&destination=Nellysford%2C%20VA%2022958
174,Roudy's Retreat,roudys-retreat,Whole House Rentals,stay,Montebello,"Escape to this spacious retreat with a hot tub and everything else you need to get away. Enjoy alone time in the loft reading a book or play a game with the family at the large table. Gather around the fire pit, fish in the pond, or get cozy around the wood stove. Settle down on the large deck to enjoy the mountain air, watch the sunset over the trees, or just listen to the sounds of nature.

Find yourself enjoying the beautiful mountains of Virginia while not missing the amenities of home. Guests will enjoy a large family room with enough seating for the whole crew. The wood burning stove is a lovely touch in the chilly weather (we'd be happy to start a fire prior to your arrival) and the large picture window overlooking the pond will allow for a beautiful view of nature. The kitchen is fully stocked with everything you need to cook and serve your family. There is a coffee/tea bar as well as a counter top ice maker. There is a private bedroom with a queen size bed on the main level. Upstairs in the loft you will find three sleeping areas. The first area has 2 queen size beds, the second area has 2 twin size beds, and the third area has a full size bed with a private balcony over looking the pond. Back downstairs is the single bathroom which also has a full size washer and dryer. Outside you will find a deck that wraps around 2 sides of the house. Featuring a hot tub large enough for the whole crew, many seating areas, outdoor dining, propane and charcoal grills, as well as covered areas. Grab a chair and have a seat next to the private pond. Throw in a fishing line if you brought any along, and maybe have a fire in the fire pit if you are feeling like having s'mores. Firewood is provided for the wood stove as well as fire pit. *Lodging descriptions are provided by the host and not independently verified. Contact Jaclyn Roudabush, roudys.retreat@gmail.com Staff on Site? No Pet-Friendly? Yes Located in Montebello",,,https://ik.imagekit.io/OE/nelson-county/listings/roudy-s-retreat-image1_1WMwk-J25,"Cabin with green roof near a pond, surrounded by trees.",https://ik.imagekit.io/OE/nelson-county/listings/roudy-s-retreat-image2_RMFc_3AWu,"Rustic living room with wood walls, cozy seating, and a red wood stove.",,,,,"Roseland, VA 22967",josh,,,https://www.google.com/maps/dir/?api=1&destination=Roseland%2C%20VA%2022967,,,,,,,,,,,,,,Outdoor Seating; Full Kitchen; Pet Friendly; Cabins; Lodging; Tastings; Fishing,FALSE,https://www.google.com/maps/dir/?api=1&destination=Roseland%2C%20VA%2022967
175,Pachi's Ridge,pachis-ridge,Cabins & Cottages,stay,Nellysford,"Get your own little slice of wooded paradise at this Nellysford, VA, vacation rental near Wintergreen Resort. This 3-bedroom, 3-bathroom cabin offers unfettered access to more than 40 acres of forested land, including beautiful Blue Ridge Mountain views and access to both hiking trails and the Rockfish River.

You don’t have to sacrifice comfort and style at ‘Pachi's Ridge’, a retreat that boasts an updated interior, new appliances, and tasteful decor from top to bottom! Enjoy beautiful seasonal views of the Blue Ridge. In winter, you can see Wintergreen as you roast marshmallows over the fire pit. In summer, the cabin is quiet and cozy as the forests surround you in tranquility and wildlife abounds! Bring a float to dip into the Rockfish River and cool off. Or challenge your family to a game of corn hole. Well-appointed with everything you need for a memorable trip! *Lodging descriptions are provided by the host and not independently verified. Contact Susan Castaldo, szulcs@yahoo.com Staff on Site? No Pet-Friendly? No Located in Nellysford",,,https://ik.imagekit.io/OE/nelson-county/listings/pachi-s-ridge-image1_DxNkYbmjVP,"Blue house with wraparound porch, surrounded by trees, overcast sky.",https://ik.imagekit.io/OE/nelson-county/listings/pachi-s-ridge-image2_axMVH5UU0,"Cozy dining area with round table, chairs, and nearby stone fireplace in living room.",,,,,"Nellysford, VA 22958",josh,,,https://www.google.com/maps/dir/?api=1&destination=Nellysford%2C%20VA%2022958,,,,,,,,,,,,,,Scenic Views; Seasonal Menu; Cabins; Full Kitchen; Lodging; Water Sports; Fishing,FALSE,https://www.google.com/maps/dir/?api=1&destination=Nellysford%2C%20VA%2022958
176,Boogie Nights Manor,boogie-nights-manor,Cabins & Cottages,stay,Afton,"Looking for a unique pet-friendly stay that accommodates up to 12? You’ve found it in amenity-rich Boogie Nights Manor a wildly spacious, 4,000+-sq-ft home on 3+ acres where every room is a feast for the eyes, filled with art and artifacts.",,,https://ik.imagekit.io/OE/nelson-county/listings/boogie-nights-manor-image1_CDb_i8QRg,"Modern two-story building with red frames, large windows, surrounded by greenery.",https://ik.imagekit.io/OE/nelson-county/listings/boogie-nights-manor-image2_G1ZiQ4uBE,"Spacious living room with stone fireplace, elephant decor, and large windows.",,,,,"Afton, VA 22920",josh,,,https://www.google.com/maps/dir/?api=1&destination=Afton%2C%20VA%2022920,,,,,,,,,,,,,,Pet Friendly; Cabins; Lodging; Tastings,FALSE,https://www.google.com/maps/dir/?api=1&destination=Afton%2C%20VA%2022920
177,The Big Tiny House,the-big-tiny-house,Cabins & Cottages,stay,Afton,"The Big Tiny House offers a luxurious retreat featuring the innovative Escape Traveler XL design. With a fully equipped kitchen, an indulgent soaking tub, and a cozy sleeping loft, this tiny home is perfect for relaxation. Conveniently located near the scenic Brew Ridge Trail, it combines modern elegance with the thrill of outdoor adventure.",,,https://ik.imagekit.io/OE/nelson-county/listings/the-big-tiny-house-image1_NJ-bDVgrT,Wooden tiny house at night with string lights and colorful outdoor chairs.,https://ik.imagekit.io/OE/nelson-county/listings/the-big-tiny-house-image2_4wefjR0NbD,"Wooden tiny home interior with large windows, sofa, table, and ceiling fan.",,,,,"Afton, VA 22920",josh,,,https://www.google.com/maps/dir/?api=1&destination=Afton%2C%20VA%2022920,,,,,,,,,,,,,,Full Kitchen; Pet Friendly; Cabins; Lodging,FALSE,https://www.google.com/maps/dir/?api=1&destination=Afton%2C%20VA%2022920
178,Rusty's Retreat,rustys-retreat,Cabins & Cottages,stay,Afton,"Welcome to the cozy Rusty's Retreat, nestled in the Blue Ridge Mountains, where comfort meets charm and luxury! This stylish retreat features a plush bed, a compact kitchen, and modern amenities. Relax in your very own private outdoor space and fire pit. You'll be in the epicenter of VA's 'Brew Ridge Trail' with more than 20 wineries, breweries and distilleries close by.

Ideal for solo adventurers or couples seeking and memorable escape. A portion of all proceeds benefit animal rescue. *Lodging descriptions are provided by the host and not independently verified. Contact Jeremy DiMaio, jddimaio@yahoo.com Staff on Site? No Pet-Friendly? No Located in Afton",,,https://ik.imagekit.io/OE/nelson-county/listings/rusty-s-retreat-image1_lpTky49pW,"Tiny wooden house with garden, surrounded by trees and plants.",https://ik.imagekit.io/OE/nelson-county/listings/rusty-s-retreat-image2_HT9XZp_S6,"Cozy wooden tiny house interior with kitchenette, bed, and large windows.",,,,,"Afton, VA 22920",josh,,,https://www.google.com/maps/dir/?api=1&destination=Afton%2C%20VA%2022920,,,,,,,,,,,,,,Cabins; Outdoor Seating; Coffee; Bar; Tea; Full Kitchen; Lodging,FALSE,https://www.google.com/maps/dir/?api=1&destination=Afton%2C%20VA%2022920
179,Village Inn,village-inn,Motels & Inns,stay,Lovingston,"23 Room Motel on US-29 North *Lodging descriptions are provided by the host and not independently verified. Contact Sundeep Madhiwala, smadhiwala@yahoo.com Staff on Site? Yes Pet-Friendly? No Located in Lovingston",,,https://ik.imagekit.io/OE/nelson-county/listings/village-inn-image1_65Nlj2gB-,Sign reads 'VILLAGE INN' against a wooded background.,https://ik.imagekit.io/OE/nelson-county/listings/village-inn-image2_cCjQ-qI7m,Two double beds with patterned covers in a hotel room.,,,,(434) 295-2161,"79 Tanbark Plaza, Lovingston, VA 22949",josh,,,https://www.google.com/maps/dir/?api=1&destination=79%20Tanbark%20Plaza%2C%20Lovingston%2C%20VA%2022949,,,,,,,,,,,,,,Lodging,FALSE,https://www.google.com/maps/dir/?api=1&destination=79%20Tanbark%20Plaza%2C%20Lovingston%2C%20VA%2022949
180,Cozy Mountain Cottage,cozy-mountain-cottage,Cabins & Cottages,stay,Nellysford,"Relax with the whole family at this peaceful cottage nestled in the heart of the Blue Ridge Mountains. Short distance to Wintergreen Resort, Shenandoah National Park, Blue Ridge Parkway, Skyline Drive, and the Appalachian Trail. The cottage is conveniently located in the middle of Route 151 aka 'Alcohol Alley'.

Less than 5 minutes from Bold Rock, Devil's Backbone, Three Notch'd, Blue Toad Cider and many other establishments. Convenient quiet cottage with a stunning front porch view. *Lodging descriptions are provided by the host and not independently verified. Contact Benjamin Sites, bsites1420@gmail.com Staff on Site? No Pet-Friendly? No Located in Nellysford [nectar_btn size='jumbo' button_style='regular' button_color_2='Extra-Color-3' icon_family='none' text='Return to Directory' url='https://nelsoncounty.com/stay/' margin_top='10' margin_bottom='10']",,,https://ik.imagekit.io/OE/nelson-county/listings/cozy-mountain-cottage-image1_rghxtSZT6,Firepit with wooden chairs surrounded by trees and cabin.,https://ik.imagekit.io/OE/nelson-county/listings/cozy-mountain-cottage-image2_xB5E2f_w3,"Cozy living room with brown recliners, stairs, and a patterned rug.",,,,,"Roseland, VA 22967",josh,,,https://www.google.com/maps/dir/?api=1&destination=Roseland%2C%20VA%2022967,,,,,,,,,,,,,,Scenic Views; Wi-Fi; Full Kitchen; Outdoor Seating; Family Friendly; Cabins; Lodging,FALSE,https://www.google.com/maps/dir/?api=1&destination=Roseland%2C%20VA%2022967
181,Piedmont Grove Lodging,piedmont-grove-lodging,Motels & Inns,stay,Roseland,"Your ideal Nelson County escape starts here. Our ten hotel-style suites offer the perfect base for exploring all the region has to offer. Conveniently located near Rt 664 & Rt 151, you'll enjoy effortless access to top attractions.

Imagine: skiing or hiking at Wintergreen Resort, scenic drives along the Blue Ridge Parkway, or embarking on a portion of the Appalachian Trail – all just five minutes from your door. In the evening, discover the vibrant Nelson 151 trail, where you can savor local wines, beers, and spirits, indulge in delicious cuisine, and discover unique handcrafted treasures. Flexibility & Convenience: Single-night stays available year-round, perfect for spontaneous getaways or short trips. Exceptional Cleanliness: Every stay is followed by a professional cleaning, including fresh linens and duvets, ensuring a pristine and comfortable environment. Enhanced Comfort: Enjoy a luxurious night's sleep with four standard-size pillows and our Dream Cloud mattresses for optimal support and relaxation. A Touch of Hospitality: Start your day with a complimentary 'Take me home' coffee diner mug, a special keepsake to remember your stay. *Lodging descriptions are provided by the host and not independently verified. Staff on Site? No Pet-Friendly? No Located in Roseland",,,https://ik.imagekit.io/OE/nelson-county/listings/piedmont-grove-lodging-image1_Pwo1n1wDJ,Children playing with autumn leaves near treehouses in a forest.,https://ik.imagekit.io/OE/nelson-county/listings/piedmont-grove-lodging-image2_IR18dHCQ4,"Bed with white sheets, abstract wall art, and small bedside table.",,,,(434) 361-1100,"76 Rodes Farm Drive, Nellysford, VA 22958",josh,,,https://www.google.com/maps/dir/?api=1&destination=76%20Rodes%20Farm%20Drive%2C%20Nellysford%2C%20VA%2022958,,,,,,,,,,,,,,Lodging,FALSE,https://www.google.com/maps/dir/?api=1&destination=76%20Rodes%20Farm%20Drive%2C%20Nellysford%2C%20VA%2022958
182,Beech Grove Farmhouse,beech-grove-farmhouse,Cabins & Cottages,stay,Roseland,"The Beech Grove Farmhouse is 3 bedroom, 2 bath, early century farmhouse situated in the foothills of the Blue Ridge mountains. There is a sprawling two acre private yard, fire pit, hammock and swing, with beautiful mountain views and is across from Devils Backbone Brewery and Distillery.

Located just five miles from the Wintergreen Resort, one mile from Bold Rock Cidery, Blue Toad Cidery and is along Nelson 151 Trails. The Appalachian Trail and other scenic trails are all around the area. Located inside the farmhouse is a fully equipped kitchen, dining room, mud room, laundry room and a cozy living room. WiFi service is provided for our guests.The primary bedroom is located on the first floor with the other two bedrooms on the second floor. Each has ample closet space and a tv with a dvd player. There is also parking available for multiple cars. Listed on the National Register of Historic Places by the National Park Service and recognized as a Virginia Treasure, the home has been thoughtfully updated to provide modern amenities while preserving its historic charm, including lower ceilings and cozy spaces. *Lodging descriptions are provided by the host and not independently verified. Contact Wendy & Jason Harris, harrisx4@icloud.com Staff on Site? No Pet-Friendly? No Located in Roseland",,,https://ik.imagekit.io/OE/nelson-county/listings/beech-grove-farmhouse-image1_-tmmYsyRbM,"White house with porch, green lawn, trees, and blue sky in background.",https://ik.imagekit.io/OE/nelson-county/listings/beech-grove-farmhouse-image2_NDEvWcXii,"Cozy living room with sofas, TV, and stairs. Neutral tones and natural light.",,,,,"9519 Critzers Shop Road, Afton, VA 22920",josh,,,https://www.google.com/maps/dir/?api=1&destination=9519%20Critzers%20Shop%20Road%2C%20Afton%2C%20VA%2022920,,,,,,,,,,,,,,Wi-Fi; Full Kitchen; Scenic Views; Cabins; Lodging,FALSE,https://www.google.com/maps/dir/?api=1&destination=9519%20Critzers%20Shop%20Road%2C%20Afton%2C%20VA%2022920
183,Straw Bale House,straw-bale-house,Whole House Rentals,stay,Afton,"Custom built private home on 70 acre property near vineyards and breweries. Suitable for all guests including solo or couples in private room with 2 additional rooms for more if larger groups. Chickens offering fresh eggs , private acres for hiking and communing with nature *Lodging descriptions are provided by the host and not independently verified.

Contact Mary Elizabeth Cunningham, mscsherpa@gmail.com Staff on Site? Yes Pet-Friendly? N/A Located in Afton",,,https://ik.imagekit.io/OE/nelson-county/listings/straw-bale-house-image1_uKxQeVydj,"Lush green valley with scattered houses, surrounded by blue mountains under clear sky.",https://ik.imagekit.io/OE/nelson-county/listings/straw-bale-house-image2_EdnL-Ys70,"Cozy bedroom with iron bed, red bedding, wooden beams, and lit lamp.",,,,,"Nellysford, VA 22958",josh,,,https://www.google.com/maps/dir/?api=1&destination=Nellysford%2C%20VA%2022958,,,,,,,,,,,,,,Farm; Breakfast; Lodging,FALSE,https://www.google.com/maps/dir/?api=1&destination=Nellysford%2C%20VA%2022958
184,Blue Ridge Bliss,blue-ridge-bliss,Whole House Rentals,stay,Roseland,"2 bed, 2 bath condo in the Ledges at Wintergreen Resort. Updated, well appointed and received consistent fiive star ratings. Beautiful sunrise view over the Rockfish Valley. *Lodging descriptions are provided by the host and not independently verified. Contact Mary Beth Cowardin, blueridgeblisswgn@gmail.com Staff on Site? No Pet-Friendly?

Yes Located in Roseland",,,https://ik.imagekit.io/OE/nelson-county/listings/blue-ridge-bliss-image1_zEMtyl2hT,"Gray apartment building with balconies, surrounded by trees and stone landscaping.",https://ik.imagekit.io/OE/nelson-county/listings/blue-ridge-bliss-image2_4y2T5WBnE,"Cozy living room with beige sofa, colorful cushions, and nature wall art.",,,,,"46 Ledges Lane, Wintergreen, VA 22958",josh,,,https://www.google.com/maps/dir/?api=1&destination=46%20Ledges%20Lane%2C%20Wintergreen%2C%20VA%2022958,,,,,,,,,,,,,,Cabins; Full Kitchen; Lodging; Pet Friendly; Resort; Scenic Views; Tastings,FALSE,https://www.google.com/maps/dir/?api=1&destination=46%20Ledges%20Lane%2C%20Wintergreen%2C%20VA%2022958
185,Stays at Lovingston Winery,stays-at-lovingston-winery,Cabins & Cottages,stay,Lovingston,"Choose between our historic farmhouse or cozy cabin, both just a short stroll from our tasting room! The farmhouse has plenty of room for larger groups and has top of the line finishes like Viking appliances. The outdoor spaces include a pergola with dining table, fire pit, and southern-style front porch. All of this is seated under several 250 year old White Oak trees.

The cabin has some of the most stunning mountain views on property. If you are looking for a private space to stow away, with modern comforts, this home is perfect for you. The cabin features a fire pit, large front porch, and vineyards just steps away. If you would like to elevate your experience, we are happy to curate a private multi-course dinner with wine pairings for you and your guests. Our stays are unique because you will get to experience the magic of a winery up close! Our wines are produced from 100% estate grown grapes, which means we have acres of bustling vineyards. We are also a farm so it is likely you will see horses grazing and our two farm dogs, Hank the Corgi and Arnie our beloved mutt. *Lodging descriptions are provided by the host and not independently verified. Contact Tessa Riley, tessa@lovingstonwinery.com Staff on Site? Yes Pet-Friendly? N/A Located in Lovingston",,,https://ik.imagekit.io/OE/nelson-county/listings/stays-at-lovingston-winery-image1_B_V5brmYB,"White house with red door, surrounded by large green trees.",https://ik.imagekit.io/OE/nelson-county/listings/stays-at-lovingston-winery-image2_VLF1AqscC,"Log cabin surrounded by lush trees, gravel path leading to porch.",,,,(434) 263-8467,"885 Freshwater Cove Lane, Lovingston, VA 22949",josh,,,https://www.google.com/maps/dir/?api=1&destination=885%20Freshwater%20Cove%20Lane%2C%20Lovingston%2C%20VA%2022949,,,,,,,,,,,,,,Wine; Cabins; Lodging; Dinner; Tastings; Farm,FALSE,https://www.google.com/maps/dir/?api=1&destination=885%20Freshwater%20Cove%20Lane%2C%20Lovingston%2C%20VA%2022949
186,The Cottage at Pines End,the-cottage-at-pines-end,Cabins & Cottages,stay,Arrington,"The Cottage at Pines End is a charming retreat where relaxation meets nature. With a cozy gas fireplace and an inviting hot tub on a spacious wraparound deck, it’s perfect for enjoying breathtaking mountain views year-round. Venture out to scenic trails leading to the tranquil Tye River and the picturesque Blue Ridge Railway Trail for endless outdoor adventures.",,,https://ik.imagekit.io/OE/nelson-county/listings/the-cottage-at-pines-end-image1_IAgIW2t47,"House with solar panels, front porch, rocking chairs, surrounded by trees.",https://ik.imagekit.io/OE/nelson-county/listings/the-cottage-at-pines-end-image2_cm3rgz8Vk,"Cozy living room with stone fireplace, leather sofas, wooden floors, and large windows.",,,,,"Arrington, VA 22922",josh,,,https://www.google.com/maps/dir/?api=1&destination=Arrington%2C%20VA%2022922,,,,,,,,,,,,,,Outdoor Seating; Pet Friendly; Scenic Views; Water Sports,FALSE,https://www.google.com/maps/dir/?api=1&destination=Arrington%2C%20VA%2022922
187,Woodson's Mill House,woodsons-mill-house,Whole House Rentals,stay,Roseland,"Conveniently located near Charlottesville, Wintergreen, and the Blue Ridge Pkwy, this idyllic Craftsman style home offers the perfect opportunity for couples weekends filled with excursions to local wineries, breweries, and restaurants, or quiet family getaways spent exploring the property's woods, lake, and historic Woodson’s Mill.

This property offers the best of both worlds and is centrally located to all that the heart of the Blue Ridge Mountains has to offer. Woodson’s Mill, built in 1794, placed on the National Registry of Historic Places on December 17, 1992 is located on the property. It is an excellent example of a wood framed, water-powered grist mill that is not only structurally intact, but still in operation. Deep Roots Milling, a three man operation, rents the mill one week per month to grind local grains for their customers. *Lodging descriptions are provided by the host and not independently verified. Contact William & Charlene Chinworth, bandcchinworth@gmail.com Staff on Site? No Pet-Friendly? Yes Located in Roseland",,,https://ik.imagekit.io/OE/nelson-county/listings/woodson-s-mill-house-image1_4Inlp4G5X,Stone house with green roof surrounded by trees in autumn.,https://ik.imagekit.io/OE/nelson-county/listings/woodson-s-mill-house-image2_vZTKxv4MMY,"Large wooden dining table, patterned rug, stone fireplace, chandelier, framed art on walls.",,,,,"3211 Lowesville Road, Roseland, VA 22967",josh,,,https://www.google.com/maps/dir/?api=1&destination=3211%20Lowesville%20Road%2C%20Roseland%2C%20VA%2022967,,,,,,,,,,,,,,Scenic Views; Pet Friendly; Cabins; Lodging; Farm; Tastings,FALSE,https://www.google.com/maps/dir/?api=1&destination=3211%20Lowesville%20Road%2C%20Roseland%2C%20VA%2022967
188,Harmony Hill Bed & Breakfast,harmony-hill-bed-and-breakfast,Bed and Breakfast,stay,Arrington,"6 Rooms with private baths Some have Jacuzzi tubs and fireplaces Rates include a full country breakfast Location to wineries, breweries and the Blue Ridge Parkway *Lodging descriptions are provided by the host and not independently verified. Contact Mary Ten Hoopen, mtenhoopen@verizon.net Staff on Site? Yes Pet-Friendly? N/A Located in Arrington",,,https://ik.imagekit.io/OE/nelson-county/listings/harmony-hill-bed-breakfast-image1_RKNENpGmn,"Brown wooden house with dormer windows, surrounded by trees and grassy lawn.",https://ik.imagekit.io/OE/nelson-county/listings/harmony-hill-bed-breakfast-image2_3XvmHXiWy,"Cozy cabin living room with brown sofa, stone fireplace, and wooden accents.",,,,(434) 263-7750,"929 Wilson Hill Road, Arrington, VA 22922",josh,,,https://www.google.com/maps/dir/?api=1&destination=929%20Wilson%20Hill%20Road%2C%20Arrington%2C%20VA%2022922,,,,,,,,,,,,,,Breakfast; Scenic Views; Lodging; Hiking; Tastings; Water Sports,FALSE,https://www.google.com/maps/dir/?api=1&destination=929%20Wilson%20Hill%20Road%2C%20Arrington%2C%20VA%2022922
189,Spyrock Lodge,spyrock-lodge,Cabins & Cottages,stay,Montebello,"Fully furnished secluded cabin on 11 acres of land next to George Washington National Forest/Appalachian Trail. At 3,000 feet elevation and direct hiking access to the AT trail. Fully Finished two bedroom two bathrooms. Heat and AC along with high speed wifi internet. Sleeps 4 adults, a micro cabin is available for 5-6 adults.

Scenic and secluded cabin with direct hiking access to National Forest and AT trail. *Lodging descriptions are provided by the host and not independently verified. Contact Lilibeth Yankovich, spyrock@mac.com Staff on Site? No Pet-Friendly? N/A Located in Montebello",,,https://ik.imagekit.io/OE/nelson-county/listings/spyrock-lodge-image1_UEWaQhSJm,"Modern small cabin with gray walls, red door, and white railing, surrounded by trees.",https://ik.imagekit.io/OE/nelson-county/listings/spyrock-lodge-image2_gdCdtVVjL,"Living room with wooden furniture, large windows, and vaulted ceiling.",,,,,"Montebello, VA 24464",josh,,,https://www.google.com/maps/dir/?api=1&destination=Montebello%2C%20VA%2024464,,,,,,,,,,,,,,Cabins; Wi-Fi; Lodging; Appalachian Trail,FALSE,https://www.google.com/maps/dir/?api=1&destination=Montebello%2C%20VA%2024464
190,The Retreat at Crabtree Falls,the-retreat-at-crabtree-falls,Cabins & Cottages,stay,Tyro,"Each accommodation provides bedrooms, full kitchens, and generous living rooms for families and groups, while onsite trails connect directly to Crabtree Falls and mountain viewpoints. A dedicated hospitality team keeps spaces immaculate, arranges hikes, fishing, and winery excursions, and answers special requests so guests enjoy a secluded yet fully supported Blue Ridge escape.",,,https://ik.imagekit.io/OE/nelson-county/listings/the-retreat-at-crabtree-falls-image1_0h8Rx4Mea,Rustic cabin with stone chimney surrounded by colorful autumn trees on hillside.,https://ik.imagekit.io/OE/nelson-county/listings/the-retreat-at-crabtree-falls-image2_8JC6n6CHHy,"Cozy log cabin living room with stone fireplace, bookshelf, and rustic decor.",,,,(434) 207-2230,"10777 Crabtree Falls Highway, Tyro, VA 22976",josh,,,https://www.google.com/maps/dir/?api=1&destination=10777%20Crabtree%20Falls%20Highway%2C%20Tyro%2C%20VA%2022976,,,,,,,,,,,,,,Lodging; Cabins; Scenic Views; Water Sports; Tastings; Fishing,FALSE,https://www.google.com/maps/dir/?api=1&destination=10777%20Crabtree%20Falls%20Highway%2C%20Tyro%2C%20VA%2022976
191,Point of View,point-of-view,Cabins & Cottages,stay,Roseland,"5 bedroom, 5.5 baths resort house in Wintergreen. Whether you are looking for a peaceful weekend getaway, or an active family reunion, enjoy resort living at its best in this completely renovated home with breathtaking mountain views and a one-of-a-kind huge fenced-in yard, perfect for entertaining large groups, kids and dogs.

With two separate entertaining areas, our house can accommodate lots of fun and games. The first floor great room provides a huge sectional sofa (with queen pullout bed), large flat screen tv, a pool table (with ping pong table topper), a foosball table, and a big table perfect for playing games or doing puzzles...and opens to an expansive porch and huge hot tub that seats seven. The hot tub is the perfect place to view the night ski and beautiful stars. Upstairs, you will find a large, open-plan living area that provides amazing two-story views of the mountains. The HDTV and extensive, comfortable seating provides a great place to watch a movie or sporting event, and the magnificent stone fireplace is perfect for roasting marshmallows or warming up after a long day of skiing. The house is fully stocked with games, puzzles and movies galore for hours of entertainment. And enjoy the outdoors while relaxing on the many seating opportunities provided on the two-story deck. The expansive high-end chef's kitchen includes tons of storage and unique countertops (made from recycled paper!), an induction cooktop, wall oven, microwave, refrigerator/freezer, beverage fridge, two sinks, two dishwashers (for easy clean up!) and direct access to the gas grill on the connecting porch. Your guests can enjoy your meals at the nearby large dining table that seats 10 (12 with extra seats!) or from the large kitchen island that seats 4. The five bedrooms all feature gorgeous beds and gracious bathrooms. The master bedroom, located on the second floor, is our presidential suite, featuring a gas fireplace, large hdtv, two sitting areas and sliding glass doors which open for cool mountain breezes and the most amazing views of the mountains at sunrise. The master bathroom offers a beautifully tiled shower and jetted tub, where you can relax, look at the mountains from the private bathroom window, or enjoy your favorite show on the flat screen tv. The four bedrooms downstairs include a guest master bedroom with queen bed and HDTV, and a huge, beautifully tiled shower; a guest room with double bed and attached bathroom with tub/shower combo; and, two fun bunk rooms, each with their own bathrooms. Additional sleeping options are available on the queen pull out sleeper sofa. TWO member-lot parking passes are provided to access easy ski-out lots adjacent to the slopes. *Lodging descriptions are provided by the host and not independently verified. Contact Andria McClellan, andria.mcclellan@gmail.com Staff on Site? No Pet-Friendly? N/A Located in Roseland",,,https://ik.imagekit.io/OE/nelson-county/listings/point-of-view-image1_xsk3WSAG3,"Snow-covered landscape with bare trees, mountains, and blue sky with clouds.",https://ik.imagekit.io/OE/nelson-county/listings/point-of-view-image2_F7HbHWOzm,"Spacious living room with high wooden ceiling and stone fireplace, cozy seating area.",,,,,"Wintergreen Resort, Roseland, VA 22967",josh,,,https://www.google.com/maps/dir/?api=1&destination=Wintergreen%20Resort%2C%20Roseland%2C%20VA%2022967,,,,,,,,,,,,,,Scenic Views; Full Kitchen; Cabins; Lodging,FALSE,https://www.google.com/maps/dir/?api=1&destination=Wintergreen%20Resort%2C%20Roseland%2C%20VA%2022967
192,The Inn at Blue Mountain Brewery,the-inn-at-blue-mountain-brewery,Cabins & Cottages,stay,Afton,"The Inn at Blue Mountain Brewery is a 4,000 sq ft Cape Cod home beside the brewery with wraparound porch, hot tub, fire pit, and private path to the taproom.",,,https://ik.imagekit.io/OE/nelson-county/listings/the-inn-at-blue-mountain-brewery-image1_iQ5F3SfRK,"White house with porch, surrounded by trees and manicured lawn under blue sky.",https://ik.imagekit.io/OE/nelson-county/listings/the-inn-at-blue-mountain-brewery-image2_cvp8LorNA,"Living room with beige sofas, red rug, fireplace, and large windows.",,,,,"9519 Critzers Shop Road, Afton, VA 22920",josh,,,https://www.google.com/maps/dir/?api=1&destination=9519%20Critzers%20Shop%20Road%2C%20Afton%2C%20VA%2022920,,,,,,,,,,,,,,Pool; Beer; Outdoor Seating; Cabins; Lodging; Tastings,FALSE,https://www.google.com/maps/dir/?api=1&destination=9519%20Critzers%20Shop%20Road%2C%20Afton%2C%20VA%2022920
193,Gracewood,gracewood,Cabins & Cottages,stay,Afton,"Modern cottage updated for guests. Hike our 2 miles of beautiful, well maintained trails. The cottage and property are very serene and quiet. No road noise. Ideal location: Only 1.5 miles to Route 151 and breweries and wineries.

Only about 3.5 miles hiking from the cottage brings you to the Appalachian Trail from the cottage. Very quiet. Close to hiking anywhere. Perfect balance between totally quiet and close to Route 151. Inexpensive. *Lodging descriptions are provided by the host and not independently verified. Contact Michael Penny, michael@savvyrest.com Staff on Site? No Pet-Friendly? N/A Located in Afton",,,https://ik.imagekit.io/OE/nelson-county/listings/gracewood-image1_M-DOchOiM,Lush garden with green shrubs and small building in background.,https://ik.imagekit.io/OE/nelson-county/listings/gracewood-image2_xJfVn-RK6k,"Modern kitchen with white cabinets, black countertops, and island with place settings.",,,,,"Nellysford, VA 22958",josh,,,https://www.google.com/maps/dir/?api=1&destination=Nellysford%2C%20VA%2022958,,,,,,,,,,,,,,Cabins; Lodging,FALSE,https://www.google.com/maps/dir/?api=1&destination=Nellysford%2C%20VA%2022958
194,The Chimneys,the-chimneys,Cabins & Cottages,stay,Montebello,"Historic 1800s secluded chinked cabin This historic 1800s cabin remains much the same as when it was built. It is ideal for the adventurous soul looking to disconnect. *Lodging descriptions are provided by the host and not independently verified. Contact Margaret Stahl, maggiestahl11@gmail.com Staff on Site? No Pet-Friendly? N/A Located in Montebello",,,https://ik.imagekit.io/OE/nelson-county/listings/the-chimneys-image1_u5cR87lJ9,Log cabin with stone chimney surrounded by lush green forest.,https://ik.imagekit.io/OE/nelson-county/listings/the-chimneys-image2_sNFxu8Fy4p,"Modern kitchen with blue island, pendant light, and stainless appliances.",,,,,"Roseland, VA 22967",josh,,,https://www.google.com/maps/dir/?api=1&destination=Roseland%2C%20VA%2022967,,,,,,,,,,,,,,Cabins; Adventure; Lodging,FALSE,https://www.google.com/maps/dir/?api=1&destination=Roseland%2C%20VA%2022967
195,The Carriage House at Stagebridge Farm,the-carriage-house-at-stagebridge-farm,Bed and Breakfast,stay,Lovingston,"The Carriage House at Stagebridge Farm is a delightful bed and breakfast perched above the farm's workshop. Guests can relax in a luxurious king bed, charge their EV, and savor stunning sunrise views from their private balcony. With fast Wi-Fi, you’ll have the perfect base to explore Lovingston’s rich history, including the Historic District and courthouse on the National Register of Historic Places.",,,https://ik.imagekit.io/OE/nelson-county/listings/the-carriage-house-at-stagebridge-farm-image1_X0jZ1Dz6N,"Vineyard with rows of grapevines, house, mountain, under clear blue sky.",https://ik.imagekit.io/OE/nelson-county/listings/the-carriage-house-at-stagebridge-farm-image2_ocUi_5vRa,"Spacious bedroom with large windows, wooden beams, and stylish furnishings.",,,,,"Stagebridge Farm, Lovingston, VA 22949",josh,,,https://www.google.com/maps/dir/?api=1&destination=Stagebridge%20Farm%2C%20Lovingston%2C%20VA%2022949,,,,,,,,,,,,,,Lodging; Wine; Farm; EV Charging; Breakfast; Wi-Fi,FALSE,https://www.google.com/maps/dir/?api=1&destination=Stagebridge%20Farm%2C%20Lovingston%2C%20VA%2022949
196,Indigo House Bed & Breakfast,indigo-house-bed-and-breakfast,Bed and Breakfast,stay,Afton,"The Indigo House is a modern bed & breakfast for outdoorsy humans and kind dogs. With a design inspired by the great outdoors, relaxing hang-out spaces, and convenient access to Shenandoah National Park, Blue Ridge Parkway, and the area’s best vineyards and breweries, the Indigo House is a fun and fresh take on the traditional B&B experience. Dogs always stay for free!

The Indigo House is unique because of it's signature style of Southern hospitality. Millennial innkeepers, Stephanie and Kyle, designed a five-star experience, earning them the reputation of 'laid-back luxury' from guests and publications such as Garden & Gun, The Washingtonian, and Virginia Living. Guests enjoy: An adults-only property. This boutique bed & breakfast was built in 2022 and purposefully designed as an intentional space to unwind for those 24 and up. Really delicious food. Farm-to-fork breakfast is served daily (with afternoon drinks and sweet treats too). A pet-friendly getaway. Well-behaved dogs of any size, weight, and breed are welcome at the",,,https://ik.imagekit.io/OE/nelson-county/listings/indigo-house-bed-breakfast-image1_Vw7sPK22H,"Cozy house with stone facade, surrounded by trees and mountain views.",https://ik.imagekit.io/OE/nelson-county/listings/indigo-house-bed-breakfast-image2_-xbLE1vcJ,"Bedroom with blue wall, white bed, large window showcasing scenic outdoor view.",,,,(434) 989-6766,"451 Indigo Lane, Afton, VA 22920",josh,,,https://www.google.com/maps/dir/?api=1&destination=451%20Indigo%20Lane%2C%20Afton%2C%20VA%2022920,,,,,,,,,,,,,,Pet Friendly; Breakfast; Scenic Views; Lodging,FALSE,https://www.google.com/maps/dir/?api=1&destination=451%20Indigo%20Lane%2C%20Afton%2C%20VA%2022920
197,Papa's Cottage,papas-cottage,Cabins & Cottages,stay,Afton,"This charming Mid-Century Modern cottage includes a private HOT TUB for you. Tucked away in the heart of Nelson County wine country, this little bungalow is perfect for two couples or a small family. This two bedroom, one bath freshly updated ranch is perched up on a small hill on the side of Afton Mountain, overlooking the valley.

Here, you’re minutes from all the Route 151 activities yet enough in the country to feel like you’re on vacation. It's a cute two bedroom with a hot tub. *Lodging descriptions are provided by the host and not independently verified. Contact Scott Koehler, scottlkoehler@yahoo.com Staff on Site? No Pet-Friendly? N/A Located in Afton",,,https://ik.imagekit.io/OE/nelson-county/listings/papa-s-cottage-image1_iLmu3PQJn,"Covered patio with seating, hot tub, string lights, and decorative plants.",https://ik.imagekit.io/OE/nelson-county/listings/papa-s-cottage-image2_c3F3XIbhl,"Cozy living room with brown sofa, pillows, and open kitchen in background.",,,,,"Afton, VA 22920",josh,,,https://www.google.com/maps/dir/?api=1&destination=Afton%2C%20VA%2022920,,,,,,,,,,,,,,Scenic Views; Cabins; Lodging,FALSE,https://www.google.com/maps/dir/?api=1&destination=Afton%2C%20VA%2022920
198,Meme's Cottage,memes-cottage,Cabins & Cottages,stay,Afton,"Cute getaway Mid-Century Modern style cottage in the heart of Nelson County wine country, perfect for two couples. Affectionately called “Meme’s Cottage”, this restored ranch is nestled into the woods on the side of Afton Mountain. You’ll be minutes from all the 151 experiences and enough in the country for a quiet getaway.

Close to so much, and reasonably-priced for a private, upscale, two bedroom house. *Lodging descriptions are provided by the host and not independently verified. Contact Heather Koehler, scottlkoehler@yahoo.com Staff on Site? No Pet-Friendly? N/A Located in Afton",,,https://ik.imagekit.io/OE/nelson-county/listings/meme-s-cottage-image1_WpucqZ33l,"White house with blue door, surrounded by green trees and grass, outdoor game nearby.",https://ik.imagekit.io/OE/nelson-county/listings/meme-s-cottage-image2_VGkuXlmBC,Bright kitchen and dining area with white cabinets and wooden floor.,,,,,"Afton, VA 22920",josh,,,https://www.google.com/maps/dir/?api=1&destination=Afton%2C%20VA%2022920,,,,,,,,,,,,,,Beer; Full Kitchen; Outdoor Seating; Cabins; Lodging; Tastings,FALSE,https://www.google.com/maps/dir/?api=1&destination=Afton%2C%20VA%2022920
199,Cheval Circle,cheval-circle,Cabins & Cottages,stay,Afton,"Clean, charmingly rustic, well-appointed and in the heart of Virginia Wine Country, “Cheval Circle” is just a short drive from many of Nelson County’s most popular destinations, including dozens of wineries and breweries and the Afton Mountain Tunnel. Enjoy the beautiful mountain views and the quiet horse farm just across the meadow!

The house feels remote and rural, yet is close to so much of what Nelson County has to offer! There is also a fully functioning horse farm right next door. *Lodging descriptions are provided by the host and not independently verified. Contact Heather Koehler, scottlkoehler@yahoo.com Staff on Site? No Pet-Friendly? N/A Located in Afton",,,https://ik.imagekit.io/OE/nelson-county/listings/cheval-circle-image1_fOJj41ghsQ,"Hot tub under wooden gazebo, surrounded by trees and clear blue sky.",https://ik.imagekit.io/OE/nelson-county/listings/cheval-circle-image2_lfF_LxYpL,"Cozy living room with gray sofa, fireplace, and large windows, wood floor.",,,,,"Afton, VA 22920",josh,,,https://www.google.com/maps/dir/?api=1&destination=Afton%2C%20VA%2022920,,,,,,,,,,,,,,Scenic Views; Cabins; Lodging,FALSE,https://www.google.com/maps/dir/?api=1&destination=Afton%2C%20VA%2022920
200,The Wine Cottage,the-wine-cottage,Cabins & Cottages,stay,Afton,"The Wine Cottage is a mid-century ranch with updated interiors, mountain views, and a private fire pit minutes from Nelson 151 tasting rooms.",,,https://ik.imagekit.io/OE/nelson-county/listings/the-wine-cottage-image1_XiGtHjWQI,Brick house with triangular roof and six blue chairs on lawn.,https://ik.imagekit.io/OE/nelson-county/listings/the-wine-cottage-image2_CYT2yfryX,"Modern kitchen with island, bar stools, stainless appliances, wooden floor, warm lighting.",,,,,"Afton, VA 22920",josh,,,https://www.google.com/maps/dir/?api=1&destination=Afton%2C%20VA%2022920,,,,,,,,,,,,,,Scenic Views; Tastings; Wine; Cabins; Lodging,FALSE,https://www.google.com/maps/dir/?api=1&destination=Afton%2C%20VA%2022920
201,Carter's Cottage,carters-cottage,Cabins & Cottages,stay,Afton,"This clean Modern Farmhouse style one story Cottage in the heart of the 151 corridor, “Carter’s Cottage” is WALKING DISTANCE from the new Three Notch’d distillery/brewery/pub, as well as several other local restaurants and shopping destinations in downtown Nellysford!

Also just a short drive from many of Nelson County’s most popular destinations, including Devil’s Backbone, Bold Rock Cidery, and Wintergreen. PLUS enjoy the Hot Tub! You can walk to Three Notch'd...then go home and sit in your own hot tub! *Lodging descriptions are provided by the host and not independently verified. Contact Heather Koehler, scottlkoehler@yahoo.com Staff on Site? No Pet-Friendly? N/A Located in Afton",,,https://ik.imagekit.io/OE/nelson-county/listings/carter-s-cottage-image1_ydn0TnyDb,Wooden chairs in circle around fire pit on gravel patio.,https://ik.imagekit.io/OE/nelson-county/listings/carter-s-cottage-image2_VB2OzoF4k,"Modern kitchen with island, barstools, stainless steel appliances, and 'Gather' sign above.",,,,,"Nellysford, VA 22958",josh,,,https://www.google.com/maps/dir/?api=1&destination=Nellysford%2C%20VA%2022958,,,,,,,,,,,,,,Cabins; Lodging; Farm,FALSE,https://www.google.com/maps/dir/?api=1&destination=Nellysford%2C%20VA%2022958
202,Beech Grove Cottage,beech-grove-cottage,Cabins & Cottages,stay,Roseland,"The perfect cozy escape! Beautiful, thoughtfully and fully renovated 1920's bungalow in the heart of the best of Nelson County. Roomy, stylish, light filled. Sleeps 6. Across the road from Devils Backbone Brewery, at the base of Wintergreen Resort— in the middle of it all!

Hike, ski, bike, dine, sample beer, cider, wine, apple and peach orchards, chestnut farms! Just off 151, “The Brew Ridge Trail” & backs up to acres of woods and nature. 7 min to Appalachian Trail. High-speed fiber, huge yard & firepit. *Lodging descriptions are provided by the host and not independently verified. Contact Jill Averitt, jill@raveritt.com Staff on Site? No Pet-Friendly? N/A Located in Roseland",,,https://ik.imagekit.io/OE/nelson-county/listings/beech-grove-cottage-image1_jL7Nd6cfH,Yellow daffodils in grassy yard before small house with blue roof.,https://ik.imagekit.io/OE/nelson-county/listings/beech-grove-cottage-image2_C2qlV-tLb,"Spacious living room with large green sofa, colorful pillows, and wood accents.",,,,,"200 Mosbys Run, Roseland, VA 22967",josh,,,https://www.google.com/maps/dir/?api=1&destination=200%20Mosbys%20Run%2C%20Roseland%2C%20VA%2022967,,,,,,,,,,,,,,Cabins; Lodging,FALSE,https://www.google.com/maps/dir/?api=1&destination=200%20Mosbys%20Run%2C%20Roseland%2C%20VA%2022967
203,Montebello Resort,montebello-resort,Cabins & Cottages,stay,Montebello,"Private, cozy, comfortable rental cabins and cottages. Lake, trout pond, and unique country store all on site; close to historical sites and hiking; relax, unplug, and unwind! *Lodging descriptions are provided by the host and not independently verified. Contact Christy Humphreys, christy@montebellova.com Staff on Site? Yes Pet-Friendly?

Yes Located in Montebello Private, cozy, comfortable rental cabins and cottages. Lake, trout pond, and unique country store all on site; close to historical sites and hiking; relax, unplug, and unwind! *Lodging descriptions are provided by the host and not independently verified. Contact Christy Humphreys, christy@montebellova.com Staff on Site? Yes Pet-Friendly? Yes Located in Montebello",,,https://ik.imagekit.io/OE/nelson-county/listings/montebello-resort-image1_ghrMpW_B3,"Small wooden cabin with a porch, surrounded by green trees and sunlight.",https://ik.imagekit.io/OE/nelson-county/listings/montebello-resort-image2_5p3CUVkbm,"Rustic wooden cabin interior with leather chairs, stone fireplace, and large windows.",,,,(540) 377-2650,"15090 Crabtree Falls Highway, Montebello, VA 24464",josh,,,https://www.google.com/maps/dir/?api=1&destination=15090%20Crabtree%20Falls%20Highway%2C%20Montebello%2C%20VA%2024464,,,,,,,,,,,,,,Cafe; Retail; Cabins; Pet Friendly; Lodging,FALSE,https://www.google.com/maps/dir/?api=1&destination=15090%20Crabtree%20Falls%20Highway%2C%20Montebello%2C%20VA%2024464
204,Freshwater Field Cabin,freshwater-field-cabin,Cabins & Cottages,stay,Lovingston,"The Freshwater Field Cabin is very private, located on a farm nestled in a mountain hollow, but only 5 miles from route 29. It is rustic and secluded but comfortable. Enjoy hiking the trails on the property, watching the horses in the fields, or visiting local attractions.

An easy trip to Lynchburg, Charlottesville, Waynesboro or Wintergreen. *Lodging descriptions are provided by the host and not independently verified. Contact Kathy Bryant, kcjcbryant@hotmail.com Staff on Site? No Pet-Friendly? No Located in Lovingston",,,https://ik.imagekit.io/OE/nelson-county/listings/freshwater-field-cabin-image1_GaffeUlSd,"Red two-story house with patio furniture, umbrella, and trees in background.",https://ik.imagekit.io/OE/nelson-county/listings/freshwater-field-cabin-image2_Vvm1QAsB9,"Blue sofa in cozy room with fireplace, decorative rug, and wooden elements.",,,,,"Lovingston, VA 22949",josh,,,https://www.google.com/maps/dir/?api=1&destination=Lovingston%2C%20VA%2022949,,,,,,,,,,,,,,Farm; Cabins; Equestrian; Lodging,FALSE,https://www.google.com/maps/dir/?api=1&destination=Lovingston%2C%20VA%2022949
205,Four Elements Farm,four-elements-farm,Whole House Rentals,stay,Roseland,"Come find out why we have guests return year after year! Escape city life at our charming farmhouse near Wintergreen. Our 116-acre property is home to friendly goats and ducks, and features magnificent views, a large stone fireplace, hot tub, pond for swimming and fishing, and comfortable bedrooms. Visit local breweries or wineries. Explore the outdoors or relax on the porch.

Experience the joys of farm living with your family and friends. Secluded quiet home on 116 acres with goats and ducks guests can feed and pet! Peace and quiet but less than a mile to Devils Backbone and minutes to Wintergreen. The best of both worlds! Perfect for extended family gatherings. *Lodging descriptions are provided by the host and not independently verified. Contact Craig Griffin, wiredbikecraig@gmail.com Staff on Site? No Pet-Friendly? Yes Located in Roseland",,,https://ik.imagekit.io/OE/nelson-county/listings/four-elements-farm-image1_wcYZqjjij,Pond surrounded by trees with house in the background under blue sky.,https://ik.imagekit.io/OE/nelson-county/listings/four-elements-farm-image2_bzJusRdqT,"Cozy living room with sofas, patterned rug, stone fireplace, and wood-paneled ceiling.",,,,,"Roseland, VA 22967",josh,,,https://www.google.com/maps/dir/?api=1&destination=Roseland%2C%20VA%2022967,,,,,,,,,,,,,,Lodging; Farm; Pet Friendly; Cabins,FALSE,https://www.google.com/maps/dir/?api=1&destination=Roseland%2C%20VA%2022967
206,Time to Wine Down,time-to-wine-down,Whole House Rentals,stay,Afton,"Welcome to Time to Wine Down, your home away from home nestled in the rolling hills of Afton, VA! Whether you’re a foodie, a wine enthusiast, or an outdoor adventurer, Afton offers it all. Explore nearby wineries and breweries like Hazy Mountain, King Family, Veritas, and Blue Mountain—all just minutes away!

For outdoor lovers, Shenandoah National Park is a playground of hiking, fishing, biking, and horseback riding. Plus, Wintergreen Resort is only a short drive, offering skiing, tubing, swimming, and more year-round fun! What makes",,,https://ik.imagekit.io/OE/nelson-county/listings/time-to-wine-down-image1_fT10VW1Dd,"White house with black roof, driveway, surrounded by green trees and lawn.",https://ik.imagekit.io/OE/nelson-county/listings/time-to-wine-down-image2_bBVJXZfT0,"Cozy living room with gray sofa, armchairs, fluffy ottoman, and ceiling fan.",,,,,"Afton, VA 22920",josh,,,https://www.google.com/maps/dir/?api=1&destination=Afton%2C%20VA%2022920,,,,,,,,,,,,,,Outdoor Seating; Wine; Cabins; Lodging,FALSE,https://www.google.com/maps/dir/?api=1&destination=Afton%2C%20VA%2022920
207,Love Afton Cabin,love-afton-cabin,Cabins & Cottages,stay,Afton,"Welcome to Love Afton Cabin! Escape to our secluded 11.5-acre retreat with stunning mountain views, a private fishing pond, and endless space for relaxation. This home sleeps up to 16 guests and provides entertainment for all ages. The main level includes a fully equipped kitchen, dining room, cozy living room, and a primary bedroom (King bed) with an ensuite bath.

Outside, enjoy a screened-in porch and a spacious deck with seating for 16. Upstairs features a second primary bedroom (King bed) with an ensuite bath, plus a Queen bedroom and a bunk room with beds for kids and teens. The level also includes a shared bath, workspace, and balcony. The basement offers a second living room, pool table, arcade games, a mini kitchen, and Bedroom 5 (King bed, bunk beds with trundle). A game-packed garage includes shuffleboard, skee ball, air hockey, and more. Outdoor highlights include a fire pit, a hot tub, a sauna, a play set, and plenty of room to explore.",,,https://ik.imagekit.io/OE/nelson-county/listings/love-afton-cabin-image1_IwkNAdICu,Hot tub with bubbling water overlooking lush green forest and mountains.,https://ik.imagekit.io/OE/nelson-county/listings/love-afton-cabin-image2_P9fzatXa5-,Spacious wooden living room with large windows and cozy furniture.,,,,,"5495 Mountain Road, Afton, VA 22920",josh,,,https://www.google.com/maps/dir/?api=1&destination=5495%20Mountain%20Road%2C%20Afton%2C%20VA%2022920,,,,,,,,,,,,,,Outdoor Seating; Scenic Views; Cabins; Lodging; Water Sports; Fishing,FALSE,https://www.google.com/maps/dir/?api=1&destination=5495%20Mountain%20Road%2C%20Afton%2C%20VA%2022920
208,Meili Mountain,meili-mountain,Whole House Rentals,stay,Nelson County,"Rustic camping Private Creek *Lodging descriptions are provided by the host and not independently verified. Contact Jim McCullough, jim@meilimountain.com Staff on Site? No Pet-Friendly? Yes Located in Tyro",,,https://ik.imagekit.io/OE/nelson-county/listings/meili-mountain-image1_n3-A_-AKC,Small cabin in lush forest with sunlight filtering through trees.,https://ik.imagekit.io/OE/nelson-county/listings/meili-mountain-image2_HMlw7x_vw,Blue cabin in lush green forest clearing with firepit and wooden deck.,,,,,"Nelson County, VA",josh,,,https://www.google.com/maps/dir/?api=1&destination=Nelson%20County%2C%20VA,,,,,,,,,,,,,,Scenic Views; Pet Friendly,FALSE,https://www.google.com/maps/dir/?api=1&destination=Nelson%20County%2C%20VA
209,Adventure Awaits,adventure-awaits,Whole House Rentals,stay,Roseland,"Welcome to Adventure Awaits at Wintergreen Resort, where the charm of the Blue Ridge Mountains meets luxury, convenience, and adventure! Our pet-friendly home is perfectly located just two minutes from the ski lifts, offering an ideal retreat for adventurers, families, and relaxation seekers.

Whether you’re savoring s’mores by the outdoor fire pit, unwinding in the hot tub, exploring nearby trails, or enjoying the cozy amenities of the home, your stay is designed to be unforgettable. With spacious accommodations, high-speed internet, multiple family living areas, and thoughtful touches like provided towels and linens, we’ve made sure every detail is covered. Perfect for families or groups, the property features 3 king beds, a bunk room with double and twin beds, and two master suites for ultimate comfort. From hiking to wine tours, breweries, and skiing, there’s something for everyone at",,,https://ik.imagekit.io/OE/nelson-county/listings/adventure-awaits-image1_OIGAS5SOy,"Dark house with warm lights, surrounded by trees, gravel driveway in foreground.",https://ik.imagekit.io/OE/nelson-county/listings/adventure-awaits-image2_S-y5X3SnV,"Living room with staircase, colorful chairs, patterned furniture, large windows, wooden floor.",,,,,"Wintergreen Resort, Roseland, VA 22967",josh,,,https://www.google.com/maps/dir/?api=1&destination=Wintergreen%20Resort%2C%20Roseland%2C%20VA%2022967,,,,,,,,,,,,,,Pet Friendly; Scenic Views; Skiing,FALSE,https://www.google.com/maps/dir/?api=1&destination=Wintergreen%20Resort%2C%20Roseland%2C%20VA%2022967
210,Wintergreen Ridge Retreat,wintergreen-ridge-retreat,Whole House Rentals,stay,Wintergreen Resort,"Welcome to Wintergreen Ridge Retreat, your perfect escape at Wintergreen Resort, VA! Just 3 minutes from the ski slopes and snow tubing, our spacious and comfortable home offers a seamless blend of four seasons adventure. Whether you're carving down the slopes, exploring over 30 miles of hiking trails, or simply unwinding in the peaceful surroundings, this retreat has it all.

This home is your gateway to both excitement and relaxation, making it the ideal base for your Wintergreen adventures. Whether you're seeking thrills on the slopes or a peaceful retreat in the mountains,",,,https://ik.imagekit.io/OE/nelson-county/listings/wintergreen-ridge-retreat-image1_Po9HDslHo,"Spacious living room with brown leather sofas, large windows, and wooden ceiling.",https://ik.imagekit.io/OE/nelson-county/listings/wintergreen-ridge-retreat-image2_CN_I0Hhgb,"Rustic house with peaked roof, surrounded by bare trees and autumn leaves.",,,,,"Wintergreen Resort, Nellysford, VA 22958",josh,,,https://www.google.com/maps/dir/?api=1&destination=Wintergreen%20Resort%2C%20Nellysford%2C%20VA%2022958,,,,,,,,,,,,,,Outdoor Seating; Scenic Views; Pet Friendly,FALSE,https://www.google.com/maps/dir/?api=1&destination=Wintergreen%20Resort%2C%20Nellysford%2C%20VA%2022958
211,Maren Estate,maren-estate,Cabins & Cottages,stay,Afton,"Luxury estate with 7,200 square feet house on a 50 acre farm. Maximum occupancy of 14 people. Pool (seasonal) and hot tub (year round). Bocce ball court and beer garden on the grounds. Beautiful views of the Rockfish Valley and close proximity to vineyards, breweries, golf, etc. *Lodging descriptions are provided by the host and not independently verified.

Contact Kevin Lee, blueheavenchalet@gmail.com Staff on Site? No Pet-Friendly? Yes Located in Afton",,,https://ik.imagekit.io/OE/nelson-county/listings/maren-estate-image1_XH7pGtdID,"Rolling hills with autumn trees, house, and small pond under clear sky.",https://ik.imagekit.io/OE/nelson-county/listings/maren-estate-image2_pMkBseFcr,"Spacious living room with large windows, wooden beams, and elegant furniture.",,,,,"Afton, VA 22920",josh,,,https://www.google.com/maps/dir/?api=1&destination=Afton%2C%20VA%2022920,,,,,,,,,,,,,,Pool; Seasonal Menu; Beer; Pet Friendly; Cabins; Lodging; Farm,FALSE,https://www.google.com/maps/dir/?api=1&destination=Afton%2C%20VA%2022920
212,The Blue Ridge Farm and Wedding Venue,the-blue-ridge-farm-and-wedding-venue,Cabins & Cottages,stay,Afton,"The Blue Ridge Farm and Wedding Venue offers a captivating blend of rustic charm and modern elegance on six picturesque acres. With stunning vineyard views and a beautifully renovated farmhouse, guests can enjoy a comfortable stay near the scenic Brew Ridge Trail. Perfect for weddings or relaxing getaways, The Blue Ridge Farm guarantees an unforgettable experience.",,,https://ik.imagekit.io/OE/nelson-county/listings/the-blue-ridge-farm-and-wedding-venue-image1_0AvR3Ceow,"Ornate design with text: 'The Blue Ridge Farm, Historic Afton, Virginia.'",https://ik.imagekit.io/OE/nelson-county/listings/the-blue-ridge-farm-and-wedding-venue-image2_CfQ2xHiVQ,"Gray living room with sectional sofa, colorful pillows, and patterned rug.",,,,,"Afton, VA 22920",josh,,,https://www.google.com/maps/dir/?api=1&destination=Afton%2C%20VA%2022920,,,,,,,,,,,,,,Lodging; Wine; Scenic Views; Events; Pet Friendly; Cabins,FALSE,https://www.google.com/maps/dir/?api=1&destination=Afton%2C%20VA%2022920
213,"Acorn Inn, Inc (Cottage, B&B and Group Retreat)",acorn-inn-inc-cottage-bb-and-group-retreat,Bed and Breakfast,stay,Faber,"Acorn Inn, has three different structures on the property geared to hosting guests. What we call 'The Inn,' was once a horse barn.

There are 10 bedrooms (once stalls!), men's & women's bathrooms & showers, several lovely gathering spaces, two kitchenettes, a wraparound deck, covered patio, an outdoor grill & more. (NO PETS at the Inn because it is a shared space.) Our Cottage is a cozy little house with a full kitchen, private bath bedroom with queen & twin, and living room with a queen sofa bed. (We accept well-behaved pets in the Cottage for an additional fee.) Finally our Farmhouse, which is also our office, has three bedrooms, each with a queen bed. (These are only rented when the Inn and Cottage are fully booked, at the innkeepers' discretion.) We've been running ACORN INN since 1987! Martin is a well-travelled cyclist from the Netherlands & Kathy is a photographer & printmaker. The Inn is full of art made by Kathy and from artisans around the world. Affordable, cozy & friendly. *Lodging descriptions are provided by the host and not independently verified. Contact Kathy & Martin Versluys, contact@acorninn.com Staff on Site? Yes Pet-Friendly? Yes Located in Faber",,,https://ik.imagekit.io/OE/nelson-county/listings/acorn-inn-inc-cottage-b-b-and-group-retreat--image1_sxiLMGTZT,Double rainbow over red house on grassy hill with trees.,https://ik.imagekit.io/OE/nelson-county/listings/acorn-inn-inc-cottage-b-b-and-group-retreat--image2_IvbaTRLO3,"Cozy living room with colorful seating, fireplace, and decorative wall art.",,,,,"2131 Stagebridge Road, Lovingston, VA 22949",josh,,,https://www.google.com/maps/dir/?api=1&destination=2131%20Stagebridge%20Road%2C%20Lovingston%2C%20VA%2022949,,,,,,,,,,,,,,Lodging; Outdoor Seating; Breakfast; Pet Friendly; Farm,FALSE,https://www.google.com/maps/dir/?api=1&destination=2131%20Stagebridge%20Road%2C%20Lovingston%2C%20VA%2022949
214,Cottage at Old Stoney Creek,cottage-at-old-stoney-creek,Cabins & Cottages,stay,Nellysford,"The perfect outdoor adventure is waiting for you at this charming home in Nellysford. This 2-bedroom, 1-bathroom vacation rental is the ideal home base for anything on your itinerary. Spend your day sipping to your heart’s content at a local winery, hiking the local trails, hitting the slopes at Wintergreen, or enjoying the fresh air on the deck overlooking the surrounding forest.

Let your stress melt away in the hot tub as the creek passes and leave feeling refreshed and replenished. Hot Tub, Deck w/ outdoor seating, fire pit, outdoor dining area, and outdoor shower. *Lodging descriptions are provided by the host and not independently verified. Contact Graham Howe, howegraham@hotmail.com Staff on Site? No Pet-Friendly? No Located in Nellysford",,,https://ik.imagekit.io/OE/nelson-county/listings/cottage-at-old-stoney-creek-image1_-cveHGW-G,Stone archway leading to cottage surrounded by trees.,https://ik.imagekit.io/OE/nelson-county/listings/cottage-at-old-stoney-creek-image2_L5kBeLggY,"Rustic dining area with wooden walls, table setting, and wicker light fixture.",,,,,"Nellysford, VA 22958",josh,,,https://www.google.com/maps/dir/?api=1&destination=Nellysford%2C%20VA%2022958,,,,,,,,,,,,,,Outdoor Seating; Cabins; Lodging; Tastings; Beer,FALSE,https://www.google.com/maps/dir/?api=1&destination=Nellysford%2C%20VA%2022958
215,Blue Ridge Heaven,blue-ridge-heaven,Cabins & Cottages,stay,Roseland,"Blue Ridge Heaven, located atop Devils Knob – the highest point at Wintergreen Resort. Enjoy the best views in central Virginia from one of three decks or many picture windows.

Blue Ridge Heaven is located at 3,800ft elevation, offering mountain, valley, and long-range southern views from the highest location for any Wintergreen home on the rental market, yet just minutes from the ski slopes, hiking trails, Appalachian Trail, Blue Ridge Parkway, and breweries/wineries/cideries on Route 151. Your 3,200 sqft, 5-bedroom home has been extensively renovated, anchored by a totally updated kitchen, with new heating & air conditioning, appliances, furnishings, flooring, paint and lighting throughout. Enjoy cathedral ceilings throughout the upper level, including a large family room with a stone fireplace and new 65-inch Samsung smart TV, kitchen, and master bedroom. The lower level includes another master bedroom, 3 other bedrooms (including a bunk room), and a second family room with stone fireplace and 55-inch Samsung smart TV. Renovations were made to maximize energy efficiency, use of sustainable materials, and purchase of locally produced products where practical. Amazing long range views of the",,,https://ik.imagekit.io/OE/nelson-county/listings/blue-ridge-heaven-image1_nnjCOh4aN,"Two-story house with large windows, wooden decks, surrounded by autumn trees.",https://ik.imagekit.io/OE/nelson-county/listings/blue-ridge-heaven-image2_ssf3n-xI5,"Pink armchair by large windows, overlooking mountains and trees, stone fireplace nearby.",,,,,"Wintergreen Resort, Roseland, VA 22967",josh,,,https://www.google.com/maps/dir/?api=1&destination=Wintergreen%20Resort%2C%20Roseland%2C%20VA%2022967,,,,,,,,,,,,,,Outdoor Seating; Full Kitchen; Scenic Views; Cabins; Lodging,FALSE,https://www.google.com/maps/dir/?api=1&destination=Wintergreen%20Resort%2C%20Roseland%2C%20VA%2022967
216,Dancing Bear Lodge,dancing-bear-lodge,Cabins & Cottages,stay,Roseland,"Dancing Bear Lodge is a cabin located in Roseland, VA. It is just over 2,000 square feet, which makes it a spacious size for hosting larger groups of up to 10 people. If you are looking for an 'off the grid' experience on 38 acres with a spectacular mountain view, this place is for you!

The property is a nice balance of seclusion while still having the comfort of modern amenities and prime location. You will be close to lots of wonderful wineries, cideries, breweries, distilleries (Nelson 151), and outdoor adventure activities! We are about 20 minutes away from the notable Wintergreen Resort, with exciting winter skiing and tubing to enjoy. -Stunning mountain views (one of our most frequent compliments) -Secluded oasis on 38 acres -Fireplace built with stones from the old cobblestone streets of Norfolk -Wood floors in the main living area and other wood features throughout the property are crafted from timber harvested and milled on site -Wildlife abounds on the property *Lodging descriptions are provided by the host and not independently verified. Contact Katie McKay, maplecreekproperties@outlook.com Staff on Site? No Pet-Friendly? Yes Located in Roseland",,,https://ik.imagekit.io/OE/nelson-county/listings/dancing-bear-lodge-image1_WfWOItua8,Wooden chairs around fire pit with mountain view and string lights overhead.,https://ik.imagekit.io/OE/nelson-county/listings/dancing-bear-lodge-image2_4I1Ptj2TAz,"Cozy living room with stone fireplace, wooden beams, and large windows with mountain view.",,,,,"Roseland, VA 22967",josh,,,https://www.google.com/maps/dir/?api=1&destination=Roseland%2C%20VA%2022967,,,,,,,,,,,,,,Scenic Views; Outdoor Seating; Cabins; Pet Friendly; Lodging,FALSE,https://www.google.com/maps/dir/?api=1&destination=Roseland%2C%20VA%2022967
217,Windy Knoll,windy-knoll,Cabins & Cottages,stay,Afton,"Windy Knoll invites you to come and relax and enjoy the stunning views of the Afton Mountain greenery. Large A-Frame windows allow the sunlight to come through so you can enjoy the birds and nature all around. The property sits on 3.5 acres so it is very private. An expansive rolling lawn in the front to enjoy watching the deer in the morning while having a cup of coffee on the wide front porch.

Forest areas on the side and back of the house. Enter the home in the front door and a warm and welcoming living room await you with two couches and a gas burning fireplace. Throw blankets and pillows for snuggling while watching a movie. TV and DVD player with a selection of movies to choose from. The dining room with bay seated window has a large table to seat 6 comfortably. The front porch also has a dining table. Spacious, well appointed kitchen with all you need for preparing delicious meals after a day of hiking the Appalachian trail or sightseeing. Dish-ware, flatware, sauce and saute pans. Wine glasses, coffee mugs, serving ware. Crock pot, blender, mixer. Coffee pot with coffee bean grinder (Starbucks coffee beans in the pantry). You will find a few condiments in the refrigerator, spices, herbs, oil in the pantry. The loft bedroom has a Queen bed and a Double Bed with a private bathroom and shower. The first floor bedroom has two twin beds and a separate bathroom with walk in shower. Loft area also has a desk with laptop and printer for your use. Back deck has a grill all ready for those barbecues! Full laundry room facilities. The beautiful setting, view, deer in the yard......peaceful and wonderful location! *Lodging descriptions are provided by the host and not independently verified. Contact Wendy Raubenheimer, wendywill12@gmail.com Staff on Site? No Pet-Friendly? Yes Located in Afton",,,https://ik.imagekit.io/OE/nelson-county/listings/windy-knoll-image1_YMhCRi9RI,"A-frame house on grassy hill, surrounded by trees, with red chairs.",https://ik.imagekit.io/OE/nelson-county/listings/windy-knoll-image2_ekh9xyCUA,"Cozy living room with fireplace, rustic decor, abstract table, and patterned armchairs.",,,,,"Afton, VA 22920",josh,,,https://www.google.com/maps/dir/?api=1&destination=Afton%2C%20VA%2022920,,,,,,,,,,,,,,Lodging; Outdoor Seating; Full Kitchen; Wi-Fi; Pet Friendly; Cabins,FALSE,https://www.google.com/maps/dir/?api=1&destination=Afton%2C%20VA%2022920
218,Creekside,creekside,Cabins & Cottages,stay,Afton,"Welcome to Creekside! Just minutes from the best wineries and breweries, it’s the perfect getaway to explore the 151 Brew Trail, Wintergreen Resort and the Blue Ridge Parkway. Enjoy mountain views and privacy in the hot tub. Roast marshmallows around the huge fire pit. Cozy up on the large sectional sofa in front of the 65' 4K TV.

Cooks will enjoy the spacious and fully equipped kitchen! All beds have new memory foam mattresses. Fast Wi-Fi for remote work! Level 2 EV charger located in driveway. There is a creek out back, where children can play, and you can enjoy bird watching! Private hot tub, scenic views, spacious layout, and cozy! *Lodging descriptions are provided by the host and not independently verified. Contact Ashley Long, ashley@patterncap.com Staff on Site? No Pet-Friendly? No Located in Afton",,,https://ik.imagekit.io/OE/nelson-county/listings/creekside-image1_aYCukyO2u,"Living room with gray sectional sofa, foosball table, and ceiling fan.",https://ik.imagekit.io/OE/nelson-county/listings/creekside-image2_OqaqMlT4e,House beside large tree under clear blue sky with scattered clouds.,,,,,"Afton, VA 22920",josh,,,https://www.google.com/maps/dir/?api=1&destination=Afton%2C%20VA%2022920,,,,,,,,,,,,,,EV Charging; Wi-Fi; Full Kitchen; Scenic Views; Cabins; Lodging,FALSE,https://www.google.com/maps/dir/?api=1&destination=Afton%2C%20VA%2022920
219,Cottage on Route 151,cottage-on-route-151,Cabins & Cottages,stay,Afton,"Welcome to Towler Cottage, a getaway in the heart of Route 151 in Afton. The cottage is within minutes from the best wineries and breweries, great local trails, and the Blue Ridge Parkway! Relax in the hot tub on the rear deck, or sit out by the fire pit and gaze at the stars. Enjoy great mountain views from the front porch rocking chairs.

With one bedroom with a queen bed, plus a pull-out couch in the living room, the cottage is perfect for couples. Located 25 minutes from Charlottesville. Hot tub, mountain views, excellent location. *Lodging descriptions are provided by the host and not independently verified. Contact Ashley Long, ashley@patterncap.com Staff on Site? No Pet-Friendly? No Located in Afton",,,https://ik.imagekit.io/OE/nelson-county/listings/cottage-on-route-151-image1_0fxNlKP6n,Two black rocking chairs on porch with white door and welcome mat.,https://ik.imagekit.io/OE/nelson-county/listings/cottage-on-route-151-image2_33SDRIRPn,"Modern living room with gray sofa, green chairs, large windows, and abstract artwork.",,,,,"Afton, VA 22920",josh,,,https://www.google.com/maps/dir/?api=1&destination=Afton%2C%20VA%2022920,,,,,,,,,,,,,,Scenic Views; Cabins; Lodging; Beer,FALSE,https://www.google.com/maps/dir/?api=1&destination=Afton%2C%20VA%2022920
220,Farmhouse on Route 151,farmhouse-on-route-151,Cabins & Cottages,stay,Afton,"Our two story, 1904 farmhouse is just off Route 151 and close to wineries, breweries, hiking trails, and the Blue Ridge Parkway. It's only 25 minutes from Wintergreen Resort, and 30 minutes from Charlottesville. We have fast Wi-Fi, a desk, 2 acres to run and play, and plenty of indoor space to relax. Enjoy the view around the large stone fire pit.

All three queen mattress are new high-end memory foam. We have a gas fireplace with a remote control that is available for use in the cooler months. Mountain views, rustic, excellent location, affordable. *Lodging descriptions are provided by the host and not independently verified. Contact Ashley Long, ashley@patterncap.com Staff on Site? No Pet-Friendly? Yes Located in Afton",,,https://ik.imagekit.io/OE/nelson-county/listings/farmhouse-on-route-151-image1_tMNu0xtEQ,"White two-story house with dark shutters, porch, surrounded by trees.",https://ik.imagekit.io/OE/nelson-county/listings/farmhouse-on-route-151-image2_fbyPbAxy3,"Cozy living room with wooden walls, fireplace, large windows, and gray sectional sofa.",,,,,"Afton, VA 22920",josh,,,https://www.google.com/maps/dir/?api=1&destination=Afton%2C%20VA%2022920,,,,,,,,,,,,,,Wi-Fi; Scenic Views; Farm,FALSE,https://www.google.com/maps/dir/?api=1&destination=Afton%2C%20VA%2022920
221,The Castor Cabin,the-castor-cabin,Cabins & Cottages,stay,Wintergreen Resort,"The Castor Cabin is a newly renovated, dog-friendly mountain retreat featuring modern amenities and a fire pit. It offers easy access to Nelson County trails, making it perfect for hikers and their furry companions.",,,https://ik.imagekit.io/OE/nelson-county/listings/the-castor-cabin-image1_cqIt5sAan,"Modern grey house with wooden porch among trees, sunlight peeking through.",https://ik.imagekit.io/OE/nelson-county/listings/the-castor-cabin-image2_4CZruqXbt,"Cozy living room with stone fireplace, large windows, and brown leather sofas.",,,,,"Roseland, VA 22967",josh,,,https://www.google.com/maps/dir/?api=1&destination=Roseland%2C%20VA%2022967,,,,,,,,,,,,,,Scenic Views; Cabins; Family Friendly; Pet Friendly; Outdoor Seating; Full Kitchen; Lodging,FALSE,https://www.google.com/maps/dir/?api=1&destination=Roseland%2C%20VA%2022967
222,Rocky Run Landing,rocky-run-landing,Cabins & Cottages,stay,Arrington,"Wintergreen Resort we’re not, but if you’re looking for a cozy (800-900 sq. ft.) mountain cabin with most of the comforts of home, Rocky Run Landing might be the place for you.

Our motto is “You’re a long way away from it all before you ever get here.” Property is located on the beautiful Tye River, two miles upstream from its confluence with the James River. *Lodging descriptions are provided by the host and not independently verified. Contact Charles Murphy, rockyrunlanding@gmail.com Staff on Site? No Pet-Friendly? Yes Located in Arrington",,,https://ik.imagekit.io/OE/nelson-county/listings/rocky-run-landing-image1_gINRNtOFt,Wooden cabin with chimney in snowy forested area under clear sky.,https://ik.imagekit.io/OE/nelson-county/listings/rocky-run-landing-image2_7i02_HymO,"Cozy room with wood stove, patterned sofas, and dreamcatcher on wall.",,,,,"Tyro, VA 22976",josh,,,https://www.google.com/maps/dir/?api=1&destination=Tyro%2C%20VA%2022976,,,,,,,,,,,,,,Cabins; Scenic Views; Pet Friendly; Lodging; Water Sports; Fishing,FALSE,https://www.google.com/maps/dir/?api=1&destination=Tyro%2C%20VA%2022976
223,Cottage on the Knoll,cottage-on-the-knoll,Cabins & Cottages,stay,Lovingston,"Experience the Blue Ridge Mountains and country life of central Virginia and enjoy everything Nelson County has to offer. The Cottage on the Knoll is a comfortable 3br/2bth that’s centrally located in Nelson County, offering the perfect mix of modern comfort and country charm.

The Nelson 29 and Nelson 151 craft beverage trails await you, while plenty of hiking, fishing, and mountain views will appease any outdoor recreation lover or nature enthusiast, making it the perfect getaway. The space: This three bedroom / two bathroom home features a bright and comfortable main area that includes a large kitchen area and living space that is fully stocked with all amenities. Adjacent to the main living area are two bedrooms featuring queen beds and a full bathroom. A large recreation room downstairs includes a ping pong table, a selection of board games, a mounted TV, and extra seating for fun nights in. The third bedroom with king sized bed and full bath is located downstairs beside the recreation room. After a day in the mountains, cook a meal in your fully stocked kitchen and kick back and enjoy your evenings outside, where you’ll find a wood fire pit in the yard and a gas fireplace and hot tub on the large covered porch. High-speed internet and a smart TV with limited channel access will allow you to connect to your own streaming accounts. Private in-ground swimming pool is available for cottage guests and apartment guests to use during your stay. We will gladly heat the pool during your visit for an additional cost of $25 per day during cooler months. Please indicate if you would like to have the pool heated during your stay at the time of booking so the costs can be adjusted. ** Please note the pool could meet the max number of 8 people if both rentals use it at the same time ** If you would like the pool to yourself during your stay, reach out for additional cost and availability. Whole house centrally located with private hot tub and pool. 30 min away from Charlottesville, Lynchburg, Waynesboro and the top of Wintergreen Resort. Minutes away from Oak Ridge and Lovingston Winery. Grab a cup of coffee and take a morning stroll down one of our 3 out and back trails on the property. Take a picnic lunch in the meadow. And enjoy a glass of wine on your private 2nd floor deck after a day skiing in Wintergreen or hiking the Virginia Blue Ridge Railway Trail. *Lodging descriptions are provided by the host and not independently verified. Contact Bobbi Comer, alwaysrunnin2@gmail.com Staff on Site? No Pet-Friendly? No Located in Lovingston",,,https://ik.imagekit.io/OE/nelson-county/listings/cottage-on-the-knoll-image1_mv6ZTLPw7,House with wooden porch surrounded by lush green trees and grass.,https://ik.imagekit.io/OE/nelson-county/listings/cottage-on-the-knoll-image2_DoS1nsCEV,"Living room with red ceiling, leather sofa, large windows, and wooden floors.",,,,,"Lovingston, VA 22949",josh,,,https://www.google.com/maps/dir/?api=1&destination=Lovingston%2C%20VA%2022949,,,,,,,,,,,,,,Full Kitchen; Outdoor Seating; Cabins; Lodging,FALSE,https://www.google.com/maps/dir/?api=1&destination=Lovingston%2C%20VA%2022949
224,High Lonesome Cabin,high-lonesome-cabin,Cabins & Cottages,stay,Tyro,"High Lonesome Cabin was built in 2008 in the Virginia Blue Ridge Mountains. This rustic cabin sits on 20 secluded acres high on a steep finger of the Priest Mountain near the Appalachian Trail in Tyro Va., minutes from Crabtree Falls. When you stay at High Lonesome you have a mountain all to yourself, and you may never feel the need to start the car again until you have to leave.

But if you do venture out, wineries, orchards, stables, golf, rivers, antiques, lakes and trails are all within minutes of the long gravel driveway. The main attraction of the High Lonesome is definitely outdoors, but the inside is pretty cool, too. There's a porch with a great view, picnic table, ceiling fan, rustic natural log columns, rocking chairs and outdoor speakers....or just listen to the birds and the Tye river off in the distance. Moving inside, there's a small table for dining or cards, a dartboard, a wood stove/ fireplace, plenty of seating to watch a movie on the smart TV, gorgeous stonework with cedar and pine walls/floors, a decent sized kitchen with cookware and utensils provided, small bathroom with shower only. In the back is a small but cozy master bedroom with a very comfortable queen-sized bed. Both areas have ceiling fans and there is a wall mounted heat pump unit for AC/heat. Up the spiral staircase is the loft with a queen-size and a double bed...there's a TV with dvd player and a Gamecube and lots of video games. *Lodging descriptions are provided by the host and not independently verified. Contact Robb Torgler, highlonesomecabin@gmail.com Staff on Site? No Pet-Friendly? Yes Located in Tyro",,,https://ik.imagekit.io/OE/nelson-county/listings/high-lonesome-cabin-image1_djDBX9367,"Rustic wooden cabin with antlers, surrounded by lush green forest.",https://ik.imagekit.io/OE/nelson-county/listings/high-lonesome-cabin-image2_DLPUy876p,"Cozy wooden cabin with stone fireplace, TV, and rustic kitchen area.",,,,,"Tyro, VA 22976",josh,,,https://www.google.com/maps/dir/?api=1&destination=Tyro%2C%20VA%2022976,,,,,,,,,,,,,,Scenic Views; Outdoor Seating; Pet Friendly; Cabins; Lodging,FALSE,https://www.google.com/maps/dir/?api=1&destination=Tyro%2C%20VA%2022976
225,The Lewis Catherine House,the-lewis-catherine-house,Cabins & Cottages,stay,Afton,There’s something to do in Afton every season of the year.,,,https://ik.imagekit.io/OE/nelson-county/listings/the-lewis-catherine-house-image1_S3LH8LdUZ,"White farmhouse with porch, surrounded by green grass and yellow flowers.",https://ik.imagekit.io/OE/nelson-county/listings/the-lewis-catherine-house-image2_TXEGOJTqV,"Long wooden dining table with chandelier, chairs, and bright kitchen in background.",,,,,"1470 Afton Mountain Road, Afton, VA 22920",josh,,,https://www.google.com/maps/dir/?api=1&destination=1470%20Afton%20Mountain%20Road%2C%20Afton%2C%20VA%2022920,,,,,,,,,,,,,,Full Kitchen; Pet Friendly; Cabins; Lodging; Farm,FALSE,https://www.google.com/maps/dir/?api=1&destination=1470%20Afton%20Mountain%20Road%2C%20Afton%2C%20VA%2022920
226,Glenbrae,glenbrae,Cabins & Cottages,stay,Afton,"Glenbrae is located just off the iconic Nelson 151 and 1 mile from Afton Mountain Vineyards. This property was stylishly decorated by a local interior designer and is the perfect getaway for a group of friends, family, or couples traveling together. Along with its 5 spacious bedrooms, large living area, and Peloton, this property also has beautiful mountain views.

Halfway between Wintergreen and Charlottesville you can be at either in under 30 min. NEW fully fenced backyard over 1/2 acre - perfect for your pups and kids to run around! MAIN FLOOR: OFFICE - Peloton (cages provided - just bring your sneakers and you won't have to clip in!), desk, office chair, bookshelves, two chairs for additional seating. BEDROOM 1 - Queen bed, bench, sconce lights with charging ports, side tables, smart TV, and closet with hangers. DINING ROOM - Dining table with seating for 10, gas fireplace (currently not for guest use) KITCHEN - Full equipped kitchen will full-size appliances and pantry space, French door fridge, microwave, dishwasher, electric range and oven, bar seating for 4. LIVING ROOM - Smart TV, two sofas (seating for 6), coffee table, game table with seating for 4, arm chair, French doors with patio access. BATHROOM 1 - Full bathroom with tub/shower combo. OUTDOOR - Fenced in yard and firepit. UPSTAIRS: BEDROOM 2 - King bed, Smart TV, side tables, hanging bedside lights, mirror, console table with drawers, and closet with hangers. BATHROOM 2 - Full bathroom with tub/shower combo. BEDROOM 3 - Queen bed, side tables, sconces on each side of bed, chair, mirror, and closet with hangers. BEDROOM 4 - 2 twin beds, side table and lamp, and closet with hangers. BEDROOM 5 (MASTER) - King bed, desk/vanity with chair and mirror, smart TV, side tables with lamps, loveseat, and walk-in closet with hangers. BATHROOM 3 (MASTER) - Soaking tub, shower, double vanity, and water closet. Well designed Mountain views Fenced yard *Lodging descriptions are provided by the host and not independently verified. Contact Sydney Robertson, sydney@loringwoodriff.com Staff on Site? No Pet-Friendly? Yes Located in Afton",,,https://ik.imagekit.io/OE/nelson-county/listings/glenbrae-image1_6naMnjgzL,"Two-story house with porch, green lawn, and gravel driveway under blue sky.",https://ik.imagekit.io/OE/nelson-county/listings/glenbrae-image2_TmxackGj9,"Modern living room with blue sofa, large windows, and monochrome decor.",,,,,"Afton, VA 22920",josh,,,https://www.google.com/maps/dir/?api=1&destination=Afton%2C%20VA%2022920,,,,,,,,,,,,,,Scenic Views; Pet Friendly; Cabins; Lodging,FALSE,https://www.google.com/maps/dir/?api=1&destination=Afton%2C%20VA%2022920
227,Elk Mountain Overlook,elk-mountain-overlook,Whole House Rentals,stay,Afton,"Mountaintop overlook with jaw dropping views and camp themed interior design. Perched upon Elk Mountain just off the Blue Ridge Parkway this petite chalet is under 30 min from Charlottesville, 10 min to 151 vineyards/breweries/cideries, and 10 min to Waynesboro. Relax in this natural retreat featuring 2 king bedrooms, 2 person soaker tub, double headed shower, and ample kitchen w/many extras.

Take in the views from the large deck, firepit, under porch swing, or mountainside adirondack chairs. Primarily one level home with sleeping loft. Main floor consists of open concept kitchen, dining, living with electric fireplace. Full bathroom with dual head shower has jack and jill access off the hallway and primary bedroom. Main floor primary bedroom has king bed, walk in closet, and large soaker tub. Laundry is located in the primary bedroom. Upstairs there is a sleeping loft with another king bed. Deck is on the back of the house accessed from the main living/dining areas. From the deck you can see Afton Mountain Vineyard, Veritas, Blue Mountain Brewery, Hazy Mountain and even across to Mont Alto on a clear day. There are approximately 4 steps to get into the front door from the gravel driveway. The one Roku TV is located in the living room. This property was designed for adult guests so anyone wanting to bring children should keep in mind that the property is quite steep and the deck is high off the ground. Note- no ice maker. 4WD or AWD highly recommended in winter- all roads are paved but snow or ice can be prevalent in winter and provide a challenge to 2WD vehicles. While our private road can be accessed directly off the Blue Ridge Parkway we advise arriving via Howardsville TPK to avoid road closures. Weather should always be checked before heading up the mountain as fog can limit visibility. The house does have a generator that kicks on in case of power outage. High speed fiber internet provided. Big mountain views Just off the Blue Ridge Parkway Inviting interior design *Lodging descriptions are provided by the host and not independently verified. Contact Sydney Robertson, sydney@loringwoodriff.com Staff on Site? No Pet-Friendly? Yes Located in Afton",,,https://ik.imagekit.io/OE/nelson-county/listings/elk-mountain-overlook-image1_1DrelJ3ot,"House with mountains in background, surrounded by greenery under clear blue sky.",https://ik.imagekit.io/OE/nelson-county/listings/elk-mountain-overlook-image2_rFVPHxnYR,"Spacious living room with leather sofa, armchair, and modern decor.",,,,,"Afton, VA 22920",josh,,,https://www.google.com/maps/dir/?api=1&destination=Afton%2C%20VA%2022920,,,,,,,,,,,,,,Outdoor Seating; Scenic Views; Full Kitchen; Pet Friendly; Cabins; Lodging,FALSE,https://www.google.com/maps/dir/?api=1&destination=Afton%2C%20VA%2022920
228,Ethan's Den,ethans-den,Whole House Rentals,stay,Wintergreen Resort,Step into a beautifully crafted retreat where a stunning live-edge oak breakfast bar with leather stools awaits.,,,https://ik.imagekit.io/OE/nelson-county/listings/ethan-s-den-image1_HVu8A1W40,"House surrounded by trees, stone stairs lead to entrance, overcast sky.",https://ik.imagekit.io/OE/nelson-county/listings/ethan-s-den-image2_cmXPqoYQ1,"Two brown leather sofas, black ottoman, fireplace in cozy living room.",,,,,"Roseland, VA 22967",josh,,,https://www.google.com/maps/dir/?api=1&destination=Roseland%2C%20VA%2022967,,,,,,,,,,,,,,Breakfast; Bar; Pet Friendly,FALSE,https://www.google.com/maps/dir/?api=1&destination=Roseland%2C%20VA%2022967
229,The Mountain House INN,the-mountain-house-inn,Whole House Rentals,stay,Montebello,The Mountain House Inn is a remodeled two-story retreat on an 18-acre sunny mountain property offering quiet escapes near Montebello and Crabtree Falls.,,,https://ik.imagekit.io/OE/nelson-county/listings/the-mountain-house-inn-image1_14xY4wm22,"White house with black shutters, front porch, surrounded by trees and bushes.",https://ik.imagekit.io/OE/nelson-county/listings/the-mountain-house-inn-image2_sFnHTrV_p,"Glass doors with outside view; plaid chair, paintings, lamp, and water bottle inside.",,,,,"Montebello, VA 24464",josh,,,https://www.google.com/maps/dir/?api=1&destination=Montebello%2C%20VA%2024464,,,,,,,,,,,,,,Scenic Views; Pet Friendly; Cabins; Lodging,FALSE,https://www.google.com/maps/dir/?api=1&destination=Montebello%2C%20VA%2024464
230,Sweet Afton,sweet-afton,Cabins & Cottages,stay,Afton,"2 bed, 1 bath country cottage in the heart of wine and beer country located in Afton 'proper'. This quaint cottage sits on 1.55 fenced-in acres (bring the pups) with incredible mountain views and a location that is hard to beat.

Whether you are coming for the wine/beer hopping, a vineyard wedding (Veritas is a 3 min drive), or to get outdoors (Blueridge Tunnel Trail- 3 min, Shenandoah National Park - 15 min), Sweet Afton is perfect retreat! High speed, 1gig internet in the rural country. Sweet Afton is a historic cottage, yet recently updated with modern amenities (central heating and air, updated kitchen appliances) and tasteful new furnishings provide a fresh, relaxing and bucolic atmosphere. The plot has well maintained gardens surrounding the house and walkways, a hammock, a fire pit with 6 chairs and two porches to enjoy a morning coffee or evening glass of wine with company. Upon the entry to the cottage (enter from driveway in the rear) there is a full kitchen and all of the cooking essentials you will need. Off of the kitchen is a spacious dining room (seats 6) with large bay windows providing beautiful mountain views towards the southwest. From the dining room, a central hallway leads through to the front of the house. Off the hallway, are both bedrooms (queen beds), the full bath and an inviting living room with a pull-out couch (king but also can be a double), a TV and a desk. All of the rooms feel very spacious due to the 10 ft ceilings and natural light from the large windows. On the front of the house is a covered porch with six rocking chairs and a gas grill. Large bushes in front of the house provide privacy from the nearby road. Truly a perfect retreat with everything you need and a great location. **There is a $75 pet cleaning fee per dog - max 2 dogs** This quaint cottage sits on 1.55 fenced-in acres (bring the pups) with incredible mountain views and a location that is hard to beat whether you are coming for the wine/beer hopping, a vineyard wedding (Veritas Winery is a 3 min drive), or to get outdoors (Blue Ridge Tunnel Trail - 3 min, Shenandoah National Park - 15 min). High speed, 1gig internet in the rural country! *Lodging descriptions are provided by the host and not independently verified. Contact Guest Houses, info@vaguesthouses.com Staff on Site? No Pet-Friendly? Yes Located in Afton",,,https://ik.imagekit.io/OE/nelson-county/listings/sweet-afton-image1_m_yOnzFcR,"White house with metal roof, surrounded by green trees and landscaped garden.",https://ik.imagekit.io/OE/nelson-county/listings/sweet-afton-image2_9785_Norw,"Bright living room with sofa, chairs, TV, plants, wooden floor.",,,,,"Afton, VA 22920",josh,,,https://www.google.com/maps/dir/?api=1&destination=Afton%2C%20VA%2022920,,,,,,,,,,,,,,Scenic Views; Pet Friendly; Cabins; Lodging,FALSE,https://www.google.com/maps/dir/?api=1&destination=Afton%2C%20VA%2022920
231,Three Sisters Pre-Civil War Log Cabin,three-sisters-pre-civil-war-log-cabin,Cabins & Cottages,stay,Montebello,"Three Sisters Cabin is an historic, pre-Civil War log cabin; one of only a few surviving 2-story log cabins along Virginia's scenic Blue Ridge Parkway. 3 Sisters is the only VA property featured in 'The Top 100 Most Beautiful Rustic Vacation Properties in North America'. We invite you to relax and recharge in the cabin, sauna and hot tub because you deserve it!

Lay in the comfy QUEEN sized bed to stargaze at the beautifully lit sky through the skylight. Two TWIN beds as well. Sleeps 4. Three Sisters, set on a private, serene property, was built in 1840. It boasts a hot tub and sauna to help you relax and forget your troubles. Guests often refer to their stay at Three Sisters as magical. *Lodging descriptions are provided by the host and not independently verified. Contact Monica Barker, monica@celticscots.com Staff on Site? No Pet-Friendly? No Located in Montebello Three Sisters Pre-Civil War Log Cabin",,,https://ik.imagekit.io/OE/nelson-county/listings/three-sisters-pre-civil-war-log-cabin-image1_nzuSv7NvJ,Log cabin with blooming flowers and lush green surroundings in sunlight.,https://ik.imagekit.io/OE/nelson-county/listings/three-sisters-pre-civil-war-log-cabin-image2_7KHbMqFRu,Cozy log cabin living room with rustic furniture and wood stove.,,,,,"Roseland, VA 22967",josh,,,https://www.google.com/maps/dir/?api=1&destination=Roseland%2C%20VA%2022967,,,,,,,,,,,,,,Cabins; Lodging; Scenic Views,FALSE,https://www.google.com/maps/dir/?api=1&destination=Roseland%2C%20VA%2022967
232,Nine Ridges Retreat,nine-ridges-retreat,Whole House Rentals,stay,Montebello,"Escape to Nine Ridges Retreat, a serene mountain retreat perfect for the whole family. Nestled on 20 private acres, it offers breathtaking views of Three Ridges, Chimney Rock, and Maintop Mountain. Enjoy peaceful sleep, the sounds of nature, and stargazing with a deluxe telescope. Just 2 miles from Crabtree Falls and 4 miles from the Blue Ridge Parkway, our home comfortably sleeps 6.

Unwind and immerse yourself in nature—you deserve it. Nine Ridges Retreat offers a private, quiet setting to enjoy stunning views of the mountains. Much of the artwork and some of the furniture is by the owner, a local artisan. Just 2 miles to Crabtree Falls and about 4 miles to the Blue Ridge Parkway. *Lodging descriptions are provided by the host and not independently verified. Contact Monica Barker, monica@celticscots.com Staff on Site? No Pet-Friendly? No Located in Montebello",,,https://ik.imagekit.io/OE/nelson-county/listings/nine-ridges-retreat-image1_ARsa0BTWa,"Wooden deck with wicker furniture, brick wall, and decorative metal gate.",https://ik.imagekit.io/OE/nelson-county/listings/nine-ridges-retreat-image2_hw7Y6NpIq,"Spacious living room with leather couch, telescope, large windows, and high ceiling.",,,,,"Montebello, VA 24464",josh,,,https://www.google.com/maps/dir/?api=1&destination=Montebello%2C%20VA%2024464,,,,,,,,,,,,,,Outdoor Seating; Scenic Views; Cabins; Lodging,FALSE,https://www.google.com/maps/dir/?api=1&destination=Montebello%2C%20VA%2024464
233,Grace's Place Petite Retreats,graces-place-petite-retreats,Whole House Rentals,stay,Roseland,We offer 4 well appointed tiny homes listed on Airbnb.,,,https://ik.imagekit.io/OE/nelson-county/listings/grace-s-place-petite-retreats-image1_fQcv5Afd28,Three tiny white houses on green lawn with trees and mountains.,https://ik.imagekit.io/OE/nelson-county/listings/grace-s-place-petite-retreats-image2_3X3Me3-iY,"Cozy living room with blue couch, kitchen, and wooden dining table, well-lit space.",,,,,"Wintergreen, VA 22958",josh,,,https://www.google.com/maps/dir/?api=1&destination=Wintergreen%2C%20VA%2022958,,,,,,,,,,,,,,Retail; Cabins; Lodging,FALSE,https://www.google.com/maps/dir/?api=1&destination=Wintergreen%2C%20VA%2022958
234,Cottage on the Trail,cottage-on-the-trail,Cabins & Cottages,stay,Afton,"Wake to gorgeous Mountain views & rolling green meadows bordering the Rockfish River on our family estate. Private attached unit with built in pool (mid April-mid Sept)in the Blue Ridge mountains of Nelson County Virginia on the center of the 151 Brew Ridge Trail. Much preparation has gone into making your stay beautiful, convenient and comfy. No need to physically interact if that’s your desire.

Enjoy swimming, hiking, kayaking, horse back riding, skiing, snowboarding, and more! 3 night minimum The Cottage includes: * Swimming pool outside the front door next to the patio with pergola sitting area and fire pit, loungers and tables open mid-April through mid-September. *Paved Parking for 2 or 3 cars near the front door. * ADA handicap accessible large doorways to master and large walk-in showers. * Private entrance with no steps. * 2 beautiful bedrooms, 1 king/ 1 Queen. * Double size futon and Sleeper sofa in living room. * 2 full beautiful baths with large walk in showers * HD Smart TV's in the master bedroom and living room with Netflix and Sling TV. * Full kitchen stocked with cooking supplies and basic seasonings including drip coffee machine and coffee included. *Herb garden in season for our guests with parsley rosemary, thyme, basil, chives, oregano and mint for your culinary use. *High chair, playpen available on request. * Partially covered concrete patio, gas grill and patio set with umbrella for outdoor dining. *Beautiful Lawn area right outside the cottage for sitting, children and lawn games. * Cornhole set available upon request. *Lodging descriptions are provided by the host and not independently verified. Contact Todd Hobson, blueridgeclassics@yahoo.com Staff on Site? Yes Pet-Friendly? Yes Located in Afton",,,https://ik.imagekit.io/OE/nelson-county/listings/cottage-on-the-trail-image1_h7NQP2nxe,"Patio with white furniture, umbrella, plants, beside red brick house, surrounded by trees.",https://ik.imagekit.io/OE/nelson-county/listings/cottage-on-the-trail-image2_t0vpxlZDh,"Cozy living room with sofas, TV, wooden floor, and decorative plants.",,,,,"Nellysford, VA 22958",josh,,,https://www.google.com/maps/dir/?api=1&destination=Nellysford%2C%20VA%2022958,,,,,,,,,,,,,,Outdoor Seating; Pool; Seasonal Menu; Scenic Views; Pet Friendly; Cabins; Water Sports; Fishing,FALSE,https://www.google.com/maps/dir/?api=1&destination=Nellysford%2C%20VA%2022958
235,Rockfish Farmhouse,rockfish-farmhouse,Cabins & Cottages,stay,Afton,"Quaint Destination with Farmhouse charm in the heart of 151. Wineries, breweries, cideries and distilleries are within close proximity. Farmhouse comfortably sleeps 7 people. Stunning views can be enjoyed by a beautiful fire pit in back yard. Host & Owner of this property lives in Nelson County. *Lodging descriptions are provided by the host and not independently verified.

Contact Sarah Ferren, tulapropertiesva@gmail.com Staff on Site? No Pet-Friendly? No Located in Afton",,,https://ik.imagekit.io/OE/nelson-county/listings/rockfish-farmhouse-image1_wzu_Rq50n,"White two-story house with porch, surrounded by trees and green lawn.",https://ik.imagekit.io/OE/nelson-county/listings/rockfish-farmhouse-image2_PVq4ctzq3,"Spacious kitchen with wooden beams, dining table, and large windows overlooking scenery.",,,,,"Afton, VA 22920",josh,,,https://www.google.com/maps/dir/?api=1&destination=Afton%2C%20VA%2022920,,,,,,,,,,,,,,Scenic Views; Cabins; Lodging; Farm; Fishing; Beer,FALSE,https://www.google.com/maps/dir/?api=1&destination=Afton%2C%20VA%2022920
236,Fulton Belle Vue,fulton-belle-vue,Cabins & Cottages,stay,Afton,"Completely renovated Farmhouse conveniently located in the heart of the 151 Brew Trail. 5 spacious bedrooms, a large open kitchen and family room as well as 3 full baths. Lovely outdoor spaces with a screened in porch, rockers on front porch as well as a fire pit to enjoy the amazing views of the Blue Ridge Mountains. *Lodging descriptions are provided by the host and not independently verified.

Contact Sarah Ferren, tulapropertiesva@gmail.com Staff on Site? No Pet-Friendly? No Located in Afton",,,https://ik.imagekit.io/OE/nelson-county/listings/fulton-belle-vue-image1_0k1CSckNN,"White house with red door, black windows, front porch, and rocking chairs.",https://ik.imagekit.io/OE/nelson-county/listings/fulton-belle-vue-image2_nV9yBSaDG,"Modern kitchen with white cabinets, wood accents, stainless appliances, and central island.",,,,,"Afton, VA 22920",josh,,,https://www.google.com/maps/dir/?api=1&destination=Afton%2C%20VA%2022920,,,,,,,,,,,,,,Scenic Views; Outdoor Seating; Cabins; Lodging; Farm,FALSE,https://www.google.com/maps/dir/?api=1&destination=Afton%2C%20VA%2022920
237,Spindle Hill Farm,spindle-hill-farm,Bed and Breakfast,stay,Nellysford,"Two extraordinary homes on one 50 acre family farm. Our handcrafted guest cottage has been one of Nelson County's most beloved rentals for more than a decade, and we're excited to be able to offer the historic 1932 Wintergreen School House as an additional rental on our 50 acre family homestead.

Both spaces are extraordinary, carefully curated, rich in local history and art, and designed to be ecologically sensitive. On an 19th C. family farm, the Cottage and School House at Spindle Hill Farm are beautiful, light-filled spaces furnished with unique textiles, antiques, art, and books. Both are in the best part of Nelson County, but very private, on a dead-end road that only serves our farm. The Cottage (sleeps 5) features a handcrafted cedar hot tub, Jotul woodstove, and clawfoot tub, and the historic 1932 School House (sleeps 6) has its original, enormous Rosenwald-style window bank, fireplace, two private ponds, and a gorgeous patio. Every detail has been considered in both, and you'll see why these spaces are destinations unto themselves. Private walking & hiking trails, within walking distance of Devil's Backbone Brewery and Bold Rock, the Rockfish Valley Loop Trail, and minutes from Wintergreen Resort and the Appalachian Trail, our farm is a creative oasis and a one-of-a-kind experience. *Lodging descriptions are provided by the host and not independently verified. Contact Elise Lauterbach, elise.lauterbach@gmail.com Staff on Site? Yes Pet-Friendly? Yes Located in Nellysford",,,https://ik.imagekit.io/OE/nelson-county/listings/spindle-hill-farm-image1_bR7IuBIDF,Red house surrounded by autumn trees and colorful leaves.,https://ik.imagekit.io/OE/nelson-county/listings/spindle-hill-farm-image2_A3BcpVovb,"Bright living room with beige sofa, colorful pillows, and large sunny windows.",,,,,"Nellysford, VA 22958",josh,,,https://www.google.com/maps/dir/?api=1&destination=Nellysford%2C%20VA%2022958,,,,,,,,,,,,,,Breakfast; Pet Friendly; Lodging; Farm,FALSE,https://www.google.com/maps/dir/?api=1&destination=Nellysford%2C%20VA%2022958
238,Beech Grove Cabins,beech-grove-cabins,Cabins & Cottages,stay,Roseland,"Four (4) two-bedroom/one-bathroom cabins with a full kitchen, separate living and dining areas with central heat and air conditioning. Each bedroom and the living room have a ceiling fan and for cozy nights in the late fall and winter, we have a gas fireplace that turns on with the flip of a switch.

All the amenities are included, full kitchen has all the pots and pans for cooking a regular meal or a Thanksgiving feast. Bed linens and plenty of towels are provided. Each cabin has a welcoming large front porch with Adirondack chairs to enjoy your morning coffee, a nice book or an evening listening to the owls. All our cabins are true log cabins, built with solid round logs. Our cleaning regimen is something we take seriously and are very proud of. All sheets and quilts (and blankets if used) are cleaned between every guest. We daresay you won't find many, if any, other accommodations where the quilts are washed every single time. We are wonderfully situated between Wintergreen and all the breweries, cideries and wineries in the Rockfish Valley. It's easy to access the fun activities offered at Wintergreen and still enjoy all that the craft brewing trail has to offer when you stay here. We are secluded away from the road, but the cabins are close but not too close to each other. You can enjoy the solitude of your own cabin or interact with the other cabins - perfect for friends' getaways, family reunions, birthday celebrations, etc. We have a wonderful communal fire pit area with plenty of firewood and comfortable chairs to enjoy corn hole, a bottle of wine, or local craft beers. Two picnic tables easily accommodate large families for eating dinner al fresco. *Lodging descriptions are provided by the host and not independently verified. Contact Becky Evans, beechgrovecabins@gmail.com Staff on Site? Yes Pet-Friendly? Yes Located in Roseland",,,https://ik.imagekit.io/OE/nelson-county/listings/beech-grove-cabins-image1_A2-avjhQ3,Log cabin with porch surrounded by colorful autumn trees.,https://ik.imagekit.io/OE/nelson-county/listings/beech-grove-cabins-image2_2BR_h4hG2,"Cozy log cabin interior with red sofa, wooden walls, and kitchen area.",,,,,"Roseland, VA 22967",josh,,,https://www.google.com/maps/dir/?api=1&destination=Roseland%2C%20VA%2022967,,,,,,,,,,,,,,Fuel; Cabins; Pet Friendly; Lodging,FALSE,https://www.google.com/maps/dir/?api=1&destination=Roseland%2C%20VA%2022967
239,Slipper Slope,slipper-slope,Vacation Rentals,stay,Wintergreen Resort,"4 Bedroom Condo at the Resort and is a true ski in Ski out on Upper diamond hill slope. Hard to find a bottom floor ski in ski out, especially with 4 bedroom, very spacious. *Lodging descriptions are provided by the host and not independently verified. Contact Kevin Zachary, kzacharysonic@gmail.com Staff on Site? No Pet-Friendly? Yes Located in Wintergreen",,,https://ik.imagekit.io/OE/nelson-county/listings/slipper-slope-image1_KnYfEnts_,"Chairs and table in snow, skis standing nearby under clear blue sky.",https://ik.imagekit.io/OE/nelson-county/listings/slipper-slope-image2_OZItoe3rJ,"Spacious living room with beige sofa, dining area, modern decor, and soft lighting.",,,,,"Wintergreen Resort, Roseland, VA 22967",josh,,,https://www.google.com/maps/dir/?api=1&destination=Wintergreen%20Resort%2C%20Roseland%2C%20VA%2022967,,,,,,,,,,,,,,Scenic Views; Snow Sports; Pet Friendly,FALSE,https://www.google.com/maps/dir/?api=1&destination=Wintergreen%20Resort%2C%20Roseland%2C%20VA%2022967
240,Wintergreen Resort,wintergreen-resort-2,Whole House Rentals,stay,Wintergreen Resort,"A mountaintop escape doesn't have to mean roughing it. When you come to Wintergreen Resort, you are here to relax, refresh, and rejuvenate in your choice of relaxing and professionally managed accommodations. Each unit is unique, offering a variety of studio and lodge rooms, multi-bedroom condominiums, and large private homes to choose from.

With multiple floor plans we can find the ideal setting to help you unwind and have a great experience. All accommodations reserved through Wintergreen Resort offer the Wintergreen Advantage with access to exclusive guest amenities such as the Aquatics and Fitness Center, Devils Knob Golf and Racquet sports and Devils Grill, and on-mountain shuttle service. All accommodations reserved through Wintergreen Resort offer the Wintergreen Advantage with access to exclusive guest amenities such as the Aquatics and Fitness Center, Devils Knob Golf and Racquet sports, and Devils Grill. Resort lodging guests also have priority access to winter sports with guaranteed lift tickets and equipment rental and advance tubing reservations. *Lodging descriptions are provided by the host and not independently verified. Contact Stacey Dawkins, sdawkins@wintergreenresort.com Staff on Site? Yes Pet-Friendly? Yes Located in Wintergreen",,,https://ik.imagekit.io/OE/nelson-county/listings/wintergreen-resort-image1_DTQTx2-_k,"Hillside resort with lit buildings, surrounded by dense green forest under cloudy sky.",https://ik.imagekit.io/OE/nelson-county/listings/wintergreen-resort-image2_f2LK270xS,"Modern living room with gray sofa, armchairs, and large window.",,,,(855) 699-1858,"39 Mountain Inn Loop, Wintergreen, VA 22967",josh,,,https://www.google.com/maps/dir/?api=1&destination=39%20Mountain%20Inn%20Loop%2C%20Wintergreen%2C%20VA%2022967,,,,,,,,,,,,,,Full Service Resort; Golf; Lodging; Meeting Planners; Pet Friendly; Resort; Scenic Views,FALSE,https://www.google.com/maps/dir/?api=1&destination=39%20Mountain%20Inn%20Loop%2C%20Wintergreen%2C%20VA%2022967
241,Camp Blue Ridge,camp-blue-ridge,Campgrounds & Glamping,stay,Montebello,"Camp Blue Ridge offers a total of 22 cabins of varying styles. We have 9 Standard Cabins, 9 Family Style Cabins, 2 Deluxe Cabins, 2 Premier Cabins, a few motel rooms, and 1 cabin suite. All our housing units are 2 bed/2 bath with a shared center space. Each cabin has a mini split heat/air units in each bedroom.

Camp Blue Ridge provides a safe, family and pet friendly space for guests of all ages to experience the natural beauty of the Blue Ridge Mountains. With multiple housing options, meeting spaces and activities, we are certain to meet the needs of any guest. *Lodging descriptions are provided by the host and not independently verified. Contact Julie Minnick, cbroffice@pcsda.org Staff on Site? Yes Pet-Friendly? Yes Located in Montebello",,,https://ik.imagekit.io/OE/nelson-county/listings/camp-blue-ridge-image1_8a87ApjMt,Wooden cabins surrounded by trees with a gravel path in sunlight.,https://ik.imagekit.io/OE/nelson-county/listings/camp-blue-ridge-image2_xMgxhhVvt,Rustic wooden bed with white pillows and folded towels in cozy room.,,,,(434) 760-0818,"355 Camp Blue Ridge Road, Montebello, VA 24464",josh,,,https://www.google.com/maps/dir/?api=1&destination=355%20Camp%20Blue%20Ridge%20Road%2C%20Montebello%2C%20VA%2024464,,,,,,,,,,,,,,Events; Family Friendly; Pet Friendly; Cabins; Scenic Views,FALSE,https://www.google.com/maps/dir/?api=1&destination=355%20Camp%20Blue%20Ridge%20Road%2C%20Montebello%2C%20VA%2024464
242,Devils Backbone Camp,devils-backbone-camp,Campgrounds & Glamping,stay,Roseland,"Devils Backbone Camp offers an unparalleled camping experience in the heart of the Blue Ridge Mountains, combining a causal camp experience with world-class craft beverages and food. With a range of sites, from full-hook-up RV to rustic wooded tent sites, we offer a range of camping options for every type of adventurer.

Nestled in a 5-acre bier garden featuring yard games, numerous seating options, and seasonal live music, our Basecamp Brewpub is open daily with 16+ taps, a full bar, and a seasonal menu featuring smoked meats and something for your whole family to enjoy. In addition to our Basecamp Indoor Brewpub, we have our craft Distillery Lounge, Shanty Cigar Lounge, Summit merchandise shop & Meadows Outdoor Bar & Outdoor grill on property to enjoy as well. Centrally located in the Rockfish Valley,",,,https://ik.imagekit.io/OE/nelson-county/listings/devils-backbone-camp-image1_pHe83b4NS,"Lush green landscape with mountains, clouds, and scattered buildings under blue sky.",https://ik.imagekit.io/OE/nelson-county/listings/devils-backbone-camp-image2_KO8HGz9jI,"Wooden camper check-in booth with brochures and person inside, sunny day.",,,,(434) 361-1001,"200 Mosbys Run, Roseland, VA 22967",josh,,,https://www.google.com/maps/dir/?api=1&destination=200%20Mosbys%20Run%2C%20Roseland%2C%20VA%2022967,,,,,,,,,,,,,,Beer; Live Music; Pet Friendly; Scenic Views; Hiking,FALSE,https://www.google.com/maps/dir/?api=1&destination=200%20Mosbys%20Run%2C%20Roseland%2C%20VA%2022967
243,The Haven at Devils Backbone Camp,the-haven-at-devils-backbone-camp,Cabins & Cottages,stay,Roseland,"The Haven at Devils Backbone is a 3,750-square-foot Lindal Cedar home with luxury finishes, five bedrooms, and easy walkable access to Devils Backbone Basecamp.",,,https://ik.imagekit.io/OE/nelson-county/listings/the-haven-at-devils-backbone-camp-image1_sTmmYqLUn,"Modern house with large windows, surrounded by green lawn and trees.",https://ik.imagekit.io/OE/nelson-county/listings/the-haven-at-devils-backbone-camp-image2_oepz3JJge,"Spacious living room with large windows, wooden floors, and comfortable seating arrangement.",,,,,"200 Mosbys Run, Roseland, VA 22967",josh,,,https://www.google.com/maps/dir/?api=1&destination=200%20Mosbys%20Run%2C%20Roseland%2C%20VA%2022967,,,,,,,,,,,,,,Beer; Scenic Views; Pet Friendly; Cabins; Lodging,FALSE,https://www.google.com/maps/dir/?api=1&destination=200%20Mosbys%20Run%2C%20Roseland%2C%20VA%2022967
244,Relaxing 3 bedroom Mountain Cabin,relaxing-3-bedroom-mountain-cabin,Cabins & Cottages,stay,Roseland,"Beautiful cabin in the woods! Welcome to our home! This beautiful mountain cabin is located on the top of Wintergreen Resort, and we are pleased to offer your family the same stress free, relaxing getaway we love to come enjoy! The house is a perfect for fit to enjoy Wintergreen with family and friends.

It has a great open living and dining area on the middle floor where groups can spend their time together, as well as an upper and lower floor that offer quiet and privacy. There is wonderful wood burning fireplace and firewood is provided. The kitchen is well stocked with all of the pots and pans you will need and there is even a gas grill. A Keurig and regular drip coffee pot are provided, bring your own K-cups. All linens are provided. The entry way to the home is very easy access with a flat driveway(steps are required to get to the front door). There is a wraparound deck on the main level, privacy deck attached to the master bedroom and a lower deck for the two lower bedrooms. The “stairway to heaven” puts you on an observation deck with seating and a serene view perfect for a picnic or evening around the fire pit. Wifi, Roku and loads of old DVDs can fill the downtime. It is in a great location with easy access to skiing, snow tubing, outdoor swimming pools and tons of hiking trails right out the front door. The Mountain Inn and Conference center are also a short distance away. Unique upper deck nestled in the forest. It overlooks the house and beyond, and is surrounded by natural ferns and trees. A split room layout offers privacy for groups traveling together. *Lodging descriptions are provided by the host and not independently verified. Contact Kirstyn Martin, kirstyn1215@gmail.com Staff on Site? No Pet-Friendly? No Located in Roseland",,,https://ik.imagekit.io/OE/nelson-county/listings/relaxing-3-bedroom-mountain-cabin-image1_VkgnJV9cW,"Beige house with wooden accents, surrounded by leafless trees and stone steps.",https://ik.imagekit.io/OE/nelson-county/listings/relaxing-3-bedroom-mountain-cabin-image2_tTW_FmdOS,"Cozy living room with stone fireplace, leather chairs, and a mounted TV.",,,,,"Wintergreen Resort, Roseland, VA 22967",josh,,,https://www.google.com/maps/dir/?api=1&destination=Wintergreen%20Resort%2C%20Roseland%2C%20VA%2022967,,,,,,,,,,,,,,Outdoor Seating; Cabins; Lodging,FALSE,https://www.google.com/maps/dir/?api=1&destination=Wintergreen%20Resort%2C%20Roseland%2C%20VA%2022967
245,Mountain Dacha,mountain-dacha,Whole House Rentals,stay,Roseland,"4 BRM/3 BATH house adjacent to golf course close to the skiing slopes. Featured pictures aren't for this property. See this URL for detailed photos of the property: https://blueridgeortus.com/ Look in 'About us' tab for the 'photo gallery' link Cozy and comfortable for year round activities. *Lodging descriptions are provided by the host and not independently verified.

Contact Sergey Zhitar, 67southforest@gmail.com Staff on Site? No Pet-Friendly? Yes Located in Roseland",,,https://ik.imagekit.io/OE/nelson-county/listings/mountain-dacha-image1_qFTjg3emv,Elevated gray house with wooden stilts and staircase against blue sky.,https://ik.imagekit.io/OE/nelson-county/listings/mountain-dacha-image2_5omwzRo6V,"Modern living room with island, pendant lights, dining table, and cozy seating area.",,,,,"Wintergreen Resort, Roseland, VA 22967",josh,,,https://www.google.com/maps/dir/?api=1&destination=Wintergreen%20Resort%2C%20Roseland%2C%20VA%2022967,,,,,,,,,,,,,,Golf; Scenic Views; Family Friendly; Pet Friendly,FALSE,https://www.google.com/maps/dir/?api=1&destination=Wintergreen%20Resort%2C%20Roseland%2C%20VA%2022967
246,"Panoramic Peak - Vistas 1559, Wintergreen",panoramic-peak-vistas-1559-wintergreen,Whole House Rentals,stay,Wintergreen Resort,"Panoramic Peak is situated in the heart of Wintergreen Resort and boasts stunning mountain views from every window. Whether you are coming for a summer getaway, or to enjoy winter skiing, tubing or snowboarding trip, Panoramic Peak is a great place to set up home base. From exploring Nelson 151, hiking, golfing, or swimming, you will never be at a loss for activities, regardless of the season.

The condo is one bedroom with 2 full bathrooms, but the unit comfortably sleeps four with a well-appointed sleeper sofa in the living area. Panoramic Peak is family friendly and during summer months, guests have access to the Chestnut Springs and Rodes Valley Pools. The condo's main features are as described: KITCHEN Fridge, dishwasher, oven, Berkey Water Filter, coffee pot, tea kettle, pantry, washer & dryer. DINING/LIVING AREA Table and chairs with seating for 4, WFH space (desk and chair), pull-out sleeper sofa, armchair, wood-burning fireplace, games, access to balcony. BATHROOM 1 Full bathroom with shower/bath combo. BEDROOM Queen bed, dresser, tv with cable, armchair, bench, access to balcony. BATHROOM 2 En suite, full bathroom with shower/bath combo. BALCONY Table and chairs with seating for 4.The complex has a very strict 'no smoking' policy and does not permit smoking on balconies, walkways, or in stairwells, and violation of this policy is subject to a fine. *Lodging descriptions are provided by the host and not independently verified. Contact Jamie Inlow, hello@bestillgetaways.com Staff on Site? No Pet-Friendly? No Located in Wintergreen Resort",,,https://ik.imagekit.io/OE/nelson-county/listings/panoramic-peak-vistas-1559-wintergreen-image1_0yAxafh3B,Snow-covered hills and trees under bright sun and clear blue sky.,https://ik.imagekit.io/OE/nelson-county/listings/panoramic-peak-vistas-1559-wintergreen-image2_3dbe2CCc_,"Living room with large windows, balcony view of ocean and sky.",,,,,"Wintergreen Resort, Roseland, VA 22967",josh,,,https://www.google.com/maps/dir/?api=1&destination=Wintergreen%20Resort%2C%20Roseland%2C%20VA%2022967,,,,,,,,,,,,,,Scenic Views; Pool; Seasonal Menu; Cabins; Lodging,FALSE,https://www.google.com/maps/dir/?api=1&destination=Wintergreen%20Resort%2C%20Roseland%2C%20VA%2022967
247,Skis and Trees,skis-and-trees,Whole House Rentals,stay,Roseland,"Completely renovated, 3 BR/2BA chalet, located on Lower Tyro slope, just below Tequila. Rustic decor, fully stocked kitchen, high end appliances, granite counters. Open floor plan, walls of windows, mtn views. Beautiful stone fireplace, ample comfortable seating. 2 main floor Masters, each w/King bed, TV, luxurious bedding.

Loft is a dedicated kids space: 2 sets of bunks, daybed w/trundle, TV & PS4. Gas grill, 6 person hot tub. Perfect ski home to host 2 Families, or a romantic couple's getaway. Hot tub, ski-in/ski-out, 2 Masters w/King, renovated *Lodging descriptions are provided by the host and not independently verified. Contact Joseph Bauer, joebauer01@hotmail.com Staff on Site? No Pet-Friendly? No Located in Roseland",,,https://ik.imagekit.io/OE/nelson-county/listings/skis-and-trees-image1_uQ5JEwsyD,Elevated cabin in snowy forest surrounded by leafless trees under clear blue sky.,https://ik.imagekit.io/OE/nelson-county/listings/skis-and-trees-image2_XL_YPnQw4,"Wooden kitchen with island, bar stools, pendant lights, stainless appliances, and vaulted ceiling.",,,,,"Wintergreen Resort, Roseland, VA 22967",josh,,,https://www.google.com/maps/dir/?api=1&destination=Wintergreen%20Resort%2C%20Roseland%2C%20VA%2022967,,,,,,,,,,,,,,Skiing; Full Kitchen; Cabins; Lodging,FALSE,https://www.google.com/maps/dir/?api=1&destination=Wintergreen%20Resort%2C%20Roseland%2C%20VA%2022967
248,Mountain Dreams Condo,mountain-dreams-condo,Whole House Rentals,stay,Roseland,"This unit is located at The Ledges, just a five minute drive to the Mountain Inn. Mountain Dreams is a newly designed, phenomenal condo with amazing 180 degree views of Charlottesville, Lake Monocan, the UVA observatory and ski slopes. This two story condo is located at the highest elevation — a great location – just 8 miles to Devils Backbone Brewery and Bold Rock Cider.

Walk across the street for stone fired pizza and beer at Fire and Frost. Stroll to the spa for a treatment or take the shuttle down to the Mountain Inn during the winter season. We do not offer access to the Wintergreen fitness center or pool. For skiers, we’re a short walk to the Upper Wild Turkey ski lift. In addition to the amazing views, this condo provides two levels of comfortable living with a large bedroom and full bath on each floor and two fireplaces, including one in the lower primary suite. The lower primary suite has just been redesigned to ensure a wonderful sleep experience. A brand new DreamCloud King size bed is in the lower suite with a queen and bunks in the guest room. Professionally cleaned hotel-quality linens and towels. *Lodging descriptions are provided by the host and not independently verified. Contact Rebecca Boyd, info@fourseasonvacationrentals.com Staff on Site? Yes Pet-Friendly? Yes Located in Roseland",,,https://ik.imagekit.io/OE/nelson-county/listings/mountain-dreams-condo-image1_5ySBVIX4i,"Sunset over mountains, vibrant sky, lush green trees in foreground.",https://ik.imagekit.io/OE/nelson-county/listings/mountain-dreams-condo-image2_Eba2At3G7,"Cozy living room with fireplace, ocean view, and blue sofa.",,,,,"Wintergreen Resort, Nellysford, VA 22958",josh,,,https://www.google.com/maps/dir/?api=1&destination=Wintergreen%20Resort%2C%20Nellysford%2C%20VA%2022958,,,,,,,,,,,,,,Lodging; Pet Friendly; Cabins; Fishing,FALSE,https://www.google.com/maps/dir/?api=1&destination=Wintergreen%20Resort%2C%20Nellysford%2C%20VA%2022958
249,Wintergreen Vistas,wintergreen-vistas,Whole House Rentals,stay,Roseland,"2 condos along the 'View Ridge' at Wintergreen. One is a 2 bedroom, 2 bath unit, while the other is 3 bedroom, 3 bath. Both have fully-equipped kitchens, fireplaces, and decks with outstanding views of the Blue Ridge Mountains. Spectacular views and attention to details. *Lodging descriptions are provided by the host and not independently verified.

Contact Lee Stocks, rleestocks@gmail.com Staff on Site? No Pet-Friendly? No Located in Roseland",,,https://ik.imagekit.io/OE/nelson-county/listings/wintergreen-vistas-image1_eY_qdT5Qf,Buildings nestled in lush green hills with distant mountain view.,https://ik.imagekit.io/OE/nelson-county/listings/wintergreen-vistas-image2_mWjjYi8o7,"Cozy living room with brown sofa, stone fireplace, and open kitchen area.",,,,,"Wintergreen Resort, Roseland, VA 22967",josh,,,https://www.google.com/maps/dir/?api=1&destination=Wintergreen%20Resort%2C%20Roseland%2C%20VA%2022967,,,,,,,,,,,,,,Scenic Views; Cabins; Lodging,FALSE,https://www.google.com/maps/dir/?api=1&destination=Wintergreen%20Resort%2C%20Roseland%2C%20VA%2022967
250,Clonmel Acres,clonmel-acres,Cabins & Cottages,stay,Afton,"Clonmel Acres is a historic farmhouse in Afton, Virginia, just minutes from Nelson 151 and the Blue Ridge Mountains. This remarkable estate, featuring 5 bedrooms, 3.5 bathrooms, offers an unparalleled retreat for up to 12 guests. With over 30 acres of land, a private pond, & historic grandeur, Clonmel is your gateway to a truly unforgettable experience.

This spot is perfect for family reunions, wine enthusiasts exploring local vineyards, or groups of friends looking for a quiet place to gather. Beautiful mountain views, private pond, hot tub, large bedrooms. *Lodging descriptions are provided by the host and not independently verified. Contact Allison Harwood, allisonlharwood@gmail.com Staff on Site? No Pet-Friendly? No Located in Afton",,,https://ik.imagekit.io/OE/nelson-county/listings/clonmel-acres-image1_jGAgaj2cN,Two-story white house with green shutters and neat garden in sunlight.,https://ik.imagekit.io/OE/nelson-county/listings/clonmel-acres-image2_Ca4p35kQ5,"Wooden staircase beside living room with fireplace, TV, and armchair.",,,,,"Afton, VA 22920",josh,,,https://www.google.com/maps/dir/?api=1&destination=Afton%2C%20VA%2022920,,,,,,,,,,,,,,Scenic Views; Cabins; Lodging; Farm,FALSE,https://www.google.com/maps/dir/?api=1&destination=Afton%2C%20VA%2022920
251,Cabin at Clonmel,cabin-at-clonmel,Cabins & Cottages,stay,Afton,"Come enjoy the peace and beauty of the Blue Ridge Mountains! The Cabin at Clonmel is a historic cabin that has been lovingly restored to include modern comforts. Please note that the cabin is available for mid-term stays only (31+ days). The cabin is located just 25 minutes from Charlottesville and 15 minutes from Waynesboro, plus it is just minutes away from great hiking, wineries and breweries.

The cabin is open concept with a lofted bedroom. Historic cabin from late 1700’s with beautiful restoration, beautiful mountain views, fire pit, peaceful area. *Lodging descriptions are provided by the host and not independently verified. Contact Allison Harwood, hello@bestillgetaways.com Staff on Site? No Pet-Friendly? No Located in Afton",,,https://ik.imagekit.io/OE/nelson-county/listings/cabin-at-clonmel-image1_xyO4Zu1Ot,"Log cabin with metal roof, surrounded by trees and gravel path.",https://ik.imagekit.io/OE/nelson-county/listings/cabin-at-clonmel-image2_LOG93baRB,"Rustic living room with exposed beams, wooden door, and patterned armchair.",,,,,"Afton, VA 22920",josh,,,https://www.google.com/maps/dir/?api=1&destination=Afton%2C%20VA%2022920,,,,,,,,,,,,,,Scenic Views; Cabins; Lodging,FALSE,https://www.google.com/maps/dir/?api=1&destination=Afton%2C%20VA%2022920
252,Sleepy Hollow Retreat Enjoy Your Stay,sleepy-hollow-retreat-enjoy-your-stay,Whole House Rentals,stay,Roseland,"Our 1800's two story 2200 square farm house, once a log cabin, welcomes you! Sleepy Hollow is nestled in scenic rural Nelson County, Virginia. Relax on the covered deck, dine in the renovated kitchen or dining room. Two bedrooms on the second floor can sleep 4. Full baths on each level.

There is a barn and pastures. Located along the Nelson 151 winery and brewery trail, Wintergreen skiing, and many nearby Universities, festivals Sleepy Hollow is located at the foot of a mountain and offers a large yard with lots of space for relaxation. Our yard is not fenced in, keeping the rural ambience. The pasture is fenced. We have areas for family and friends to gather inside or outdoors or on the covered back porch. The back porch has gliders and rockers if you are a porch sitter! The porch also has a gate you can close or leave open. The patio also has seats for two. In addition you will find chairs outside under the trees for more fun times. The picnic table is off limits at this time. Family and friends can also gather inside around the kitchen table and dining room. The kitchen has Maytag appliances. Upstairs master bedroom has a full size bed. The other bedroom has a full bed and twin bed. Full baths are on both first and second floors. This is our home, however we do not live in it all the time, and will not be there while you are our guests. Some of our personal belongings may be there. We welcome you, and hope you will find it relaxing and comfortable. Fire Fly satellite is available. We have a Smart tv services that will allow you to access Your HBO, HULU, etc, personal accounts. Many scenic drives are in our area, such as the Blue Ridge Parkway. We are in close proximity to breweries, vineyards, cideries, hiking, the James and Tye rivers for kayaking. Lake Nelson is a public lake for fishing. Several colleges and Universities are within 30-45 minute drive. *Lodging descriptions are provided by the host and not independently verified. Contact Darlene Seay, Dolleen4@aol.com Staff on Site? No Pet-Friendly? Yes Located in Roseland",,,https://ik.imagekit.io/OE/nelson-county/listings/sleepy-hollow-retreat-enjoy-your-stay-image1_8mU5M7k8W,"House entrance with white columns, surrounded by blooming red flowers and green bushes.",https://ik.imagekit.io/OE/nelson-county/listings/sleepy-hollow-retreat-enjoy-your-stay-image2_UEKG4vFSjT,"Cozy bedroom with twin beds, fireplace, floral chairs, and braided rug.",,,,,"Roseland, VA 22967",josh,,,https://www.google.com/maps/dir/?api=1&destination=Roseland%2C%20VA%2022967,,,,,,,,,,,,,,Outdoor Seating; Wi-Fi; Pet Friendly; Cabins; Lodging; Farm; Water Sports,FALSE,https://www.google.com/maps/dir/?api=1&destination=Roseland%2C%20VA%2022967
253,Eagles Court Ski In/Ski Out Condo,eagles-court-ski-in-ski-out-condo,Vacation Rentals,stay,Wintergreen Resort,"Directly on the slope of Eagle's Swoop our condo is in a central location to everything in the Wintergreen Resort! Enjoy a true ski in/ski out experience with mountain views. Park your car in our designated parking spot and walk to The Market at Wintergreen, the Skyline Pavilion (Ski Rental & Lift Ticket Office) and The Edge & Coppermine restaurants that overlook the slopes.

The condo has 2 bedrooms with queen beds and one pullout sectional with a memory foam mattress in the living room. 1 and a half bathrooms. Fast WiFi and 3 TVs with streaming capabilities. Firewood is provided for our wood burning fireplace. The kitchen is renovated with granite countertops and a white tile backsplash. It's fully equipped with kitchen essentials and a Keurig coffee machine. The unit is recently updated with fresh paint, new furniture, new mattresses on both beds, new carpet in the bedrooms and more modern hardware. Use our ski closet to safely store your gear! Dogs are welcome with a pet fee. (Some restrictions apply). Location, Location, Location! We are directly on the slope of Eagle's Swoop and in walking distance to nearly everywhere you want to be. *Lodging descriptions are provided by the host and not independently verified. Contact Lindsay Klein, lindsayeckertklein@gmail.com Staff on Site? No Pet-Friendly? Yes Located in Wintergreen Resort",,,https://ik.imagekit.io/OE/nelson-county/listings/eagles-court-ski-in-ski-out-condo-image1_IK6m9Pd6O,Covered patio with blue-cushioned chairs overlooking a forest and distant hills.,https://ik.imagekit.io/OE/nelson-county/listings/eagles-court-ski-in-ski-out-condo-image2_kwfGDMJtE,Gray sectional sofa in living room with large window and patterned rug.,,,,,"Wintergreen Resort, Roseland, VA 22967",josh,,,https://www.google.com/maps/dir/?api=1&destination=Wintergreen%20Resort%2C%20Roseland%2C%20VA%2022967,,,,,,,,,,,,,,Skiing; Parking; Pet Friendly; Full Kitchen,FALSE,https://www.google.com/maps/dir/?api=1&destination=Wintergreen%20Resort%2C%20Roseland%2C%20VA%2022967
254,Wren House,wren-house,Cabins & Cottages,stay,Afton,"Wren House is a 5 bedroom 3 1/2 bath country home with a 4.95 rating on Air BnB. The house is very private with lawns, secluded wooded surroundings and views of pastures, sunsets and the mountains. You will have it all to yourself. Birds and nature abound at Wren House. We are close to 151 wineries, breweries, hiking and cultural sites.

Charlottesville is only 35 minutes away and Wintergreen is a 20 minute drive up the mountain. 6-7 seat hot tub / spa; Fire pit & Adirondack chairs; Inside fireplace; Recently remodeled kitchen and baths; Room for 12; Pet friendly; New farmhouse kitchen; Spotlessly clean; Luxury quality beds and bedding; Large covered porch with view; Hammock in the oak grove; Large screen smart TV; Great vibes. *Lodging descriptions are provided by the host and not independently verified. Contact Tom Fisher, tom@environdc.com Staff on Site? No Pet-Friendly? Yes Located in Afton",,,https://ik.imagekit.io/OE/nelson-county/listings/wren-house-image1_mfElcPQPJ,"Wooden deck house with star, surrounded by trees and grassy yard.",https://ik.imagekit.io/OE/nelson-county/listings/wren-house-image2_8C5DMqnZS,"Bedroom with teal walls, large windows, bed, bedside tables, and red rug.",,,,,"Afton, VA 22920",josh,,,https://www.google.com/maps/dir/?api=1&destination=Afton%2C%20VA%2022920,,,,,,,,,,,,,,Outdoor Seating; Pet Friendly; Full Kitchen; Cabins; Lodging,FALSE,https://www.google.com/maps/dir/?api=1&destination=Afton%2C%20VA%2022920
255,WildManDan B&B (Beer centric),wildmandan-bb-beer-centric,Bed and Breakfast,stay,Afton,"An 1870 Farmhouse - 6 Bdrms - 5 BA on the property of WildManDan Brewery. Sleeping 12 comfortably, and Perfect for Beer Lovers like the owners, Terri and Dan who also live on the property. 3500+ Square feet to hang with family and friends in a relaxed mountain environment boasting a wrap around front porch, covered gazebo along with an 8 swing fire pit on 6 acres.

While we enjoy hosting groups, our lodging space is NOT for events or inviting outside guests. However, your group can book a 45 min beer class with our Brew Master during your stay - a plus for us Beer Nerds. Our location is IDEAL for enjoying Nelson151 and local hiking attractions -just minutes to the Blue Ridge Tunnel or Humpback Rocks. Did you know we include the firewood and have the pit ready to light when you arrive? A Catering menu is available to lodging guests (Terri is a chef) and the brewery has space to rent after daily business hours for events of 50-100 people. We supply a pound of locally roasted coffee and s'more ingredients for that fire pit along with beer shampoo and beer soap. Oh, and great beer is available at the brewery. Just walk over. We have been hosting folks for 10 years and can't wait to share our love of Nelson County with you. Safe travels and Brew on, Terri and WildManDan *Lodging descriptions are provided by the host and not independently verified. Contact Terri Tatarka, terri@tatarka.me Staff on Site? Yes Pet-Friendly? No Located in Afton",,,https://ik.imagekit.io/OE/nelson-county/listings/wildmandan-b-b-beer-centric--image1_JoNLwgtDjW,Brick house with white porch amidst lush greenery and blooming flowers.,https://ik.imagekit.io/OE/nelson-county/listings/wildmandan-b-b-beer-centric--image2_HP9XWfGqVo,"White shampoo bottles, labeled 'WildManDan,' next to beer glass and soap.",,,,(540) 649-2233,"279 Avon Road, Afton, VA 22920",josh,,,https://www.google.com/maps/dir/?api=1&destination=279%20Avon%20Road%2C%20Afton%2C%20VA%2022920,,,,,,,,,,,,,,Beer; Breakfast; Farm; Lodging; Outdoor Seating; Tastings,FALSE,https://www.google.com/maps/dir/?api=1&destination=279%20Avon%20Road%2C%20Afton%2C%20VA%2022920
256,Fenton Inn,fenton-inn,Bed and Breakfast,stay,Roseland,"Come and enjoy a stylish European village nestled in the heart of the Blue Ridge Mountains between the scenic Blue Ridge Parkway and the Ski slopes of Wintergreen Mountain. The Inn is a one-of-a-kind hand crafted work of art that combines the classical museum quality craftsmanship with European tastes and colors and all the best modern amenities.

Mastering octagons while rebuilding Poplar Forest from Jefferson’s own letters, the architect and builder of the Inn challenge the visitor to even find their way through the myriad of complex shapes, towers, curving street, and so many hidden details and works of art that it requires a return visit to take it all in. Wake to a wholesome breakfast buffet in the bakery including Belgium waffles, sausage, eggs or lighter options of fresh fruits, granola and yogurt. Take in the morning views of the National Forest as you plan your day. Hike from your room to the top of Three Ridges along the Appalachian Trail. Bike or drive on the scenic Blue Ridge Parkway, less than half mile away. In winter head up to the slopes of Wintergreen for skiing, sledding and ice skating, or in summer, enjoy a swim at Sherando Lake. All this is just minutes away. Nelson County has a number of breweries, wineries, distilleries and cideries as well as many events from music festivals to golf tournaments, cycling races, mountain bike events and professional and amateur Spartan mud races. Those interested in history can take a short drive to see Mr. Jefferson (as he is called at the University of Virginia) at Monticello in Charlottesville. His second home, Poplar Forest, is in Lynchburg. If all that sounds like too much to do, then take a slow day and unwind. Enjoy the views of the mountains from your breakfast table, stroll the main street and look for the historic tools that worked on Museums like Colonial Williamsburg, Monticello and many other museums in Virginia. Do some window shopping at our Gift store for some local crafts and brush up on your local nature and geology in our many display windows and bird watching spots. Prefer a visit to nature? Go for a short hike in the woods filled with old growth chestnut oaks, mountain laurel and tulip poplars. While you can hike for thousands of miles on the Appalachian Trail from here, a short hike from the Fenton Inn can bring you to some of the most scenic spots. Take time to look up, as this area is a migratory highway for birds of prey including bald and golden eagles and many types of hawks. Year-round residents include nesting barred owls, wild turkeys, pileated woodpeckers, ravens and smaller song birds. Return back to village life for a massage in our spa or just relax in a comfortable reading chair. We look forward to seeing you soon. European elegance and spectacular views come together in the heart of the Blue Ridge Mountains. The",,,https://ik.imagekit.io/OE/nelson-county/listings/fenton-inn-image1_QKOLmh9ddN,"Colorful European-style buildings with lit windows, cobblestone path, and trees.",https://ik.imagekit.io/OE/nelson-county/listings/fenton-inn-image2_Gihyn3fDA,"Spacious living room with wooden beams, fireplace, sofas, and chandelier.",,,,(434) 361-3539,"29 Shelton Laurel Trail, Nellysford, VA 22958",josh,,,https://www.google.com/maps/dir/?api=1&destination=29%20Shelton%20Laurel%20Trail%2C%20Nellysford%2C%20VA%2022958,,,,,,,,,,,,,,Bakery; Breakfast; Lodging; Scenic Views,TRUE,https://www.google.com/maps/dir/?api=1&destination=29%20Shelton%20Laurel%20Trail%2C%20Nellysford%2C%20VA%2022958
257,Marley's Cabin,marleys-cabin,Cabins & Cottages,stay,Wintergreen Resort,"Marley's Cabin - a five star getaway on Wintergreen mountain Enjoy dramatic views of the Blue Ridge Mountains from Marley’s Cabin on Wintergreen Mountain, located in the heart of Central Virginia. This beautifully renovated home boasts 180-degree mountain and valley views in ultimate peace and quiet. Incredible sunrises and dramatic twilight scenes await year-round.

House Features 4 bedrooms 3½ bathrooms Hot tub (additional towels included) Well appointed, updated kitchen Keurig coffee maker Rokus with access to streaming content on each television (all four bedrooms, living room, and family room) Alexa-controlled, whole-house music Comfortable bed linens High-quality towels Heating/air conditioning throughout the home Washer and dryer 500ft to ski shuttle pickup at Wintergreen Vistas and High Ridge Place Condos ¼ mile to Chestnut Springs neighborhood pool (outdoor) - 1 mile to Wintergreen Pool and Spa 1 mile to Fire & Frost restaurant *Lodging descriptions are provided by the host and not independently verified. Contact John Crain, jmcrain@gmail.com Staff on Site? No Pet-Friendly? No Located in Wintergreen",,,https://ik.imagekit.io/OE/nelson-county/listings/marley-s-cabin-image1_WNjFUweoL,"Wooden porch with stone pillars, leading to brown door, under clear sky.",https://ik.imagekit.io/OE/nelson-county/listings/marley-s-cabin-image2_gNrnT-xGf,Mountain view from bright room with large windows and outdoor deck chairs.,,,,,"Wintergreen Resort, Roseland, VA 22967",josh,,,https://www.google.com/maps/dir/?api=1&destination=Wintergreen%20Resort%2C%20Roseland%2C%20VA%2022967,,,,,,,,,,,,,,Scenic Views; Cabins; Lodging,FALSE,https://www.google.com/maps/dir/?api=1&destination=Wintergreen%20Resort%2C%20Roseland%2C%20VA%2022967
258,Cozy & Clean Wintergreen Condo (Tanners Ridge),cozy-clean-wintergreen-condo-tanners-ridge,Vacation Rentals,stay,Roseland,"Everything you need to make your getaway relaxing and convenient has been thought out in this tastefully decorated condo including new King Bed, Queen sofa pullout bed, plush linens, new spacious couch, 55' & 28' Smart TVs, Roku, WiFi, DVD player & movies, fully equipped kitchen, dining area for 4, wood burning fireplace, and private patio.

This is a well-behaved dog friendly and non-smoking condo. We are nestled in the perfect spot in Wintergreen- convenient to the Resort yet 1 mile from the hustle and bustle of busy weekends. It's quiet and comfortable with all the conveniences of home. *Lodging descriptions are provided by the host and not independently verified. Contact Ritta Cunningham, va4cunninghams@yahoo.com Staff on Site? No Pet-Friendly? Yes Located in Roseland",,,https://ik.imagekit.io/OE/nelson-county/listings/cozy-clean-wintergreen-condo-tanners-ridge--image1_ueMPwPu27,"Gray patio with glass doors, table, chairs, and a small grassy area.",https://ik.imagekit.io/OE/nelson-county/listings/cozy-clean-wintergreen-condo-tanners-ridge--image2_y1P7Ednde,"Cozy living room with gray sofa, fireplace, ski decor, and wall-mounted snowshoes.",,,,,"Wintergreen Resort, Roseland, VA 22967",josh,,,https://www.google.com/maps/dir/?api=1&destination=Wintergreen%20Resort%2C%20Roseland%2C%20VA%2022967,,,,,,,,,,,,,,Pet Friendly; Outdoor Seating,FALSE,https://www.google.com/maps/dir/?api=1&destination=Wintergreen%20Resort%2C%20Roseland%2C%20VA%2022967
259,Remodeled 3BR/2BA Ski Chalet off Tyro Slope,remodeled-3br-2ba-ski-chalet-off-tyro-slope,Whole House Rentals,stay,Wintergreen Resort,"This quaint remodeled Austrian styled 3BR/2BA ski chalet just one row off the Tyro Slopes. The unit has been completely renovated inside and out including new siding, new insulation, new kitchen, new bathrooms with heated floors, all new flooring and paint throughout, new deck, and expanded parking.

This house is extremely convenient to all of the amenities of Wintergreen, a Four Season resort nestled next to the Blue Ridge Parkway in Nelson County. The house is less than 1 minute from the main resort and ski lifts. You can ski in/out by walking down our rear steps and between the houses behind us on Tyro slope. No need to drive and park at the resort. There's plenty of drama in this house featuring the main floor great room with a whole house cathedral ceiling and wood stove. The completely rebuilt wrap around deck overlooks the Tyro slope and has fantastic mountain and valley views of Waynesboro and Crozet. Downstairs are 3 bedrooms all with new foam mattress beds (Queen/Queen/2 Twins) and linens. There is a cozy screen room off the master that also has mountain views. There is parking for three vehicles in the newly expanded parking pad out front, plus street parking behind the house on Tyro Lane. There are two completely remodeled full baths, one includes a stacked front load high efficiency full sized washer and dryer. The gourmet kitchen is spacious and bright and has a stove, exhaust hood, refrigerator with an ice/water dispenser, microwave, dishwasher and disposal. There is a full set of dishes, utensils, and glasses to easily handle 6 guests. This home is in a prime location just off of Tyro slope, and an easy 1/4 mile walk to the resort. It is super functional and meticulously cared for. The kitchen is really easy to cook in. *Lodging descriptions are provided by the host and not independently verified. Contact Thomas Schaaf, PaddingtonRVA@hotmail.com Staff on Site? No Pet-Friendly? Yes Located in Wintergreen",,,https://ik.imagekit.io/OE/nelson-county/listings/remodeled-3br-2ba-ski-chalet-off-tyro-slope-image1_LCLwq3hm9,Snow-covered houses and trees under clear blue sky seen from wooden balcony.,https://ik.imagekit.io/OE/nelson-county/listings/remodeled-3br-2ba-ski-chalet-off-tyro-slope-image2_QCtdVvK3L,Blue sectional sofa with patterned cushions in a cozy living room.,,,,,"Wintergreen Resort, Roseland, VA 22967",josh,,,https://www.google.com/maps/dir/?api=1&destination=Wintergreen%20Resort%2C%20Roseland%2C%20VA%2022967,,,,,,,,,,,,,,Skiing; Outdoor Seating; Scenic Views; Full Kitchen; Pet Friendly; Parking; Cabins; Lodging,FALSE,https://www.google.com/maps/dir/?api=1&destination=Wintergreen%20Resort%2C%20Roseland%2C%20VA%2022967
260,Three Springs Myndus,three-springs-myndus,Cabins & Cottages,stay,Lovingston,"Beautiful 3-bedroom home outfitted to accommodate a variety of visitors with high-speed internet, 2 large screen TVs, whirlpool tub, hiking, wildlife, and a huge deck. Nestled in a quiet cove in the beautiful Blue Ridge mountains. Located on Nelson's Craft Beverage Trail and a short drive to Charlottesville, Lynchburg, Staunton, Wintergreen, and Skyline Drive.

Close to Oak Ridge for music festivals/events. Larger parties, see the Three Springs Plus listing. EV charging available for an additional charge. EV charging available for an additional fee. Garage parking available. Located on 100 acres on quiet, dead-end road for walks, biking, etc. Quiet stream on property. Additional bedroom, living, laundry, kitchen and bathroom available with Three Springs Plus listing. *Lodging descriptions are provided by the host and not independently verified. Contact Deborah Harvey, threesprings.myndus@gmail.com Staff on Site? No Pet-Friendly? No Located in Lovingston",,,https://ik.imagekit.io/OE/nelson-county/listings/three-springs-myndus-image1_iRtwAxful,"House with gray siding, surrounded by trees, gravel driveway, and green hills.",https://ik.imagekit.io/OE/nelson-county/listings/three-springs-myndus-image2_L3FPHzVZW,"Cozy living room with sofas, fireplace, TV, and round coffee table.",,,,,"Arrington, VA 22922",josh,,,https://www.google.com/maps/dir/?api=1&destination=Arrington%2C%20VA%2022922,,,,,,,,,,,,,,Outdoor Seating; Parking; EV Charging; Breakfast; Cabins; Lodging; Swimming Pool,FALSE,https://www.google.com/maps/dir/?api=1&destination=Arrington%2C%20VA%2022922
261,Lovingston Get-Away,lovingston-get-away,Cabins & Cottages,stay,Lovingston,"We are located in the Village of Lovingston, VA. It is a historical district as well with a lot of older building to see. You can stroll down Front Street to get access to many of the places without even having to use your car. There ia self guided tour using your phone through the village of the buildings. There are wineries, breweries, and distilleries.

We have Wintergreen Ski Resort. The Lockn' Festival each August. Crabtree Falls and Humpback Rock for hiking. In Nelson Co., the Blue Ridge Parkway and Skyland Drive began. Nearby we have UVa's Rotunda, Montecillo, Appomattox, DC, Schuyler (the Waltons). Nelson hosts peach and apple festivals each year. The beautiful foliage to be seen in the fall and the snowy mountains in the winter. The Lovingston Get-Away has: 2 Bedrooms (1 Queen / 1 Full-Size Bed) Sleeps 4 only. Living Room, kitchen, 1 bathroom with shower. Adults Only, No Pets, and No Smoking. Fully furnished and Fully equipped Kitchen with all utensils (Oven, Microwave, Coffeemaker, Toaster, blender, etc.) Linen and paper products provided, soap shampoo and dish washing liquid provided. Deck with patio furniture. We offer a pool in season and hot tub. The Lovingston Get-Away is located above the garage, so must be able to do stairs. *Lodging descriptions are provided by the host and not independently verified. Contact Ed Hicks, mredward0754@gmail.com Staff on Site? Yes Pet-Friendly? No Located in Lovingston We are located in the Village of Lovingston, VA. It is a historical district as well with a lot of older building to see. You can stroll down Front Street to get access to many of the places without even having to use your car. There ia self guided tour using your phone through the village of the buildings. There are wineries, breweries, and distilleries. We have Wintergreen Ski Resort. The Lockn' Festival each August. Crabtree Falls and Humpback Rock for hiking. In Nelson Co., the Blue Ridge Parkway and Skyland Drive began. Nearby we have UVa's Rotunda, Montecillo, Appomattox, DC, Schuyler (the Waltons). Nelson hosts peach and apple festivals each year. The beautiful foliage to be seen in the fall and the snowy mountains in the winter.",,,https://ik.imagekit.io/OE/nelson-county/listings/lovingston-get-away-image1_S53B0Y9fZ,"Red umbrella on wooden deck, surrounded by leafy green trees, sunny day.",https://ik.imagekit.io/OE/nelson-county/listings/lovingston-get-away-image2_j5M7fMRLj,"Blue couch with striped pillows, brown chair, lamp, and potted plant nearby.",,,,,"Lovingston, VA 22949",josh,,,https://www.google.com/maps/dir/?api=1&destination=Lovingston%2C%20VA%2022949,,,,,,,,,,,,,,Tours; Full Kitchen; Scenic Views; Cabins; Lodging,FALSE,https://www.google.com/maps/dir/?api=1&destination=Lovingston%2C%20VA%2022949
262,Rock-n-Creek Cabin,rock-n-creek-cabin,Cabins & Cottages,stay,Montebello,"Rock-n-Creek Cabin offers the comforts of country living with all modern amenities. Nestled high on the pinnacle of Whetstone Ridge in the Blue Ridge Mountains of Virginia. Conveniently located near the BRP, Appalachian Trail & Crabtree Falls.

Cabin offers three covered porches and a large open deck all which overlook manicured open fields with two branches of the Tye River and a large stone fire pit. Cabin decor is eclectic with a mixture of old and new collectibles. Comfortable and romantic setting in country style. Cabin is spacious offering three private bedrooms with a semi-private sleeping loft area. Two full baths with two living areas upstairs and down. Fully equipped kitchen and plenty of outdoor setting. It’s a home away from home waiting for you. There are numerous things that make",,,https://ik.imagekit.io/OE/nelson-county/listings/rock-n-creek-cabin-image1_wg6J4o7KB,"Wooden cabin porch with blue chairs, small plants, and log pile.",https://ik.imagekit.io/OE/nelson-county/listings/rock-n-creek-cabin-image2_Kf2NxFyXJ,"Cozy living room with floral chair, armchair, and patterned rug.",,,,(434) 299-6143,"2307 Whetstone Ridge Road, Roseland, VA 22967",josh,,,https://www.google.com/maps/dir/?api=1&destination=2307%20Whetstone%20Ridge%20Road%2C%20Roseland%2C%20VA%2022967,,,,,,,,,,,,,,Cabins; Scenic Views; Breakfast; Pet Friendly; Lodging; Water Sports,FALSE,https://www.google.com/maps/dir/?api=1&destination=2307%20Whetstone%20Ridge%20Road%2C%20Roseland%2C%20VA%2022967
263,The Branch at Afton Mountain Retreat,the-branch-at-afton-mountain-retreat,Whole House Rentals,stay,Afton,"The Branch at Afton Mountain Retreat is a remodeled three-bedroom home with screened porch fireplace, pet-friendly policy for hypoallergenic dogs, and location across from Veritas.",,,https://ik.imagekit.io/OE/nelson-county/listings/the-branch-at-afton-mountain-retreat-image1_2evspjhBj,"White house with porch, brown roof, green lawn, beside trees under clear sky.",https://ik.imagekit.io/OE/nelson-county/listings/the-branch-at-afton-mountain-retreat-image2_rEDPzVQfA,"Modern living room with gray sofas, round wooden table, and patterned rug.",,,,,"1220 Fox Ridge Lane, Afton, VA 22920",josh,,,https://www.google.com/maps/dir/?api=1&destination=1220%20Fox%20Ridge%20Lane%2C%20Afton%2C%20VA%2022920,,,,,,,,,,,,,,Wine; Outdoor Seating; Pet Friendly; Cabins; Lodging,FALSE,https://www.google.com/maps/dir/?api=1&destination=1220%20Fox%20Ridge%20Lane%2C%20Afton%2C%20VA%2022920
264,The Bungalow at Afton Mountain Retreat,the-bungalow-at-afton-mountain-retreat,Whole House Rentals,stay,Afton,"The Bungalow at Afton Mountain Retreat is a renovated 1930s Sears Roebuck home with open concept living, marble bath, kid playroom, and mountain views over Veritas.",,,https://ik.imagekit.io/OE/nelson-county/listings/the-bungalow-at-afton-mountain-retreat-image1_KbFZ0ogMN,"House with blue siding, front porch, grassy yard, and surrounding trees.",https://ik.imagekit.io/OE/nelson-county/listings/the-bungalow-at-afton-mountain-retreat-image2_Cx7Zyne7u,"Modern kitchen with island, pendant lights, and dining area in natural light.",,,,,"1230 Fox Ridge Lane, Afton, VA 22920",josh,,,https://www.google.com/maps/dir/?api=1&destination=1230%20Fox%20Ridge%20Lane%2C%20Afton%2C%20VA%2022920,,,,,,,,,,,,,,Wine; Scenic Views; Full Kitchen; Cabins; Lodging,FALSE,https://www.google.com/maps/dir/?api=1&destination=1230%20Fox%20Ridge%20Lane%2C%20Afton%2C%20VA%2022920
265,Avon Hill,avon-hill,Whole House Rentals,stay,Howardsville,"For almost 10 years Avon Hill Lodge has offered a unique getaway, close to the heart of Virginia wine country. Tucked away in the rolling hills of Nelson County, the property has served as an exclusive vacation destination and retreat for families, groups, and businesses. Located 28 miles south of Charlottesville, Avon Hill provides a serene escape with views of the Blue Ridge Mountains.

The Avon Hill estate is made up of 100 tree lined acres along the Rockfish River, over five acres of English and American Boxwoods, four overnight accommodations buildings, a pool, and as of 2019, Bruce’s Barn. With the addition of Bruce’s Barn, Avon Hill Lodge can host private events for 150 and makes the perfect setting for your destination wedding. Avon Hill offers unprecedented access to local Charlottesville attractions, while maintaining complete privacy in its serene and peaceful countryside setting. Avon Hill Lodge and Bruce’s Barn serves as a premier destination for weddings, rehearsal dinners, corporate retreats, group events, meetings, social gatherings, family reunions, and much more. *Lodging descriptions are provided by the host and not independently verified. Contact Joceyn O'Twitchell, jocelyn@avonhilllodge.com Staff on Site? Yes Pet-Friendly? Yes Located in Howardsville",,,https://ik.imagekit.io/OE/nelson-county/listings/avon-hill-image1_rNbvnZUhM,"White house with brick chimney, black roof, garden, and blue sky backdrop.",https://ik.imagekit.io/OE/nelson-county/listings/avon-hill-image2_Evb2hT3rc,"Living room with black sofas, brick fireplace, and dining area in background.",,,,(434) 361-2519,"289 Avon Road, Howardsville, VA 24562",josh,,,https://www.google.com/maps/dir/?api=1&destination=289%20Avon%20Road%2C%20Howardsville%2C%20VA%2024562,,,,,,,,,,,,,,Lodging; Pool; Events; Pet Friendly; Cabins; Water Sports; Fishing,FALSE,https://www.google.com/maps/dir/?api=1&destination=289%20Avon%20Road%2C%20Howardsville%2C%20VA%2024562
266,A Nellysford Nest,a-nellysford-nest,Cabins & Cottages,stay,Nellysford,"One of Airbnb's favorites!! 4BR/2.5BA on 5 acres in the forest adjacent to 40 acres of private eco-village trails. Centrally located near Nelson County 151 attractions, with Bold Rock right at the top of our street and Devils Backbone 1.5mi away. The PERFECT place for nature lovers, families, and friends to enjoy the best of the Blue Ridge Mountains along the Blue Ridge Parkway.

All brand new furnishings. Enjoy our front porch, screened-in patio, sunroom, 'playroom' garage, and fire pit!! This is our third Airbnb -- 'three's a charm!!' We met at UVA so this spacious home is very special to us. We've poured our heart & soul into designing this as an ideal spot for friends and family to getaway and and enjoy the mountain views. You're surrounded by nature at our unique eco-village cabin but also super close to the several breweries & cideries & wineries & distilleries & restaurants that Nelson County Route 151 offers. Furnishings are brand new and we've thoughtfully curated every inch of the property!! Downstairs, our chestnut leather sectional faces our large TV (65') with YouTube TV & other streaming services. The fully-equipped kitchen features an induction stove and plenty of amenities to cook meals for your party. The 8' farm table comfortably seats 8 people. The sunroom windows feature pull-down screens to enjoy the breeze and plenty of natural light. The downstairs master features a king bed, walk-in closet, and ensuite full bathroom. The front hallway has a half bath. Upstairs, enjoy another sitting area with another large TV (55'), bookshelf, playing cards, poker chips, and plenty of board games. If the couch doesn't provide enough space, feel free to grab our 4 colorful bean bags off the landing. Kids love these!! We provide an acoustic guitar, so don't worry about packing your own. For the 3 upstairs bedrooms: the first features a king bed, the second features 2 queen beds, and the third features a twin-over-full bunk bed. There's also a full bathroom. Outside, we have a Weber grill on the back patio and, again, seating for 8 on our patio set with the red umbrella. We also offer a 'playroom' garage equipped with our third flat-screen TV, soundbar, ping pong table, darts board, cooler, and cornhole . In the front yard, enjoy our custom built fire pit with bench seating around our Yukon 27' Solo Stove. In the 'attached' garage, we provide a folding table, folding chairs, camp chairs, and a portable cooler. And a short walk (6min) from our property, you'll access 40 acres of private eco-village trails that are PERFECT for a morning stroll or evening saunter!! We'd love to be your next adventure!! *Lodging descriptions are provided by the host and not independently verified. Contact Jeff Smidt, jeff@stargazingllc.com Staff on Site? No Pet-Friendly? No Located in Nellysford",,,https://ik.imagekit.io/OE/nelson-county/listings/a-nellysford-nest-image1_YuP0qNW9W,"Blue house surrounded by forest, with gravel path and garden.",https://ik.imagekit.io/OE/nelson-county/listings/a-nellysford-nest-image2_DsD58414v,"Spacious living room with leather sectional, wooden floor, and large wall-mounted TV.",,,,,"Nellysford, VA 22958",josh,,,https://www.google.com/maps/dir/?api=1&destination=Nellysford%2C%20VA%2022958,,,,,,,,,,,,,,Outdoor Seating; Cabins; Lodging,FALSE,https://www.google.com/maps/dir/?api=1&destination=Nellysford%2C%20VA%2022958
267,Love Ridge Mountain Lodging,love-ridge-mountain-lodging,Cabins & Cottages,stay,Lyndhurst,"Escape to the heart of Virginia’s Blue Ridge Mountains and immerse yourself in nature. Hike along the scenic Appalachian Trail, take a refreshing dip in Sherando Lake, and savor the region’s renowned craft breweries, wineries, and farm-to-table dining. Then, retreat to your private mountain cabin or secluded campsite at Love Ridge Mountain Lodging, where relaxation meets adventure.

Perched at 2,800 feet, Love Ridge offers breathtaking mountain views and direct access to the Blue Ridge Parkway, just past milepost 16 near Love, Virginia. Whether you’re planning a romantic getaway, family vacation, wedding, corporate retreat, or reunion, Love Ridge provides the perfect setting. Enjoy unparalleled outdoor access, with hiking, biking, and nature trails just steps from your door. Discover wildlife on our onsite Virginia Birding and Wildlife Trail, unwind in the hot tub with panoramic mountain views, or relax in peaceful outdoor spaces. Guests can retreat to private mountain cabins—some with hot tubs and fireplaces—or opt for a wooded campsite for a more immersive nature experience. With pet-friendly accommodations, even four-legged companions can join the adventure. Onsite, visitors enjoy Virginia Birding and Wildlife Trails, peaceful outdoor spaces, the game shed and outdoor lawn games and starlit nights by the fire, all while being just minutes from Nelson 151’s craft breweries and wineries.",,,https://ik.imagekit.io/OE/nelson-county/listings/love-ridge-mountain-lodging-image1_aUavRAzUY,Two illuminated cabins on stilts surrounded by trees in twilight.,https://ik.imagekit.io/OE/nelson-county/listings/love-ridge-mountain-lodging-image2_iYHKvRRV9,"Cozy living room with brown leather couch, wooden furniture, and kitchen area.",https://ik.imagekit.io/OE/nelson-county/listings/love-ridge-mountain-lodging-image3_fVzOXzzh8,"Spacious living room with sunlight, large windows, and cozy beige sectional sofa.",,(434) 299-5228,"31 Woodridge Trail, Lyndhurst, VA 22952",josh,,,https://www.google.com/maps/dir/?api=1&destination=31%20Woodridge%20Trail%2C%20Lyndhurst%2C%20VA%2022952,,,,,,,,,,,,,,Cabins; Full Service Resort; Lodging; Meeting Planners; Pet Friendly; Scenic Views,FALSE,https://www.google.com/maps/dir/?api=1&destination=31%20Woodridge%20Trail%2C%20Lyndhurst%2C%20VA%2022952
268,Open Heart Inn,open-heart-inn,Cabins & Cottages,stay,Roseland,"A historic property nestled on ten acres, Open Heart Inn offers boutique whole house or individual suite rentals in our 4 bedroom/4 bathroom farmhouse and charming cabin. Relax on the back deck, take in the mountain views, and get away from it all. We are tucked away and yet minutes from breweries, trails and more!

Originally built in 1840, the farmhouse at Open Heart Inn features four bedrooms, four full bathrooms, a gorgeous kitchen with reclaimed barnwood cabinets, a cozy living room with a wood stove, a yoga studio, and plenty of beautiful outdoor spaces. Located right on the famous Nelson Route 151, we are ideally located for exploring Nelson County hiking trails, wineries, breweries, and cideries, and we are less than 20 minutes to Wintergreen Resort. The farmhouse has the capacity to sleep up to 14 comfortably, and is baby and child friendly. Imagine going back to a simpler time, when you connected over candlelight and gazed at the stars for hours.",,,https://ik.imagekit.io/OE/nelson-county/listings/open-heart-inn-image1_vbafle-Vg,"White farmhouse with red roof, surrounded by trees and bushes, gravel driveway.",https://ik.imagekit.io/OE/nelson-county/listings/open-heart-inn-image2_Nw9TYm2NAw,"Yellow bathroom with white vanity, mirror, flowers, leading into bedroom.",,,,,"9731 Rockfish Valley Highway, Afton, VA 22920",josh,,,https://www.google.com/maps/dir/?api=1&destination=9731%20Rockfish%20Valley%20Highway%2C%20Afton%2C%20VA%2022920,,,,,,,,,,,,,,Cabins; Lodging; Farm,FALSE,https://www.google.com/maps/dir/?api=1&destination=9731%20Rockfish%20Valley%20Highway%2C%20Afton%2C%20VA%2022920
269,Hillside Hideaway,hillside-hideaway,Cabins & Cottages,stay,Wintergreen Resort,"A peaceful mountain Wintergreen stay awaits at this 3-bedroom, 2-bath vacation rental! Just a short walk from the ski lifts and lodge, and boasting 2 spacious outdoor seating areas, this cabin ensures you make the most of your time in the Blue Ridge Mountains!

Shenandoah National Park and Skyline Drive are just a scenic 30 miles away, while countless hiking trails, including the Appalachian Trail, are only minutes away. Golf, leaf-peeping, and blissful relaxation are nearby! Large wraparound deck with ample seating, fire pit, and gas grill. *Lodging descriptions are provided by the host and not independently verified. Contact Kailey DiFerdinando, kailey.watson19@gmail.com Staff on Site? No Pet-Friendly? Yes Located in Wintergreen",,,https://ik.imagekit.io/OE/nelson-county/listings/hillside-hideaway-image1_FLMr9ko8O,"Wooden cabin with wrap-around deck, nestled amid tall green trees.",https://ik.imagekit.io/OE/nelson-county/listings/hillside-hideaway-image2__cvRZ2F-5,"Modern living room with spiral staircase, large windows, and wooden beams.",,,,,"Wintergreen Resort, Roseland, VA 22967",josh,,,https://www.google.com/maps/dir/?api=1&destination=Wintergreen%20Resort%2C%20Roseland%2C%20VA%2022967,,,,,,,,,,,,,,Outdoor Seating; Fuel; Lodging; Skiing; Cabins; Pet Friendly,FALSE,https://www.google.com/maps/dir/?api=1&destination=Wintergreen%20Resort%2C%20Roseland%2C%20VA%2022967
270,Saddleback Sanctuary,saddleback-sanctuary,Cabins & Cottages,stay,Afton,"Welcome to Saddleback Sanctuary, your ultimate getaway nestled in the heart of Virginia’s wine country. Designed by award-winning architect Hugh Newell Jacobsen, this stunning luxury home offers iconic panoramic views of the Blue Ridge Mountains and the renowned Veritas Vineyard and Winery, setting the stage for an unforgettable experience.

The house features three primary suites, each with their own private en-suite, as well as ample living and dining space to enjoy your secluded time away. Dive into relaxation with your private indoor pool, where you can enjoy a swim year-round, no matter the weather. You will find every detail thoughtfully designed for your comfort. Indulge in plush, luxury linens that ensure a restful night’s sleep and experience the convenience of premium toiletries provided for your pampering. *Lodging descriptions are provided by the host and not independently verified. Contact Jamie Inlow, hello@bestillgetaways.com Staff on Site? No Pet-Friendly? No Located in Afton",,,https://ik.imagekit.io/OE/nelson-county/listings/saddleback-sanctuary-image1_SmI98BWB5,"Modern white house with black roofs, surrounded by trees and vineyard fields.",https://ik.imagekit.io/OE/nelson-county/listings/saddleback-sanctuary-image2_O8Hp1u6xe,"Bright living room with white sofas, skylights, large windows, and scenic views.",,,,,"Afton, VA 22920",josh,,,https://www.google.com/maps/dir/?api=1&destination=Afton%2C%20VA%2022920,,,,,,,,,,,,,,Cabins; Lodging; Pool; Scenic Views; Wine,FALSE,https://www.google.com/maps/dir/?api=1&destination=Afton%2C%20VA%2022920
157,Appalachian Horse Adventures,appalachian-horse-adventures,Horseback Riding,experience,Nelson County,"Located in Montebello, Appalachian Horse Adventures offers a riding experience for everyone – from children as young as 6, who have dreamed of being on horseback, to experienced trail riders looking to explore the scenic Blue Ridge Mountains and ford the Tye River.",,,https://ik.imagekit.io/OE/nelson-county/listings/appalachian-horse-adventures-image1_B6_FpaVfT,Three people horseback riding near a rustic cabin in the forest.,,,,,,(540) 487-9235,"396 Fork Mountain Lane, Montebello, VA 24464",josh,,,https://www.google.com/maps/dir/?api=1&destination=396%20Fork%20Mountain%20Lane%2C%20Montebello%2C%20VA%2024464,,,,,,,,,,,,,,Scenic Views; Family Friendly; Hiking; Equestrian; Biking; Water Sports,FALSE,https://www.google.com/maps/dir/?api=1&destination=396%20Fork%20Mountain%20Lane%2C%20Montebello%2C%20VA%2024464
272,Nonny Cottage,nonny-cottage,Cabins & Cottages,stay,Vesuvius,"A small two bedroom remote cottage with a full kitchen, one bathroom, washer/dryer, grill and firepit. A remote and quiet location just off the Blue Ridge Parkway. *Lodging descriptions are provided by the host and not independently verified. Contact Sally Northcott-Mayes, snmayes@vbschools.com Staff on Site? No Pet-Friendly?

Yes Located in Vesuvius Small two bedroom remote cottage with a full kitchen, one bathroom, washer/dryer, grill and firepit.",,,https://ik.imagekit.io/OE/nelson-county/listings/nonny-cottage-image1__YMAk87uO,"Single-story house with wooden deck, surrounded by trees and lush greenery.",https://ik.imagekit.io/OE/nelson-county/listings/nonny-cottage-image2_T1hIUertm,"Cozy living room with sofa, lamp, and wooden floor leading to dining area.",,,,,"Love, VA 22920",josh,,,https://www.google.com/maps/dir/?api=1&destination=Love%2C%20VA%2022920,,,,,,,,,,,,,,Full Kitchen; Outdoor Seating; Pet Friendly; Scenic Views; Cabins; Lodging,FALSE,https://www.google.com/maps/dir/?api=1&destination=Love%2C%20VA%2022920
158,Rebel's Run at Afton Mountain,rebels-run-at-afton-mountain,Horseback Riding,experience,Afton,"Offering trail rides, English and Western lessons and summer camps.",,,https://ik.imagekit.io/OE/nelson-county/listings/rebel-s-run-at-afton-mountain-image1_A6RPb2V4_,"Two people horseback riding on forest trail, wearing helmets, smiling back.",,,,,,(703) 623-5243,"1020 Rockfish Valley Highway, Nellysford, VA 22958",josh,,,https://www.google.com/maps/dir/?api=1&destination=1020%20Rockfish%20Valley%20Highway%2C%20Nellysford%2C%20VA%2022958,,,,,,,,,,,,,,Wine; Classes; Hiking; Equestrian; Biking; Farm; Tastings,FALSE,https://www.google.com/maps/dir/?api=1&destination=1020%20Rockfish%20Valley%20Highway%2C%20Nellysford%2C%20VA%2022958
274,Basecamp 151,basecamp-151,Motels & Inns,stay,Afton,Basecamp 151 is the only boutique motel located on Nelson 151!,,,https://ik.imagekit.io/OE/nelson-county/listings/basecamp-151-image1_ikQA2XFDb,"Building with gray siding, bright yellow door, and 'BASECAMP 151' sign.",https://ik.imagekit.io/OE/nelson-county/listings/basecamp-151-image2_luooTicGU,"Modern living room with dark sofa, wooden walls, and geometric rug design.",,,,(434) 422-0015,"2904 Rockfish Valley Highway, Nellysford, VA 22958",josh,,,https://www.google.com/maps/dir/?api=1&destination=2904%20Rockfish%20Valley%20Highway%2C%20Nellysford%2C%20VA%2022958,,,,,,,,,,,,,,Wi-Fi; Pet Friendly; Lodging,FALSE,https://www.google.com/maps/dir/?api=1&destination=2904%20Rockfish%20Valley%20Highway%2C%20Nellysford%2C%20VA%2022958
275,Oak Ledge,oak-ledge,Cabins & Cottages,stay,Wintergreen Resort,"Discover our peaceful retreat at Oak Ledge, a charming 3BR, 2.5 BA cabin just steps from Wintergreen Resort. Newly renovated in 2023. Family-friendly, Oak Ledge offers all the support you need to getaway including: high-speed fiber WIFI, smart TV's, large dining table and fully equipped kitchen.

Immerse yourself in the outdoors, from exploring the many trails to touring local hot spots along the Nelson 151. After a day of fun, relax with a refreshing drink on the deck as the sun sets. Exterior living with fire table, BBQ grill Two living rooms Hi-speed fiber Central AC Smart TVs Nespresso French Press Mini fridge Community outdoor pool access *Lodging descriptions are provided by the host and not independently verified. Contact Tyler Sells, hello@designspark.properties Staff on Site? No Pet-Friendly? Yes Located in Wintergreen Small two bedroom remote cottage with a full kitchen, one bathroom, washer/dryer, grill and firepit.",,,https://ik.imagekit.io/OE/nelson-county/listings/oak-ledge-image1_z8yIdbe06,Cabin surrounded by vibrant autumn trees on sunny day.,https://ik.imagekit.io/OE/nelson-county/listings/oak-ledge-image2_sA6TYYAI-,"Spacious living room with brown furniture, large windows, and a fireplace.",,,,,"Wintergreen Resort, Roseland, VA 22967",josh,,,https://www.google.com/maps/dir/?api=1&destination=Wintergreen%20Resort%2C%20Roseland%2C%20VA%2022967,,,,,,,,,,,,,,Wi-Fi; Full Kitchen; Outdoor Seating; Cabins; Pet Friendly; Lodging,FALSE,https://www.google.com/maps/dir/?api=1&destination=Wintergreen%20Resort%2C%20Roseland%2C%20VA%2022967
132,Walton's Mountain Museum,waltons-mountain-museum,Museums & Heritage,culture,Schuyler,"The Walton’s Mountain Museum showcases the television show of the 1960s, “The Waltons”.",,,https://ik.imagekit.io/OE/nelson-county/listings/walton-s-mountain-museum-image1_ENJGZOEIs,"Brick building labeled 'Walton's Mountain Museum' with nearby sign, trees, and sunlight.",,,,,,(434) 831-2000,"6484 Rockfish River Road, Schuyler, VA 22969",josh,,,https://www.google.com/maps/dir/?api=1&destination=6484%20Rockfish%20River%20Road%2C%20Schuyler%2C%20VA%2022969,,,,,,Overview,"<p>Walton’s Mountain Museum preserves the history and cultural heritage of Nelson County. Exhibits focus on local life, craftsmanship, music traditions, and notable residents who shaped the region.</p>",Museum Experience,<p>Visitors can explore indoor exhibits as well as outdoor features that reflect rural mountain life. Displays are designed to provide context and storytelling rather than formal gallery interpretation.</p>,Planning Your Visit,<p>The museum is well suited for visitors interested in local history and community heritage. Time spent here can be easily combined with nearby walking routes or other historic sites.</p>,,,Retail; Seasonal Menu; Museum,FALSE,https://www.google.com/maps/dir/?api=1&destination=6484%20Rockfish%20River%20Road%2C%20Schuyler%2C%20VA%2022969
277,Wintergreen Getaway for Families,wintergreen-getaway-for-families,Whole House Rentals,stay,Wintergreen Resort,"Relax under the star-lit sky or cozy up on a comfy sofa around the indoor fireplace for a fun-filled evening with family and friends. Walking distance to a breathtaking view of sunrise and sunset over the hills and valleys below.

Sleeps 8: Q, Q, 2x Single, 2x Single Great Room with 52' TV Dining table: 8 + breakfast bar TVs in every bedroom Fully-stocked kitchen FAST Wi-Fi In-unit W/D Pet fee $150. Seasonal pool/tennis included. Resort access not included. 4min drive to Wintergreen skiing. The entire home is yours to enjoy! Four season resort with tons of outdoor activities and a retreat for the whole family. *Lodging descriptions are provided by the host and not independently verified. Contact Christopher Battle, chrisbattle@gmail.com Staff on Site? No Pet-Friendly? Yes Located in Wintergreen Small two bedroom remote cottage with a full kitchen, one bathroom, washer/dryer, grill and firepit.",,,https://ik.imagekit.io/OE/nelson-county/listings/wintergreen-getaway-for-families-image1_xRak2O25W,"Yellow house with snow-covered roof, surrounded by snow and evergreen trees.",https://ik.imagekit.io/OE/nelson-county/listings/wintergreen-getaway-for-families-image2_eLXm2rYc6,"Spacious living room with colorful sofas, adjacent kitchen, and wooden flooring.",,,,,"Wintergreen Resort, Roseland, VA 22967",josh,,,https://www.google.com/maps/dir/?api=1&destination=Wintergreen%20Resort%2C%20Roseland%2C%20VA%2022967,,,,,,,,,,,,,,Family Friendly; Pet Friendly; Outdoor Seating; Pool; Tennis; Seasonal Menu,FALSE,https://www.google.com/maps/dir/?api=1&destination=Wintergreen%20Resort%2C%20Roseland%2C%20VA%2022967
278,Wintergreen Resort Cabin,wintergreen-resort-cabin,Cabins & Cottages,stay,Wintergreen Resort,"Get away with your adventure-loving friends or family and stay at this chic 3-bedroom, 2.5-bath cabin nestled in the woods! The cabin is ideally located within the Wintergreen Resort, allowing easy access to ski slopes, the Appalachian Trail, Blue Ridge Parkway, and golf courses. After a busy day of outdoor recreation, grab a beer from a local brewery or sample from a winery.

Cap off your evenings with a relaxing game night in by the gas fireplace, or fire up the gas grill for a barbecue! Tucked towards to back of the Resort Close to Shamokin Springs Trailhead Close to Chestnut Springs Pool *Lodging descriptions are provided by the host and not independently verified. Contact Scott & Keli Davis, wtgcabin@gmail.com Staff on Site? No Pet-Friendly? No Located in Wintergreen",,,https://ik.imagekit.io/OE/nelson-county/listings/wintergreen-resort-cabin-image1_usN-BJKnP,"Two-story house with deck, surrounded by autumn trees, overcast sky.",https://ik.imagekit.io/OE/nelson-county/listings/wintergreen-resort-cabin-image2_pTyogduKY,"Cozy living room with gray sectional sofa, wooden ceiling, stairs, and wall art.",,,,,"Wintergreen Resort, Roseland, VA 22967",josh,,,https://www.google.com/maps/dir/?api=1&destination=Wintergreen%20Resort%2C%20Roseland%2C%20VA%2022967,,,,,,,,,,,,,,Fuel; Outdoor Seating; Adventure; Resort; Cabins; Scenic Views; Lodging; Appalachian Trail,FALSE,https://www.google.com/maps/dir/?api=1&destination=Wintergreen%20Resort%2C%20Roseland%2C%20VA%2022967
279,Bluebird Cottage,bluebird-cottage,Cabins & Cottages,stay,Roseland,"Welcome to Bluebird Cottage! This house is less than a mile from Devil's Backbone Brewery; nestled at the bottom of Wintergreen Resort. Located near several local wineries, breweries, and distilleries along 151 as well as the Appalachian Trail, it is the perfect spot to stay during a trip to Nelson County.

Location Great for hiking Quaint ambiance *Lodging descriptions are provided by the host and not independently verified. Contact Ben Butler, caplerhomes@msn.com Staff on Site? No Pet-Friendly? Yes Located in Roseland",,,https://ik.imagekit.io/OE/nelson-county/listings/bluebird-cottage-image1_oyrVGESN2,Blue house with red chimney surrounded by large green trees and mountains.,https://ik.imagekit.io/OE/nelson-county/listings/bluebird-cottage-image2_f4Gyyn1fq,"Cozy living room with sofas, wooden table, ceiling fan, and brick fireplace.",,,,,"Roseland, VA 22967",josh,,,https://www.google.com/maps/dir/?api=1&destination=Roseland%2C%20VA%2022967,,,,,,,,,,,,,,Scenic Views; Beer; Breakfast; Pet Friendly; Cabins; Lodging,FALSE,https://www.google.com/maps/dir/?api=1&destination=Roseland%2C%20VA%2022967
280,Bear Tracks Cottage,bear-tracks-cottage,Cabins & Cottages,stay,Nellysford,"Welcome to Bear Tracks Cottage! This beautiful cabin is tucked away, giving guests a private retreat in Nelson County, but still with easy accessibility to award wining wineries, breweries, and distilleries along the 151 Trail. This cabin features 3 floors, plus ample outdoor space featuring a fire pit, large deck with grill, and hot tub.

Come explore the Blue Ridge Mountains in this newly restored cabin. Location Private Retreat Great family spot *Lodging descriptions are provided by the host and not independently verified. Contact Ben Butler, caplerhomes@msn.com Staff on Site? No Pet-Friendly? Yes Located in Nellysford",,,https://ik.imagekit.io/OE/nelson-county/listings/bear-tracks-cottage-image1_ao9s_vNaj,"Wooden cabin surrounded by lush green forest, with blue chairs outside.",https://ik.imagekit.io/OE/nelson-county/listings/bear-tracks-cottage-image2_93gHVwAsE,"Rustic cabin interior with wooden walls, loft, and cozy seating area.",,,,,"Roseland, VA 22967",josh,,,https://www.google.com/maps/dir/?api=1&destination=Roseland%2C%20VA%2022967,,,,,,,,,,,,,,Cabins; Outdoor Seating; Breakfast; Pet Friendly,FALSE,https://www.google.com/maps/dir/?api=1&destination=Roseland%2C%20VA%2022967
281,Faber Farmhouse,faber-farmhouse,Cabins & Cottages,stay,Faber,"Welcome to Faber Farmhouse, conveniently located in Faber, VA with easy access to the Nelson 151 corridor, Charlottesville, and the quaint town of Scottsville. This house features ample space for quest, including 4 bedrooms, 2 living rooms, large deck and open concept kitchen and dining space.

This house is located right across the street from Rock Spring Mountain Farm Wedding Venue and is just minutes from multiple wineries, breweries and distilleries. Location Large spaces for gathering *Lodging descriptions are provided by the host and not independently verified. Contact Ben Butler, caplerhomes@msn.com Staff on Site? No Pet-Friendly? Yes Located in Faber",,,https://ik.imagekit.io/OE/nelson-county/listings/faber-farmhouse-image1_ijDX83k94,"White two-story house with black roof, deck, surrounded by bare trees.",https://ik.imagekit.io/OE/nelson-county/listings/faber-farmhouse-image2_IEnn8lZNO,"Living room with brown sofa, striped chairs, wooden table, ceiling fan.",,,,,"Faber, VA 22938",josh,,,https://www.google.com/maps/dir/?api=1&destination=Faber%2C%20VA%2022938,,,,,,,,,,,,,,Outdoor Seating; Full Kitchen; Events; Breakfast; Pet Friendly; Cabins; Lodging; Farm,FALSE,https://www.google.com/maps/dir/?api=1&destination=Faber%2C%20VA%2022938
282,Wintergreen - Fairway Woods,wintergreen-fairway-woods,Vacation Rentals,stay,Wintergreen Resort,"Discover the beauty of Wintergreen Resort, VA, and indulge in a memorable stay at this 2-bedroom, 2-bathroom vacation rental condo. Featuring a cozy fireplace, outdoor seating, and an electric grill, this condo offers the perfect blend of comfort and convenience. Explore the nearby Blue Ridge Mountains for scenic hikes or hit the slopes on-site for some thrilling skiing.

After a day of adventure, relax on the private balcony and take in the serene views. Your ultimate mountain getaway awaits! Great Views! *Lodging descriptions are provided by the host and not independently verified. Contact Dan Ryan, dryan6460@yahoo.com Staff on Site? No Pet-Friendly? Yes Located in Wintergreen",,,https://ik.imagekit.io/OE/nelson-county/listings/wintergreen-fairway-woods-image1_M5rehxu4c,"Wooden deck with tables, surrounded by trees, adjacent to house with large windows.",https://ik.imagekit.io/OE/nelson-county/listings/wintergreen-fairway-woods-image2_UFqwGpLGY,Cozy living room and dining area with large windows and wooden furniture.,,,,,"Wintergreen Resort, Roseland, VA 22967",josh,,,https://www.google.com/maps/dir/?api=1&destination=Wintergreen%20Resort%2C%20Roseland%2C%20VA%2022967,,,,,,,,,,,,,,Scenic Views; Pet Friendly; Golf,FALSE,https://www.google.com/maps/dir/?api=1&destination=Wintergreen%20Resort%2C%20Roseland%2C%20VA%2022967
159,Oakland Museum,oakland-museum,Museums & Heritage,culture,Arrington,The Oakland Museum is in a historic tavern with exhibits on Rural Electrification in Nelson County in the 1930s and Hurricane Camille and its devastation on Nelson County in 1969.,,,https://ik.imagekit.io/OE/nelson-county/listings/oakland-museum-image1_yQz44DJPF,Red brick house with green roof and white stairs in sunlight.,,,,,,(434) 263-8400,"5365 Thomas Nelson Highway, Arrington, VA",josh,,,https://www.google.com/maps/dir/?api=1&destination=5365%20Thomas%20Nelson%20Highway%2C%20Arrington%2C%20VA%2022922,,,,,,,,,,,,,,Seasonal Menu; Museum,FALSE,https://www.google.com/maps/dir/?api=1&destination=5365%20Thomas%20Nelson%20Highway%2C%20Arrington%2C%20VA%2022922
284,Peaktime,peaktime,Whole House Rentals,stay,Roseland,"One bedroom apartment with a small kitchen. Beautiful Views Peaceful Hot Tub *Lodging descriptions are provided by the host and not independently verified. Contact Leigh Houghland, lhoughland@gmail.com Staff on Site? No Pet-Friendly? No Located in Roseland",,,https://ik.imagekit.io/OE/nelson-county/listings/peaktime-image1_Bo91oWibu,"Wooden house with solar panels, surrounded by greenery, under clear blue sky.",https://ik.imagekit.io/OE/nelson-county/listings/peaktime-image2_iELPAfFAd,"Living room with couches, colorful bear painting, and wooden wall.",,,,,"Afton, VA 22920",josh,,,https://www.google.com/maps/dir/?api=1&destination=Afton%2C%20VA%2022920,,,,,,,,,,,,,,Scenic Views; Full Kitchen; Cabins; Lodging,FALSE,https://www.google.com/maps/dir/?api=1&destination=Afton%2C%20VA%2022920
285,Hawthorne,hawthorne,Cabins & Cottages,stay,Nellysford,"Entire small guest house/log cabin. Living room with wood burning fireplace, small kitchen, bedroom with queen bed and full bathroom. Outdoor fireplace and deck looking into the woods. Hand-built of locally-harvested cedar logs Secluded peaceful location just minutes from the 151 corridor Beautiful sunrise views *Lodging descriptions are provided by the host and not independently verified.

Contact Cathleen Coyle, coyleflowers@gmail.com Staff on Site? Yes Pet-Friendly? No Located in Nellysford",,,https://ik.imagekit.io/OE/nelson-county/listings/hawthorne-image1_ZabwDQhh2,Rustic cabin with stone chimney surrounded by lush trees and greenery.,https://ik.imagekit.io/OE/nelson-county/listings/hawthorne-image2_ru72cyv12,"Cozy rustic cabin interior with kitchenette, fireplace, wooden shelves, and wicker baskets.",,,,,"Afton, VA 22920",josh,,,https://www.google.com/maps/dir/?api=1&destination=Afton%2C%20VA%2022920,,,,,,,,,,,,,,Cabins; Outdoor Seating; Lodging,FALSE,https://www.google.com/maps/dir/?api=1&destination=Afton%2C%20VA%2022920
286,Rockfish Tiny Home,rockfish-tiny-home,Whole House Rentals,stay,Schuyler,"Modern tiny home central to many wineries and breweries. Includes a hot tub, firepit, outdoor hanging swing and spacious interior. *Lodging descriptions are provided by the host and not independently verified. Contact Daniel Urban, rockfishtinyhome@gmail.com Staff on Site? No Pet-Friendly? No Located in Schuyler",,,https://ik.imagekit.io/OE/nelson-county/listings/rockfish-tiny-home-image1_fBeoUJWL3,"Modern cabin with black trim, hot tub, and snow-covered yard under sunlight.",https://ik.imagekit.io/OE/nelson-county/listings/rockfish-tiny-home-image2_ieLcxH-yFI,"Modern living room with loft, ladder, sofa, and nature view through glass doors.",,,,,"Schuyler, VA 22969",josh,,,https://www.google.com/maps/dir/?api=1&destination=Schuyler%2C%20VA%2022969,,,,,,,,,,,,,,Outdoor Seating; Cabins; Lodging; Fishing,FALSE,https://www.google.com/maps/dir/?api=1&destination=Schuyler%2C%20VA%2022969
287,Tupelo,tupelo,Whole House Rentals,stay,Roseland,"Tupelo is a charming 1900 square foot Blue Ridge Bungalow nestled on one acre in the enchanting Rockfish River Valley. Three bedrooms and two full baths host up to 8 guests comfortably. Enjoy the cozy gas woodstove or outdoor firepit. Each bedroom features black out curtains for a restful sleep. Remote workers and students will find a workstation in the primary bedroom.

Tupelo offers highspeed internet to stay connected during your mountain stay. Pet and family friendly. Tupelo is newly remodeled, featuring fresh carpets, recycled glass and concrete countertops and new appliances while maintaining it's rustic charm. With original and reclaimed wood flooring and tin roof. A stay at Tupelo is just a stones throw from the Wintergreen Resort entrance, plus a straight shot to Rt. 151 for touring renowned breweries, cideries and vineyards. Tupelo sits just between the Blue Ridge Parkway and Rt. 151 in the heart of everything that Nelson County is known for. *Lodging descriptions are provided by the host and not independently verified. Contact Lauren Bishop, lauren.lam@gmail.com Staff on Site? No Pet-Friendly? Yes Located in Roseland",,,https://ik.imagekit.io/OE/nelson-county/listings/tupelo-image1_UQyvDRap6,"Small blue house with red door, surrounded by green grass and trees.",https://ik.imagekit.io/OE/nelson-county/listings/tupelo-image2_YEMlCkGfY,"Cozy bedroom with white bedding, artwork, lamps, and a large window view.",,,,,"Nellysford, VA 22958",josh,,,https://www.google.com/maps/dir/?api=1&destination=Nellysford%2C%20VA%2022958,,,,,,,,,,,,,,Fuel; Pet Friendly; Scenic Views,FALSE,https://www.google.com/maps/dir/?api=1&destination=Nellysford%2C%20VA%2022958
288,"The Vu, Afton",the-vu-afton,Cabins & Cottages,stay,Afton,"This spacious bright and airy home was just renovated to take full advantage of the jaw-dropping 360º views surrounding the property. In fact, every room has a view including the main living room which captures breathtaking sunrises and sunsets — all from the same seat! The house has all the amenities of modern living with the comforts of home — and some added luxuries.

All 3 bedrooms are suites with private bathrooms (and include white noise sound machines!), making the layout perfect for multiple couples to share. The loft offers another cozy addition with a comfy queen pullout sofa bed. Those who love to cook will enjoy the spacious, modern kitchen that is well equipped with all stainless appliances and essentials to prepare a gourmet meal. Included are multi-piece cooking and baking sets, Dutch oven, food processor, crock pot, Instapot, blender and more. The open floor plan offers comfortable seating at the kitchen island and den so you can chat with others while cooking. Perched atop a grassy knoll of peaceful meadows with 360º views of the Blue Ridge Mountains, this newly renovated Afton home is the perfect retreat. Located just off the famous Route 151, the house is conveniently situated near everything you could ask for in your mountain getaway. Whether you want to be adventurous and hike or ski, or take in the region's award-winning wineries and breweries, everything is just a few miles away. But when you're here, leaving will be the hardest thing to do! *Lodging descriptions are provided by the host and not independently verified. Contact Emily Hutter, emilyhgreenwood@gmail.com Staff on Site? No Pet-Friendly? No Located in Afton",,,https://ik.imagekit.io/OE/nelson-county/listings/the-vu-afton-image1_S5BCcnudC,Fire pit with chairs in front of illuminated house at night.,https://ik.imagekit.io/OE/nelson-county/listings/the-vu-afton-image2_tWSkRspw9,"Cozy living room with armchairs, fireplace, large windows, and antler chandelier.",,,,,"Afton, VA 22920",josh,,,https://www.google.com/maps/dir/?api=1&destination=Afton%2C%20VA%2022920,,,,,,,,,,,,,,Lodging; Scenic Views; Full Kitchen; Cabins,FALSE,https://www.google.com/maps/dir/?api=1&destination=Afton%2C%20VA%2022920
289,Serenity Summit,serenity-summit,Whole House Rentals,stay,Wintergreen Resort,"Discover the perfect getaway at Serenity Summit a stunning 3BR, 3.5 BA home nestled in the heart of Wintergreen Resort. Ideal for families and friends, this spacious retreat sleeps 8 and offers the perfect blend of comfort, modern amenities, and serene natural surroundings.

Airy, open concept living space with vaulted ceiling and wood-burning stove-fireplace Exterior living with fire table Two living rooms High-speed fiber Wi-Fi, entertainment center Fully equipped kitchen Outdoor pool. (seasonal availability) *Lodging descriptions are provided by the host and not independently verified. Contact Tyler & Meredith, hello@designspark.properties Staff on Site? No Pet-Friendly? No Located in Wintergreen Resort",,,https://ik.imagekit.io/OE/nelson-county/listings/serenity-summit-image1_cNQynxSjz,Brown house surrounded by vibrant autumn trees and foliage.,https://ik.imagekit.io/OE/nelson-county/listings/serenity-summit-image2_RAnt8nyEV,"Spacious living room with fireplace, large windows, brown sofa, and wooden floor.",,,,,"Wintergreen Resort, Roseland, VA 22967",josh,,,https://www.google.com/maps/dir/?api=1&destination=Wintergreen%20Resort%2C%20Roseland%2C%20VA%2022967,,,,,,,,,,,,,,Family Friendly; Lodging,FALSE,https://www.google.com/maps/dir/?api=1&destination=Wintergreen%20Resort%2C%20Roseland%2C%20VA%2022967
290,The Wooder House,the-wooder-house,Cabins & Cottages,stay,Nellysford,"The Wooder House is a 1,900-square-foot four-bedroom, pet-friendly home on a 38-acre forest property with huge windows, fire pit, and outdoor patio.",,,https://ik.imagekit.io/OE/nelson-county/listings/the-wooder-house-image1_d3RyCyPHT,Wooden house surrounded by lush green forest and trees.,https://ik.imagekit.io/OE/nelson-county/listings/the-wooder-house-image2_aqCMSRELO,"Cozy living room with large windows, green trees outside, and comfy sofa.",,,,,"Roseland, VA 22967",josh,,,https://www.google.com/maps/dir/?api=1&destination=Roseland%2C%20VA%2022967,,,,,,,,,,,,,,Scenic Views; Outdoor Seating; Pet Friendly; Cabins; Lodging,FALSE,https://www.google.com/maps/dir/?api=1&destination=Roseland%2C%20VA%2022967
291,The Ash House at Holland Hill,the-ash-house-at-holland-hill,Cabins & Cottages,stay,Faber,"The Ash House at Holland Hill is a modern cabin with hot tub, fireplace, and mountain views designed for stargazing and stylish Blue Ridge escapes.",,,https://ik.imagekit.io/OE/nelson-county/listings/the-ash-house-at-holland-hill-image1_uMIyEQ7ty,Black wooden cabin surrounded by autumn foliage and sunlight on sloping hill.,https://ik.imagekit.io/OE/nelson-county/listings/the-ash-house-at-holland-hill-image2_WEdUSCUn_,"Spacious living room with wooden beams, black accents, modern furniture, large windows.",,,,,"Nellysford, VA 22958",josh,,,https://www.google.com/maps/dir/?api=1&destination=Nellysford%2C%20VA%2022958,,,,,,,,,,,,,,Cabins; Scenic Views; Lodging,FALSE,https://www.google.com/maps/dir/?api=1&destination=Nellysford%2C%20VA%2022958
292,D & D's Mountain Home,d-ds-mountain-home,Whole House Rentals,stay,Wintergreen Resort,"Immaculate, newly renovated, 2 BR, 2 BA Condo in the Stone Ridge Area of Wintergreen Resort. 1100 square feet of private living space also includes open living/dining area, featuring gas fireplace lies next to galley kitchen, laundry area. Home is fully furnished with outdoor patio with living area. We are located just above the 18th hole of Wintergreen Resorts Devil's Knob Golf Course.

During the summer months our outdoor living space is the perfect spot to observe golfers below. We're close to restaurants, wineries, the Blue Ridge Parkway and various hiking trails along the Appalachian Trail. We are a four seasons home. *Lodging descriptions are provided by the host and not independently verified. Contact David Blackstock, debbstock@outlook.com Staff on Site? No Pet-Friendly? No Located in Wintergreen Resort",,,https://ik.imagekit.io/OE/nelson-county/listings/d-d-s-mountain-home-image1_PzXkSUD2Q,Wooden railing and stairway beside house with sloped roof surrounded by trees.,https://ik.imagekit.io/OE/nelson-county/listings/d-d-s-mountain-home-image2_NTKDLMan4,"Cozy living room with sofa, lamps, and table by large glass doors.",,,,,"Wintergreen Resort, Roseland, VA 22967",josh,,,https://www.google.com/maps/dir/?api=1&destination=Wintergreen%20Resort%2C%20Roseland%2C%20VA%2022967,,,,,,,,,,,,,,Fuel; Outdoor Seating; Scenic Views; Cabins; Lodging; Golf,FALSE,https://www.google.com/maps/dir/?api=1&destination=Wintergreen%20Resort%2C%20Roseland%2C%20VA%2022967
293,Bear Creek Inn,bear-creek-inn,Cabins & Cottages,stay,Tyro,"2-3 Bedroom Cottage with large fenced in yard for pets. Quiet, peaceful place with year round trout stream. Minutes from both Nelson 151, Crabtree Falls, Wintergreen and George Washington National Forest. Several minutes to Appalachian Trail access. Pet friendly. *Lodging descriptions are provided by the host and not independently verified.

Contact Michael Sexton, msexton478@yahoo.com Staff on Site? No Pet-Friendly? Yes Located in Tyro",,,https://ik.imagekit.io/OE/nelson-county/listings/bear-creek-inn-image1_Z8eqXrcOM,Creek flowing past tree and brick house with red roof.,https://ik.imagekit.io/OE/nelson-county/listings/bear-creek-inn-image2_xQtRkgnIL,"Cozy sunroom with green walls, vintage rug, sofa, large windows, and hanging light.",,,,(434) 277-5305,"Tyro, VA 22976",josh,,,https://www.google.com/maps/dir/?api=1&destination=Tyro%2C%20VA%2022976,,,,,,,,,,,,,,Pet Friendly; Outdoor Seating; Cabins; Lodging,FALSE,https://www.google.com/maps/dir/?api=1&destination=Tyro%2C%20VA%2022976
294,"Cookie's Place, LLC",cookies-place-llc,Cabins & Cottages,stay,Afton,"3 BR, 2 Baths and a private pool. Pool, mountain views, quiet yet close to everything, hiking, skiing, restaurants, wineries, breweries, distilleries, Waynesboro and Charlottesville. *Lodging descriptions are provided by the host and not independently verified. Contact Myra Brent-McGarry, mbrentmcgarry@gmail.com Staff on Site? No Pet-Friendly? No Located in Afton",,,https://ik.imagekit.io/OE/nelson-county/listings/cookie-s-place-llc-image1_YqXSl7cuY,Black patio furniture set on wooden deck near grassy lawn and tennis court.,https://ik.imagekit.io/OE/nelson-county/listings/cookie-s-place-llc-image2_ipVqKBcc4,"Modern living room with gray sectional sofa, wood table, and ceiling fan.",,,,,"Afton, VA 22920",josh,,,https://www.google.com/maps/dir/?api=1&destination=Afton%2C%20VA%2022920,,,,,,,,,,,,,,Scenic Views; Pool; Pet Friendly; Cabins; Lodging; Hiking,FALSE,https://www.google.com/maps/dir/?api=1&destination=Afton%2C%20VA%2022920
295,Bearfeet Retreat,bearfeet-retreat,Cabins & Cottages,stay,Wintergreen Resort,"Cozy family cabin that sleeps 8 (K, Q, 2x twin bunks) tucked away in a quiet cul-de-sac. It's the ideal mountain getaway offering the best of seasonal activities like hiking, fishing, swimming, skiing, brewery and orchard tours. 1/4 mile from Wintergreen Resort & Ski Slopes, yet also close to the 'Valley' where there are many restaurants, wineries, breweries and cideries.

Soaring cathedral ceilings with open concept & lots of lights, fast wifi, smart tv, fully equipped kitchen, wood burning fireplace, wrap around deck, DVD's games and more. Trail located right behind house. Great location-close to slopes, and closer to the Valley. Quiet cul-de-sac with extra parking. Trees surrounding area for quiet and calm. *Lodging descriptions are provided by the host and not independently verified. Contact Lydia Powell, lydiapowell75@gmail.com Staff on Site? No Pet-Friendly? No Located in Wintergreen Cozy family cabin that sleeps 8 (K, Q, 2x twin bunks) tucked away in a quiet cul-de-sac. It's the ideal mountain getaway offering the best of seasonal activities like hiking, fishing, swimming, skiing, brewery and orchard tours. 1/4 mile from Wintergreen Resort & Ski Slopes, yet also close to the 'Valley' where there are many restaurants, wineries, breweries and cideries. Cozy family cabin that sleeps 8 (K, Q, 2x twin bunks) tucked away in a quiet cul-de-sac. It's the ideal mountain getaway offering the best of seasonal activities like hiking, fishing, swimming, skiing, brewery and orchard tours. 1/4 mile from Wintergreen Resort & Ski Slopes, yet also close to the 'Valley' where there are many restaurants, wineries, breweries and cideries.",,,https://ik.imagekit.io/OE/nelson-county/listings/bearfeet-retreat-image1_Bi1vj6inZ,Rustic cabin surrounded by trees and wooden fence in a green landscape.,https://ik.imagekit.io/OE/nelson-county/listings/bearfeet-retreat-image2_a1pK4Hztg,"Fire pit on wooden table, surrounded by chairs on porch, with forest view.",,,,,"Wintergreen Resort, Roseland, VA 22967",josh,,,https://www.google.com/maps/dir/?api=1&destination=Wintergreen%20Resort%2C%20Roseland%2C%20VA%2022967,,,,,,,,,,,,,,Outdoor Seating; Wi-Fi; Parking; Cabins; Lodging; Farm,FALSE,https://www.google.com/maps/dir/?api=1&destination=Wintergreen%20Resort%2C%20Roseland%2C%20VA%2022967
296,Peaceful Mountain Getaway,peaceful-mountain-getaway,Whole House Rentals,stay,Nellysford,"One story , three bedroom, two bath , well stocked house in Rodes Valley. A part of Wintergreen Very private with beautiful views Just off Rt 151 near vineyards and breweries Very private Beautiful views Lots of wildlife *Lodging descriptions are provided by the host and not independently verified. Contact Laurie Reilly, lblreilly@icloud.com Staff on Site? No Pet-Friendly?

Yes Located in Nellysford",,,https://ik.imagekit.io/OE/nelson-county/listings/peaceful-mountain-getaway-image1_Ww7fTws2q,"Rustic wooden house surrounded by trees, with person sitting on front porch.",https://ik.imagekit.io/OE/nelson-county/listings/peaceful-mountain-getaway-image2_TEA5EbfCs,"Wooden dining table with chairs, floral centerpiece, adjacent large windows.",,,,,"Wintergreen Resort, Nellysford, VA 22958",josh,,,https://www.google.com/maps/dir/?api=1&destination=Wintergreen%20Resort%2C%20Nellysford%2C%20VA%2022958,,,,,,,,,,,,,,Scenic Views; Pet Friendly; Family Friendly,FALSE,https://www.google.com/maps/dir/?api=1&destination=Wintergreen%20Resort%2C%20Nellysford%2C%20VA%2022958
297,The Afton House,the-afton-house,Whole House Rentals,stay,Afton,"The Afton House is a luxury mountain home with sweeping views, multiple gathering spaces, and accommodations for up to sixteen guests.",,,https://ik.imagekit.io/OE/nelson-county/listings/the-afton-house-image1_BWCet3f9Y,"Modern house with large windows, lit interior, against sunset sky and bare trees.",https://ik.imagekit.io/OE/nelson-county/listings/the-afton-house-image2_sGu2sep1w,"Cozy room with wooden table, chairs, blue shelves, and checkered curtains.",,,,,"Afton, VA 22920",josh,,,https://www.google.com/maps/dir/?api=1&destination=Afton%2C%20VA%2022920,,,,,,,,,,,,,,Lodging; Scenic Views,TRUE,https://www.google.com/maps/dir/?api=1&destination=Afton%2C%20VA%2022920
298,THE LITTLE FARMHOUSE,thelittlefarmhouse,Cabins & Cottages,stay,Afton,"The Little Farmhouse, also known as Cheval Circle, is a rustic-modern home with multiple seating areas, dining for 10, large porch, and horse farm views.",,,https://ik.imagekit.io/OE/nelson-county/listings/the-little-farmhouse-image1_HWH41F4Vf,"White house with front porch, green lawn, surrounded by trees in sunlight.",https://ik.imagekit.io/OE/nelson-county/listings/the-little-farmhouse-image2_kht6S_C_a,"Modern living room with spiral staircase, large windows, brown sofa, green plants.",,,,,"Afton, VA 22920",josh,,,https://www.google.com/maps/dir/?api=1&destination=Afton%2C%20VA%2022920,,,,,,,,,,,,,,Farm; Outdoor Seating; Cabins; Lodging,FALSE,https://www.google.com/maps/dir/?api=1&destination=Afton%2C%20VA%2022920
299,Mountaintop Overlook,mountaintop-overlook,Whole House Rentals,stay,Wintergreen Resort,"The Mountain Top Overlook- This 1237 sq.ft, recently renovated, two bedroom(comfortable king size beds), two full bathroom condo with new sleeper sofa. This condo has two full size bathrooms, one located in the master suite. One level living, and located on the ground level with easy access to the grassy area out back overlooking the valley.

It boasts panoramic window views of the Blue Ridge Mountains/Valley, while being located in sought after Wintergreen Resort. Ground level. Unbeatable Panoramic Mountain Views. A wood burning fireplace makes our condo unique. I think you will find our place does not feel like a typical rental but a rather cozy mountain getaway home. We hope you make yourself at home. *Lodging descriptions are provided by the host and not independently verified. Contact EmilyBauslaugh, emilybauslaugh@gmail.com Staff on Site? No Pet-Friendly? No Located in Wintergreen",,,https://ik.imagekit.io/OE/nelson-county/listings/mountaintop-overlook-image1_h0B_F2eNe,"Veranda with metal chairs, overlooking hills and colorful sunset sky.",https://ik.imagekit.io/OE/nelson-county/listings/mountaintop-overlook-image2_ITYn_sBZb,"Cozy living room with fireplace, wooden table, and large windows overlooking landscape.",,,,,"Wintergreen Resort, Roseland, VA 22967",josh,,,https://www.google.com/maps/dir/?api=1&destination=Wintergreen%20Resort%2C%20Roseland%2C%20VA%2022967,,,,,,,,,,,,,,Scenic Views; Cabins; Lodging,FALSE,https://www.google.com/maps/dir/?api=1&destination=Wintergreen%20Resort%2C%20Roseland%2C%20VA%2022967
300,Blue Ridge Mountain Retreat,blue-ridge-mountain-retreat,Whole House Rentals,stay,Wintergreen Resort,"This home is an amazing 4800 square foot luxury home located just a short distance from Mountain Inn, ski areas, Founders Vision Overlook, Devil’s Knob Golf Course, Tennis Center, Spa, and Fitness Center. We provide you with 7 spacious bedrooms and 4.5 baths, 2 of which are master suites and include a jetted tub in addition to showers. We are able to sleep 20 guests in beds.

There are also 4 wood burning fireplaces with firewood provided to roast marshmallows, keep you warm, and provide the crackle by the fire you desire while in bed or on the sofa during cold winter nights. Our luxury kitchen is fully stocked with everything you need for Thanksgiving or Christmas dinner, or a feast after a long day on the ski slopes, tennis courts, golf course, or hiking through the mountains. Cook in style with granite countertops and stainless steel appliances prior to enjoying the fruits of your labor at our large dining room table, which seats 12 directly adjacent to the bar which can accommodate another 5 hungry guests! When you have had your fill of the outdoors, you can still enjoy your vacation inside with high speed internet, cable TV, a wide selection of DVDs, card and board games, as well as ping pong and foosball tables. Wintergreen Resort is a 4 season mountain resort located in the beautiful Blue Ridge Mountains. You are less than an hour from Charlottesville, home of UVA, Thomas Jefferson’s Monticello, and the amazing 33 member Monticello Wine Trail, as well as an hour from the city of Lynchburg. The famous Blue Ridge Parkway passes beside Wintergreen offering opportunities for scenic drives, hiking, and year round escapes. Wintergreen itself is a massive 10,000 acre tract of land with ski slopes, snow tubing, golf courses, restaurants, stores, tennis and meeting facilities, as well as absolutely breathtaking views–just google Founders Vision Overlook at Wintergreen or Blue Ridge Overlook on Devil’s Knob for examples. The resort offers 25 ski and snowboard slopes, Ridgely’s Fun Park for kids, The Plunge 12 lane snowtubing, 45 holes of championship golf, 22 tennis courts, and a full service spa. The resort in located in Nelson County, near the small town of Nellysford. Within just a couple miles, you can be at several award winning wineries as well as a “who’s who” list of famous Virginia microbreweries! *Lodging descriptions are provided by the host and not independently verified. Contact Ashley Wind, windrentals@gmail.com Staff on Site? No Pet-Friendly? No Located in Wintergreen",,,https://ik.imagekit.io/OE/nelson-county/listings/blue-ridge-mountain-retreat-image1_XiqNB2L3J,"Large house with deck, stone wall, surrounded by bare trees, under blue sky.",https://ik.imagekit.io/OE/nelson-county/listings/blue-ridge-mountain-retreat-image2_fZnRkW9qP,"Wooden house porch with triangular roof, surrounded by windows.",,,,,"Wintergreen Resort, Roseland, VA 22967",josh,,,https://www.google.com/maps/dir/?api=1&destination=Wintergreen%20Resort%2C%20Roseland%2C%20VA%2022967,,,,,,,,,,,,,,Full Kitchen; Scenic Views; Lodging,FALSE,https://www.google.com/maps/dir/?api=1&destination=Wintergreen%20Resort%2C%20Roseland%2C%20VA%2022967
301,Mountain & Vine Farmhouse,mountain-vine-farmhouse,Whole House Rentals,stay,Faber,"Prepare your palette for a tasteful getaway at this 4-bedroom, 4.5-bath vacation rental home overlooking Delfosse Vineyards and Winery! Sip and savor while enjoying the area’s best wine and beer, take in the breathtaking views from Blue Ridge Parkway, and cheer on the Cavaliers just a short drive away.

When hunger strikes, fire up filets on the gas grill while sharing a bottle of Mountain and Vine with friends. End the day lounging on the porch with a front-row seat to the sunset. 2,700 Sq Ft | Deck | Gas Grill | Free WiFi Relax, reset, and rejuvenate in this stunning Faber farmhouse - perfect for a peaceful weekend getaway with your best friends. Bedroom 1: Queen Bed, Twin Bed | Bedroom 2: Queen Bed | Bedroom 3: Queen Bed | Bedroom 4: Queen Bed OUTDOOR LIVING: Wraparound porch, lounge furniture, outdoor dining area, porch swing, vineyard views, 318 acres KITCHEN: Fully equipped w/ stainless steel appliances, dishware & flatware, cooking basics, toaster oven, drip coffee maker INDOOR LIVING: 4 Smart TVs, dining table, ceiling fans GENERAL: Central A/C & heat, towels & linens, hair dryer FAQ: Exterior security cameras (front & back entrance), not suitable for children (lack of child-friendly amenities), stairs required for access, 2 working dogs on-site PARKING: Driveway (4 vehicles), free street parking *Lodging descriptions are provided by the host and not independently verified. Contact Michael Albers, mike@delfossewine.com Staff on Site? No Pet-Friendly? No Located in Faber",,,https://ik.imagekit.io/OE/nelson-county/listings/mountain-vine-farmhouse-image1_nJkRWBHN5,"Sunny backyard with stone path, trees, and distant rolling hills.",https://ik.imagekit.io/OE/nelson-county/listings/mountain-vine-farmhouse-image2_z0leCk8sr,"Cozy living room with leather sofas, glass coffee table, and wooden chairs.",,,,,"Faber, VA 22938",josh,,,https://www.google.com/maps/dir/?api=1&destination=Faber%2C%20VA%2022938,,,,,,,,,,,,,,Outdoor Seating; Fuel; Wi-Fi; Wine; Cabins; Lodging; Farm; Tastings,FALSE,https://www.google.com/maps/dir/?api=1&destination=Faber%2C%20VA%2022938
302,Mountain & Vine Vineyards Log Cabin,mountain-vine-vineyards-log-cabin,Cabins & Cottages,stay,Faber,"This 1-bed, 1-bath vacation rental is calling - your next couple's retreat awaits! With panoramic vistas and private hilltop digs, this historic Faber cabin is well worth a visit. Enjoy a good night's rest in the private loft, then wake up to overlook acres of terraced vines. Explore the grounds at your leisure, or indulge a private tasting with a local sommelier at one of the many area wineries.

You'll also find loads of countryside charm nearby, and a day trip away, Shenandoah National Park! This 1-bed, 1-bath vacation rental is calling - your next couple's retreat awaits! With panoramic vistas and private hilltop digs, this historic Faber cabin is well worth a visit. Enjoy a good night's rest in the private loft, then wake up to overlook acres of terraced vines. Explore the grounds at your leisure, or indulge a private tasting with a local sommelier at one of the many area wineries. You'll also find loads of countryside charm nearby, and a day trip away, Shenandoah National Park! *Lodging descriptions are provided by the host and not independently verified. Contact MichaelAlbers, mike@delfossewine.com Staff on Site? No Pet-Friendly? No Located in Faber",,,https://ik.imagekit.io/OE/nelson-county/listings/mountain-vine-vineyards-log-cabin-image1_YZLXDugsN,Rustic wooden cabin with porch surrounded by trees and outdoor seating.,https://ik.imagekit.io/OE/nelson-county/listings/mountain-vine-vineyards-log-cabin-image2_N2UPizOy_,"Rustic living room with stone fireplace, leather sofa, and wooden ceiling beams.",,,,,"Faber, VA 22938",josh,,,https://www.google.com/maps/dir/?api=1&destination=Faber%2C%20VA%2022938,,,,,,,,,,,,,,Cabins; Wine; Tastings; Lodging; Farm,FALSE,https://www.google.com/maps/dir/?api=1&destination=Faber%2C%20VA%2022938
303,The Fairway Chalet,the-fairway-chalet,Whole House Rentals,stay,Wintergreen Resort,"The Fairway Chalet is a 3,000-square-foot Wintergreen retreat with arcade game, ping pong, fire pit, and easy access to skiing, pools, and hiking.",,,https://ik.imagekit.io/OE/nelson-county/listings/the-fairway-chalet-image1_OR_6iWhNB,Wooden patio set with two mugs and gray blanket in forest setting.,https://ik.imagekit.io/OE/nelson-county/listings/the-fairway-chalet-image2_3oLQdDE_F,"Cozy living room with stone fireplace, brown sectional, and plaid red carpet.",,,,,"Wintergreen Resort, Roseland, VA 22967",josh,,,https://www.google.com/maps/dir/?api=1&destination=Wintergreen%20Resort%2C%20Roseland%2C%20VA%2022967,,,,,,,,,,,,,,Cabins; Lodging; Golf; Swimming Pool,FALSE,https://www.google.com/maps/dir/?api=1&destination=Wintergreen%20Resort%2C%20Roseland%2C%20VA%2022967
304,Spruce Creek Garden Cottage,spruce-creek-garden-cottage,Cabins & Cottages,stay,Nellysford,"950 square foot home- 2 Bedroom, 1 bath Parking for 2 cars. Maximum occupants - 4 people Located 1-3 miles from Bold Rock, Three Notch'd, Devils Backbone and Blue Toad breweries and cideries. Quiet country road with shady back deck over looking woods.

Front porch with blooming flowers that attract butterflies and hummingbirds during the spring, summer and fall months. *Lodging descriptions are provided by the host and not independently verified. Contact Jennifer Arrendale, jmarrendale@gmail.com Staff on Site? No Pet-Friendly? No Located in Nellysford",,,https://ik.imagekit.io/OE/nelson-county/listings/spruce-creek-garden-cottage-image1_DH3_z_VOl,"White house with metal roof, lush garden, and gravel path under clear sky.",https://ik.imagekit.io/OE/nelson-county/listings/spruce-creek-garden-cottage-image2_SNYOLwX-E,"Cozy living room with wood floors, armchair, ceiling fan, and large windows.",,,,,"Nellysford, VA 22958",josh,,,https://www.google.com/maps/dir/?api=1&destination=Nellysford%2C%20VA%2022958,,,,,,,,,,,,,,Outdoor Seating; Beer; Parking; Cabins; Lodging,FALSE,https://www.google.com/maps/dir/?api=1&destination=Nellysford%2C%20VA%2022958
305,"Parrs Camp, Mountain Hollow",parrs-camp-mountain-hollow,Cabins & Cottages,stay,Wintergreen Resort,"Service Dogs are allowed. Mountain Hollow ADU is a private dwelling above our seldom used large garage. It is craftsman built with wood floors, paneling, and ceilings. There are 2 bedrooms: 1 King, 1 double, 1.5 baths with shower(also one outdoor shower), full kitchen and a comfortable living room with fireplace and foosball. Children's toys, games, VCR movies, internet and Sirius radio available.

Escape your normal setting (life) to enjoy peaceful, relaxing and cozy retreat in the heart of the Blue Ridge Mountains. Our 70- acre homeplace borders the George Washington Forest on the everchanging Tye River flowing just feet away in the front yard. All the perfect place to explore away from it all. There is a charcoal grill, outside fire pit and picnic table area. Firewood is provided. Relax in the hammock while listening to the sound of the river, bird watch, star gaze or watch our goats wander about. With a short drive an abundance of outdoor activities awaits you: the Blue Ridge Parkway, hike the Appalachian Trail, Spy Rock and Crabtree Falls (highest falls east of the Mississippi River), fish the Tye River, skiing (Wintergreen), submerge in local swimming holes or visit local orchards, vineyards, wineries and breweries. Your host looks forward to your visit: responsive, helpful, informative and to offer any assistance needed. *Lodging descriptions are provided by the host and not independently verified. Contact Beverly White, parrscamp@gmail.com Staff on Site? Yes Pet-Friendly? No Located in Tyro",,,https://ik.imagekit.io/OE/nelson-county/listings/parrs-camp-mountain-hollow-image1_hE64II8eE,Wooden house surrounded by lush green trees and plants under sunlight.,https://ik.imagekit.io/OE/nelson-county/listings/parrs-camp-mountain-hollow-image2_a18PmQIOk,"Cozy living room with armchairs, couch, and sunlight streaming through windows.",,,,,"Tyro, VA 22976",josh,,,https://www.google.com/maps/dir/?api=1&destination=Tyro%2C%20VA%2022976,,,,,,,,,,,,,,Outdoor Seating; Cabins; Lodging; Water Sports,FALSE,https://www.google.com/maps/dir/?api=1&destination=Tyro%2C%20VA%2022976
306,Parr's Camp,parrs-camp,Cabins & Cottages,stay,Wintergreen Resort,"Service animals allowed. Parrs Camp is a historical rustic fishing cabin restored by us surviving 3 hurricanes dating back to the 1940s. Sleeping 7 there are two bedrooms downstairs; 1Q, 1D and a bath with shower. Upstairs are 3 twin beds and a half bath with TV-VCR movies. The sitting room has original sawed paneling, fireplace, games, Sirius, children's toys and books.

The full kitchen and dining room meet the screened porch for enjoying the views (scenery) or eating. The cabin sits (over hangs) over a pond where boats and many yard games are popular. The main attraction to our rental is the outdoors with so much to do. Cleanliness and guests' satisfaction are most important to us for a unique get away for family and friends. Escape your normal life to enjoy peaceful, relaxing and cozy retreat in the heart of the Blue Ridge Mountains. Our 70 acre homeplace borders on the George Washing National Forest on the everchanging Tye River that flows just feet away in the front yard. The perfect place to explore away from it all. It offers a charcoal grill, outside fire pit and picnic table area. Firewood is provided. Relax in the hammock while listening to the sound of the river, bird watch , star gaze or watch our goats wander about. With a short drive an abundance of outdoor activities await you; the Blue Ridge Parkway, hike the Appalachian Trail, Spy Rock and Crabtree Falls( highest falls east of the Mississippi River), fish the Tye River, skiing (Wintergreen), submerge in local swimming holes or visit local orchards, vineyards, wineries and breweries. Your host looks forward to your visit: responsive, helpful, informative and to offer any assistance needed. *Lodging descriptions are provided by the host and not independently verified. Contact Beverly White, parrscamp@gmail.com Staff on Site? Yes Pet-Friendly? No Located in Tyro",,,https://ik.imagekit.io/OE/nelson-county/listings/parr-s-camp-image1_wvauSKQj6,"Wooden house surrounded by trees and grass, black fence in foreground.",https://ik.imagekit.io/OE/nelson-county/listings/parr-s-camp-image2_jeiLu3graS,"Cozy living room with stone fireplace, sofas, and wooden floor.",,,,,"Tyro, VA 22976",josh,,,https://www.google.com/maps/dir/?api=1&destination=Tyro%2C%20VA%2022976,,,,,,,,,,,,,,Cabins; Outdoor Seating; Lodging; Water Sports; Fishing,FALSE,https://www.google.com/maps/dir/?api=1&destination=Tyro%2C%20VA%2022976
307,Bella Vista,bella-vista,Cabins & Cottages,stay,Wintergreen Resort,"4 Bedroom, 4.5 Bathroom home 7 Minutes walk or 4 minute drive to the slopes Spectacular views off of back deck 7 Minute walk to ski trails (Tyro) Pool table. *Lodging descriptions are provided by the host and not independently verified. Contact Megan MacCutcheon, megan.maccutcheon@gmail.com Staff on Site? No Pet-Friendly? Yes Located in Wintergreen",,,https://ik.imagekit.io/OE/nelson-county/listings/bella-vista-image1_O0YjaMWRU,Large beige house surrounded by trees and gravel driveway in sunlight.,https://ik.imagekit.io/OE/nelson-county/listings/bella-vista-image2_P7prXtAdC,"Spacious living room with large windows, wooden ceiling, and cozy furniture.",,,,,"Wintergreen Resort, Roseland, VA 22967",josh,,,https://www.google.com/maps/dir/?api=1&destination=Wintergreen%20Resort%2C%20Roseland%2C%20VA%2022967,,,,,,,,,,,,,,Scenic Views; Pet Friendly; Outdoor Seating; Cabins; Lodging,FALSE,https://www.google.com/maps/dir/?api=1&destination=Wintergreen%20Resort%2C%20Roseland%2C%20VA%2022967
308,"Red, White and Wintergreen",red-white-and-wintergreen,Whole House Rentals,stay,Wintergreen Resort,"Escape to this beautiful 5 bedroom property at Wintergreen Resort for year round fun. It is perfect for families and large groups with comfortable living areas and a great deck and porch with hot tub. Beautiful views of the Valley. Fun and friendly rooms. Great office space and brand new hot tub! *Lodging descriptions are provided by the host and not independently verified.

Contact Erin Penfold Staff on Site? No Pet-Friendly? No Located in Wintergreen",,,https://ik.imagekit.io/OE/nelson-county/listings/red-white-and-wintergreen-image1_k_S21orXm,Houses with warm lights nestled in wooded area at dusk.,https://ik.imagekit.io/OE/nelson-county/listings/red-white-and-wintergreen-image2_9z7tXGR3K,"Cozy living room with red sofas, fireplace, large TV, and natural lighting.",,,,,"Wintergreen Resort, Roseland, VA 22967",josh,,,https://www.google.com/maps/dir/?api=1&destination=Wintergreen%20Resort%2C%20Roseland%2C%20VA%2022967,,,,,,,,,,,,,,Scenic Views; Outdoor Seating; Family Friendly; Lodging,FALSE,https://www.google.com/maps/dir/?api=1&destination=Wintergreen%20Resort%2C%20Roseland%2C%20VA%2022967
309,Mountain View Vista,mountain-view-vista,Whole House Rentals,stay,Wintergreen Resort,"1 Bedroom/2 full baths/ large kitchen Large deck with scenic views Location! Location! Amazing mountain views Completely renovated. *Lodging descriptions are provided by the host and not independently verified. Contact James Reynolds, jreynolds@findclarityvision.com Staff on Site? No Pet-Friendly?

No Located in Wintergreen",,,https://ik.imagekit.io/OE/nelson-county/listings/mountain-view-vista-image1_lHpoH-D2H,Deck with wooden chairs overlooking scenic mountain landscape under cloudy sky.,https://ik.imagekit.io/OE/nelson-county/listings/mountain-view-vista-image2_mlKIvbY7B,"Modern living room, large windows, ocean view, gray sofa, fireplace, television.",,,,,"Wintergreen Resort, Roseland, VA 22967",josh,,,https://www.google.com/maps/dir/?api=1&destination=Wintergreen%20Resort%2C%20Roseland%2C%20VA%2022967,,,,,,,,,,,,,,Full Kitchen; Outdoor Seating; Scenic Views; Cabins; Lodging,FALSE,https://www.google.com/maps/dir/?api=1&destination=Wintergreen%20Resort%2C%20Roseland%2C%20VA%2022967
310,Art & Soul Guesthouse,art-soul-guesthouse,Whole House Rentals,stay,Roseland,"At Art & Soul, luxury and design meets nature and unsurpassed access to all Central Virginia has to offer. Every detail of Art & Soul is designed to elevate guest experiences. Art & Soul is designed to complement the landscape, lead you to stunning sunset views, and surprise you with the peace of a mountain laurel forest.

From the luxury of your sauna with sunset view to EV charger, expect the unexpected and a relaxing retreat regardless of how hard you play in the mountains. Art & Soul offers unexpected flexibility. Whether you are a solo traveler, a couple or an extended family or friends, Art & Soul is designed to accommodate you. The newly built Guest House has one bedroom and a loft. (1.5 bathrooms) that can sleep up to four. *Lodging descriptions are provided by the host and not independently verified. Contact Karen Rucker, karenrucker59@gmail.com Staff on Site? Yes Pet-Friendly? No Located in Roseland",,,https://ik.imagekit.io/OE/nelson-county/listings/art-soul-guesthouse-image1_-uTzD7Lq4,Modern wooden house with large windows surrounded by trees at dusk.,https://ik.imagekit.io/OE/nelson-county/listings/art-soul-guesthouse-image2_1H122tsdB,"Spacious room with triangular windows, round table, easel, and modern light fixture.",,,,,"Roseland, VA 22967",josh,,,https://www.google.com/maps/dir/?api=1&destination=Roseland%2C%20VA%2022967,,,,,,,,,,,,,,EV Charging; Cabins; Lodging,FALSE,https://www.google.com/maps/dir/?api=1&destination=Roseland%2C%20VA%2022967
311,Art & Soul Main House,art-soul-main-house,Whole House Rentals,stay,Wintergreen Resort,"At Art & Soul, luxury and design meets nature and unsurpassed access to all Central Virginia has to offer. Every detail of Art & Soul is designed to elevate guest experiences. Art & Soul is designed to complement the landscape, lead you to stunning sunset views, and surprise you with the peace of a mountain laurel forest.

From the luxury of your sauna with sunset view to EV charger, expect the unexpected and a relaxing retreat regardless of how hard you play in the mountains. Art & Soul offers unexpected flexibility. Whether you are a solo traveler, a couple, or an extended family and friends, Art & Soul is designed to accommodate you. The newly built Guest House has one bedroom and a loft (1.5 bathrooms) that can sleep up to four. The completely renovated Main House has three bedrooms and bathrooms and can sleep up to six. Or combine both properties for the ultimate in privacy and group space with four bedroom+ loft (4.5 baths) that can sleep up to ten. Surround yourself in beautiful architecture, the smallest details and stunning landscapes and skies. Two luxurious bathroom and two additional high-end bathrooms serve the four bedrooms (three en suite). A gourmet kitchen prepares meals served on a beautiful live edge dining table hand-made in Nelson County that seats 10 plus room for an additional four at the near-by kitchen island. Expansive windows and glass doors bring the outdoors in. Property wide networking and streaming provide connection and the best in video entertainment. Salt water hot tub, dry sauna and cold shower offer spa experiences. Expansive decks and patios, offer stunning views or lead to hammocks tucked in the Mountain laurel. Art & Soul is a destination unto itself. *Lodging descriptions are provided by the host and not independently verified. Contact Karen Rucker, karenrucker59@gmail.com Staff on Site? Yes Pet-Friendly? No Located in Wintergreen",,,https://ik.imagekit.io/OE/nelson-county/listings/art-soul-main-house-image1_uQK2zI80u,"Cozy house with lit windows, surrounded by stone walls, steps, and trees.",https://ik.imagekit.io/OE/nelson-county/listings/art-soul-main-house-image2_6BsnLLMKw,"Modern kitchen with large island, wooden cabinets, and stainless steel appliances.",,,,,"Roseland, VA 22967",josh,,,https://www.google.com/maps/dir/?api=1&destination=Roseland%2C%20VA%2022967,,,,,,,,,,,,,,Scenic Views; Full Kitchen; Lodging; Water Sports,FALSE,https://www.google.com/maps/dir/?api=1&destination=Roseland%2C%20VA%2022967
312,The Cottage at River Circle Farm,the-cottage-at-river-circle-farm,Cabins & Cottages,stay,Wintergreen Resort,"The Cottage at River Circle Farm is a one-bedroom riverside retreat with private pool, on-site nature trails, and quiet grounds along the James River.",,,https://ik.imagekit.io/OE/nelson-county/listings/the-cottage-at-river-circle-farm-image1_kI4pcscYm,Blue swimming pool in backyard with trees and house under clear sky.,https://ik.imagekit.io/OE/nelson-county/listings/the-cottage-at-river-circle-farm-image2_KlDXHx3yF,"Cozy living room with a sofa, ceiling fan, and paintings, lit by sunlight.",,,,,"Scottsville, VA 24590",josh,,,https://www.google.com/maps/dir/?api=1&destination=Scottsville%2C%20VA%2024590,,,,,,,,,,,,,,Pool; Cabins; Lodging; Water Sports,FALSE,https://www.google.com/maps/dir/?api=1&destination=Scottsville%2C%20VA%2024590
313,Berry Hill Lake,berry-hill-lake,Cabins & Cottages,stay,Nellysford,"Berry Hill Lake is a mountain getaway featuring a new, modern-rustic 4 bedroom/3.5 bath home overlooking a private, 2-acre lake and surrounded by 250 acres of beautiful wooded mountain land. The house features traditional board and batten siding, original stonework, hardwood floors throughout and two fireplaces, an indoor gas fire place and an outdoor wood burning fireplace.

The upstairs bedroom features a king bed, 60” flat screen TV, DVD player, private bathroom with double sink, and tiled shower. The main floor bedroom features a queen bed, 60” flat screen TV, DVD player, private bathroom with double sink and tiled shower. The basement is finished with two bunk rooms with two bunk beds in each room (8 total beds), a bathroom with tiled shower and a movie room featuring a 70” flat screen TV and DVD player. The basement also includes a 1/2 kitchen with a mini-refrigerator and washer/dryer. Perfect place to slow down and enjoy life ! *Lodging descriptions are provided by the host and not independently verified. Contact Rich Daughtridge, rich@daughtridge.com Staff on Site? No Pet-Friendly? Yes Located in Nellysford",,,https://ik.imagekit.io/OE/nelson-county/listings/berry-hill-lake-image1_2Z8GdFy77,Rustic cottage with chimney surrounded by trees under a clear sky.,https://ik.imagekit.io/OE/nelson-county/listings/berry-hill-lake-image2_8f_09seUw,"Cozy living room with stone fireplace, leather sofas, large windows, and rustic decor.",,,,,"Roseland, VA 22967",josh,,,https://www.google.com/maps/dir/?api=1&destination=Roseland%2C%20VA%2022967,,,,,,,,,,,,,,Outdoor Seating; Pet Friendly; Cabins; Lodging,FALSE,https://www.google.com/maps/dir/?api=1&destination=Roseland%2C%20VA%2022967
314,Afton Awaits,afton-awaits,Cabins & Cottages,stay,Afton,"Nestled in the picturesque hills of Afton, Virginia, this luxury modern farmhouse offers the perfect blend of rustic charm and contemporary elegance. Set on a tranquil estate, the home features 3 beautifully appointed bedrooms, each designed with comfort and style in mind Step outside and enjoy a dip in the pool or hot tub while you soak in the stunning mountain views.

The house is located right off Nelson 151 Brew Trail, just minutes from award-wining wineries, breweries, and distilleries, as well as Wintergreen Resort. The University of Virginia is just 30 minutes away. *Lodging descriptions are provided by the host and not independently verified. Contact hello@bestillgetaways.com Staff on Site? No Pet-Friendly? No Located in Afton",,,https://ik.imagekit.io/OE/nelson-county/listings/afton-awaits-image1_cw5wL1FDQ,"Countryside house with green lawn, mountains, and colorful sunset sky.",https://ik.imagekit.io/OE/nelson-county/listings/afton-awaits-image2_ZDpe6Zg-a,Open-concept living room and kitchen with wooden floors and modern decor.,,,,,"Afton, VA 22920",josh,,,https://www.google.com/maps/dir/?api=1&destination=Afton%2C%20VA%2022920,,,,,,,,,,,,,,Cabins; Farm; Lodging; Outdoor Seating; Pool; Scenic Views,TRUE,https://www.google.com/maps/dir/?api=1&destination=Afton%2C%20VA%2022920
315,Pilotview Hollow,pilotview-hollow,Whole House Rentals,stay,Nellysford,"5 Bed , 4.5 Bath house close to 151 and Wintergreen Private space on 42 acres, game room, hot tub, 2 primary bedrooms with ensuite bathrooms. Outdoor firepit and wood burning fireplace. *Lodging descriptions are provided by the host and not independently verified. Contact Katherine Shields, pilotviewhollow@gmail.com Staff on Site? No Pet-Friendly? No Located in Nellysford",,,https://ik.imagekit.io/OE/nelson-county/listings/pilotview-hollow-image1_4hZKeDrC7,"Modern cabin with large windows, stone chimney, and wooden deck in forest setting.",https://ik.imagekit.io/OE/nelson-county/listings/pilotview-hollow-image2_6Cs4l6yWl,"Modern living room with beige sofa, wooden ceiling, and black staircase.",,,,,"Nellysford, VA 22958",josh,,,https://www.google.com/maps/dir/?api=1&destination=Nellysford%2C%20VA%2022958,,,,,,,,,,,,,,Parking; Lodging,FALSE,https://www.google.com/maps/dir/?api=1&destination=Nellysford%2C%20VA%2022958
316,Nelson Cozy Cabin,nelson-cozy-cabin,Cabins & Cottages,stay,Nellysford,"Perfectly renovated cabin on 4 wooded acres in Stoney Creek/Wintergreen. 3 Bedrooms, 2 Full baths with deck and firepit. Great for families & small groups. Access to Wintergreen POA amenities, pools, fishing, etc. *Lodging descriptions are provided by the host and not independently verified. Contact Klara Reilly, klarareilly@gmail.com Staff on Site? No Pet-Friendly?

Yes Located in Nellysford",,,https://ik.imagekit.io/OE/nelson-county/listings/nelson-cozy-cabin-image1_Ill0EU3Eo,Gray cabin in a forest with bare trees and wooden deck.,https://ik.imagekit.io/OE/nelson-county/listings/nelson-cozy-cabin-image2_9xPS2w_t4,"Cozy living room with stone fireplace, wooden furniture, and large windows.",,,,,"Nellysford, VA 22958",josh,,,https://www.google.com/maps/dir/?api=1&destination=Nellysford%2C%20VA%2022958,,,,,,,,,,,,,,Outdoor Seating; Cabins; Pet Friendly; Lodging; Water Sports; Fishing; Swimming Pool,FALSE,https://www.google.com/maps/dir/?api=1&destination=Nellysford%2C%20VA%2022958
317,Kneeling Shepherd,kneeling-shepherd,Cabins & Cottages,stay,Roseland,"Relax with the family on 12 private acres at our peaceful new construction farmhouse. We're just 12 miles to Wintergreen Ski Resort and Stoney Creek golf, breweries and wineries. Three bedroom, tow and half bath with full kitchen and family room. Sleeps 8 (K,K,Q + daybed with trundle.) Come enjoy family, friends and God's creation.

Magnificent views of Three Ridge, The Priest and the entire Religious Range. Relax in the hot tub around the fire pit or take in the views for the comfort of the farmhouse. Stargazing is outstanding. The 12 acre grounds will become the Kneeling Shepherd Christmas Tree Farm with the first planting in 24-25. Walk 1/2 mile down the country lane to the trout filled Tye River or drive 3 miles to the Appalachian Trail. Great location to take in all Nelson County has to offer, or visit the nearby colleges and towns of the Piedmont and Shenandoah Valley. Come, enjoy, and be at peace. *Lodging descriptions are provided by the host and not independently verified. Contact David Duncan, davideduncan84@hotmail.com Staff on Site? No Pet-Friendly? No Located in Roseland",,,https://ik.imagekit.io/OE/nelson-county/listings/kneeling-shepherd-image1_Uw6uGu8lr,"White farmhouse with porch, evening lighting, cloudy sky, surrounded by trees.",https://ik.imagekit.io/OE/nelson-county/listings/kneeling-shepherd-image2_kQtAmT1tE,"Living room with brown leather sofas, fireplace, and large windows.",,,,,"Roseland, VA 22967",josh,,,https://www.google.com/maps/dir/?api=1&destination=Roseland%2C%20VA%2022967,,,,,,,,,,,,,,Scenic Views; Cabins; Lodging; Appalachian Trail; Farm; Water Sports,FALSE,https://www.google.com/maps/dir/?api=1&destination=Roseland%2C%20VA%2022967
318,Kremer Cabin,kremer-cabin,Cabins & Cottages,stay,Faber,"Lovely Cape Cod surrounded by mountains on 6 acres. Spend time on the huge front porch (partially screened in) watching the deer while sitting on one of the two porch swings. Room for the whole family with accommodations up to 12 guests. *Lodging descriptions are provided by the host and not independently verified. Contact Mike Kremer, mike@mykremer.com Staff on Site? No Pet-Friendly?

No Located in Faber",,,https://ik.imagekit.io/OE/nelson-county/listings/kremer-cabin-image1_ZWFmIrxZP,Brown wooden house surrounded by trees behind a rustic wooden fence.,https://ik.imagekit.io/OE/nelson-county/listings/kremer-cabin-image2_7bnrIxMzK,"Outdoor patio with fire pit, wicker furniture, swing, and lush greenery outside.",,,,,"Faber, VA 22938",josh,,,https://www.google.com/maps/dir/?api=1&destination=Faber%2C%20VA%2022938,,,,,,,,,,,,,,Cabins; Scenic Views; Outdoor Seating; Lodging,FALSE,https://www.google.com/maps/dir/?api=1&destination=Faber%2C%20VA%2022938
319,Stewart's Place,stewarts-place,Whole House Rentals,stay,Faber,"Rustic, spacious yard, private, peaceful It's a home away from home. *Lodging descriptions are provided by the host and not independently verified. Contact Shedana Esdaile, stewartsplace422@gmail.com Staff on Site? No Pet-Friendly? No Located in Faber",,,https://ik.imagekit.io/OE/nelson-county/listings/stewart-s-place-image1_TIJ0wB_xf,"Small white house with black roof, porch, surrounded by trees.",https://ik.imagekit.io/OE/nelson-county/listings/stewart-s-place-image2_2S4PBVrjx,"Gray sofa in cozy living room with rug, plants, and desk.",,,,,"Faber, VA 22938",josh,,,https://www.google.com/maps/dir/?api=1&destination=Faber%2C%20VA%2022938,,,,,,,,,,,,,,Scenic Views; Cabins; Lodging,FALSE,https://www.google.com/maps/dir/?api=1&destination=Faber%2C%20VA%2022938
320,Boho Cliff House Retreat,boho-cliff-house-retreat,Whole House Rentals,stay,Wintergreen Resort,"Beautiful views. *Lodging descriptions are provided by the host and not independently verified. Contact Michael Hodges, hello@designsparkproperties.com Staff on Site? No Pet-Friendly? No Located in Wintergreen",,,https://ik.imagekit.io/OE/nelson-county/listings/boho-cliff-house-retreat-image1_L3zCUtUrE,"Outdoor deck with cozy seating and string lights, surrounded by trees.",https://ik.imagekit.io/OE/nelson-county/listings/boho-cliff-house-retreat-image2_GsbtJb4yQ,"Spacious living room with large windows, brown furniture, and fireplace. Bright natural light.",,,,,"Roseland, VA 22967",josh,,,https://www.google.com/maps/dir/?api=1&destination=Roseland%2C%20VA%2022967,,,,,,,,,,,,,,Retail; Scenic Views; Cabins; Lodging,FALSE,https://www.google.com/maps/dir/?api=1&destination=Roseland%2C%20VA%2022967
321,Airkey Boutique Rentals,airkey,Cabins & Cottages,stay,Afton,"Looking for a cozy mountain hideaway? We have the perfect getaway for adventure seekers and serenity lovers alike. Whether you're hiking, climbing, kayaking or vineyard hopping let us be your home base for mountain magic. *Lodging descriptions are provided by the host and not independently verified.

Perfect for nature lovers and city explorers alike, our charming retreats offer a peaceful stay just minutes from local breweries, wineries, and hiking trails. Relax, unwind, and let the beauty of Virginia surround you. wwwmyairkey.com Contact Airkey +14344666942 Staff on Site? No Pet-Friendly? No Located in Afton Looking for a cozy mountain hideaway? We have the perfect getaway for adventure seekers and serenity lovers alike. Whether you're hiking, climbing, kayaking or here to do some vineyard hopping let us be your home base for mountain magic. *Lodging descriptions are provided by the host and not independently verified.",,,https://ik.imagekit.io/OE/nelson-county/listings/airkey-boutique-rentals-image1_cmGf9y1jA,"Modern kitchen with wooden beams, island, chairs, and stainless steel appliances.",https://ik.imagekit.io/OE/nelson-county/listings/airkey-boutique-rentals-image2__RwGQDmNm6,"Wooden patio with metal furniture, open view of mountains and sky.",,,https://myairkey.com,(434) 466-6942,"Afton, VA 22920",WG,,,https://www.google.com/maps/dir/?api=1&destination=Afton%2C%20VA%2022920,,,,,,,,,,,,,,Retail; Beer; Cabins; Lodging,FALSE,https://www.google.com/maps/dir/?api=1&destination=Afton%2C%20VA%2022920
322,Three Ridge Retreat,three-ridge-retreat,Vacation Rentals,stay,Wintergreen Resort,"A 2 bedroom, 2 bathroom dog friendly condo at Wintergreen. Three Ridge Retreat is within walking distance to most amenities at the Resort including the ski slopes, restaurants, the Lodge and many of the trails. *Lodging descriptions are provided by the host and not independently verified. Contact Justin Muchard Staff on Site? No Pet-Friendly? Yes Located in Wintergreen",,,https://ik.imagekit.io/OE/nelson-county/listings/three-ridge-retreat-image1_nWA5bIf41j,"Cozy living room with white armchairs, fireplace, and decorative items on shelves.",https://ik.imagekit.io/OE/nelson-county/listings/three-ridge-retreat-image2_5zTu74E-i,Stacked firewood beside a black fireplace on a gray stone mantel.,,,,,"Wintergreen Resort, Roseland, VA 22967",josh,,,https://www.google.com/maps/dir/?api=1&destination=Wintergreen%20Resort%2C%20Roseland%2C%20VA%2022967,,,,,,,,,,,,,,Pet Friendly; Skiing; Resort,FALSE,https://www.google.com/maps/dir/?api=1&destination=Wintergreen%20Resort%2C%20Roseland%2C%20VA%2022967
323,Sunset Vista Villa,sunset-vista-villa,Whole House Rentals,stay,Roseland,"Welcome to Sunset Vista Villa, this stunning 2 bedroom, 2 bathroom retreat offers breathtaking views that stretch for miles. Though located on the first floor, the Villa boast elevated second story views giving you the perfect vantage point to take in unforgettable sunsets. Unparalleled views. Despite being a first-floor unit. Sunset Vista Villa offers impressive second story views.

Comfort and space with two bedrooms and two bathrooms the Villa is perfect for families and couples. *Lodging descriptions are provided by the host and not independently verified. Contact Rebecca Precious Staff on Site? No Pet-Friendly? No Located in Wintergreen Resort",,,https://ik.imagekit.io/OE/nelson-county/listings/sunset-vista-villa-image1_1BgIsS1S4,Large house surrounded by bare trees and rocks under clear blue sky.,https://ik.imagekit.io/OE/nelson-county/listings/sunset-vista-villa-image2_sR8bwvtW0X,"Cozy living room with fireplace, couches, TV, art, and warm lighting.",,,,,"Wintergreen Resort, Roseland, VA 22967",josh,,,https://www.google.com/maps/dir/?api=1&destination=Wintergreen%20Resort%2C%20Roseland%2C%20VA%2022967,,,,,,,,,,,,,,Resort; Parking; Cabins; Lodging,FALSE,https://www.google.com/maps/dir/?api=1&destination=Wintergreen%20Resort%2C%20Roseland%2C%20VA%2022967
324,Arrowwood Lane,arrowwood-lane,Whole House Rentals,stay,Wintergreen Resort,"This is a 4 bedroom/Living Room/Dining/Kitchen house Sleeps 10. 3.5 Baths. 1 Bath has a tub. Internet. Land phone line. Deck with covered hot tub. 2 Fireplaces Central HVAC There are two separate living areas, each with a fire place. *Lodging descriptions are provided by the host and not independently verified. Contact Joe Jernigan Staff on Site?

No Pet-Friendly? Yes Located in Wintergreen",,,https://ik.imagekit.io/OE/nelson-county/listings/arrowwood-lane-image1_danFDpnJe,"A-frame house with stone facade, surrounded by trees, gravel driveway.",https://ik.imagekit.io/OE/nelson-county/listings/arrowwood-lane-image2_CnDTS-x1G,"Wooden kitchen interior with stainless steel appliances, black countertops, and ceiling beams.",,,,,"Wintergreen Resort, Roseland, VA 22967",josh,,,https://www.google.com/maps/dir/?api=1&destination=Wintergreen%20Resort%2C%20Roseland%2C%20VA%2022967,,,,,,,,,,,,,,Outdoor Seating; Pet Friendly,FALSE,https://www.google.com/maps/dir/?api=1&destination=Wintergreen%20Resort%2C%20Roseland%2C%20VA%2022967
325,Winterhaven,winterhaven,Whole House Rentals,stay,Wintergreen Resort,"This is a 5 Bedroom/4.5 Bath home. It is .5 mile from the Lodge. Close to Lodge. Newer rental with many updates. *Lodging descriptions are provided by the host and not independently verified. Contact Neal Beggan Staff on Site?

No Pet-Friendly? No Located in Wintergreen",,,https://ik.imagekit.io/OE/nelson-county/listings/winterhaven-image1_2nWZeI-Ga,"Wooden house surrounded by autumn trees, lit by bright sunlight.",https://ik.imagekit.io/OE/nelson-county/listings/winterhaven-image2_yuq8VtqX-,"Cozy bedroom with quilted bedspread, wooden furniture, and ceiling fan.",,,,,"Wintergreen Resort, Roseland, VA 22967",josh,,,https://www.google.com/maps/dir/?api=1&destination=Wintergreen%20Resort%2C%20Roseland%2C%20VA%2022967,,,,,,,,,,,,,,Scenic Views; Lodging,FALSE,https://www.google.com/maps/dir/?api=1&destination=Wintergreen%20Resort%2C%20Roseland%2C%20VA%2022967
326,779 Blue Ridge Drive,779-blue-ridge-drive,Whole House Rentals,stay,Wintergreen Resort,"Beautiful 4 Bedroom/4.5 Bath house. All the bedrooms have king size beds and TV's. Hot tub. Sleeps 13. Seasonal Views.

In the middle of 4 acres. 4 min to skiing. 2 Story fireplace with gas logs. *Lodging descriptions are provided by the host and not independently verified. Contact 779 Blue Ridge Drive Staff on Site? No Pet-Friendly? Yes Located in Wintergreen",,,https://ik.imagekit.io/OE/nelson-county/listings/779-blue-ridge-drive-image1_xIPDm9uIl,Wooden house surrounded by lush green trees and wooden railing.,https://ik.imagekit.io/OE/nelson-county/listings/779-blue-ridge-drive-image2_-yIXfhkXl,"Cozy living room with brown sofas, stone fireplace, large windows, and TV.",,,,,"Wintergreen Resort, Roseland, VA 22967",josh,,,https://www.google.com/maps/dir/?api=1&destination=Wintergreen%20Resort%2C%20Roseland%2C%20VA%2022967,,,,,,,,,,,,,,Seasonal Menu; Skiing; Scenic Views; Fuel; Pet Friendly,FALSE,https://www.google.com/maps/dir/?api=1&destination=Wintergreen%20Resort%2C%20Roseland%2C%20VA%2022967
327,Belties,belties,Coffee Shops,taste,Nellysford,"Escape the ordinary and enjoy the extraordinary. At Belties, we offer more than just hand-crafted coffee and 18-layer scratch biscuits—we offer an experience.

With our farmhouse cafe, views of the Blue Ridge Mountains, and the peaceful presence of our Belted Galloway cows grazing nearby, every visit is a chance to slow down, savor unforgettable flavors, and enjoy the simple pleasures of country hospitality.",,,https://ik.imagekit.io/OE/nelson-county/listings/belties-image1_KkVKcuyY5,"Red barn with white lettering, surrounded by green grass and blue sky.",https://ik.imagekit.io/OE/nelson-county/listings/belties-image2_XwoNmwbjX,"Dessert with pastry, whipped cream, strawberries, and mint on wooden board.",https://ik.imagekit.io/OE/nelson-county/listings/belties-image3_d4641Q6LvL,"Wooden bench with pillows, lantern, and sign on white shiplap wall.",,(703) 989-0556,"2884 Rockfish Valley Highway, Nellysford, VA",WG,,,https://www.google.com/maps/dir/?api=1&destination=2884%20Rockfish%20Valley%20Highway%2C%20Nellysford%2C%20VA%2022958,,,,,,,,,,,,,,Bar; Cafe; Coffee; Farm; Scenic Views; Seasonal Menu; Tea,FALSE,https://www.google.com/maps/dir/?api=1&destination=2884%20Rockfish%20Valley%20Highway%2C%20Nellysford%2C%20VA%2022958
328,Ski in Style At Sapphire Squirrel,ski-in-style-at-sapphire-squirrel,Whole House Rentals,stay,Wintergreen Resort,"Adventure awaits at The Sapphire Squirrel in Wintergreen Resort. Located on Squirrel Tree Lane our cozy 3 bedroom home is just steps from the slopes and offers space for up to 6 guests. Enjoy a fully equipped kitchen dedicated workspace, gas grill, and deck for outdoor relaxation.

Whether you're here for skiing, hiking, golfing, or enjoying local craft beverages, adventure is right outside your door. Experience comfort, convenience and stunning mountain views. Book your stay today! *Lodging descriptions are provided by the host and not independently verified. Contact Sherri-Lyn Whitfield Staff on Site? No Pet-Friendly? No Located in Wintergreen",,,https://ik.imagekit.io/OE/nelson-county/listings/ski-in-style-at-sapphire-squirrel-image1_WUGk-MjNJ,Elevated white cabin surrounded by dense green forest trees.,https://ik.imagekit.io/OE/nelson-county/listings/ski-in-style-at-sapphire-squirrel-image2_EK-9dLGZt,"Cozy living room with leather sofa, large windows, and decorative rug.",,,,,"Wintergreen Resort, Roseland, VA 22967",josh,,,https://www.google.com/maps/dir/?api=1&destination=Wintergreen%20Resort%2C%20Roseland%2C%20VA%2022967,,,,,,,,,,,,,,Scenic Views; Fuel; Full Kitchen; Outdoor Seating; Parking; Lodging,FALSE,https://www.google.com/maps/dir/?api=1&destination=Wintergreen%20Resort%2C%20Roseland%2C%20VA%2022967
329,The Retreat at Three Ridges,the-retreat-at-three-ridges,Whole House Rentals,stay,Wintergreen Resort,"The Retreat at Three Ridges is a Scandinavian-inspired condo located just a three-minute walk from the slopes. It features a modern aesthetic, a cozy wood-burning fireplace with provided wood, a well-equipped kitchen, and a relaxing outdoor space, blending Scandi style with mountain comfort.",,,https://ik.imagekit.io/OE/nelson-county/listings/the-retreat-at-three-ridges-image1_jm1zHFdXu,"Modern kitchen with white cabinets, island, and black stools, overlooking balcony.",https://ik.imagekit.io/OE/nelson-county/listings/the-retreat-at-three-ridges-image2_MvonG0ZX_J,"Cozy living room with fireplace, gray sofa, light wood floor, minimal decor.",,,,,"Wintergreen Resort, Roseland, VA 22967",josh,,,https://www.google.com/maps/dir/?api=1&destination=Wintergreen%20Resort%2C%20Roseland%2C%20VA%2022967,,,,,,,,,,,,,,Scenic Views; Lodging; Outdoor Seating; Full Kitchen; Parking; Cabins,FALSE,https://www.google.com/maps/dir/?api=1&destination=Wintergreen%20Resort%2C%20Roseland%2C%20VA%2022967
330,Wintergreen Condo 1437 Highlands,wintergreen-condo-1437-highlands,Whole House Rentals,stay,Wintergreen Resort,Beautiful Highlands Condo at Wintergreen Resort Incredible views Modern Ski in/Ski out *Lodging descriptions are provided by the host and not independently verified. Contact Chad Barbour Staff on Site? Yes Pet-Friendly? No Located in Wintergreen,,,https://ik.imagekit.io/OE/nelson-county/listings/wintergreen-condo-1437-highlands-image1_B9we_8sYO,"Cozy living room with brown sofa, wooden table, large windows showing scenic view.",https://ik.imagekit.io/OE/nelson-county/listings/wintergreen-condo-1437-highlands-image2_shyvdLeQR,"Bedroom with blue bed, wooden floor, fireplace, and large window.",,,,,"Wintergreen Resort, Roseland, VA 22967",josh,,,https://www.google.com/maps/dir/?api=1&destination=Wintergreen%20Resort%2C%20Roseland%2C%20VA%2022967,,,,,,,,,,,,,,Skiing; Scenic Views; Cabins; Lodging,FALSE,https://www.google.com/maps/dir/?api=1&destination=Wintergreen%20Resort%2C%20Roseland%2C%20VA%2022967
331,Time Out,time-out,Whole House Rentals,stay,Wintergreen Resort,"★Comfortably sleeps 7: Q, Q, Q, single sofa ★Hot Tub ★FAST Wi-Fi ★Smart TVs ★Ms. PAC-MAN arcade ★Deck ★Grill ★Pack n'play ★Highchair Walk to trails. Activities are endless: apple picking, breweries/wineries, hiking, lake, horseback riding, golf, tennis, skiiing... Take a peaceful morning walk on path across the street from the cabin.

One mile to Founder's Overlook and amazing sunrises! *Lodging descriptions are provided by the host and not independently verified. Contact Nancy Oates Staff on Site? No Pet-Friendly? Yes Located in Wintergreen",,,https://ik.imagekit.io/OE/nelson-county/listings/time-out-image1_WA5ToIiMM,Cabin with red chairs on porch surrounded by autumn trees and fallen leaves.,https://ik.imagekit.io/OE/nelson-county/listings/time-out-image2_hNPstmersg,"Wooden kitchen with stainless steel appliances, granite countertops, and bright overhead lighting.",,,,,"Wintergreen Resort, Roseland, VA 22967",josh,,,https://www.google.com/maps/dir/?api=1&destination=Wintergreen%20Resort%2C%20Roseland%2C%20VA%2022967,,,,,,,,,,,,,,Wi-Fi; Scenic Views; Pet Friendly,FALSE,https://www.google.com/maps/dir/?api=1&destination=Wintergreen%20Resort%2C%20Roseland%2C%20VA%2022967
332,Cub Creek Cabin,cub-creek-cabin,Cabins & Cottages,stay,Roseland,"Secluded cozy cabin located only minutes away from Devils Backbone, Wintergreen Ski Resort, the Appalachian Trail, and the Blue Ridge Parkway. This two bedroom cabin is a perfect rustic retreat at the end of a day spent exploring Nelson County. Views of Three Ridges from the porch. Spring water.

Sounds of spring fed creek from the porch. *Lodging descriptions are provided by the host and not independently verified. Contact Jacob Keeler Staff on Site? No Pet-Friendly? No Located in Roseland",,,https://ik.imagekit.io/OE/nelson-county/listings/cub-creek-cabin-image1_h6q1evBln,Wooden cabin with porch surrounded by dense green forest. Sunlit exterior.,https://ik.imagekit.io/OE/nelson-county/listings/cub-creek-cabin-image2_bRRxtVEEsJ,"Cozy living room with fireplace, wooden table, chairs, bookshelves, and large window.",,,,,"Roseland, VA 22967",josh,,,https://www.google.com/maps/dir/?api=1&destination=Roseland%2C%20VA%2022967,,,,,,,,,,,,,,Cabins; Outdoor Seating; Scenic Views; Lodging; Appalachian Trail,FALSE,https://www.google.com/maps/dir/?api=1&destination=Roseland%2C%20VA%2022967
333,Tyebello Cabins,tyebello-cabins,Cabins & Cottages,stay,Montebello,"Kitchen Free Wi-Fi Pet friendly Air conditioning Mountain views Starry starry nights are what you will experience. Great hiking off Blue Ridge Parkway, Appalachian Trail and on our property itself. Wineries, breweries, distilleries, Crabtree Falls all nearby. Piney River biking trail 25 minutes away. Peaceful rural setting right on North Fork of Tye River.

Sit by the fire pit and grill your foot right there. Away from everything bi5 high speed internet and streaming services at your fingertips. Pets permitted *Lodging descriptions are provided by the host and not independently verified. Contact Jerry Bowman Staff on Site? Yes Pet-Friendly? Yes Located in Montebello",,,https://ik.imagekit.io/OE/nelson-county/listings/tyebello-cabins-image1_v7ATLrmSv,"Two green chairs by fire pit, overlooking stream and trees.",https://ik.imagekit.io/OE/nelson-county/listings/tyebello-cabins-image2_5RkKGEK6p,"Glass shower enclosure reflecting wood-paneled wall, mirror, and sink with faucet.",,,,,"Tyro, VA 22976",josh,,,https://www.google.com/maps/dir/?api=1&destination=Tyro%2C%20VA%2022976,,,,,,,,,,,,,,Wi-Fi; Pet Friendly; Lodging; Cabins; Full Kitchen; Scenic Views,FALSE,https://www.google.com/maps/dir/?api=1&destination=Tyro%2C%20VA%2022976
334,Glass & Pine,glass-pine,Cabins & Cottages,stay,Nellysford,"This is a TWO bedroom, TWO full bath home. The primary bedroom has a King size bed with attached ensuite. The 2nd bedroom has two sets of twin size bunk beds. There is a fun loft that is accessible with a vertical ladder (use caution). The loft headroom is only about 4' high.

The house is located on 5 acres in a neighborhood with homes spaciously set apart from another and very wooded. Nestled in the breathtaking Blue Ridge Mountains of Nellysford, VA, this newly built contemporary home is perfect for nature lovers, families, and friends. Just one mile from Bold Rock Cidery and Devils Backbone Brewery, and central to Wintergreen Resort and local wineries, it offers easy access to outdoor adventures. Relax on the deck with stunning mountain views or cozy up by the wood stove. Glass & Pine is the ideal retreat for making lasting memories. *Lodging descriptions are provided by the host and not independently verified. Contact Mark Jeschke Staff on Site? No Pet-Friendly? No Located in Nellysford",,,https://ik.imagekit.io/OE/nelson-county/listings/glass-pine-image1_cAuZONr-w,"Modern cabin with large windows in snowy woodland setting, clear blue sky.",https://ik.imagekit.io/OE/nelson-county/listings/glass-pine-image2_RB2rG0JRn7,"Spacious living room with couch, wooden table, and large windows with scenic views.",,,,,"Nellysford, VA 22958",josh,,,https://www.google.com/maps/dir/?api=1&destination=Nellysford%2C%20VA%2022958,,,,,,,,,,,,,,Scenic Views; Beer; Cabins; Lodging,FALSE,https://www.google.com/maps/dir/?api=1&destination=Nellysford%2C%20VA%2022958
335,Wintergreen 19 Ivy Glen Lane,wintergreen-19-ivy-glen-lane,Vacation Rentals,stay,Wintergreen Resort,"Lovingly-maintained furnished 4BR/3.5BA end-unit townhouse with 2-car garage in the four-seasons Wintergreen Resort. Close to the spa, pools and hot tubs; tennis, golf, and great hikes. Shuttle stop to lifts is 40 steps away! *Lodging descriptions are provided by the host and not independently verified. Contact Christine Baker Staff on Site? No Pet-Friendly?

Yes Located in Wintergreen",,,https://ik.imagekit.io/OE/nelson-county/listings/wintergreen-19-ivy-glen-lane-image1_M8YMHOmi7N,"Modern brown house with large windows, driveway, and white SUV parked outside.",https://ik.imagekit.io/OE/nelson-county/listings/wintergreen-19-ivy-glen-lane-image2_Lirrcwn4D,"Modern kitchen with granite countertops, stainless steel appliances, and two bar stools.",,,,,"Wintergreen Resort, Roseland, VA 22967",josh,,,https://www.google.com/maps/dir/?api=1&destination=Wintergreen%20Resort%2C%20Roseland%2C%20VA%2022967,,,,,,,,,,,,,,Resort; Pool; Pet Friendly; Spa; Golf,FALSE,https://www.google.com/maps/dir/?api=1&destination=Wintergreen%20Resort%2C%20Roseland%2C%20VA%2022967
336,The Brown Bear Lodge,the-brown-bear-lodge,Whole House Rentals,stay,Wintergreen Resort,"The Brown Bear Lodge is a charming three-bedroom, 2.5-bath home located just steps from the Wintergreen resort center. With a cozy bunk room, an original stone fireplace, and a modern gas stove, it combines classic charm with contemporary comfort. Outdoor enthusiasts will appreciate the fire pit and grill, perfect for gathering in nature.",,,https://ik.imagekit.io/OE/nelson-county/listings/the-brown-bear-lodge-image1_MNgHSMy6u,"Green house with wooden deck in forest, surrounded by leafless trees.",https://ik.imagekit.io/OE/nelson-county/listings/the-brown-bear-lodge-image2_WFvplR59eU,"Modern kitchen with white cabinets, wooden island, stools, and stainless steel appliances.",,,,,"Wintergreen Resort, Roseland, VA 22967",josh,,,https://www.google.com/maps/dir/?api=1&destination=Wintergreen%20Resort%2C%20Roseland%2C%20VA%2022967,,,,,,,,,,,,,,Family Friendly; Fuel; Resort; Lodging,FALSE,https://www.google.com/maps/dir/?api=1&destination=Wintergreen%20Resort%2C%20Roseland%2C%20VA%2022967
337,Mountain Home in Nelson County,mountain-home-in-nelson-county,Cabins & Cottages,stay,Faber,Mountain Home in Nelson County. 10 minutes from Pippin Hill Winery and 30 minutes to Wintergreen Resort. Quiet with beautiful mountain views. *Lodging descriptions are provided by the host and not independently verified. Contact Carl Breiner Staff on Site? No Pet-Friendly? No Located in Faber,,,https://ik.imagekit.io/OE/nelson-county/listings/mountain-home-in-nelson-county-image1_IxXLR3b9jm,"Wooden stairs and black door entrance, white walls, brown shutters, potted plants.",https://ik.imagekit.io/OE/nelson-county/listings/mountain-home-in-nelson-county-image2_FTxe4AMlvU,"Modern kitchen with island, wooden beams, barstools, pendant lights, and outdoor view.",,,,,"North Garden, VA 22959",josh,,,https://www.google.com/maps/dir/?api=1&destination=North%20Garden%2C%20VA%2022959,,,,,,,,,,,,,,Scenic Views; Wine; Cabins; Lodging; Tastings,FALSE,https://www.google.com/maps/dir/?api=1&destination=North%20Garden%2C%20VA%2022959
338,Spy Run Hideaway,spy-run-hideaway,Cabins & Cottages,stay,Wintergreen Resort,"3 bedroom, 2 full bath, sleeps 8 , on 17 acres. Secluded quiet and relaxing area. Secluded and quiet *Lodging descriptions are provided by the host and not independently verified. Contact Frank Lehner Staff on Site? Yes Pet-Friendly?

Yes Located in Vesuvius 3 bedroom, 2 full bath, sleeps 8 , on 17 acres. Secluded quiet and relaxing area. Secluded and quiet *Lodging descriptions are provided by the host and not independently verified. Contact Frank Lehner Staff on Site? Yes Pet-Friendly? Yes Located in Vesuvius",,,https://ik.imagekit.io/OE/nelson-county/listings/spy-run-hideaway-image1_SR1H-tiDB,House with wooden porch surrounded by green lawn and trees.,https://ik.imagekit.io/OE/nelson-county/listings/spy-run-hideaway-image2_QnJSRmXM0,"Cozy living room with gray couches, wooden table, and maroon accent wall.",,,,,"Roseland, VA 22967",josh,,,https://www.google.com/maps/dir/?api=1&destination=Roseland%2C%20VA%2022967,,,,,,,,,,,,,,Scenic Views; Pet Friendly; Full Kitchen,FALSE,https://www.google.com/maps/dir/?api=1&destination=Roseland%2C%20VA%2022967
339,Love of Mountains Oh Fill My Cup,love-of-mountains-oh-fill-my-cup,Whole House Rentals,stay,Wintergreen Resort,"Relax with the whole family at this peaceful place to stay. Let the mountains fill your cup and the fire warm your heart. Both beds are queen size. The Condo is less than 5 minutes by car to the ski lodge parking lot. (Wintergreen Club amenities are not transferrable to airbnb guests.) Modern and spacious third-floor condominium with upgraded kitchen. Private golf course views.

Guests have access to two public/community pools: Chestnut Springs (upper Wintergreen) and also Rhodes Farm (lower Wintergreen/Nellysford, as well as nearby Lake Sherando. *Lodging descriptions are provided by the host and not independently verified. Contact J. Crain Staff on Site? No Pet-Friendly? No Located in Wintergreen",,,https://ik.imagekit.io/OE/nelson-county/listings/love-of-mountains-oh-fill-my-cup-image1_IeSxTT1aBT,"Tall beige house with multiple balconies, surrounded by trees and greenery.",https://ik.imagekit.io/OE/nelson-county/listings/love-of-mountains-oh-fill-my-cup-image2_7bJGndeuCM,"Modern living room with fireplace, kitchen island, and sliding glass doors to balcony.",,,,,"Wintergreen Resort, Roseland, VA 22967",josh,,,https://www.google.com/maps/dir/?api=1&destination=Wintergreen%20Resort%2C%20Roseland%2C%20VA%2022967,,,,,,,,,,,,,,Golf; Full Kitchen; Cabins; Lodging; Swimming Pool,FALSE,https://www.google.com/maps/dir/?api=1&destination=Wintergreen%20Resort%2C%20Roseland%2C%20VA%2022967
340,Marigold on the Mountain,marigold-on-the-mountain,Whole House Rentals,stay,Wintergreen Resort,"The house has 5 bedrooms, 4 bath, and sleeps 14. Marigold features a hot tub and cedar barrel sauna on the lower deck, and a propane fire pit plus dining for 10 on the upper deck. Inside, you'll love the soaring ceiling with a light-drenched open concept living room / dining / kitchen. A separate living room / game room downstairs can double as a 6th bedroom. Plus, pet friendly!

Marigold is located in the heart of beautiful Wintergreen in Virginia, which has tons to do for all ages, year-round. We are just a few minutes’ drive to the slopes and all the dining and entertainment at Wintergreen. Some of the best hiking trails in the state are off the Blue Ridge Parkway (15 minutes from the home), plus there are other great trails just down the street. Also nearby are two sandy-beach-entrance lakes plus a community pool for swimming, and over dozen wineries, breweries, and distilleries- all within a 30 minute drive. *Lodging descriptions are provided by the host and not independently verified. Contact Crystal Allen Staff on Site? No Pet-Friendly? Yes Located in Wintergreen",,,https://ik.imagekit.io/OE/nelson-county/listings/marigold-on-the-mountain-image1_yac4pWcIy,Outdoor hot tub with bubbles and glowing lights under a wooden canopy.,https://ik.imagekit.io/OE/nelson-county/listings/marigold-on-the-mountain-image2_THfCTqEMZ,"Spacious living room with stone fireplace, large windows, and modern furniture.",,,,,"Wintergreen Resort, Roseland, VA 22967",josh,,,https://www.google.com/maps/dir/?api=1&destination=Wintergreen%20Resort%2C%20Roseland%2C%20VA%2022967,,,,,,,,,,,,,,Outdoor Seating; Pet Friendly,FALSE,https://www.google.com/maps/dir/?api=1&destination=Wintergreen%20Resort%2C%20Roseland%2C%20VA%2022967
341,Top of The Mountain Hideaway,top-of-the-mountain-hideaway,Whole House Rentals,stay,Wintergreen Resort,"Private beautiful house near the top of Wintergreen with a hot tub. Located one mile from the Mountain Inn. Enjoy the shuffleboard table after skiing or hiking! Very close to multiple wineries and breweries! House has 3 bedrooms and 3 bathx.

Beautiful updated home with hot tub and shuffleboard table. *Lodging descriptions are provided by the host and not independently verified. Contact Jill Sandoval Staff on Site? No Pet-Friendly? Yes Located in Wintergreen",,,https://ik.imagekit.io/OE/nelson-county/listings/top-of-the-mountain-hideaway-image1_Zf0QHLEUu,Wooden A-frame house surrounded by lush green trees and mist.,https://ik.imagekit.io/OE/nelson-county/listings/top-of-the-mountain-hideaway-image2_AQER_PUCe5,"Rustic living room with wooden ceiling, floral couch, large windows, and chandelier.",,,,,"Wintergreen Resort, Roseland, VA 22967",josh,,,https://www.google.com/maps/dir/?api=1&destination=Wintergreen%20Resort%2C%20Roseland%2C%20VA%2022967,,,,,,,,,,,,,,Scenic Views; Lodging; Pet Friendly; Beer,FALSE,https://www.google.com/maps/dir/?api=1&destination=Wintergreen%20Resort%2C%20Roseland%2C%20VA%2022967
342,On The Rocks,on-the-rocks,Cabins & Cottages,stay,Wintergreen Resort,3 BR/ 2 BA - A frame less than 2 miles from the Ski Lodge in Wintergreen Pet friendly The driveway is flat *Lodging descriptions are provided by the host and not independently verified. Contact Elise Dunton Staff on Site? No Pet-Friendly? Yes Located in Wintergreen,,,https://ik.imagekit.io/OE/nelson-county/listings/on-the-rocks-image1_TKRsUl-HN,Warmly lit cabin porch nestled in dark forest setting at dusk.,https://ik.imagekit.io/OE/nelson-county/listings/on-the-rocks-image2_mlZZPZ20e,"Cozy living room, black sofa, colorful rug, wood stove, large windows.",,,,,"Wintergreen Resort, Roseland, VA 22967",josh,,,https://www.google.com/maps/dir/?api=1&destination=Wintergreen%20Resort%2C%20Roseland%2C%20VA%2022967,,,,,,,,,,,,,,Pet Friendly; Parking; Full Kitchen,FALSE,https://www.google.com/maps/dir/?api=1&destination=Wintergreen%20Resort%2C%20Roseland%2C%20VA%2022967
343,Our Mountain Getaway,our-mountain-getaway,Whole House Rentals,stay,Wintergreen Resort,6 BR/5.5 BA Great view on the 12th hole of the golf course at Wintergreen Resort *Lodging descriptions are provided by the host and not independently verified. Contact Craig Zeigler Staff on Site? No Pet-Friendly? No Located in Wintergreen,,,https://ik.imagekit.io/OE/nelson-county/listings/our-mountain-getaway-image1_QQ7tsWytv,"Large house with steep gables, surrounded by trees, sunny day.",https://ik.imagekit.io/OE/nelson-county/listings/our-mountain-getaway-image2_QjleEHkdu,"Spacious living room with stone fireplace, leather couch, and large windows showing trees.",,,,,"Wintergreen Resort, Roseland, VA 22967",josh,,,https://www.google.com/maps/dir/?api=1&destination=Wintergreen%20Resort%2C%20Roseland%2C%20VA%2022967,,,,,,,,,,,,,,Golf; Lodging,FALSE,https://www.google.com/maps/dir/?api=1&destination=Wintergreen%20Resort%2C%20Roseland%2C%20VA%2022967
344,Rockfish Cabin,rockfish-cabin,Cabins & Cottages,stay,Faber,"Main level boasts sliding glass doors to generous porch, well-stocked kitchen (granite countertops, gas stove), gas fireplace, comfortable seating, farm table, twin bedroom and luxurious bath. Top level has its own living space - perfect for reading, game playing, or even cocktails! Master bedroom with upscale full bath and Juliet balcony.

Bottom level has its own entrance and two large bedrooms - one with queen bed, the other with bunk beds, sofa and large TV with DVD and gaming system. Upscale bath and full size washer/dryer laundry closet complete the space. 13+ acres. Walk down path to the river that leads to a Poplar grove clearing leading opening to a sandy beach. Find yourself restored by relaxing in one of six Adirondack chairs listening to rustling leaves and rippling water. Enjoy a campfire with family and friends! Plenty of parking in the circular driveway. Beautiful cabin -13 acre wooded hillside along Rockfish River. Home provides a wonderful blend of modern comfort (high speed internet, updated kitchen) in a rustic exposed post and beam cabin; 3 floors of living spaces allow options for gathering, working, playing together but also apart. Sliding glass doors lead to a large wrap around porch with gas grill, dining table, plenty of seating and a tree level view of the natural setting and wildlife. So much to explore on the property and nearby! *Lodging descriptions are provided by the host and not independently verified. Contact Mary Battle Staff on Site? No Pet-Friendly? No Located in Faber",,,https://ik.imagekit.io/OE/nelson-county/listings/rockfish-cabin-image1_84_d29dwaB,"Wooden cabin with green roof, surrounded by trees and lush greenery.",https://ik.imagekit.io/OE/nelson-county/listings/rockfish-cabin-image2_X0BibehzI,"Cozy wooden cabin interior with leather couch, staircase, and kitchen area.",,,,,"Afton, VA 22920",josh,,,https://www.google.com/maps/dir/?api=1&destination=Afton%2C%20VA%2022920,,,,,,,,,,,,,,Cabins; Fuel; Full Kitchen; Outdoor Seating; Lodging; Water Sports; Fishing,FALSE,https://www.google.com/maps/dir/?api=1&destination=Afton%2C%20VA%2022920
345,Blue Ridge Cabin,blue-ridge-cabin,Cabins & Cottages,stay,Roseland,"Enjoy a memorable getaway at this cabin with mountain views with 3 floors of living & entertaining space, 4 bedrooms, 6 beds ( 2 kings), 3 bathrooms & 2 kitchens at the base of the mountain on the “Rt. 151 Brew Ridge Trail”. You’ll be able to soak in the natural beauty of the Blue Ridge Mountains on 2 private acres while being close to all the fun!

The Blue Ridge Cabin is at the base of the mountain on the “151 Brewridge Trail”, just mins to wineries, breweries, hiking, skiing, golfing & lake fun. Experience a mountain vaca in this fun bear-themed cabin on 2 private acres, tucked away yet close to it all! Enjoy 12+ wineries & breweries just 15mins away, 1/2 mi to Devils Backbone Brewery, 1 mi to Bold Rock Cider, 10 mins to the App Trail, Shenandoah Nat. Park & Wintergreen Ski Resort! The must see spots are so close that you can see it all! *Lodging descriptions are provided by the host and not independently verified. Contact Daniel Mais Staff on Site? No Pet-Friendly? No Located in Roseland",,,https://ik.imagekit.io/OE/nelson-county/listings/blue-ridge-cabin-image1_rQ-5AuQor,"Wooden cabin with deck, surrounded by trees, chairs, and firepit in yard.",https://ik.imagekit.io/OE/nelson-county/listings/blue-ridge-cabin-image2_FjLMY_7oV,"Wooden cabin interior with plush seats, stairway, round table, and chandelier lighting.",,,,,"Roseland, VA 22967",josh,,,https://www.google.com/maps/dir/?api=1&destination=Roseland%2C%20VA%2022967,,,,,,,,,,,,,,Scenic Views; Cabins; Lodging; Hiking; Beer,FALSE,https://www.google.com/maps/dir/?api=1&destination=Roseland%2C%20VA%2022967
346,Wintergreen Duplex,wintergreen-duplex,Whole House Rentals,stay,Wintergreen Resort,"Duplex with 3 floors with 4 BR & 3.5 BA. Wood Burning fireplace, back deck, full size washer and dryer. Close to everything. Short walk to either overlook for magnificent sunsets and sunrises & great hiking trails. Across the street from the Spa & Fitness Center and free shuttle to the base & Mountain Inn. 2 full size couches in the living room, foosball table upstairs.

Great location. Great floor plan. *Lodging descriptions are provided by the host and not independently verified. Contact Emily Piacentino Staff on Site? No Pet-Friendly? No Located in Wintergreen",,,https://ik.imagekit.io/OE/nelson-county/listings/wintergreen-duplex-image1_s8r0SUoXj,Gray house with wooden stairs surrounded by colorful autumn trees.,https://ik.imagekit.io/OE/nelson-county/listings/wintergreen-duplex-image2_Ohf82pn4p,"Cozy living room with leather furniture, large windows, and a fireplace.",,,,,"Wintergreen Resort, Roseland, VA 22967",josh,,,https://www.google.com/maps/dir/?api=1&destination=Wintergreen%20Resort%2C%20Roseland%2C%20VA%2022967,,,,,,,,,,,,,,Outdoor Seating; Scenic Views; Spa; Lodging,FALSE,https://www.google.com/maps/dir/?api=1&destination=Wintergreen%20Resort%2C%20Roseland%2C%20VA%2022967
347,Sunrise on the Trail,sunrise-on-the-trail,Cabins & Cottages,stay,Afton,"This newly renovated home features a well appointed kitchen with modern appliances, dining area and coffee bar. The home also features a full size washer/dryer, Keurig Duo coffee maker and a 50 inch Smart HDTV. Each bedroom features queen bedding and wireless phone charging. Linens and towels are provided free of charge.

The outdoor area includes a gazebo, firepit and chairs as well as a charcoal grill. Please be sure to bring your own charcoal, if desired. Centrally located on the brew trail, this home is a short drive to all the local wineries, breweries and distilleries, as well as the abundance of hiking and outdoor activities in the area. Despite being in the middle everything, the home is set back off the main road and still maintains a quiet family friendly atmosphere. *Lodging descriptions are provided by the host and not independently verified. Contact James Boyer Staff on Site? No Pet-Friendly? No Located in Afton",,,https://ik.imagekit.io/OE/nelson-county/listings/sunrise-on-the-trail-image1_3XqAqmEtB,"Small tan house with front yard, large tree, and mountains in background.",https://ik.imagekit.io/OE/nelson-county/listings/sunrise-on-the-trail-image2_FQx0N8B4R,"Beige living room with sectional sofa, wooden tables, and decorative wall accents.",,,,,"Afton, VA 22920",josh,,,https://www.google.com/maps/dir/?api=1&destination=Afton%2C%20VA%2022920,,,,,,,,,,,,,,Coffee; Bar; Outdoor Seating; Tea; Full Kitchen; Cabins; Lodging,FALSE,https://www.google.com/maps/dir/?api=1&destination=Afton%2C%20VA%2022920
348,Mima's Mountain House,mimas-mountain-house,Whole House Rentals,stay,Massies Mill,"5 BR/ 3 BA house. Sleeps 10 Mima's Mountain House with Mountain View/ Creekside Relax with family and friends a this peaceful creekside mountain retreat. The summit of The Priest can be viewed from the front porch . We start our day here with a cup of coffee. This beautiful stretch of the Appalachians offers so much to do with a short scenic drive.

Hiking trails, skiing at Wintergreen Resort, local farmers markets and unique shops. There are 5 breweries , 3 cideries and 10 wineries within a 25 mile radius. *Lodging descriptions are provided by the host and not independently verified. Contact Anne Panas Staff on Site? No Pet-Friendly? Yes Located in Massies Mill",,,https://ik.imagekit.io/OE/nelson-county/listings/mima-s-mountain-house-image1_EsyoRLgzz,"House surrounded by green forest, with distant mountains under clear blue sky.",https://ik.imagekit.io/OE/nelson-county/listings/mima-s-mountain-house-image2_c8qZTjZZu,"Spacious kitchen with island, pendant lights, wood flooring, and large stainless steel fridge.",,,,,"Massies Mill, VA 22943",josh,,,https://www.google.com/maps/dir/?api=1&destination=Massies%20Mill%2C%20VA%2022943,,,,,,,,,,,,,,Outdoor Seating; Wi-Fi; Pet Friendly; Full Kitchen; Lodging; Hiking; Water Sports; Fishing,FALSE,https://www.google.com/maps/dir/?api=1&destination=Massies%20Mill%2C%20VA%2022943
349,Village Antiques,villageantiques,Restaurants,taste,Lovingston,"Conveniently located on the corner of Main and Front Sts in the heart of Lovingston. Serving brunch and lunch, homemade quiche and sandwiches. Trager Bros hot and iced coffees (roasted fresh a block away!), teas, bottled sodas, fresh baked goods- sweets, breads, cakes and so much more! Open 10-5 Wed- Sat We are a charming cafe set in an antiques store!

Browse around and enjoy a refreshing beverage and bite to eat. 605 Front St. Lovingston, VA 22949 Conveniently located on the corner of Main and Front Sts in the heart of Lovingston. Serving brunch and lunch, homemade quiche and sandwiches. Trager Bros hot and iced coffees (roasted fresh a block away!), teas, bottled sodas, fresh baked goods- sweets, breads, cakes and so much more! Open 10-5 Wed- Sat We are a charming cafe set in an antiques store! Browse around and enjoy a refreshing beverage and bite to eat. 605 Front St. Lovingston, VA 22949 Veritas Vineyards & Winery Mountain and Vine Winery Blue Mountain Brewery Basic Necessities",,,https://ik.imagekit.io/OE/nelson-county/listings/village-antiques-image1_pMNc-IvgF,"Turquoise umbrella and door, black awning, outside brick storefront with tables.",,,,,,(434) 263-4800,"605 Front Street, Lovingston, VA 22949",WG,,,https://www.google.com/maps/dir/?api=1&destination=605%20Front%20Street%2C%20Lovingston%2C%20VA%2022949,,,,,,,,,,,,,,Coffee; Bakery; Baked Goods; Tea; Brunch,FALSE,https://www.google.com/maps/dir/?api=1&destination=605%20Front%20Street%2C%20Lovingston%2C%20VA%2022949
350,Cliffs Edge,cliffs-edge,Whole House Rentals,stay,Wintergreen Resort,"An open floor plan with high ceilings and large skylights, this amazingly engineered home will stun you with its incredible mountain views! This spacious three bedroom, three bathroom home with its cantilevered decks, makes this perfect for any family. The large upstairs loft, adjacent to the upstairs bedrooms, offers movies, games, puzzles, and comfortable seating.

Multiple TV's give plenty of entertainment options. The spacious living area and dining room have abundant seating for all. Featured in Southern Living magazine when originally constructed, this Contemporary Mountain Home has an open floorplan with high ceilings and multiple skylights. This home has magnificent cliff views of Crawford's Knob Mountain. Situated in the treetops, this cantilevered home extends outward into nature with expansive decks and a living area perfect for entertaining. It also has a desk/table area with the best working views of mountains you'll ever experience. The beautiful shoji screens are designed to give the loft elegant privacy. This is truly a four-season home where you can enjoy vistas of the Blue Ridge Parkway and watch the seasons change from spring to summer to the beautiful fall foliage of Autumn, then snow and skiing of Winter. *Lodging descriptions are provided by the host and not independently verified. Contact Karen Brown Staff on Site? No Pet-Friendly? No Located in Wintergreen",,,https://ik.imagekit.io/OE/nelson-county/listings/cliffs-edge-image1_PghL6fozc,"Beige house with sloped roof, surrounded by trees and rocks.",https://ik.imagekit.io/OE/nelson-county/listings/cliffs-edge-image2_swMItGy72,"Spacious living room with large windows, two sofas, and outdoor forest view.",,,,,"Wintergreen Resort, Roseland, VA 22967",josh,,,https://www.google.com/maps/dir/?api=1&destination=Wintergreen%20Resort%2C%20Roseland%2C%20VA%2022967,,,,,,,,,,,,,,Scenic Views; Lodging,FALSE,https://www.google.com/maps/dir/?api=1&destination=Wintergreen%20Resort%2C%20Roseland%2C%20VA%2022967
351,Slopes At Tyro,slopes-at-tyro,Whole House Rentals,stay,Wintergreen Resort,"Slope slide 4 bedroom home with hot tub and wood burning fireplace. Our property manager at Wintergreen is Julie Fitzgerald. We are one of the few ski-in/ski-out homes at Wintergreen with access to night skiing. *Lodging descriptions are provided by the host and not independently verified. Contact Julie Fitzgerald Staff on Site? Yes Pet-Friendly?

Yes Located in Wintergreen",,,https://ik.imagekit.io/OE/nelson-county/listings/slopes-at-tyro-image1_SkMvBj_Gr,Wooden house surrounded by dense green forest and sunlight.,https://ik.imagekit.io/OE/nelson-county/listings/slopes-at-tyro-image2_RcjJmJPTw2,"Cozy living room with black leather sofa, wooden table, and large windows.",,,,,"Wintergreen Resort, Roseland, VA 22967",josh,,,https://www.google.com/maps/dir/?api=1&destination=Wintergreen%20Resort%2C%20Roseland%2C%20VA%2022967,,,,,,,,,,,,,,Skiing; Snow Sports; Pet Friendly,FALSE,https://www.google.com/maps/dir/?api=1&destination=Wintergreen%20Resort%2C%20Roseland%2C%20VA%2022967
352,Home on the Ridge,home-on-the-ridge,Whole House Rentals,stay,Wintergreen Resort,"Condo with 2 Bedrooms 2 full baths, kitchen, living room; balcony overlooking 18th hole on Devils Knob Golf Course. Beautifully decorated. Easy access to golf, tennis or skiing. Great view of golf course. *Lodging descriptions are provided by the host and not independently verified. Contact Marilyn Alphin Staff on Site?

No Pet-Friendly? No Located in Wintergreen",,,https://ik.imagekit.io/OE/nelson-county/listings/home-on-the-ridge-image1_FIqU4391T,"Patio with metal chairs, table, surrounded by trees, sunlight filtering through branches.",https://ik.imagekit.io/OE/nelson-county/listings/home-on-the-ridge-image2_qnVMO-7qU,"Cozy living room with armchair, fireplace, lamp, and coffee table.",,,,,"Wintergreen Resort, Roseland, VA 22967",josh,,,https://www.google.com/maps/dir/?api=1&destination=Wintergreen%20Resort%2C%20Roseland%2C%20VA%2022967,,,,,,,,,,,,,,Resort; Golf; Tennis; Full Kitchen; Wi-Fi; Parking; Cabins; Lodging,FALSE,https://www.google.com/maps/dir/?api=1&destination=Wintergreen%20Resort%2C%20Roseland%2C%20VA%2022967
353,Peppers Mountain Pad,peppers-mountain-pad,Vacation Rentals,stay,Wintergreen Resort,"Welcome to Pepper’s Mountain Pad, nestled in the Blue Ridge Mountains at Wintergreen Resort. Within walking distance to all the resort attractions; this 2-bedroom, 2-bathroom mountain condo has so much to offer. Just a 3 min. walk to The Market, The Village, and Laurelwood private pool.

The master bedroom features a king bed, Bedroom 2 features a queen bed, and the living room has a queen sleeper sofa. Two full bathrooms. Cozy wood-burning fireplace w/firewood. Three Smart TV’s for streaming/no cable. Fully stocked kitchen. Keurig or coffee drip machine. Washer/dryer. Private parking and a parking pass. Secluded outdoor patio around back with a seasonal mountain view. End unit offers added privacy. *Lodging descriptions are provided by the host and not independently verified. Contact Cindy Torres Staff on Site? No Pet-Friendly? Yes Located in Wintergreen",,,https://ik.imagekit.io/OE/nelson-county/listings/peppers-mountain-pad-image1_IcQF5f6FJ,Wooden bridge leads to two-story brown cabin surrounded by leafless trees.,https://ik.imagekit.io/OE/nelson-county/listings/peppers-mountain-pad-image2_UIJfSEJGvn,"Cozy living room with stone fireplace, wall-mounted TV, and patterned chairs.",,,,,"Wintergreen Resort, Roseland, VA 22967",josh,,,https://www.google.com/maps/dir/?api=1&destination=Wintergreen%20Resort%2C%20Roseland%2C%20VA%2022967,,,,,,,,,,,,,,Wi-Fi; Market; Pool; Pet Friendly; Full Kitchen; Outdoor Seating,FALSE,https://www.google.com/maps/dir/?api=1&destination=Wintergreen%20Resort%2C%20Roseland%2C%20VA%2022967
354,Rockfish Valley Retreat,rockfish-valley-retreat,Whole House Rentals,stay,Nellysford,"Well behaved Pets/Dogs considered, additional fee and certain restrictions/guidelines Rockfish Valley Retreat is a 3 bedroom, 2 bathroom home, perfect for families and friends looking for a peaceful retreat that feels away from it all, but that is close to all the local attractions. We have a wonderful outdoor space with beautiful views and a horse farm across the street.

Max occupancy of 9 people. Located in the valley area of Wintergreen. We are close to some of the area's most popular hiking and outdoor destinations, including Crabtree Falls, Blue Ridge Tunnel hike and more than 30 miles of trails at Wintergreen Resort. We are also a short drive from many wineries and breweries. We love exploring the area with our families and friends. We look forward to helping you plan the perfect stay! *Lodging descriptions are provided by the host and not independently verified. Contact Stacey Newton Staff on Site? No Pet-Friendly? Yes Located in Nellysford",,,https://ik.imagekit.io/OE/nelson-county/listings/rockfish-valley-retreat-image1_9uA2hVVt0,Wooden house with porch beneath a faint rainbow in overcast sky.,https://ik.imagekit.io/OE/nelson-county/listings/rockfish-valley-retreat-image2_R0PJrMdQU,"Cozy wooden cabin interior with large windows, fireplace, and comfortable seating.",,,,,"Nellysford, VA 22958",josh,,,https://www.google.com/maps/dir/?api=1&destination=Nellysford%2C%20VA%2022958,,,,,,,,,,,,,,Farm; Outdoor Seating; Pet Friendly; Fishing,FALSE,https://www.google.com/maps/dir/?api=1&destination=Nellysford%2C%20VA%2022958
355,Dobie Condo 323 at Wintergreen,dobie-condo-323-at-wintergreen,Whole House Rentals,stay,Wintergreen Resort,"This Condo has 2 bedrooms, 2 bathrooms. Fireplace Located at the Wintergreen Resort with lots of options for entertainment and as a quiet weekend getaway. *Lodging descriptions are provided by the host and not independently verified. Contact Gioia Niquita Staff on Site? Yes Pet-Friendly? No Located in Wintergreen",,,https://ik.imagekit.io/OE/nelson-county/listings/dobie-condo-323-at-wintergreen-image1_hQp6Rs-TR,"Outdoor patio with round table, chairs, string lights, and greenery.",https://ik.imagekit.io/OE/nelson-county/listings/dobie-condo-323-at-wintergreen-image2_QrFqSkZCh,"Cozy room with fireplace, large windows, and wooden ceiling.",,,,,"Wintergreen Resort, Roseland, VA 22967",josh,,,https://www.google.com/maps/dir/?api=1&destination=Wintergreen%20Resort%2C%20Roseland%2C%20VA%2022967,,,,,,,,,,,,,,Resort; Cabins; Lodging,FALSE,https://www.google.com/maps/dir/?api=1&destination=Wintergreen%20Resort%2C%20Roseland%2C%20VA%2022967
356,Highlands 1426 Condo,highlands-1426-condo,Whole House Rentals,stay,Wintergreen Resort,"Enjoy breathtaking mountain, valley and sunrise views from this beautifully renovated 2 BR, 2 BA condo. Open and bright floor plan on one level. Beautifully decorated. Property manager lives close by. Highlands is a ski front neighborhood and the Wintergraden Spa & Aquatics is just across the street.

Very easy access from the parking to the condo entry. *Lodging descriptions are provided by the host and not independently verified. Contact Niquita Gioia Staff on Site? Yes Pet-Friendly? No Located in Wintergreen",,,https://ik.imagekit.io/OE/nelson-county/listings/highlands-1426-condo-image1_zKMwuE_gb,Wooden walkway leading to a snow-covered building entrance with green trees.,https://ik.imagekit.io/OE/nelson-county/listings/highlands-1426-condo-image2_jPHrYJBsj,"Modern living room with brown sofa, dining table, shelves, and mountain view.",,,,,"Wintergreen Resort, Roseland, VA 22967",josh,,,https://www.google.com/maps/dir/?api=1&destination=Wintergreen%20Resort%2C%20Roseland%2C%20VA%2022967,,,,,,,,,,,,,,Skiing; Scenic Views; Local Ingredients; Cabins; Lodging,FALSE,https://www.google.com/maps/dir/?api=1&destination=Wintergreen%20Resort%2C%20Roseland%2C%20VA%2022967
357,Gumtree Drive 134,gumtree-drive-134,Cabins & Cottages,stay,Wintergreen Resort,"4 Bedroom, 4 Bath house with game room with 2 big screen TV's Hot Tub Laurel Ridge Hiking Trail is on property. *Lodging descriptions are provided by the host and not independently verified. Contact Scott Hartwick Staff on Site? No Pet-Friendly? Yes Located in Wintergreen",,,https://ik.imagekit.io/OE/nelson-county/listings/gumtree-drive-134-image1_PmgjY0N-m,Wooden house in forest with American flag and surrounding trees.,https://ik.imagekit.io/OE/nelson-county/listings/gumtree-drive-134-image2_wbhEDYpwz,"Cozy kitchen with hanging pots, green walls, and sunlight streaming through windows.",,,,,"Wintergreen Resort, Roseland, VA 22967",josh,,,https://www.google.com/maps/dir/?api=1&destination=Wintergreen%20Resort%2C%20Roseland%2C%20VA%2022967,,,,,,,,,,,,,,Pet Friendly; Cabins; Lodging,FALSE,https://www.google.com/maps/dir/?api=1&destination=Wintergreen%20Resort%2C%20Roseland%2C%20VA%2022967
358,Wake In The Clouds,wake-in-the-clouds,Whole House Rentals,stay,Wintergreen Resort,One bedroom condo with 2 baths Wake up to spectacular sunrises in this completely renovated mountain condo. *Lodging descriptions are provided by the host and not independently verified. Contact John Mandryk Staff on Site? No Pet-Friendly? No Located in Wintergreen,,,https://ik.imagekit.io/OE/nelson-county/listings/wake-in-the-clouds-image1_wf-ReZDWi,Wooden ramp leading to house entrance beneath leafy green trees.,https://ik.imagekit.io/OE/nelson-county/listings/wake-in-the-clouds-image2_tL-VlvIQu,"Cozy bedroom with large bed, scenic window view, neutral decor accents.",,,,,"Wintergreen Resort, Roseland, VA 22967",josh,,,https://www.google.com/maps/dir/?api=1&destination=Wintergreen%20Resort%2C%20Roseland%2C%20VA%2022967,,,,,,,,,,,,,,Scenic Views; Wi-Fi; Full Kitchen; Cabins; Lodging,FALSE,https://www.google.com/maps/dir/?api=1&destination=Wintergreen%20Resort%2C%20Roseland%2C%20VA%2022967
359,Nectar Landing,nectar-landing,Whole House Rentals,stay,Roseland,"3BR/2.5 Bath Ranch style home, sleeps 10 Large game room, wifi, front porch, back deck with hot tub Nectar Landing is a vacation home designed for multi-family or multi generational trips. The home is open concept with dining table and breakfast bar, fully stocked kitchen with SS appliances.

There are quiet corners throughout this cozy home, but the game room on the far end is where the party's at, with ping pong, foosball, and shelves of puzzles and board games! *Lodging descriptions are provided by the host and not independently verified. Contact Katherine Currin Staff on Site? No Pet-Friendly? Yes Located in Roseland",,,https://ik.imagekit.io/OE/nelson-county/listings/nectar-landing-image1_6Tn_5IKLo,"Snow-covered hill, house, bare trees, colorful sunset sky.",https://ik.imagekit.io/OE/nelson-county/listings/nectar-landing-image2_WbZSWw4gD,"Modern living room with grey sofa, wooden furniture, and wall-mounted TV.",,,,,"Nellysford, VA 22958",josh,,,https://www.google.com/maps/dir/?api=1&destination=Nellysford%2C%20VA%2022958,,,,,,,,,,,,,,Wi-Fi; Outdoor Seating; Full Kitchen; Pet Friendly; Parking,FALSE,https://www.google.com/maps/dir/?api=1&destination=Nellysford%2C%20VA%2022958
360,Nelson 151 Views and Brews,nelson-151-views-and-brews,Whole House Rentals,stay,Afton,"Charming 1-bedroom apartment in beautiful Afton close to wineries, breweries, and trails. Property has a nice view of Humpback Rock and surrounding Blue Ridge Mountain Range.

Full kitchen with washing machine and dryer Close proximity to gas station and 151 Centrally located between Staunton and Charlottesville Close to Blue Ridge Parkway and Shenandoah National Park Close to Appalachian Trail Very Clean and comfortable *Lodging descriptions are provided by the host and not independently verified. Contact Amy Randolph Staff on Site? Yes Pet-Friendly? No Located in Afton",,,https://ik.imagekit.io/OE/nelson-county/listings/nelson-151-views-and-brews-image1_y8zi1-2K8,Three-car garage under sunny sky with brick and siding exterior.,https://ik.imagekit.io/OE/nelson-county/listings/nelson-151-views-and-brews-image2_X0_Ohw004,"Cozy living space with kitchen, dining table, and brown sofa. Bright natural light.",,,,,"Afton, VA 22920",josh,,,https://www.google.com/maps/dir/?api=1&destination=Afton%2C%20VA%2022920,,,,,,,,,,,,,,Full Kitchen; Scenic Views; Parking; Cabins; Lodging,FALSE,https://www.google.com/maps/dir/?api=1&destination=Afton%2C%20VA%2022920
361,Woodland Hideaway,woodland-hideaway,Whole House Rentals,stay,Shipman,"One bedroom apartment with full kitchen and dining area. Separate entrance. Secluded in forested property with trails and access to Dutch Creek. *Lodging descriptions are provided by the host and not independently verified. Contact Barbara Fiske Staff on Site? Yes Pet-Friendly?

No Located in Shipman",,,https://ik.imagekit.io/OE/nelson-county/listings/woodland-hideaway-image1_UfzqzNiCm,Rustic wooden cabin surrounded by lush green trees and potted plants.,https://ik.imagekit.io/OE/nelson-county/listings/woodland-hideaway-image2_xPFD6spfm,"Cozy bedroom with wooden bed and furniture, blue walls, and warm lighting.",,,,,"Afton, VA 22920",josh,,,https://www.google.com/maps/dir/?api=1&destination=Afton%2C%20VA%2022920,,,,,,,,,,,,,,Full Kitchen; Wi-Fi; Cabins; Lodging,FALSE,https://www.google.com/maps/dir/?api=1&destination=Afton%2C%20VA%2022920
362,Cuatro Climas At 130 Pedlars Point,cuatro-climas-at-130-pedlars-point,Whole House Rentals,stay,Wintergreen Resort,"Four bedroom, 3.5 bath single family house. Located in Wintergreen Resort. 5 minute drive to Wintergreen Wood burning fireplace Mountain views Hot Tub *Lodging descriptions are provided by the host and not independently verified. Contact Jennifer Hernandez Staff on Site? No Pet-Friendly? No Located in Wintergreen",,,https://ik.imagekit.io/OE/nelson-county/listings/cuatro-climas-at-130-pedlars-point-image1_X8M5LDqHUn,"Wooden cabin in lush forest, dappled sunlight, surrounded by green trees.",https://ik.imagekit.io/OE/nelson-county/listings/cuatro-climas-at-130-pedlars-point-image2_ySF0_Ziku,"Living room with stone fireplace, plaid sofas, and large television.",,,,,"Wintergreen Resort, Roseland, VA 22967",josh,,,https://www.google.com/maps/dir/?api=1&destination=Wintergreen%20Resort%2C%20Roseland%2C%20VA%2022967,,,,,,,,,,,,,,Family Friendly; Scenic Views; Parking; Lodging,FALSE,https://www.google.com/maps/dir/?api=1&destination=Wintergreen%20Resort%2C%20Roseland%2C%20VA%2022967
363,Rockfish River Ranch Guest House,rockfish-river-ranch-guest-house,Bed and Breakfast,stay,Shipman,"Guest house at the Rockfish River Ranch. Located in the heart of Nelson County sitting on 100 acres. Located close to many breweries, and wineries. 30 minutes to Wintergreen Resort, 30 minutes to Charlottesville, and 45 minutes to Lynchburg. Open floor space, fully stocked kitchen, family friendly. Includes bunk beds, pack & play, high chairs, etc.

Private trails through the woods, runs along a creek to a future pond location. *Lodging descriptions are provided by the host and not independently verified. Contact Micahel Roper Staff on Site? No Pet-Friendly? No Located in Shipman",,,https://ik.imagekit.io/OE/nelson-county/listings/rockfish-river-ranch-guest-house-image1_ZhXm92QrC,"Tree with swing in front of modern house, sunny day.",https://ik.imagekit.io/OE/nelson-county/listings/rockfish-river-ranch-guest-house-image2_gGy1is3pj,"Modern kitchen with island, pendant lights, and large windows. Wooden floors and ceilings.",,,,,"Shipman, VA 22971",josh,,,https://www.google.com/maps/dir/?api=1&destination=Shipman%2C%20VA%2022971,,,,,,,,,,,,,,Family Friendly; Beer; Breakfast; Lodging; Water Sports; Fishing,FALSE,https://www.google.com/maps/dir/?api=1&destination=Shipman%2C%20VA%2022971
364,The Treetops Lodge,the-treetops-lodge,Cabins & Cottages,stay,Lovingston,"The Treetops Lodge is a luxurious cabin retreat accommodating up to ten guests across three spacious levels. With a cozy bunk room and plenty of indoor and outdoor seating, it’s ideal for gatherings with family and friends. Just a short drive from Lovingston, history buffs can explore the Lovingston Historic District and its courthouse, both listed on the National Register of Historic Places. Enjoy the perfect mix of comfort and adventure in beautiful Nelson County.",,,https://ik.imagekit.io/OE/nelson-county/listings/the-treetops-lodge-image1_oFIPlvrDl,"House with large windows, surrounded by trees, with a fire pit and chairs.",https://ik.imagekit.io/OE/nelson-county/listings/the-treetops-lodge-image2_iVMFGutl0,"Spacious living room with large windows, wooden beams, and cozy furniture.",,,,,"Afton, VA 22920",josh,,,https://www.google.com/maps/dir/?api=1&destination=Afton%2C%20VA%2022920,,,,,,,,,,,,,,Cabins; Beer; Wi-Fi; Outdoor Seating; Lodging,FALSE,https://www.google.com/maps/dir/?api=1&destination=Afton%2C%20VA%2022920
365,Cabin on Eagles Ridge Road,cabin-on-eagles-ridge-road,Cabins & Cottages,stay,Nellysford,"Cabin with two master bedrooms en suites. Walking distance to Devils Backbone & Bold Rock. 15 minutes from Wintergreen Resort. Convenient to hiking trails, kayaking, floats, fishing-surrounded by breweries, wineries, distilleries, and cideries.

Secluded and private, wood burning fireplace Outdoor space with blue stone firepit *Lodging descriptions are provided by the host and not independently verified. Contact Anthony Freddo Staff on Site? No Pet-Friendly? Yes Located in Nellysford",,,https://ik.imagekit.io/OE/nelson-county/listings/cabin-on-eagles-ridge-road-image1_BtjxSGEWL,Wooden house with chimney surrounded by bare trees in forest setting.,https://ik.imagekit.io/OE/nelson-county/listings/cabin-on-eagles-ridge-road-image2_n6wnBFOoG,Stone fireplace in cozy living room with large windows and warm lighting.,,,,,"Nellysford, VA 22958",josh,,,https://www.google.com/maps/dir/?api=1&destination=Nellysford%2C%20VA%2022958,,,,,,,,,,,,,,Outdoor Seating; Pet Friendly; Cabins; Lodging,FALSE,https://www.google.com/maps/dir/?api=1&destination=Nellysford%2C%20VA%2022958
366,1639 Overlook,1639-overlook,Vacation Rentals,stay,Wintergreen Resort,"Small dogs only. 4 bedroom, 4 bath condominium at Wintergreen Resort Amazing mountain views; recently renovated; proximity to golf course *Lodging descriptions are provided by the host and not independently verified. Contact Leslie Goransson Staff on Site? No Pet-Friendly? Yes Located in Wintergreen 1639 Overlook",,,https://ik.imagekit.io/OE/nelson-county/listings/1639-overlook-image1_EdGAE6RoV,"Buildings illuminated at dusk against a colorful sunset sky, mountainous backdrop.",https://ik.imagekit.io/OE/nelson-county/listings/1639-overlook-image2_HYWjm-YwE,"Modern kitchen, dining area with mountains visible through large window.",,,,,"Wintergreen Resort, Roseland, VA 22967",josh,,,https://www.google.com/maps/dir/?api=1&destination=Wintergreen%20Resort%2C%20Roseland%2C%20VA%2022967,,,,,,,,,,,,,,Scenic Views; Resort; Golf; Pet Friendly; Parking,FALSE,https://www.google.com/maps/dir/?api=1&destination=Wintergreen%20Resort%2C%20Roseland%2C%20VA%2022967
367,Foxfire Cottage,foxfire-cottage,Cabins & Cottages,stay,Roseland,"House has high ceilings, stone fireplace, updated kitchen. Two bedrooms and two full baths. Located near Wintergreen for outdoor recreation and within a mile of Devils Backbone Brewing Co and other attractions along Nelson 151.

Enjoy the many outdoor living spaces with multiple decks to include a private back deck with pergola and wonderful mountain views. *Lodging descriptions are provided by the host and not independently verified. Contact Ashley Carman Staff on Site? No Pet-Friendly? No Located in Roseland",,,https://ik.imagekit.io/OE/nelson-county/listings/foxfire-cottage-image1_1b-v730_AV,"White house with wooden chairs on porch, surrounded by trees and grass lawn.",https://ik.imagekit.io/OE/nelson-county/listings/foxfire-cottage-image2_PHmCD3Qp_,"Living room with stone fireplace, leather couch, colorful stairs, and modern kitchen.",,,,,"Roseland, VA 22967",josh,,,https://www.google.com/maps/dir/?api=1&destination=Roseland%2C%20VA%2022967,,,,,,,,,,,,,,Beer; Scenic Views; Wi-Fi; Full Kitchen; Cabins; Lodging,FALSE,https://www.google.com/maps/dir/?api=1&destination=Roseland%2C%20VA%2022967
368,The Ski House,the-ski-house,Whole House Rentals,stay,Wintergreen Resort,"The Ski House offers an exceptional ski-in/ski-out experience with breathtaking views of Eagle's Swoop. This beautifully renovated three-bedroom, two-bath home combines modern comfort with a prime location, making it ideal for winter sports enthusiasts. Enjoy the convenience of direct access to the slopes while relaxing in a stylish and inviting space perfect for family gatherings or a getaway with friends. Experience the ultimate alpine retreat at The Ski House.",,,https://ik.imagekit.io/OE/nelson-county/listings/the-ski-house-image1_raYunZw2V,Snow machines operating near wooden house among leafless trees.,https://ik.imagekit.io/OE/nelson-county/listings/the-ski-house-image2_rtwU6I6qK,Two cozy twin beds with bear-themed quilts under slanted wooden ceiling.,,,,,"Wintergreen Resort, Roseland, VA 22967",josh,,,https://www.google.com/maps/dir/?api=1&destination=Wintergreen%20Resort%2C%20Roseland%2C%20VA%2022967,,,,,,,,,,,,,,Skiing; Snow Sports; Lodging,FALSE,https://www.google.com/maps/dir/?api=1&destination=Wintergreen%20Resort%2C%20Roseland%2C%20VA%2022967
369,1566 Vistas Condo,1566-vistas-condo,Whole House Rentals,stay,Wintergreen Resort,"3 bed/3 bath, top floor with skylights & views from ridgeline 3 min to Wintergreen, 1 min to spa/Devil's Knob Renovated in 2018 Views/skylights Child friendly Proximity HOA amenities (pools, etc) *Lodging descriptions are provided by the host and not independently verified. Contact Rebecca Rockey Staff on Site? No Pet-Friendly? No Located in Wintergreen",,,https://ik.imagekit.io/OE/nelson-county/listings/1566-vistas-condo-image1_d3ikqxeVz,"Gray townhouses with bare tree, entryway, and green numbered sign.",https://ik.imagekit.io/OE/nelson-county/listings/1566-vistas-condo-image2_GsLDdAviC,"Cozy living room with fireplace, couch, and mountain view through large windows.",,,,,"Wintergreen Resort, Roseland, VA 22967",josh,,,https://www.google.com/maps/dir/?api=1&destination=Wintergreen%20Resort%2C%20Roseland%2C%20VA%2022967,,,,,,,,,,,,,,Spa; Cabins; Lodging,FALSE,https://www.google.com/maps/dir/?api=1&destination=Wintergreen%20Resort%2C%20Roseland%2C%20VA%2022967
370,Afton Mountain Inn,afton-mountain-inn,Bed and Breakfast,stay,Afton,"Built in 1848, more than a decade before the start of the American Civil War, our historic farmhouse features original heart pine flooring, ornate woodwork, and a stained glass entryway. Nearly two centuries later, the property has been converted into the comfortable self-check-in boutique hotel you see today. The inn features six one-bedroom guest suites, as well as a two-bedroom Premium Villa.

All guests enjoy premium bedding and linens, free WiFi Internet, complimentary robes and pool towels, wine glasses, free coffee, free snack bar with ice cream, high-definition flat panel TVs, blackout curtains, sound machines, and mini-fridges. The 10-acre property features a series of outdoor amenities, include a pool (open May-September), two hot tubs, a series of outdoor decks and lounge areas, three fire pits, a badminton court, and a private nature trail. *Lodging descriptions are provided by the host and not independently verified. Contact Be Still Getaways Staff on Site? No Pet-Friendly? No Located in Afton",,,https://ik.imagekit.io/OE/nelson-county/listings/afton-mountain-inn-image1_Vnwizc0IW,White two-story house with green roof surrounded by trees and bushes.,https://ik.imagekit.io/OE/nelson-county/listings/afton-mountain-inn-image2_3Gy0qwzhk,"Elegant bedroom with cozy bed, rug, bathroom view, and natural light through windows.",,,,,"10273 Rockfish Valley Highway, Afton, VA 22920",josh,,,https://www.google.com/maps/dir/?api=1&destination=10273%20Rockfish%20Valley%20Highway%2C%20Afton%2C%20VA%2022920,,,,,,,,,,,,,,Coffee; Farm; Lodging; Pool; Retail; Tea; Wi-Fi,FALSE,https://www.google.com/maps/dir/?api=1&destination=10273%20Rockfish%20Valley%20Highway%2C%20Afton%2C%20VA%2022920
371,M 260,m-260,Cabins & Cottages,stay,Nellysford,"Mountain home with views in Stoney Creek. 3 bedrooms and baths, sleeps 10. Lots of outdoor deck space on both upper and lower level. Walkway and seating area next to seasonal waterfall. Hot tub, ping pong, and foosball. Fully stocked rental with probably everything a person could imagine in terms of a kitchen and living areas.

Always great reviews online and in our guest book. Only one year old. *Lodging descriptions are provided by the host and not independently verified. Contact Dan Melin Staff on Site? No Pet-Friendly? No Located in Nellysford",,,https://ik.imagekit.io/OE/nelson-county/listings/m-260-image1_dQ4d42Kku,Modern grey house with large deck surrounded by lush green trees.,https://ik.imagekit.io/OE/nelson-county/listings/m-260-image2_okYF6M7kOE,"Modern kitchen with green island, stainless appliances, wooden cabinets, and stone flooring.",,,,,"Nellysford, VA 22958",josh,,,https://www.google.com/maps/dir/?api=1&destination=Nellysford%2C%20VA%2022958,,,,,,,,,,,,,,Cabins; Full Kitchen; Lodging; Outdoor Seating; Scenic Views; Water Sports; Wi-Fi,FALSE,https://www.google.com/maps/dir/?api=1&destination=Nellysford%2C%20VA%2022958
372,Sanctuary Retreat Center,sanctuaryretreatcenter,Whole House Rentals,stay,Nellysford,"Join us for one of our 3 to 7-day retreats and experience the peaceful, holistic atmosphere of Sanctuary. Nestled in 120 acres of serene woodland, our retreat center offers the perfect setting to slow down, listen deeply, and reconnect with your natural sense of balance and wholeness.

Breathe in the fresh country air, enjoy the healing embrace of nature, and immerse yourself in one of our meditation, breathwork, or themed retreats designed to nourish body, mind, and spirit. All retreats include lodging and meals. Please note that we do not offer overnight accommodations outside of scheduled retreat programs. With decades of experience and inspiration rooted in ancient holistic wisdom, Sanctuary retreats invite you into a nourishing space to ground, balance, and renew. Come home to your heart through a retreat experience that blends meditation, engaging sessions, and nature immersion. We look forward to welcoming you. *Lodging descriptions are provided by the host and not independently verified.",,,https://ik.imagekit.io/OE/nelson-county/listings/sanctuary-retreat-center-image1_WJ_oqMdVRL,"Pink flowering tree beside house, surrounded by lush greenery and shrubs.",https://ik.imagekit.io/OE/nelson-county/listings/sanctuary-retreat-center-image2_WMNFybvoy,"Wooden deck with chairs, surrounded by lush green trees and blue hydrangeas.",https://ik.imagekit.io/OE/nelson-county/listings/sanctuary-retreat-center-image3_hgweSYfrN,"Cozy bedroom with wooden ceiling, white bedding, lamp, window, and artwork.",,,"Nellysford, VA 22958",WG,,,https://www.google.com/maps/dir/?api=1&destination=Nellysford%2C%20VA%2022958,,,,,,,,,,,,,,Lodging; Cabins,FALSE,https://www.google.com/maps/dir/?api=1&destination=Nellysford%2C%20VA%2022958
373,Trinacria Restaurant & Pizzeria,trinacria,Restaurants,taste,Nellysford,"Family owned Italian pizzeria - Opening August 10, 2025",,,https://ik.imagekit.io/OE/nelson-county/listings/trinacria-restaurant-pizzeria-image1_CmQd67ELy,"Black mug with latte foam art in progress, hands holding cup and stick.",https://ik.imagekit.io/OE/nelson-county/listings/trinacria-restaurant-pizzeria-image2_CPRNPSN0op,"Trinacria logo with Medusa head, three legs, wheat, red-black color scheme.",,,,(434) 361-1100,"2842 Rockfish Valley Highway, Nellysford, VA 22958",WG,,,https://www.google.com/maps/dir/?api=1&destination=2842%20Rockfish%20Valley%20Highway%2C%20Nellysford%2C%20VA%2022958,,,,,,,,,,,,,,Family Friendly; Fishing,FALSE,https://www.google.com/maps/dir/?api=1&destination=2842%20Rockfish%20Valley%20Highway%2C%20Nellysford%2C%20VA%2022958
374,Rockfish Valley Farm Guest House,rockfish-valley-farm-guest-house,Bed and Breakfast,stay,Nellysford,"This one-story ranch house is 1.5 miles south of Nellysford on RT 151 was initially the home of the manager of Elk Hill Farm. Historically it was the property of the Reids, Colemans and Ewings. It has been farmed for over 250 years. The house, surrounded by pastures and fields dates to just after WWII and was remodeled in the 1990's. Nicely furnished and up to date.

The house contains 4 bedrooms, two baths, a very usable living-dining-kitchen area. The porch has two rockers facing the Blue Ridge Mountains, looking directly at Wintergreen Resort on Black Rock Mountain and Devils Knob. The site is unique in that it is surrounded by several waterways and almost 360 degrees of Blue Ridge Mountains. The Rockfish Trails connect to it that lead to swimming holes. There are two donkeys in residence that are very friendly. The property is situated between Bold Rock Cider and Devil's Backbone. One is walkable and the other is just over 1/2 mile away. *Lodging descriptions are provided by the host and not independently verified. Contact Peter Agelasto Staff on Site? No Pet-Friendly? No Located in Nellysford",,,https://ik.imagekit.io/OE/nelson-county/listings/rockfish-valley-farm-guest-house-image1_nCX2OavrY,"House with porch, large tree, mountains in background, clear sky above.",https://ik.imagekit.io/OE/nelson-county/listings/rockfish-valley-farm-guest-house-image2_VugIF5jJP,"Cozy living room with red patterned rug, beige sofa, and wooden furniture.",,,,,"Nellysford, VA 22958",josh,,,https://www.google.com/maps/dir/?api=1&destination=Nellysford%2C%20VA%2022958,,,,,,,,,,,,,,Full Kitchen; Breakfast; Outdoor Seating; Scenic Views; Lodging; Farm; Fishing,FALSE,https://www.google.com/maps/dir/?api=1&destination=Nellysford%2C%20VA%2022958
375,Shenandoah Ridge 11,shenandoah-ridge-11,Whole House Rentals,stay,Wintergreen Resort,4 Bedrooms and 4.5 baths Townhouse in Shenandoah Ridge development at Wintergreen Access to all resort amenities. *Lodging descriptions are provided by the host and not independently verified. Contact Jeffrey Summers Staff on Site? No Pet-Friendly? No Located in Wintergreen Shenandoah Ridge 11,,,https://ik.imagekit.io/OE/nelson-county/listings/shenandoah-ridge-11-image1_r7j-EXO-c,Beige house with multiple gabled roofs and white railing on wooden pathway.,https://ik.imagekit.io/OE/nelson-county/listings/shenandoah-ridge-11-image2_Mf1_TDmYw,"Spacious kitchen with stainless steel appliances, white countertops, and wooden cabinets.",,,,,"Wintergreen Resort, Roseland, VA 22967",josh,,,https://www.google.com/maps/dir/?api=1&destination=Wintergreen%20Resort%2C%20Roseland%2C%20VA%2022967,,,,,,,,,,,,,,Resort; Family Friendly; Skiing; Lodging; Golf,FALSE,https://www.google.com/maps/dir/?api=1&destination=Wintergreen%20Resort%2C%20Roseland%2C%20VA%2022967
376,Inn at the Woods,inn-at-the-woods,Cabins & Cottages,stay,Roseland,"Welcome to Inn at the Woods! A warm and welcoming farmhouse located within a mile of Devils Backbone and other 151 breweries and wineries. This farmhouse has 3 bedrooms with queen beds + a pull out sofa. Enjoy your morning coffee in the screened patio soaking in the mountain views or wander around the property enjoying nature, views and flowing creek.

Nearby dining, breweries/wineries and all Wintergreen has to offer make this cozy farmhouse a prime central location for your weekend getaway! *Lodging descriptions are provided by the host and not independently verified. Contact Breanna Wood Staff on Site? No Pet-Friendly? No Located in Roseland Shenandoah Ridge 11",,,https://ik.imagekit.io/OE/nelson-county/listings/inn-at-the-woods-image1_MQa9smdzT,"White house surrounded by autumn trees, with mountains in the background.",https://ik.imagekit.io/OE/nelson-county/listings/inn-at-the-woods-image2_U8RNeR8IC,"White bathroom with dual sinks, round mirrors, wood accents, and glass shower.",,,,,"Roseland, VA 22967",josh,,,https://www.google.com/maps/dir/?api=1&destination=Roseland%2C%20VA%2022967,,,,,,,,,,,,,,Outdoor Seating; Scenic Views; Cabins; Lodging; Farm; Tastings; Beer,FALSE,https://www.google.com/maps/dir/?api=1&destination=Roseland%2C%20VA%2022967
377,Country Cottage,country-cottage,Cabins & Cottages,stay,Faber,"Peaceful cottage tucked in the woods but close to breweries, winerys, and Charlottesville. Cottage has a full kitchen, full bathroom, laundry, queen size bed and huge front deck that looks out on beautiful views. The cottage is private and nestled in the woods. Private but convenient. *Lodging descriptions are provided by the host and not independently verified.

Contact Barbara McBride Staff on Site? Yes Pet-Friendly? No Located in Faber Shenandoah Ridge 11",,,https://ik.imagekit.io/OE/nelson-county/listings/country-cottage-image1_CGfeKlhal,"Small house with porch in forest setting, surrounded by trees and greenery.",https://ik.imagekit.io/OE/nelson-county/listings/country-cottage-image2_Kj0DoaIrT,"Cozy bedroom with colorful bedspread, open shelves, and sunlight through windows.",,,,,"Afton, VA 22920",josh,,,https://www.google.com/maps/dir/?api=1&destination=Afton%2C%20VA%2022920,,,,,,,,,,,,,,Full Kitchen; Outdoor Seating; Beer; Wi-Fi; Cabins; Lodging,FALSE,https://www.google.com/maps/dir/?api=1&destination=Afton%2C%20VA%2022920
378,The View at Crawfords Edge,the-view-at-crawfords-edge,Whole House Rentals,stay,Wintergreen Resort,"The View at Crawfords Edge offers a stunning retreat with four bedrooms, each equipped with its own ensuite, making it ideal for families or groups. The spacious vaulted living areas and two cozy lounges invite relaxation and connection. Outside, tiered patios provide multiple levels for outdoor enjoyment, featuring a fire table and a pizza oven perfect for evening gatherings. Enjoy breathtaking sunsets high above Wintergreen, where you can unwind and create lasting memories.",,,https://ik.imagekit.io/OE/nelson-county/listings/the-view-at-crawfords-edge-image1_TGpMMFwo_,"House with lit porch, surrounded by trees, at dusk.",https://ik.imagekit.io/OE/nelson-county/listings/the-view-at-crawfords-edge-image2_EtZamV93K,"Spacious living room with stone fireplace, wooden ceiling, large windows, and cozy seating.",,,,,"Wintergreen Resort, Roseland, VA 22967",josh,,,https://www.google.com/maps/dir/?api=1&destination=Wintergreen%20Resort%2C%20Roseland%2C%20VA%2022967,,,,,,,,,,,,,,Outdoor Seating; BBQ; Pizza; Pet Friendly; Lodging,FALSE,https://www.google.com/maps/dir/?api=1&destination=Wintergreen%20Resort%2C%20Roseland%2C%20VA%2022967
379,Altitude Adjustment,altitude-adjustment,Whole House Rentals,stay,Nellysford,"The whole group will love this spacious and unique space. Grand views abound with this 5 bedroom, 4 bath mountain retreat. Contemporary design features large windows in every room with spectacular views of the Blue Ridge Mountains. Three separate decks and patio each with views. A high flame gas fire pit area.

A six-person interior sauna and outdoor shower. A game room with a 16 foot shuffleboard table. A media room with TV with power recliners. Universal EV Charger. Beautiful home in the heart of the mountains. *Lodging descriptions are provided by the host and not independently verified. Contact Gregory Monnett Staff on Site? No Pet-Friendly? No Located in Nellysford",,,https://ik.imagekit.io/OE/nelson-county/listings/altitude-adjustment-image1_8Jxku4-8O,"Modern house surrounded by trees, pickup truck parked on driveway.",https://ik.imagekit.io/OE/nelson-county/listings/altitude-adjustment-image2_aQDSzS4Tb,"Modern living room with large window, mountain view, wooden floor, and kitchen area.",,,,,"Wintergreen Resort, Roseland, VA 22967",josh,,,https://www.google.com/maps/dir/?api=1&destination=Wintergreen%20Resort%2C%20Roseland%2C%20VA%2022967,,,,,,,,,,,,,,Fuel; Outdoor Seating; EV Charging; Lodging,FALSE,https://www.google.com/maps/dir/?api=1&destination=Wintergreen%20Resort%2C%20Roseland%2C%20VA%2022967
380,Chateau Greenstone,chateau-greenstone,Whole House Rentals,stay,Wintergreen Resort,"The Wintergreen Retreat has something for everyone. 6 Bedrooms, 4 baths, 3 game areas for kids of all ages(shuffleboard, bumper pool, ping pong, foosball, pinball arcade, kids cubby) and areas for Moms and Dads to relax, including the 'zen den' mini-spa with massage chair. 4 distinct outdoor areas (2 covered, plus the 'Vista Balcony'.) Heated outdoor TV/game porch, hot tub, sauna, fire pit. 9 Huge TV's & expansive view November-April filtered Mountain View May-October. Sleeps 18 cozily. (Designated beds & bedrooms for all-no messy/uncomfortable sleepers off or open lofts.) Rarely does everyone in a group particularly a large one, share the same interests. We wanted to design a getaway that truly has something for everyone and we think Chateau Greenstone gets as close to this lofty goal as any Wintergreen Property. Young or old, active or relaxed lifestyle, outdoor enthusiast or indoor dweller, this retreat has it all. *Lodging descriptions are provided by the host and not independently verified. Contact Thomas Dieringer Staff on Site? No Pet-Friendly? No Located in Wintergreen",,,https://ik.imagekit.io/OE/nelson-county/listings/chateau-greenstone-image1_4nRWeaflw,A-frame house with wooden deck surrounded by trees at dusk.,https://ik.imagekit.io/OE/nelson-county/listings/chateau-greenstone-image2_VT5zUm2L7,Outdoor hot tub with bubbles on covered patio overlooking lush green trees.,,,,,"Wintergreen Resort, Roseland, VA 22967",josh,,,https://www.google.com/maps/dir/?api=1&destination=Wintergreen%20Resort%2C%20Roseland%2C%20VA%2022967,,,,,,,,,,,,,,Pool; Spa; Outdoor Seating; Lodging,FALSE,https://www.google.com/maps/dir/?api=1&destination=Wintergreen%20Resort%2C%20Roseland%2C%20VA%2022967
381,Blue Sky Retreat,blue-sky-retreat,Whole House Rentals,stay,Wintergreen Resort,"Luxury 4100+ sqft designer resort-style home in Wintergreen with top and unique amenities: • 6 bedrooms, 4.5 baths, 12 beds—including 4 King beds • Game & media rooms: Pool table, shuffleboard, arcade machines, 100-inch TV, & home theater • Dining seating: Indoor (10-seat & 6-seat tables) + 3 bar stools • Outdoor spaces: 10-seat dining, 8-seat couch, fire pit, grill; 6-seat couch • Golf course-front with Mountain & Valley views • Backyard oasis: Hot tub, barrel sauna, cold plunge Perfect for Every Season: Whether you’re here for skiing in the winter, hiking in the summer, or simply relaxing in luxury, this home has something for everyone. From designer décor and top-notch amenities to a location offering both serenity and adventure, this is more than a home—it’s an experience. *Lodging descriptions are provided by the host and not independently verified. Contact Shilpa Menon Staff on Site? No Pet-Friendly? Yes Located in Wintergreen",,,https://ik.imagekit.io/OE/nelson-county/listings/blue-sky-retreat-image1_9b5vAS6Ui,"Cozy outdoor deck with fire pit, sofas, and scenic sunset view.",https://ik.imagekit.io/OE/nelson-county/listings/blue-sky-retreat-image2_pHAwV0gTc,"Modern kitchen with wooden island, black granite countertop, hanging lights, and staircase.",,,,,"Wintergreen Resort, Roseland, VA 22967",josh,,,https://www.google.com/maps/dir/?api=1&destination=Wintergreen%20Resort%2C%20Roseland%2C%20VA%2022967,,,,,,,,,,,,,,Scenic Views; Golf; Pet Friendly,FALSE,https://www.google.com/maps/dir/?api=1&destination=Wintergreen%20Resort%2C%20Roseland%2C%20VA%2022967
382,The Treehouse,thetreehouse,Whole House Rentals,stay,Afton,"Built in 2023, this 3200 square-foot modern home is secluded on 10-acres but just minutes to wineries, breweries, & other attractions. Highlights include a hot tub, outdoor shower, 10-person outdoor dining table, outdoor living space, grill, fire pit, 12-person indoor dining table, heated floors, and a spectacular well-stocked kitchen.

It is the perfect location for large groups (up to 11 people) wishing to explore the area, or to just relax in this beautiful home. The Treehouse is minutes away from popular wineries, breweries, distilleries, farms, hiking trails, and other attractions. It is 30 minutes from Charlottesville, and 15 minutes from Crozet and Waynesboro. The Treehouse was featured in the Fall 2023 C-Ville Abode Magazine (article titled 'Hillside Haven') and is a 2025 Best of C-Ville Finalist. Guests have access to the entire home and 10-acre property. The hosts live in nearby Charlottesville, and are happy to provide recommendations for things to do in the area! The Treehouse was built by the owners to be a relaxing retreat where guests can escape from everything. But it is also in a perfect location to easily enjoy the area's best attractions. *Lodging descriptions are provided by the host and not independently verified. Contact Rachel Staff on Site? No Pet-Friendly? No Located in Afton Welcome to the Treehouse at Williams Creek! This newly-built, 3200 sq. foot home is secluded on 10-acres but just minutes to wineries, breweries, & other attractions. Highlights: hot tub + outdoor shower, 12-person indoor dining, outdoor dining/living space, fire pit, heated floors, well-stocked chef's kitchen two ovens. Just minutes to popular wineries, breweries, distilleries, farms, hiking, and other attractions. 30 min to Charlottesville, 15 min to Crozet. There is plenty to do on our property. But if you feel like leaving, we are located just off 151 (aka the 'Brew Ridge Trail.') *Lodging descriptions are provided by the host and not independently verified. Contact Rachel Staff on Site? No Pet-Friendly? No Located in Afton The Ski House",,,https://ik.imagekit.io/OE/nelson-county/listings/the-treehouse-image1_XvJDexZqi,"Modern house with large windows, patio furniture, and fire pit in the backyard.",https://ik.imagekit.io/OE/nelson-county/listings/the-treehouse-image2_3vr40-VSg,"Spacious modern living room with high ceiling, large windows, and wooden staircase.",,,,,"Afton, VA 22920",WG,,,https://www.google.com/maps/dir/?api=1&destination=Afton%2C%20VA%2022920,,,,,,,,,,,,,,Outdoor Seating; Full Kitchen; Lodging; Beer,FALSE,https://www.google.com/maps/dir/?api=1&destination=Afton%2C%20VA%2022920
162,Woodson's Mill,woodsons-mill,Museums & Heritage,culture,Roseland,"Woodson’s Mill has been owned and loved by a small handful of families since its construction in 1794, when Guiliford Campbell built the original four-story, 32 foot square building. The Fulchers improved it in the 1840’s, adding the two runs (mill stones), which are still in use today. Sixty-some years later, Dr. Julian B.

Woodson expanded the mill into a thriving enterprise that included an icehouse, sawmill, and foundry while maintaining his duties as a medical doctor and State Senator. The rise of large industrial mills in the growing post-war America, along with Dr. Woodson’s death in 1963, brought a temporary end to the mill business. But, Huron T. Campbell, who owned the mill while it was not in operation, refused to sell any of the equipment or machinery in hope that someone would eventually be able to restore it. J. Gill Brockenbrough, Jr., who purchased Woodson’s Mill in the early 1980’s, did restore it and lived there until his death in 2001. All these people were passionate about Woodson’s Mill, and so are we.",,,https://ik.imagekit.io/OE/nelson-county/listings/woodson-s-mill-image1_ZE7ZqH35G,Wooden water mill with red wheel and surrounding greenery in sunlight.,,,,,,(540) 430-0532,"3211 Lowesville Road, Roseland, VA 22967",josh,,,https://www.google.com/maps/dir/?api=1&destination=3211%20Lowesville%20Road%2C%20Roseland%2C%20VA%2022967,,,,,,,,,,,,,,Museum; Retail; Seasonal Menu; Water Sports,FALSE,https://www.google.com/maps/dir/?api=1&destination=3211%20Lowesville%20Road%2C%20Roseland%2C%20VA%2022967
168,Rockfish Valley Natural History Center,rockfish-valley-natural-history-center,Museums & Heritage,culture,Nellysford,"The Rockfish Valley Foundation’s Natural History Center features exhibits from the Virginia Museum of Natural History. Exhibits include an array of taxidermied native wildlife. Young visitors will have the chance to experience animal pelts, insects, rocks, and other artifacts. While always a place of community gathering, the NHC has had many diverse uses in it’s long history.

This historic place still serves the community with programs and events every year.",,,https://ik.imagekit.io/OE/nelson-county/listings/rockfish-valley-natural-history-center-image1_aIErl8JZ0,"White building with a porch and sign, surrounded by leafless trees and grass.",,,,,,(434) 361-0271,"1368 Rockfish Valley Highway, Nellysford, VA 22958",josh,,,https://www.google.com/maps/dir/?api=1&destination=1368%20Rockfish%20Valley%20Highway%2C%20Nellysford%2C%20VA%2022958,,,,,,,,,,,,,,Museum; Fishing,FALSE,https://www.google.com/maps/dir/?api=1&destination=1368%20Rockfish%20Valley%20Highway%2C%20Nellysford%2C%20VA%2022958
385,The Goldfinch,the-goldfinch,Cabins & Cottages,stay,Afton,"The Goldfinch is a two-bedroom, two-bath home featuring a screened porch, garage, and central HVAC, conveniently located near Veritas Vineyards, Route 151, the Blue Ridge Parkway, and Charlottesville.",,,https://ik.imagekit.io/OE/nelson-county/listings/the-goldfinch-image1_w_8X4s7VT,"Small house, autumn trees, driveway with red truck, evening light.",https://ik.imagekit.io/OE/nelson-county/listings/the-goldfinch-image2__phpH4Uv-,"Gray sofa with floral pillows, candles, and vase on wooden table.",,,,(757) 778-1160,"Afton, VA 22920",josh,,,https://www.google.com/maps/dir/?api=1&destination=Afton%2C%20VA%2022920,,,,,,,,,,,,,,Outdoor Seating; Full Kitchen; Pet Friendly; Scenic Views; Cabins; Farm; Tastings,FALSE,https://www.google.com/maps/dir/?api=1&destination=Afton%2C%20VA%2022920
118,Swimming,swimming,Swimming,experience,Montebello,"Wintergreen Resort Wintergreen Resort has facilities for indoor and outdoor swimming with indoor facilities available year-round. Lake Monocan Park at Stoney Creek Swimming at Lake Monocan is available from Memorial Day Weekend through Labor Day. Members and all registered resort guests have complimentary access to Lake Monocan Park.

Swimming at Lake Monocan is open to the public every day except Saturday, when only Wintergreen Resort members and guests are allowed. A fee is charged for non-guests using the Monocan Park facilities. Swimming Pools at Wintergreen Resort The Wintergarden Spa and Fitness Center indoor pool is open year-round. All Wintergreen outdoor pools are open daily from Memorial Day weekend to Labor Day. Outdoor pools are located at the Aquatics & Fitness Center and Stoney Creek Golf Course.",,,https://ik.imagekit.io/OE/nelson-county/listings/swimming-image1_K6MZpkrv3,"Indoor pool, surrounded by potted plants and lounge seating inside a spacious room.",,,,,,(434) 325-8280,"Wintergreen Aquatics & Fitness Center, 39 Mountain Inn Loop, Wintergreen, VA 22967",josh,,,https://www.google.com/maps/dir/?api=1&destination=Wintergreen%20Aquatics%20%26%20Fitness%20Center%2C%2039%20Mountain%20Inn%20Loop%2C%20Wintergreen%2C%20VA%2022967,,,,,,,,,,,,,,Pool; Outdoor Seating; Seasonal Menu; Resort; Water Sports; Fishing,FALSE,https://www.google.com/maps/dir/?api=1&destination=Wintergreen%20Aquatics%20%26%20Fitness%20Center%2C%2039%20Mountain%20Inn%20Loop%2C%20Wintergreen%2C%20VA%2022967
387,Rockwell Ridge Inn,rockwellridgeinn,Cabins & Cottages,stay,Afton,"Welcome to Rockwell Ridge Inn, a pet-friendly mountain retreat in Afton, Virginia, set on 20 peaceful acres of meadows, creeks, woods, and trails. Located just minutes from the Blue Ridge Parkway, Shenandoah National Park, and the Nelson 151 wine and brewery trail, our private getaway offers the perfect blend of nature, comfort, and convenience.

Whether you're here to hike Humpback Rocks, sip at Veritas Vineyard, or unwind by the fire under a canopy of stars, Rockwell Ridge offers a laid-back yet refined base for your adventures. On-site, enjoy private trails, a rustic meadow, seasonal gardens, and flowing creeks ideal for morning walks or afternoon lounging. Our three pet-welcoming accommodations include: ​ The Inn: A spacious 3-bedroom, 3-bath home with a fully equipped kitchen, large great room, and generous gathering space. Perfect for families or friend groups. The Dogwood Suite: A 1-bedroom, 1-bath suite with modern touches and direct access to the deck and outdoors. The Chestnut Suite: A charming 1-bedroom, 1-bath suite offering peaceful views and cozy privacy. Each space opens onto a shared deck overlooking the ridge and meadow. With options for solo travelers, couples, families, and larger group stays,",,,https://ik.imagekit.io/OE/nelson-county/listings/rockwell-ridge-inn-image1_7TKqEFWib,"Blue cabin with wooden doors, decorated wreaths, surrounded by trees.",https://ik.imagekit.io/OE/nelson-county/listings/rockwell-ridge-inn-image2_XBpXGhjEG,"Blue wooden cabin with porch, surrounded by trees and shrubs.",https://ik.imagekit.io/OE/nelson-county/listings/rockwell-ridge-inn-image3_AOrMTU8L0,"Wooden kitchen with vaulted ceiling, island, and dining table under pendant lights.",,,"Afton, VA 22920",WG,,,https://www.google.com/maps/dir/?api=1&destination=Afton%2C%20VA%2022920,,,,,,,,,,,,,,Pet Friendly; Seasonal Menu; Lodging; Cabins,FALSE,https://www.google.com/maps/dir/?api=1&destination=Afton%2C%20VA%2022920
388,Everett Estate,everettestate,Whole House Rentals,stay,Wintergreen Resort,Step into a beautifully crafted retreat where a stunning live-edge oak breakfast bar with leather stools awaits.,,,https://ik.imagekit.io/OE/nelson-county/listings/everett-estate-image1_hDitKstLu,"House with trees, stairs leading up, and stone wall in foreground.",https://ik.imagekit.io/OE/nelson-county/listings/everett-estate-image2_y5dCp-_c7,"White house with large tree, fountain, and green lawn under clear blue sky.",https://ik.imagekit.io/OE/nelson-county/listings/everett-estate-image3_pntIHpCJ6,"Floral wallpapered kitchen, stained glass window, wooden table with floral centerpiece.",,,"56 Rodes Farm Drive, Nellysford, VA 22958",WG,,,https://www.google.com/maps/dir/?api=1&destination=56%20Rodes%20Farm%20Drive%2C%20Nellysford%2C%20VA%2022958,,,,,,,,,,,,,,Coffee; Events; Scenic Views; Tea; Pet Friendly; Lodging,FALSE,https://www.google.com/maps/dir/?api=1&destination=56%20Rodes%20Farm%20Drive%2C%20Nellysford%2C%20VA%2022958
389,Don Lupe Mexican Restaurant,donlupe,Restaurants,taste,Roseland,"At Don Lupe Restaurant, we take pride in offering the authentic taste of Mexican cuisine in each of our dishes. With the highest quality ingredients and traditional recipes, we stand out for our exceptional service, attentive care, and unparalleled flavor.",,,https://ik.imagekit.io/OE/nelson-county/listings/don-lupe-mexican-restaurant-image1_CFnON7sma,Child playing guitar in sombrero and poncho near cactus.,,,,,,(434) 218-1789,"2815 Rockfish Valley Highway, Nellysford, VA 22958",WG,,,https://www.google.com/maps/dir/?api=1&destination=2815%20Rockfish%20Valley%20Highway%2C%20Nellysford%2C%20VA%2022958,,,,,,,,,,,,,,Local Ingredients; Fishing,FALSE,https://www.google.com/maps/dir/?api=1&destination=2815%20Rockfish%20Valley%20Highway%2C%20Nellysford%2C%20VA%2022958
12-ridges-vineyard,12 Ridges Vineyard,12-ridges-vineyard,Vineyards & Wineries,taste,Vesuvius,A new vision has come to life at one of the most beautiful locations in all of Virginia.,,,https://ik.imagekit.io/OE/nelson-county/listings/12-ridges-vineyard-image1_2M-P87f-B,,,,,,https://12ridges.com/,(434) 996-4252,"24981 Blue Ridge Pkwy, Vesuvius, VA 24483",josh,,,https://www.google.com/maps/dir/?api=1&destination=24981%20Blue%20Ridge%20Pkwy%2C%20Vesuvius%2C%20VA%2024483,,,,,,,,,,,,,,Events; Farm; Outdoor Seating; Scenic Views; Tastings; Wine,FALSE,https://www.google.com/maps/dir/?api=1&destination=24981%20Blue%20Ridge%20Pkwy%2C%20Vesuvius%2C%20VA%2024483
