"id","name","slug","type","category","area","description","detailedDescription","customHtml","image1","image1Desc","image1FileId","image2","image2Desc","image2FileId","image3","image3Desc","image3FileId","website","phone","address","authorName","publishedDate","modifiedDate","directionsLink","videoLink","document1","document1Name","document2","document2Name","amenities","featured","googleMapsUrl"
"3","Trager Brothers Coffee 1.0","trager-brothers-coffee-1-0","Coffee Shops","taste","Lovingston","TBC is family-owned and operated, small-batch, and completely “a mano.” We sight roast to order and do not warehouse roasted coffee of any kind. The café pours fresh espresso, sells whole beans, and champions sustainable sourcing relationships with growers worldwide.","","","https://ik.imagekit.io/OE/nelson-county/listings/trager-brothers-coffee-1-0-image1_CD5zSPxJ7","Two people smiling, one holding coffee logo sticker towards camera.","","","","","","","","https://www.tbcroasters.com/","(434) 996-3138","486 Front Street, Lovingston, VA 22949","josh","","","https://www.google.com/maps/dir/?api=1&destination=486%20Front%20Street%2C%20Lovingston%2C%20VA%2022949","","","","","","Cafe; Coffee; Order Pickup; Organic; Tea","false","https://www.google.com/maps/dir/?api=1&destination=486%20Front%20Street%2C%20Lovingston%2C%20VA%2022949"
"4","Trager Brothers Coffee 2.0","trager-brothers-coffee-2-0","Coffee Shops","taste","Afton","Organic coffeehouse at the Rockfish Valley School campus with freshly roasted beans, espresso drinks, and grab-and-go service from Trager Brothers Coffee. TBC is family-owned and operated, small-batch, and completely “a mano.” We sight roast to order and do not warehouse roasted coffee of any kind.","","","https://ik.imagekit.io/OE/nelson-county/listings/trager-brothers-coffee-2-0-image1_onAYYsQs0L","Barista decorating coffee foam with chocolate in a black cup.","","","","","","","","https://www.tbcroasters.com/","(434) 263-8916","190 Rockfish Valley School Lane, Afton, VA 22920","josh","","","https://www.google.com/maps/dir/?api=1&destination=190%20Rockfish%20Valley%20School%20Lane%2C%20Afton%2C%20VA%2022920","","","","","","Coffee; Organic; Bar; Tea; Cafe; Fishing","false","https://www.google.com/maps/dir/?api=1&destination=190%20Rockfish%20Valley%20School%20Lane%2C%20Afton%2C%20VA%2022920"
"5","Afton Market","afton-market","Markets & Delis","taste","Afton","Afton Market is a locally owned convenience stop offering fuel plus a short-order deli that fries up chicken, biscuits, and hot lunch plates. Locally owned convenience store and gas station with a breakfast-and-lunch deli known for fried chicken, fresh coffee, and fountain drinks.","","","https://ik.imagekit.io/OE/nelson-county/listings/Screenshot_2025-11-14_at_6.38.31_PM_U31i9aoWc.png","Gas station with cars, convenience store, and trees in the background.","","","","","","","","","(540) 456-6111","10185 Rockfish Valley Highway, Afton, VA 22920","josh","","","https://www.google.com/maps/dir/?api=1&destination=10185%20Rockfish%20Valley%20Highway%2C%20Afton%2C%20VA%2022920","","","","","","Breakfast; Coffee; Deli; Fuel; Lunch; Market; Retail; Tea; Beer","false","https://www.google.com/maps/dir/?api=1&destination=10185%20Rockfish%20Valley%20Highway%2C%20Afton%2C%20VA%2022920"
"6","Ashley's Market","ashleys-market","Markets & Delis","taste","Afton","Discover Ashley's Market, a charming family-run convenience store and gas stop that offers much more than fuel. Our delightful deli features made-to-order breakfast biscuits, hearty lunch sandwiches, and crispy fried chicken, alongside a variety of fresh deli salads. Whether you're on the go or looking for a satisfying meal, Ashley's Market provides a welcoming atmosphere and comfort food that feels like home. Stop by for a quick bite or refuel both your vehicle and your appetite!","","","https://ik.imagekit.io/OE/nelson-county/listings/ashley-s-market-image1_-O8C_lefS","Market storefront under clear blue sky with vending machines outside.","","https://ik.imagekit.io/OE/nelson-county/listings/ashley-s-market-image2_BHBW3b0b2","Market entrance with vending machines under a clear blue sky.","","","","","https://www.facebook.com/ashleysmaket151/","(434) 361-2087","6445 Rockfish Valley Highway, Afton, VA 22920","josh","","","https://www.google.com/maps/dir/?api=1&destination=6445%20Rockfish%20Valley%20Highway%2C%20Afton%2C%20VA%2022920","","","","","","Fuel; Breakfast; Deli; Lunch; Market; Hiking","false","https://www.google.com/maps/dir/?api=1&destination=6445%20Rockfish%20Valley%20Highway%2C%20Afton%2C%20VA%2022920"
"7","Chicken Coop","chicken-coop","Markets & Delis","taste","Lovingston","Inside the Nelson Food Mart Exxon, Chicken Coop turns out crispy fried chicken, smoked barbecue, burgers, and hearty sandwiches plus sides like mac and cheese. It's a quick-service comfort-food counter where everything is cooked to order for dine-in or carryout.","","","https://ik.imagekit.io/OE/nelson-county/listings/chicken-coop-image1_PIMkxTnKd","Cars parked in front of a brick food market.","","","","","","","","","(434) 263-7818","40 Front Street, Lovingston, VA 22949","josh","","","https://www.google.com/maps/dir/?api=1&destination=40%20Front%20Street%2C%20Lovingston%2C%20VA%2022949","","","","","","BBQ; Retail; Full Kitchen; Market; Deli","false","https://www.google.com/maps/dir/?api=1&destination=40%20Front%20Street%2C%20Lovingston%2C%20VA%2022949"
"8","Colleen Deli","colleen-deli","Markets & Delis","taste","Arrington","Welcome to Colleen Deli, your go-to spot for delicious meals at any time of the day. Indulge in a hearty all-day breakfast, savor our daily lunch specials, or choose from a variety of freshly made sandwiches and wraps. Don’t miss our delightful homemade baked goods, perfect for a sweet treat. During the summer months, enjoy our refreshing salad bar, offering a vibrant selection of seasonal ingredients. Whether you’re on the go or looking for a cozy meal, Colleen Deli has something for everyone!","","","https://ik.imagekit.io/OE/nelson-county/listings/colleen-deli-image1_Qm3EZKyhY","Gas station with red canopy, two pumps, parked cars, and convenience store in background.","","","","","","","","","(434) 263-8300","4071 Thomas Nelson Hwy, Arrington, VA 22922","josh","","","https://www.google.com/maps/dir/?api=1&destination=4071%20Thomas%20Nelson%20Hwy%2C%20Arrington%2C%20VA%2022922","","","","","","Breakfast; Lunch; Bar; Seasonal Menu; Bakery; Baked Goods; Deli; Market","false","https://www.google.com/maps/dir/?api=1&destination=4071%20Thomas%20Nelson%20Hwy%2C%20Arrington%2C%20VA%2022922"
"9","Corner Market","corner-market","Markets & Delis","taste","Schuyler","Neighborhood convenience store and gas station with a short-order deli serving breakfast biscuits and hot lunch items.","","","https://ik.imagekit.io/OE/nelson-county/listings/corner-market-image1_wiPXqe1ES","Small convenience store with illuminated signs, parked car, and visible interior lights.","","","","","","","","","(434) 263-5500","11309 James River Road, Shipman, VA 22971","josh","","","https://www.google.com/maps/dir/?api=1&destination=11309%20James%20River%20Road%2C%20Shipman%2C%20VA%2022971","","","","","","Retail; Fuel; Breakfast; Deli; Lunch; Market; Water Sports","false","https://www.google.com/maps/dir/?api=1&destination=11309%20James%20River%20Road%2C%20Shipman%2C%20VA%2022971"
"10","Graves Grocery & Deli","graves-grocery-deli","Markets & Delis","community","Nellysford","Graves Grocery & Deli is a long-running Route 151 fixture where travelers top off the tank, grab breakfast sandwiches, and order made-to-order lunches before exploring the Rockfish Valley. Friendly counter service and quick deli classics make it a reliable daily stop.","","","https://ik.imagekit.io/OE/nelson-county/listings/graves-grocery-deli-image1_DBJko9s0a","Storefront with red sign, vending machines, and newspaper stands outside.","","","","","","","","","(434) 361-2504","1779 Rockfish Valley Highway, Nellysford, VA 22958","josh","","","https://www.google.com/maps/dir/?api=1&destination=1779%20Rockfish%20Valley%20Highway%2C%20Nellysford%2C%20VA%2022958","","","","","","Retail; Fuel; Breakfast; Lunch; Deli; Market; Fishing","false","https://www.google.com/maps/dir/?api=1&destination=1779%20Rockfish%20Valley%20Highway%2C%20Nellysford%2C%20VA%2022958"
"11","Hickman's Exxon Grocery","hickmans-exxon-grocery","Markets & Delis","community","Roseland","Hickman's Exxon Grocery near Beech Grove supplies fuel, hunting gear, and a hot breakfast-and-lunch deli favored by Wintergreen visitors. The store also serves as a certified game-checking station, making it a handy hub during deer, bear, and turkey seasons.","","","https://ik.imagekit.io/OE/nelson-county/listings/hickman-s-exxon-grocery-image1_s5gtjxUQJ","Small shop with red roof, 'Open' sign, and outdoor seating under sunny sky.","","","","","","","","","(434) 361-1205","1311 Beech Grove Road, Roseland, VA 22967","josh","","","https://www.google.com/maps/dir/?api=1&destination=1311%20Beech%20Grove%20Road%2C%20Roseland%2C%20VA%2022967","","","","","","Fuel; Breakfast; Lunch; Deli; Hunting; Market","false","https://www.google.com/maps/dir/?api=1&destination=1311%20Beech%20Grove%20Road%2C%20Roseland%2C%20VA%2022967"
"12","IGA Blue Ridge Grocery","iga-blue-ridge-grocery","Markets & Delis","community","Nellysford","Community supermarket providing full groceries, everyday essentials, and friendly service in the Rockfish Valley.","","","https://ik.imagekit.io/OE/nelson-county/listings/iga-blue-ridge-grocery-image1_9UYmGsIn7","Grocery store facade with shopping carts, icy machine, and open sign.","","","","","","","","","(434) 361-1105","2797 Rockfish Valley Highway, Nellysford, VA 22958","josh","","","https://www.google.com/maps/dir/?api=1&destination=2797%20Rockfish%20Valley%20Highway%2C%20Nellysford%2C%20VA%2022958","","","","","","Market; Local Ingredients; Order Pickup; Parking; Deli; Fishing","false","https://www.google.com/maps/dir/?api=1&destination=2797%20Rockfish%20Valley%20Highway%2C%20Nellysford%2C%20VA%2022958"
"13","Ike's Market & Deli","ikes-market-deli","Markets & Delis","community","Schuyler","Ike's Market & Deli on Rockfish River Road stocks convenience essentials, fishing supplies, and a deli counter with rotating daily specials. Riverside convenience store and deli featuring hot menu specials, grab-and-go items, and a game checking station.","","","https://ik.imagekit.io/OE/nelson-county/listings/ike-s-market-deli-image1_7BFICV0DZ","Baked potato with cheese, baked beans, carrots, and saucy pulled pork on plate.","","","","","","","","","(434) 831-1185","6597 Rockfish River Road, Schuyler, VA 22969","josh","","","https://www.google.com/maps/dir/?api=1&destination=6597%20Rockfish%20River%20Road%2C%20Schuyler%2C%20VA%2022969","","","","","","Deli; Fishing; Hunting; Market; Retail; Water Sports","false","https://www.google.com/maps/dir/?api=1&destination=6597%20Rockfish%20River%20Road%2C%20Schuyler%2C%20VA%2022969"
"14","Indian Oven","indian-oven","Restaurants","taste","Lovingston","Family-run Indian restaurant serving curries, tandoori favorites, and coconut-forward dishes crafted with fresh ingredients in a welcoming setting.","","","https://ik.imagekit.io/OE/nelson-county/listings/indian-oven-image1_0QlheMSPI","Restaurant entrance with 'Indian Oven' sign on white brick exterior wall.","","","","","","","","","(434) 263-4080","10749 Thomas Nelson Hwy, Lovingston, VA 22949","josh","","","https://www.google.com/maps/dir/?api=1&destination=10749%20Thomas%20Nelson%20Hwy%2C%20Lovingston%2C%20VA%2022949","","","","","","Takeout; Family Friendly; Market; Deli","false","https://www.google.com/maps/dir/?api=1&destination=10749%20Thomas%20Nelson%20Hwy%2C%20Lovingston%2C%20VA%2022949"
"15","Mac's Country Store","macs-country-store","Markets & Delis","community","Roseland","Discover Mac's Country Store, a charming destination nestled at the intersection of Routes 151 and 56. Offering a delightful selection of breakfast, lunch, and dinner plates, our menu features the renowned fried chicken that keeps locals and travelers coming back for more. In addition to delicious meals, explore our unique collection of antiques that adds a touch of nostalgia to your visit. Stop by to experience the warmth of country hospitality and savor the flavors that make Mac's a beloved stop on your journey.","","","https://ik.imagekit.io/OE/nelson-county/listings/mac-s-country-store-image1_Gk_Ua_dFF","White building with vending machines, parked car, and trees in the background.","","https://ik.imagekit.io/OE/nelson-county/listings/mac-s-country-store-image2_YzwsuX-Df","White building with vending machines, parked car, and wooden porch surrounded by trees.","","https://ik.imagekit.io/OE/nelson-county/listings/mac-s-country-store-image3_SvqK4KDnb","Tie-dye background with bold white text in cursive font.","","","(434) 277-5305","7023 Patrick Henry Highway, Roseland, VA 22967","josh","","","https://www.google.com/maps/dir/?api=1&destination=7023%20Patrick%20Henry%20Highway%2C%20Roseland%2C%20VA%2022967","","","","","","Breakfast; Lunch; Dinner; Takeout; Market; Deli","false","https://www.google.com/maps/dir/?api=1&destination=7023%20Patrick%20Henry%20Highway%2C%20Roseland%2C%20VA%2022967"
"16","Subway","subway","Markets & Delis","taste","Lovingston","Subway franchise in Annie Land Plaza making customizable sandwiches, salads, and wraps seven days a week. (open later on Fridays, earlier-closing Sundays).","","","https://ik.imagekit.io/OE/nelson-county/listings/subway-image1_ASH5hYhT2","Brick storefront with Subway and tobacco shop signs, under clear blue sky.","","https://ik.imagekit.io/OE/nelson-county/listings/subway-image2_FsH2B7eDE","Brick building with Subway and vape shop, clear sky above.","","","","","https://restaurants.subway.com/united-states/va/lovingston/65-callohill-drive","(434) 263-6800","65 Callohill Drive, Lovingston, VA 22949","josh","","","https://www.google.com/maps/dir/?api=1&destination=65%20Callohill%20Drive%2C%20Lovingston%2C%20VA%2022949","","","","","","Deli; Market","false","https://www.google.com/maps/dir/?api=1&destination=65%20Callohill%20Drive%2C%20Lovingston%2C%20VA%2022949"
"17","The Market at Wintergreen","the-market-at-wintergreen","Markets & Delis","community","Wintergreen Resort","The resort is found on the Sunrise Side of the Blue Ridge Mountains and is conveniently located close to Charlottesville, Staunton, Lynchburg, and Waynesboro. Convenience Store, Groceries, Deli and Gas.","","","https://ik.imagekit.io/OE/nelson-county/listings/the-market-at-wintergreen-image1_mYJhz6AkM","Customers at deli counter inside a market, browsing and buying packaged food items.","","","","","","","","","(434) 325-8224","189 Mountain Inn Loop, Wintergreen, VA 22958","josh","","","https://www.google.com/maps/dir/?api=1&destination=189%20Mountain%20Inn%20Loop%2C%20Wintergreen%2C%20VA%2022958","","","","","","Deli; Resort; Fuel; Market","false","https://www.google.com/maps/dir/?api=1&destination=189%20Mountain%20Inn%20Loop%2C%20Wintergreen%2C%20VA%2022958"
"18","Williams Grocery","williams-grocery","Markets & Delis","community","Schuyler","Rural grocery and gas station carrying local honey, bait, and fishing supplies alongside everyday essentials.","","","https://ik.imagekit.io/OE/nelson-county/listings/williams-grocery-image1_7ZxBQDA49","Gas pumps and store building surrounded by trees and hills under blue sky.","","","","","","","","","(434) 263-4746","439 Williamstown Road, Shipman, VA 22971","josh","","","https://www.google.com/maps/dir/?api=1&destination=439%20Williamstown%20Road%2C%20Shipman%2C%20VA%2022971","","","","","","Retail; Fuel; Local Ingredients; Market; Deli; Water Sports; Fishing; Hunting","false","https://www.google.com/maps/dir/?api=1&destination=439%20Williamstown%20Road%2C%20Shipman%2C%20VA%2022971"
"19","Ann's Family Restaurant","anns-family-restaurant","Restaurants","taste","Arrington","Experience the warm hospitality and delicious Southern comfort food at Ann's Family Restaurant, a beloved homestyle eatery that keeps locals coming back for more. While we take a break on Saturdays, our dedicated team serves up hearty meals made from cherished family recipes throughout the week. Whether you're craving classic fried chicken, savory collard greens, or a slice of homemade pie, you’ll find a welcoming atmosphere and flavors that feel like home. Join us for a memorable dining experience that will keep you returning for seconds!","","","https://ik.imagekit.io/OE/nelson-county/listings/ann-s-family-restaurant-image1_wg1eO0bow","Red-roofed restaurant with parked cars and campaign signs on grass.","","","","","","","","","(434) 263-8110","1170 Thomas Nelson Highway, Arrington, VA 22922","josh","","","https://www.google.com/maps/dir/?api=1&destination=1170%20Thomas%20Nelson%20Highway%2C%20Arrington%2C%20VA%2022922","","","","","","Family Friendly","false","https://www.google.com/maps/dir/?api=1&destination=1170%20Thomas%20Nelson%20Highway%2C%20Arrington%2C%20VA%2022922"
"20","Basic Necessities","basic-necessities","Restaurants","taste","Nellysford","Basic Necessities is a European-inspired café, wine, and cheese shop in the Rockfish Valley serving soups, salads, seasonal dinners with live music, and a popular Sunday brunch. Sunday brunch often features a harpist, and the shelves brim with imported cheeses, breads, and affordable bottles.","","","https://ik.imagekit.io/OE/nelson-county/listings/basic-necessities-image1_xjB3aTYi6","Cozy house with glowing string lights on fence at dusk.","","","","","","","","","(434) 361-1776","2226 Rockfish Valley Highway, Nellysford, VA 22958","josh","","","https://www.google.com/maps/dir/?api=1&destination=2226%20Rockfish%20Valley%20Highway%2C%20Nellysford%2C%20VA%2022958","","","","","","Wine; Retail; Dinner; Live Music; Brunch; Fishing","false","https://www.google.com/maps/dir/?api=1&destination=2226%20Rockfish%20Valley%20Highway%2C%20Nellysford%2C%20VA%2022958"
"21","Blue Mountain Brewery","blue-mountain-brewery","Breweries & Cideries","taste","Afton","Nestled along Route 151, Blue Mountain Brewery offers a delightful experience for craft beer enthusiasts and food lovers alike. Enjoy a wide selection of flagship and seasonal ales brewed on-site, all while savoring delicious dishes prepared from scratch in a kitchen that prioritizes quality and freshness. With panoramic views of the stunning Blue Ridge Mountains as your backdrop, Blue Mountain Brewery is the perfect destination to relax, unwind, and indulge in the best of local flavors.","","","https://ik.imagekit.io/OE/nelson-county/listings/blue-mountain-brewery-image1_tGxjiiEoX","Pizza, beer, and grapes on a wooden table in outdoor sunlight.","","","","","","","","https://www.bluemountainbrewery.com/","(540) 456-8020","9519 Critzers Shop Road, Afton, VA 22920","josh","","","https://www.google.com/maps/dir/?api=1&destination=9519%20Critzers%20Shop%20Road%2C%20Afton%2C%20VA%2022920","","","","","","Beer; Cider; Events; Family Friendly; Full Kitchen; Meeting Planners; Outdoor Seating; Scenic Views; Tastings","false","https://www.google.com/maps/dir/?api=1&destination=9519%20Critzers%20Shop%20Road%2C%20Afton%2C%20VA%2022920"
"22","Blue Ridge Pig","blue-ridge-pig","Restaurants","taste","Nellysford","Blue Ridge Pig is a roadside smokehouse known for Strawberry Goodwin's on-site smoked meats, from classic pulled pork with slaw to Turkey Croissants with signature dill sauce. Blue Ridge Pig smokes pork, turkey, and other meats behind its tiny roadside shack, drawing fans for pulled pork sandwiches, turkey croissants, and house dill sauce.","","","https://ik.imagekit.io/OE/nelson-county/listings/blue-ridge-pig-image1_yZZLDI6Ia","Cartoon pig with chef hat on weathered sign against trees and sky.","","","","","","","","","(434) 361-1170","2198 Rockfish Valley Highway, Nellysford, VA 22958","josh","","","https://www.google.com/maps/dir/?api=1&destination=2198%20Rockfish%20Valley%20Highway%2C%20Nellysford%2C%20VA%2022958","","","","","","BBQ; Takeout; Scenic Views","false","https://www.google.com/maps/dir/?api=1&destination=2198%20Rockfish%20Valley%20Highway%2C%20Nellysford%2C%20VA%2022958"
"23","Bold Kitchen at Bold Rock","bold-kitchen-at-bold-rock","Restaurants","taste","Nellysford","Bold Kitchen at Bold Rock is a local restaurant serving a variety of dishes in a welcoming atmosphere.","","","https://ik.imagekit.io/OE/nelson-county/listings/bold-kitchen-at-bold-rock-image1_XleEsXz-D","Outdoor patio with tables, umbrellas, and mountain view under a clear blue sky.","","","","","","","","","","1020 Rockfish Valley Highway, Nellysford, VA 22958","josh","","","https://www.google.com/maps/dir/?api=1&destination=1020%20Rockfish%20Valley%20Highway%2C%20Nellysford%2C%20VA%2022958","","","","","","Bar; Cider; Tastings; Full Kitchen","false","https://www.google.com/maps/dir/?api=1&destination=1020%20Rockfish%20Valley%20Highway%2C%20Nellysford%2C%20VA%2022958"
"24","Chen's Restaurant","chens-restaurant","Restaurants","taste","Lovingston","Chen's Restaurant serves Chinese cuisine in Lovingston, offering a variety of dishes including fried chicken, stir-fries, and traditional Chinese favorites for lunch and takeout.","","","https://ik.imagekit.io/OE/nelson-county/listings/chen-s-restaurant-image1_yGrDjUjGy","Glazed fried chicken pieces with broccoli florets, arranged closely together.","","","","","","","","","(434) 263-8865","73 Callohill Drive, Lovingston, VA 22949","josh","","","https://www.google.com/maps/dir/?api=1&destination=73%20Callohill%20Drive%2C%20Lovingston%2C%20VA%2022949","","","","","","Takeout; Lunch","false","https://www.google.com/maps/dir/?api=1&destination=73%20Callohill%20Drive%2C%20Lovingston%2C%20VA%2022949"
"25","Chirio's Pizza","chirios-pizza","Restaurants","taste","Nellysford","Chirio's Pizza, the oldest pizzeria in Nelson County since 1989, offers a delightful taste of New York with its hand-tossed pizzas, subs, salads, and ice cream. Located in Valley Green Shopping Center, guests can enjoy dining in, take advantage of convenient takeout, or opt for delivery. Join us for a slice of tradition and flavor that has satisfied locals for decades.","","","https://ik.imagekit.io/OE/nelson-county/listings/chirio-s-pizza-image1_UVtpKdV9N","Pepperoni pizza with olives and broccoli on a golden crust.","","","","","","","","","(434) 361-9188","2777 Rockfish Valley Highway, Nellysford, VA 22958","josh","","","https://www.google.com/maps/dir/?api=1&destination=2777%20Rockfish%20Valley%20Highway%2C%20Nellysford%2C%20VA%2022958","","","","","","Family Friendly; Takeout; Delivery; Desserts; Pizza","false","https://www.google.com/maps/dir/?api=1&destination=2777%20Rockfish%20Valley%20Highway%2C%20Nellysford%2C%20VA%2022958"
"26","Coquito Kitchen","coquito-kitchen","Restaurants","taste","Nellysford","Coquito Kitchen blends Argentine and Southern comfort fare out of the Rockfish Valley Community Center, offering lunch Thursday through Saturday with rotating empanadas, sandwiches, and sides. Coquito Kitchen brings Rockfish Valley Community Center a mashup of Argentine comfort food and Virginia family recipes, serving empanadas, sandwiches, and seasonal sides Thursday through Saturday from late morning to early evening.","","","https://ik.imagekit.io/OE/nelson-county/listings/coquito-kitchen-image1_0G55fEaHh","Cartoon bear and toucan with banjo, yellow circle background, 'Coquito' text.","","","","","","","","","","190 Rockfish School Lane, Afton, VA 22920","josh","","","https://www.google.com/maps/dir/?api=1&destination=190%20Rockfish%20School%20Lane%2C%20Afton%2C%20VA%2022920","","","","","","Lunch; Full Kitchen; Fishing","false","https://www.google.com/maps/dir/?api=1&destination=190%20Rockfish%20School%20Lane%2C%20Afton%2C%20VA%2022920"
"27","Devils Backbone Brewing","devils-backbone-brewing","Restaurants","taste","Roseland","Devils Backbone Brewing’s Basecamp offers a delightful culinary experience with a wood-fired kitchen that serves up delicious dishes, complemented by 16 taps featuring their signature house brews. Start your day with freshly brewed coffee, and enjoy a vibrant atmosphere perfect for concerts and events in the scenic meadow seating. Whether you're savoring a meal or relaxing with friends, Devils Backbone is the ideal destination for craft beer enthusiasts and food lovers alike.","","","https://ik.imagekit.io/OE/nelson-county/listings/devils-backbone-brewing-image1_fuU0b-q4C","Rustic building with stone pillars, wooden roof, and red umbrella-covered tables outside.","","","","","","","","https://www.dbbrewingcompany.com/visit/basecamp/","(434) 361-1001","200 Mosbys Run, Roseland, VA 22967","josh","","","https://www.google.com/maps/dir/?api=1&destination=200%20Mosbys%20Run%2C%20Roseland%2C%20VA%2022967","","","","","","Beer; Outdoor Seating; Live Music; Full Kitchen; Coffee; Tea; Biking; Hiking","false","https://www.google.com/maps/dir/?api=1&destination=200%20Mosbys%20Run%2C%20Roseland%2C%20VA%2022967"
"28","El Mariachi Mexican Food","el-mariachi-mexican-food","Restaurants","taste","Lovingston","El Mariachi Mexican Food offers a vibrant taste of Mexico right in the heart of Lovingston. Open seven days a week until 10 PM, this lively restaurant is known for its mouthwatering fajitas, hearty burritos, and delicious combo platters. Guests can unwind with refreshing margaritas and even share the love with gift certificates. While savoring authentic Mexican flavors, visitors can also explore the charming Lovingston Historic District, home to sites listed on the National Register of Historic Places, making it the perfect destination for food lovers and history enthusiasts alike.","","","https://ik.imagekit.io/OE/nelson-county/listings/el-mariachi-mexican-food-image1_lrhnaZQny","Two musicians in sombreros playing guitar and violin, 'El Mariachi' text beside them.","","","","","","","","","(434) 263-5999","165 Front Street, Lovingston, VA 22949","josh","","","https://www.google.com/maps/dir/?api=1&destination=165%20Front%20Street%2C%20Lovingston%2C%20VA%2022949","","","","","","Retail; Local Ingredients","false","https://www.google.com/maps/dir/?api=1&destination=165%20Front%20Street%2C%20Lovingston%2C%20VA%2022949"
"29","Fire & Frost Wood Fired Bakehouse","fire-frost-wood-fired-bakehouse","Restaurants","taste","Nellysford","Experience the warmth of Italy at Fire & Frost Wood Fired Bakehouse, nestled in the heart of Wintergreen Resort. Enjoy expertly crafted Neapolitan-style pizzas, delicious antipasti, and refreshing cocktails in a cozy alpine setting, perfect for skiers and autumn leaf peepers alike. Whether you're taking a break from the slopes or soaking in the stunning mountain views, indulge in a culinary escape that combines rustic charm with exceptional flavors.","","","https://ik.imagekit.io/OE/nelson-county/listings/fire-frost-wood-fired-bakehouse-image1_pWDMelTVX","Mosaic pizza oven with open fire, wood stacked below, tools hanging nearby.","","","","","","","","","(434) 326-5639","121 Blue Ridge Drive, Roseland, VA 22967","josh","","","https://www.google.com/maps/dir/?api=1&destination=121%20Blue%20Ridge%20Drive%2C%20Roseland%2C%20VA%2022967","","","","","","Scenic Views; Resort; Pizza","false","https://www.google.com/maps/dir/?api=1&destination=121%20Blue%20Ridge%20Drive%2C%20Roseland%2C%20VA%2022967"
"30","Iron and Ale","iron-and-ale","Restaurants","taste","Nellysford","Iron & Ale is a chef-driven bistro in Stoney Creek offering rotating menus, patio dining, and curated wine and beer lists for date nights and gatherings. Iron & Ale is a Stoney Creek destination for date nights, pairing chef-driven seasonal menus and veranda dining with curated wines and rotating craft taps so every visit feels like a special occasion.","","","https://ik.imagekit.io/OE/nelson-county/listings/iron-and-ale-image1_Phj7hhJ9W","Illuminated sign reading 'Iron & Ale' on a building porch at night.","","","","","","","","","(540) 440-2140","1354 Stoney Creek West, Nellysford, VA 22958","josh","","","https://www.google.com/maps/dir/?api=1&destination=1354%20Stoney%20Creek%20West%2C%20Nellysford%2C%20VA%2022958","","","","","","Seasonal Menu; Wine; Outdoor Seating; Beer","false","https://www.google.com/maps/dir/?api=1&destination=1354%20Stoney%20Creek%20West%2C%20Nellysford%2C%20VA%2022958"
"31","McDonald's","mcdonalds","Restaurants","taste","Lovingston","Enjoy a late-night bite at McDonald's, conveniently located just steps away from local hotels and gas stations. Our drive-thru serves up all your favorite staples, including delicious McCafé drinks and a variety of satisfying snacks, ensuring you have everything you need to refuel any time of day. Join us for a quick meal or a cozy coffee break, and experience the iconic taste that keeps you coming back for more!","","","https://ik.imagekit.io/OE/nelson-county/listings/mcdonald-s-image1_xLvXtaYOs","Illuminated McDonald's sign with golden arches against a dark night sky.","","","","","","","","","(434) 263-8066","44 Callohill Drive, Lovingston, VA 22949","josh","","","https://www.google.com/maps/dir/?api=1&destination=44%20Callohill%20Drive%2C%20Lovingston%2C%20VA%2022949","","","","","","Takeout; Breakfast; Lunch; Dinner","false","https://www.google.com/maps/dir/?api=1&destination=44%20Callohill%20Drive%2C%20Lovingston%2C%20VA%2022949"
"32","Montebello Country Store & Cafe","montebello-country-store-cafe","Restaurants","taste","Montebello","Montebello Country Store & Cafe is a fifth-generation general store near Crabtree Falls with groceries, camping supplies, and a cafe serving chili and country fare.","","","https://ik.imagekit.io/OE/nelson-county/listings/montebello-country-store-cafe-image1_D_nYeoKbj","Wooden sign carved with 'Montebello Country Store' text on light wall.","","","","","","","","","(540) 377-2650","15072 Crabtree Falls Highway, Montebello, VA 24464","josh","","","https://www.google.com/maps/dir/?api=1&destination=15072%20Crabtree%20Falls%20Highway%2C%20Montebello%2C%20VA%2024464","","","","","","Retail; Family Friendly; Water Sports; Fishing","false","https://www.google.com/maps/dir/?api=1&destination=15072%20Crabtree%20Falls%20Highway%2C%20Montebello%2C%20VA%2024464"
"33","Paulie's Pig Out","paulies-pig-out","Restaurants","taste","Afton","Paulie's Pig Out smokes pork and chicken for over-stuffed sandwiches, plus homestyle sides and desserts, making it an easy Nelson 151 detour when you crave barbecue platters and mac 'n' cheese.","","","https://ik.imagekit.io/OE/nelson-county/listings/paulie-s-pig-out-image1_8dXrFbPav","Pulled pork sandwich with coleslaw on a rustic bun, set on paper.","","","","","","","","","(434) 361-2001","7376 Rockfish Valley Highway, Afton, VA 22920","josh","","","https://www.google.com/maps/dir/?api=1&destination=7376%20Rockfish%20Valley%20Highway%2C%20Afton%2C%20VA%2022920","","","","","","BBQ","false","https://www.google.com/maps/dir/?api=1&destination=7376%20Rockfish%20Valley%20Highway%2C%20Afton%2C%20VA%2022920"
"34","Smokin' Barrel Restaurant","smokin-barrel-restaurant","Restaurants","taste","Arrington","Discover the flavors of Smokin' Barrel Restaurant, nestled within the vibrant Blue Mountain Barrel House. This welcoming eatery offers a delightful selection of pub fare, featuring mouthwatering BBQ plates, juicy burgers, hearty soups, and indulgent desserts, all crafted to satisfy your cravings. Whether you're enjoying a casual meal after a day of adventure or looking to unwind with friends over delicious food, Smokin' Barrel is the perfect destination for taproom guests seeking a memorable dining experience.","","","https://ik.imagekit.io/OE/nelson-county/listings/smokin-barrel-restaurant-image1_O6_IquE9r","People relaxing on patio with chairs, umbrellas, sunset, and mountain view.","","","","","","","","","(434) 226-2450","495 Cooperative Way, Arrington, VA 22922","josh","","","https://www.google.com/maps/dir/?api=1&destination=495%20Cooperative%20Way%2C%20Arrington%2C%20VA%2022922","","","","","","Beer; Scenic Views; BBQ; Bar; Family Friendly; Full Kitchen; Tastings","false","https://www.google.com/maps/dir/?api=1&destination=495%20Cooperative%20Way%2C%20Arrington%2C%20VA%2022922"
"35","The Copper Mine Bistro","the-copper-mine-bistro","Restaurants","taste","Roseland","The Copper Mine Bistro anchors Wintergreen's Blackrock Village with traditional breakfast, Mediterranean-inspired dinners, and weekend lunches during ski season.","","","https://ik.imagekit.io/OE/nelson-county/listings/the-copper-mine-bistro-image1_3GowztWtV","Cozy restaurant with diners, warm fireplace, and elegantly set tables.","","https://ik.imagekit.io/OE/nelson-county/listings/the-copper-mine-bistro-image2_QsKokoOVE","People sitting at a rustic bar. Wooden walls, beer taps, and overhead chandelier.","","","","","","(434) 325-8090","39 Wintergreen Drive, Roseland, VA 22967","josh","","","https://www.google.com/maps/dir/?api=1&destination=39%20Wintergreen%20Drive%2C%20Roseland%2C%20VA%2022967","","","","","","Breakfast; Lunch; Seasonal Menu; Dinner","false","https://www.google.com/maps/dir/?api=1&destination=39%20Wintergreen%20Drive%2C%20Roseland%2C%20VA%2022967"
"36","The Edge","the-edge","Restaurants","taste","Wintergreen Resort","The Edge is Wintergreen's casual slope-side restaurant with mountain views, hearty comfort food, and a lively bar with seasonal live music.","","","https://ik.imagekit.io/OE/nelson-county/listings/the-edge-image1_3m2oRzZrd","People seated at rustic bar with wooden walls and large chandelier.","","","","","","","","","(434) 325-8080","11 Grassy Ridge Road, Wintergreen, VA 22958","josh","","","https://www.google.com/maps/dir/?api=1&destination=11%20Grassy%20Ridge%20Road%2C%20Wintergreen%2C%20VA%2022958","","","","","","Scenic Views; Snow Sports; Bar; Live Music; Seasonal Menu","false","https://www.google.com/maps/dir/?api=1&destination=11%20Grassy%20Ridge%20Road%2C%20Wintergreen%2C%20VA%2022958"
"37","The Farmhouse at Veritas","the-farmhouse-at-veritas","Restaurants","taste","Afton","Experience the culinary delights at The Farmhouse at Veritas, where luxury meets the charm of wine country. Indulge in exquisite four-course, wine-paired farm-to-table dinners, available from Wednesday to Sunday, set against the stunning backdrop of Blue Ridge vineyards. Complement your dining experience with curated lodging options, ensuring a memorable stay amidst the beauty of the Veritas vineyard estate. Discover a unique blend of gourmet cuisine and serene surroundings that invites you to unwind and savor every moment.","","","https://ik.imagekit.io/OE/nelson-county/listings/the-farmhouse-at-veritas-image1_LBC9TWPstE","Table with wine glasses, flowers, on outdoor patio with garden view.","","","","","","","","","(540) 456-8100","72 Saddleback Farm, Afton, VA 22920","josh","","","https://www.google.com/maps/dir/?api=1&destination=72%20Saddleback%20Farm%2C%20Afton%2C%20VA%2022920","","","","","","Wine; Farm; Tastings; Golf; Beer","false","https://www.google.com/maps/dir/?api=1&destination=72%20Saddleback%20Farm%2C%20Afton%2C%20VA%2022920"
"38","Vito's Pizza & Italian Grill","vitos-pizza-italian-grill","Restaurants","taste","Lovingston","Vito's Pizza & Italian Grill is a beloved family-owned Italian restaurant nestled in Lovingston, where the rich flavors of authentic Sicilian cuisine come to life. Led by chef Salvatore Mannino, this charming eatery offers a delectable selection of New York-style pizzas, hearty pasta dishes, and grill favorites, all crafted with care and a touch of tradition. As a staple in the community, Vito's invites you to savor the warmth of Italian-American hospitality in a welcoming atmosphere. After your meal, explore Lovingston's historic charm, including the Historic District and the courthouse, both proudly listed on the National Register of Historic Places.","","","https://ik.imagekit.io/OE/nelson-county/listings/vito-s-pizza-italian-grill-image1_qEDLQecPU","Three pizzas with various toppings surrounded by condiments and peppers on a table.","","","","","","","","","(434) 263-8688","8181 Thomas Nelson Highway, Lovingston, VA 22949","josh","","","https://www.google.com/maps/dir/?api=1&destination=8181%20Thomas%20Nelson%20Highway%2C%20Lovingston%2C%20VA%2022949","","","","","","Family Friendly; Full Kitchen; Pizza","false","https://www.google.com/maps/dir/?api=1&destination=8181%20Thomas%20Nelson%20Highway%2C%20Lovingston%2C%20VA%2022949"
"39","Black Bear Creamery","black-bear-creamery","Restaurants","taste","Nellysford","Black Bear Creamery scoops homemade ice cream, shakes, and sundaes for locals and visitors in Nellysford.","","","https://ik.imagekit.io/OE/nelson-county/listings/black-bear-creamery-image1_NoSYfCv22","Café with string lights, colorful umbrellas, and outdoor seating at dusk.","","","","","","","","","(434) 263-8916","18 Pheasant Run, Nellysford, VA 22958","josh","","","https://www.google.com/maps/dir/?api=1&destination=18%20Pheasant%20Run%2C%20Nellysford%2C%20VA%2022958","","","","","","Desserts; Family Friendly; Hiking; Beer","false","https://www.google.com/maps/dir/?api=1&destination=18%20Pheasant%20Run%2C%20Nellysford%2C%20VA%2022958"
"115","Soaring","soaring","Activities","experience","Lovingston","Shenandoah Valley Soaring operates from a gliderport in Nellysford, inviting visitors to watch—or join—weekend flights over the Blue Ridge with a 50-member club that flies classic and modern sailplanes. This group group of 50+ members enjoys soaring over the Blue Ridge Mountains in classic and state of the art gliders, harnessing the power of nature to sustain our flights.","","","https://ik.imagekit.io/OE/nelson-county/listings/soaring-image1_yNKVZurmi","Two aircraft on grassy field with mountains and cloudy sky background.","","","","","","","","","(434) 981-4359","604 Dillard Hill Road, Lovingston, VA 22949","josh","","","https://www.google.com/maps/dir/?api=1&destination=604%20Dillard%20Hill%20Road%2C%20Lovingston%2C%20VA%2022949","","","","","","Scenic Views; Tastings","false","https://www.google.com/maps/dir/?api=1&destination=604%20Dillard%20Hill%20Road%2C%20Lovingston%2C%20VA%2022949"
"116","Skiing & Snowboarding","skiing-snowboarding","Activities","experience","Wintergreen Resort","Experience the thrill of skiing and snowboarding at a renowned resort celebrated twice as the ""Best Ski Resort"" by Washington Post readers. Nestled in stunning mountain scenery, our slopes cater to all skill levels, ensuring an unforgettable adventure for everyone. After an exhilarating day on the snow, unwind at Blackrock Trail or enjoy a refreshing craft brew at Blue Mountain Brewery. Join us for an unforgettable winter getaway where adventure meets relaxation!","","","https://ik.imagekit.io/OE/nelson-county/listings/skiing-snowboarding-image1_AF2O5qfQA","Two snowboarders in winter gear, smiling, holding snowboards, with mountain background.","","","","695d1d645c7cd75eb86268c4","","","695d1d7a5c7cd75eb862ddf4","","(434) 325-2100","39 Mountain Inn Loop, Wintergreen, VA 22967","josh","","","https://www.google.com/maps/dir/?api=1&destination=39%20Mountain%20Inn%20Loop%2C%20Wintergreen%2C%20VA%2022967","","","","","","Scenic Views; Snow Sports; Water Sports","true","https://www.google.com/maps/dir/?api=1&destination=39%20Mountain%20Inn%20Loop%2C%20Wintergreen%2C%20VA%2022967"
"117","Tennis","tennis","Activities","experience","Wintergreen Resort","Wintergreen Tennis programs spanning 19 outdoor clay and three indoor Deco Turf courts with year-round clinics for families and teams.","","","https://ik.imagekit.io/OE/nelson-county/listings/tennis-image1_vrYu1T-i9","Tennis courts surrounded by trees, adjacent to green golf course, mountains in background.","","","","","","","","","(434) 325-2200","Wintergreen Tennis Center, 581 Wintergreen Drive, Wintergreen, VA 22967","josh","","","https://www.google.com/maps/dir/?api=1&destination=Wintergreen%20Tennis%20Center%2C%20581%20Wintergreen%20Drive%2C%20Wintergreen%2C%20VA%2022967","","","","","","Tennis","false","https://www.google.com/maps/dir/?api=1&destination=Wintergreen%20Tennis%20Center%2C%20581%20Wintergreen%20Drive%2C%20Wintergreen%2C%20VA%2022967"
"43","Blue Mountain Barrel House","blue-mountain-barrel-house","Breweries & Cideries","taste","Arrington","Nestled in the heart of Nelson County, Blue Mountain Barrel House boasts one of the East Coast's largest barrel-aging programs, producing exceptional craft beers that highlight the region's rich brewing heritage. Our inviting year-round tasting room offers visitors a chance to savor our unique creations while enjoying breathtaking views of the surrounding mountains. Join us for a memorable experience that celebrates the artistry of brewing in a picturesque setting.","","","https://ik.imagekit.io/OE/nelson-county/listings/blue-mountain-barrel-house-image1_aohVkuJqX","Assorted beer flights on wooden table, two people in background enjoying.","","","","695d1d645c7cd75eb86268c4","","","695d1d7a5c7cd75eb862ddf4","https://www.bluemountainbarrel.com/","(434) 263-4002","495 Cooperative Way, Arrington, VA 22922","josh","","","https://www.google.com/maps/dir/?api=1&destination=495%20Cooperative%20Way%2C%20Arrington%2C%20VA%2022922","","","","","","Beer; Cider; Seasonal Menu; Tastings","true","https://www.google.com/maps/dir/?api=1&destination=495%20Cooperative%20Way%2C%20Arrington%2C%20VA%2022922"
"44","Blue Toad Hard Cider","blue-toad-hard-cider","Breweries & Cideries","taste","Roseland","Discover Blue Toad Hard Cider, a charming farm-based cidery nestled at the base of Wintergreen. Our inviting taproom offers a selection of approachable Blue Ridge blends, perfect for cider enthusiasts and newcomers alike. Enjoy sweeping views of our picturesque orchard from our spacious patio as you savor the unique flavors crafted from locally sourced apples. Join us for a refreshing experience that celebrates the essence of the Blue Ridge Mountains.","","","https://ik.imagekit.io/OE/nelson-county/listings/blue-toad-hard-cider-image1_sCenJqzoN7","Blue fish mural painted on gray wooden planks.","","","","","","","","https://www.bluetoadhardcider.com/","(434) 760-9200","462 Winery Lane, Roseland, VA 22967","josh","","","https://www.google.com/maps/dir/?api=1&destination=462%20Winery%20Lane%2C%20Roseland%2C%20VA%2022967","","","","","","Beer; Cider; Farm; Meeting Planners; Outdoor Seating; Pet Friendly; Scenic Views; Tastings","false","https://www.google.com/maps/dir/?api=1&destination=462%20Winery%20Lane%2C%20Roseland%2C%20VA%2022967"
"45","Bold Rock Hard Cider","bold-rock-hard-cider","Breweries & Cideries","taste","Nellysford","Nellysford's riverside cidery offering tours, tastings, and cider cocktails from Bold Rock's orchard-to-glass production campus.","","","https://ik.imagekit.io/OE/nelson-county/listings/bold-rock-hard-cider-image1__h55RjVBl","Wooden building with outdoor seating, blue umbrellas, people, and trees under blue sky.","","","","","","","","https://boldrock.com/visit/nellysford-cidery/","(434) 361-1030","1020 Rockfish Valley Highway, Nellysford, VA 22958","josh","","","https://www.google.com/maps/dir/?api=1&destination=1020%20Rockfish%20Valley%20Highway%2C%20Nellysford%2C%20VA%2022958","","","","","","Bar; Beer; Cider; Cocktails; Farm; Live Music; Meeting Planners; Tastings; Water Sports","false","https://www.google.com/maps/dir/?api=1&destination=1020%20Rockfish%20Valley%20Highway%2C%20Nellysford%2C%20VA%2022958"
"46","Brewing Tree Beer Company","brewing-tree-beer-company","Breweries & Cideries","taste","Afton","Brewing Tree Beer Company is a charming husband-and-wife-operated brewery nestled alongside a picturesque creek. Known for its rotating selection of small-batch Virginia ales, this brewery also features a scratch kitchen that offers delicious, locally-inspired dishes. Guests can unwind in the inviting beer garden, where the serene surroundings enhance the experience of savoring expertly crafted brews. Join us for a unique taste of Virginia's vibrant craft beer scene!","","","https://ik.imagekit.io/OE/nelson-county/listings/brewing-tree-beer-company-image1_e43JZexL6","People at outdoor brewery with food truck and green umbrellas.","","","","","","","","https://www.brewingtreebeerco.com/","(540) 381-0990","9278 Rockfish Valley Highway, Afton, VA 22920","josh","","","https://www.google.com/maps/dir/?api=1&destination=9278%20Rockfish%20Valley%20Highway%2C%20Afton%2C%20VA%2022920","","","","","","Beer; Cider; Family Friendly; Full Kitchen; Tastings; Water Sports","false","https://www.google.com/maps/dir/?api=1&destination=9278%20Rockfish%20Valley%20Highway%2C%20Afton%2C%20VA%2022920"
"47","Bryant's Cider & Brewery","bryants-cider-brewery","Breweries & Cideries","taste","Roseland","At Bryant's Cider & Brewery, indulge in a delightful selection of heritage apple ciders and farm-brewed beers crafted from the finest natural ingredients. Enjoy the vibrant atmosphere featuring outdoor lawn games and seasonal gatherings that create the perfect backdrop for memorable experiences. Join us for a taste of tradition and community, where every sip is a celebration of local craftsmanship and nature's bounty.","","","https://ik.imagekit.io/OE/nelson-county/listings/bryant-s-cider-brewery-image1_Pl3ykVMup","White barn, large tree, picnic tables, string lights, people sitting outside.","","","","","","","","https://www.bryantscider.com/","(804) 420-9683","3224 East Branch Loop, Roseland, VA 22967","josh","","","https://www.google.com/maps/dir/?api=1&destination=3224%20East%20Branch%20Loop%2C%20Roseland%2C%20VA%2022967","","","","","","Beer; Farm; Outdoor Seating; Seasonal Menu; Cider; Tastings","false","https://www.google.com/maps/dir/?api=1&destination=3224%20East%20Branch%20Loop%2C%20Roseland%2C%20VA%2022967"
"48","Devils Backbone Brewing Company","devils-backbone-brewing-company","Breweries & Cideries","taste","Roseland","Mountain basecamp brewery pouring award-winning lagers, cocktails, and distillery releases with expansive meadows and adventure-forward programming.","","","https://ik.imagekit.io/OE/nelson-county/listings/devils-backbone-brewing-company-image1_xOCX-_l34","Aerial view of colorful autumn landscape with mountains, road, and buildings.","","","","695d1d645c7cd75eb86268c4","","","695d1d7a5c7cd75eb862ddf4","https://www.dbbrewingcompany.com/","(434) 361-1001","200 Crandall Run, Roseland, VA 22967","josh","","","https://www.google.com/maps/dir/?api=1&destination=200%20Crandall%20Run%2C%20Roseland%2C%20VA%2022967","","","","","","Adventure; Appalachian Trail; Beer; Biking; Cider; Meeting Planners; Spirits; Tastings","true","https://www.google.com/maps/dir/?api=1&destination=200%20Crandall%20Run%2C%20Roseland%2C%20VA%2022967"
"49","Outback Brew House","outback-brew-house","Breweries & Cideries","taste","Lovingston","Discover Outback Brew House, a charming nano-brewery taproom located in Lovingston, where you can savor unique house-crafted beers straight from the tap. With plans for expanded outdoor seating, a lively music stage, and a delicious onsite food truck, this inviting destination promises a delightful experience for both locals and visitors alike. While you're in Lovingston, take a moment to explore the rich history of the area, including the Lovingston Historic District and the courthouse, both proudly listed on the National Register of Historic Places. Join us at Outback Brew House and be part of our journey as we grow and celebrate the art of brewing.","","","https://ik.imagekit.io/OE/nelson-county/listings/outback-brew-house-image1_3mAJkqmbA","Beer glass with logo outdoors, blue sky, string lights in background.","","","","","","","","https://www.outbackhouselodging.com/outback-brew-house/","(434) 263-0007","7995 Thomas Nelson Hwy, Lovingston, VA 22949","josh","","","https://www.google.com/maps/dir/?api=1&destination=7995%20Thomas%20Nelson%20Hwy%2C%20Lovingston%2C%20VA%2022949","","","","","","Outdoor Seating; Live Music; Beer; Cider; Tastings","false","https://www.google.com/maps/dir/?api=1&destination=7995%20Thomas%20Nelson%20Hwy%2C%20Lovingston%2C%20VA%2022949"
"50","Three Notch'd Brewery, Distillery & Craft Kitchen","three-notchd-brewery-distillery-craft-kitchen-nelson-county","Breweries & Cideries","taste","Nellysford","Three Notch'd Brewery, Distillery & Craft Kitchen on Route 151 unites beer, spirits, and a from-scratch kitchen featuring beer-infused plates, kids items, and gluten-free options, with leashed dogs welcome on the patio.","","","https://ik.imagekit.io/OE/nelson-county/listings/three-notch-d-brewery-distillery-craft-kitchen-image1_0-OUbAArR3","Assorted colorful beer cans displayed outdoors near a wooden building.","","","","","","","","https://threenotchdbrewing.com/location/nellysford/","(434) 226-0020","2461 Rockfish Valley Hwy, Nellysford, VA 22958","josh","","","https://www.google.com/maps/dir/?api=1&destination=2461%20Rockfish%20Valley%20Hwy%2C%20Nellysford%2C%20VA%2022958","","","","","","Beer; Cider; Full Kitchen; Spirits; Tastings","false","https://www.google.com/maps/dir/?api=1&destination=2461%20Rockfish%20Valley%20Hwy%2C%20Nellysford%2C%20VA%2022958"
"51","Wild Man Dan Brewery","wild-man-dan-brewery","Breweries & Cideries","taste","Afton","Barn brewery pouring award-winning micro batches and offering homebrew workshops with Dan and his mountain porch hospitality. Wild Man Dan Brewery is Virginia's tiniest production brewery, where Dan brews award-winning small batches in his barn and happily teaches visitors the art of ale making while they sample Chai-Laxin or Dark Matter IPA.","","","https://ik.imagekit.io/OE/nelson-county/listings/wild-man-dan-brewery-image1_k5KRI9nIU","Brick house with white porch, surrounded by trees and blooming flowers.","","","","","","","","https://wildmandanbeer.com/","(540) 798-1781","279 Avon Road, Afton, VA 22920","josh","","","https://www.google.com/maps/dir/?api=1&destination=279%20Avon%20Road%2C%20Afton%2C%20VA%2022920","","","","","","Beer; Cider; Meeting Planners; Outdoor Seating; Retail; Scenic Views; Tastings","false","https://www.google.com/maps/dir/?api=1&destination=279%20Avon%20Road%2C%20Afton%2C%20VA%2022920"
"52","Wood Ridge Farm Brewery","wood-ridge-farm-brewery","Breweries & Cideries","taste","Lovingston","Nestled in the heart of Lovingston, Wood Ridge Farm Brewery is an estate brewery that embodies the essence of 'dirt-to-glass' brewing. With a commitment to sustainability, we grow and malt our own grains on-site, allowing visitors to savor distinctive local beers while enjoying breathtaking views of the surrounding countryside. In addition to our craft brews, Lovingston itself offers a rich tapestry of history, featuring the Lovingston Historic District and its courthouse, both proudly listed on the National Register of Historic Places. Join us for a unique tasting experience where every sip tells a story of the land.","","","https://ik.imagekit.io/OE/nelson-county/listings/wood-ridge-farm-brewery-image1_Bi7zpuZf1","Wooden 'LOVE' sign with sunset backdrop, couple walking towards a garden.","","","","","","","","https://www.woodridgefarmbrewery.com/","(434) 531-7362","165 Old Ridge Road, Lovingston, VA 22949","josh","","","https://www.google.com/maps/dir/?api=1&destination=165%20Old%20Ridge%20Road%2C%20Lovingston%2C%20VA%2022949","","","","","","Farm; Scenic Views; Seasonal Menu; Beer; Cider; Tastings","false","https://www.google.com/maps/dir/?api=1&destination=165%20Old%20Ridge%20Road%2C%20Lovingston%2C%20VA%2022949"
"53","Devils Backbone Distilling Co.","devils-backbone-distilling-co","Distilleries","taste","Roseland","On-site craft distillery at Devils Backbone Basecamp serving small-batch gin, rum, and brandy cocktails in a lounge and covered patio setting. Devils Backbone Distilling Co.","","","https://ik.imagekit.io/OE/nelson-county/listings/devils-backbone-distilling-co--image1_kkqc1tAn6","People relax outdoors on wooden chairs under sunny skies, surrounded by trees.","","","","","","","","https://www.dbbrewingcompany.com/spirits/","(434) 361-1001","35 Mosbys Run, Roseland, VA 22967","josh","","","https://www.google.com/maps/dir/?api=1&destination=35%20Mosbys%20Run%2C%20Roseland%2C%20VA%2022967","","","","","","Spirits; Cocktails; Outdoor Seating; Tastings; Beer","false","https://www.google.com/maps/dir/?api=1&destination=35%20Mosbys%20Run%2C%20Roseland%2C%20VA%2022967"
"54","Silverback Distillery","silverback-distillery","Distilleries","taste","Afton","Silverback Distillery is a mother-daughter team crafting award-winning spirits with local grains and mountain water, pouring cocktail flights and barrel-smoked drinks in Afton. Silverback Distillery—the nation's only mother-daughter distilling duo—crafts award-winning gin, rye, bourbon, and honey liqueur in the Blue Ridge, offering tasting flights, smoked cocktails, and bottle sales in its Roseland stillhouse.","","","https://ik.imagekit.io/OE/nelson-county/listings/silverback-distillery-image1_RBNd85uTW","Blue building with lit windows, dusk sky, parking lot, and surrounding trees.","","","","","","","","","(540) 456-7070","9520 Rockfish Valley Highway, Afton, VA 22920","josh","","","https://www.google.com/maps/dir/?api=1&destination=9520%20Rockfish%20Valley%20Highway%2C%20Afton%2C%20VA%2022920","","","","","","Spirits; Cocktails; Tastings; Scenic Views; Water Sports","false","https://www.google.com/maps/dir/?api=1&destination=9520%20Rockfish%20Valley%20Highway%2C%20Afton%2C%20VA%2022920"
"55","Virginia Distillery Co.","virginia-distillery-co","Distilleries","taste","Lovingston","Virginia Distillery Co. The original 30 acres was donated by Mr.","","","https://ik.imagekit.io/OE/nelson-county/listings/virginia-distillery-co--image1_eCbxehNaH","Stone gate entrance to a large white house, surrounded by trees and hills.","","","","","","","","https://vadistillery.com/","(434) 285-2900","299 Eades Lane, Lovingston, VA 22949","josh","","","https://www.google.com/maps/dir/?api=1&destination=299%20Eades%20Lane%2C%20Lovingston%2C%20VA%2022949","","","","","","Spirits; Museum; Tastings","false","https://www.google.com/maps/dir/?api=1&destination=299%20Eades%20Lane%2C%20Lovingston%2C%20VA%2022949"
"131","Montebello Fish Hatchery","montebello-fish-hatchery","Activities","culture","Montebello","In addition to trout, there is a nature trail and pollinator plots located on the property. State trout hatchery near Crabtree Falls offering educational tours, pollinator plots, and a nature trail adjacent to mountain hiking hubs.","","","https://ik.imagekit.io/OE/nelson-county/listings/montebello-fish-hatchery-image1_4Xa9lVMTCF","Sign for Montebello State Fish Hatchery amidst autumn trees by winding road.","","","","","","","","","(540) 377-2418","359 Fish Hatchery Lane, Montebello, VA 24464","josh","","","https://www.google.com/maps/dir/?api=1&destination=359%20Fish%20Hatchery%20Lane%2C%20Montebello%2C%20VA%2024464","","","","","","Hiking; Biking; Fishing","false","https://www.google.com/maps/dir/?api=1&destination=359%20Fish%20Hatchery%20Lane%2C%20Montebello%2C%20VA%2024464"
"144","One Forest","one-forest","Activities","experience","Nellysford","Proposed forest-based education and wellness space in Nellysford emphasizing nature play and outdoor learning; listing currently in development.","","","https://ik.imagekit.io/OE/nelson-county/listings/one-forest-image1_SsMvpz8Qy","Tall white flowering plant in garden with wooden house and trees behind.","","","","","","","","","","Nellysford, VA 22958","josh","","","https://www.google.com/maps/dir/?api=1&destination=Nellysford%2C%20VA%2022958","","","","","","Outdoor Seating","false","https://www.google.com/maps/dir/?api=1&destination=Nellysford%2C%20VA%2022958"
"160","Oak Ridge Estate","oak-ridge-estate","Activities","culture","Arrington","The mansion on this 5,000-acre plantation estate was first built in 1802 and acquired at the turn of the 20th century by Thomas Fortune Ryan, a Nelson County native who had become one of the 10 wealthiest men in the nation. He made impressive alterations to the building and grounds-adding a formal Italian garden, rotunda greenhouse and railroad station, among other features.","","","https://ik.imagekit.io/OE/nelson-county/listings/oak-ridge-estate-image1_AoSf5sg8m","Large white mansion with columns, surrounded by green lawn and trimmed shrubs.","","","","","","","","","(434) 263-8676","2300 Oak Ridge Road, Arrington, VA 22922","josh","","","https://www.google.com/maps/dir/?api=1&destination=2300%20Oak%20Ridge%20Road%2C%20Arrington%2C%20VA%2022922","","","","","","Events","false","https://www.google.com/maps/dir/?api=1&destination=2300%20Oak%20Ridge%20Road%2C%20Arrington%2C%20VA%2022922"
"161","Swannanoa","swannanoa","Activities","culture","Afton","Experience the elegance of Swannanoa, a stunning marble villa built in 1911, perched atop Afton Mountain. Open on select weekends for public tours, this architectural gem invites visitors to explore its exquisite Italianate design and beautifully landscaped gardens. Immerse yourself in the rich history and serene surroundings that make Swannanoa a captivating destination for architecture enthusiasts and nature lovers alike.","","","https://ik.imagekit.io/OE/nelson-county/listings/swannanoa-image1_RcVj2PVkX","Vintage black car parked outside a large white mansion.","6930547d5c7cd75eb880dc49","","","693061a05c7cd75eb8d793f6","","","","","(540) 942-5201","497 Swannanoa Lane, Afton, VA 22920","josh","","","https://www.google.com/maps/dir/?api=1&destination=497%20Swannanoa%20Lane%2C%20Afton%2C%20VA%2022920","","","","","","Outdoor Seating; Scenic Views; Tours","false","https://www.google.com/maps/dir/?api=1&destination=497%20Swannanoa%20Lane%2C%20Afton%2C%20VA%2022920"
"166","Blue Ridge Fruit Loop","blue-ridge-fruit-loop","Activities","outdoor","Tyro","Discover the Blue Ridge Fruit Loop, a delightful journey through 11 charming orchards and farms in the scenic Nelson and Amherst counties. From May to December, enjoy the experience of picking your own fresh fruit while savoring the breathtaking views of the Blue Ridge Mountains. Along the route, visit local gems like Inglewood Farm, Deer Creek Farm, and Montebello Fish Hatchery, and don’t miss the opportunity to indulge in fine wines at Veritas Vineyards & Winery or Mountain and Vine Winery. Complete your adventure with a refreshing craft brew from Blue Mountain Brewery and pick up some local delights at Basic Necessities. Join us for a memorable day of exploration and taste!","","","https://ik.imagekit.io/OE/nelson-county/listings/blue-ridge-fruit-loop-image1_xveXoCybQ","Clusters of ripe blackberries on bush, hand reaching in sunlight.","","","","","","","","","(434) 263-7015","Blue Ridge Fruit Loop Trailhead, 56 Cabell Road, Tyro, VA 22976","josh","","","https://www.google.com/maps/dir/?api=1&destination=Blue%20Ridge%20Fruit%20Loop%20Trailhead%2C%2056%20Cabell%20Road%2C%20Tyro%2C%20VA%2022976","","","","","","Cider; Farm; Seasonal Menu; Scenic Views; Biking; Tastings","false","https://www.google.com/maps/dir/?api=1&destination=Blue%20Ridge%20Fruit%20Loop%20Trailhead%2C%2056%20Cabell%20Road%2C%20Tyro%2C%20VA%2022976"
"386","Glass Hollow Studio & Gallery","glasshollow","Art & Artisans","culture","Afton","Nestled in the scenic Rockfish Valley, Glass Hollow Studio & Gallery invites you to explore the captivating world of glass art. Experience live glassblowing demonstrations and discover exquisite handcrafted pieces that showcase the beauty of this unique medium. Join us every Saturday in September for our popular 'Make Your Own Glass Pumpkin' workshops, where you can create a personal masterpiece to take home. Whether you're an art enthusiast or a curious beginner, there's something for everyone at our vibrant studio.","","","https://ik.imagekit.io/OE/nelson-county/listings/glass-hollow-studio-gallery-image1_P9hwkSskV","Blue glass orb being shaped in bright orange flame.","","https://ik.imagekit.io/OE/nelson-county/listings/glass-hollow-studio-gallery-image2_xTwMG5Mnc","Circular logo with blue mountains and glassblowing tool. Text around edges.","695d1d645c7cd75eb86268c4","","","695d1d7a5c7cd75eb862ddf4","https://glasshollow.com","(434) 270-6104","9080 Rockfish Valley Highway, Afton, VA 22920","Brittany Niemeyer","","","https://www.google.com/maps/dir/?api=1&destination=9080%20Rockfish%20Valley%20Highway%2C%20Afton%2C%20VA%2022920","","","","","","Museum; Retail","true","https://www.google.com/maps/dir/?api=1&destination=9080%20Rockfish%20Valley%20Highway%2C%20Afton%2C%20VA%2022920"
"95","Blue Ridge Parkway Loops","blue-ridge-parkway-loops","Biking","outdoor","Nelson County","Scenic 22- or 40-mile Blue Ridge Parkway cycling loop starting near Love, Virginia, with sweeping Shenandoah Valley overlooks, Parkway climbs, and Route 76 tie-ins.","","","https://ik.imagekit.io/OE/nelson-county/listings/blue-ridge-parkway-loops-image1_ned_KWOT2","Sun setting over mountains with road and railing in foreground.","","","","","","","","","(434) 263-7015","Milepost 16, Blue Ridge Parkway, Love, VA 22952","josh","","","https://www.google.com/maps/dir/?api=1&destination=Milepost%2016%2C%20Blue%20Ridge%20Parkway%2C%20Love%2C%20VA%2022952","","","","","","Biking; Hiking; Scenic Views","false","https://www.google.com/maps/dir/?api=1&destination=Milepost%2016%2C%20Blue%20Ridge%20Parkway%2C%20Love%2C%20VA%2022952"
"96","Oak Ridge Loop","oak-ridge-loop","Biking","outdoor","Nelson County","29-mile Oak Ridge cycling loop rolling through Route 56 and Rockfish Valley backroads with historic estate views and low-traffic farm lanes. The 29-mile Oak Ridge Loop mixes Route 56 farmland, country stores, and stretches along Route 29, rewarding cyclists with rolling hills and scenic estate views before returning to the Oak Ridge parking area.","","","https://ik.imagekit.io/OE/nelson-county/listings/oak-ridge-loop-image1_C_eilCHEx","Stone cottage with green roof surrounded by trees and iron fence.","","https://ik.imagekit.io/OE/nelson-county/listings/oak-ridge-loop-image2__dpCyljnt","Old wooden mill with waterwheel by pond, surrounded by lush green trees.","","","","","","(434) 263-7015","1010 Oak Ridge Road, Arrington, VA 22922","josh","","","https://www.google.com/maps/dir/?api=1&destination=1010%20Oak%20Ridge%20Road%2C%20Arrington%2C%20VA%2022922","","","","","","Biking; Retail; Farm; Fishing","false","https://www.google.com/maps/dir/?api=1&destination=1010%20Oak%20Ridge%20Road%2C%20Arrington%2C%20VA%2022922"
"97","Woodson's Mill Loop","woodsons-mill-loop","Biking","outdoor","Nelson County","24-mile Woodson's Mill ride beginning at the historic gristmill in Lowesville and circling through Massies Mill and Route 680 countryside.","","","https://ik.imagekit.io/OE/nelson-county/listings/woodson-s-mill-loop-image1_yiXWRoa0o","Old wooden watermill surrounded by lush greenery, near a tranquil pond.","","","","","","","","","(434) 263-7015","3211 Lowesville Road, Roseland, VA 22967","josh","","","https://www.google.com/maps/dir/?api=1&destination=3211%20Lowesville%20Road%2C%20Roseland%2C%20VA%2022967","","","","","","Biking; Scenic Views; Farm; Water Sports","false","https://www.google.com/maps/dir/?api=1&destination=3211%20Lowesville%20Road%2C%20Roseland%2C%20VA%2022967"
"98","Walton's Mountain Museum Loop","waltons-mountain-museum-loop","Biking","outdoor","Nelson County","31-mile Schuyler countryside loop from Walton's Mountain Museum past the James River and Esmont farms with plenty of quiet ridge lines.","","","https://ik.imagekit.io/OE/nelson-county/listings/walton-s-mountain-museum-loop-image1_anr51axUp","Red brick building with American flag, labeled Schuyler Elementary School.","","","","","","","","","(434) 263-7015","6484 Rockfish River Road, Schuyler, VA 22969","josh","","","https://www.google.com/maps/dir/?api=1&destination=6484%20Rockfish%20River%20Road%2C%20Schuyler%2C%20VA%2022969","","","","","","Biking; Hiking; Scenic Views; Museum; Farm; Water Sports","false","https://www.google.com/maps/dir/?api=1&destination=6484%20Rockfish%20River%20Road%2C%20Schuyler%2C%20VA%2022969"
"99","Virginia Blue Ridge Railway Trail","virginia-blue-ridge-railway-trail","Biking","outdoor","Piney River","Explore the scenic 7-mile Virginia Blue Ridge Railway Trail, a crushed-stone path that winds gracefully alongside the Piney and Tye rivers. With dual trailheads, this versatile route is ideal for biking, walking, and horseback riding, catering to all outdoor enthusiasts. As you journey through the trail, delight in seasonal wildflower displays that enhance the serene landscape, providing a perfect backdrop for both leisurely rides and invigorating outings. Experience the beauty of nature and enjoy an unforgettable adventure in this stunning setting.","","","https://ik.imagekit.io/OE/nelson-county/listings/virginia-blue-ridge-railway-trail-image1_gb6HkVrGb","Trailhead sign and small building surrounded by trees under clear blue sky.","","","","","","","","","(434) 263-7130","3124 Patrick Henry Highway, Piney River, VA 22964","josh","","","https://www.google.com/maps/dir/?api=1&destination=3124%20Patrick%20Henry%20Highway%2C%20Piney%20River%2C%20VA%2022964","","","","","","Biking; Equestrian; Scenic Views; Hiking; Water Sports","false","https://www.google.com/maps/dir/?api=1&destination=3124%20Patrick%20Henry%20Highway%2C%20Piney%20River%2C%20VA%2022964"
"100","Nelson Scenic Loop","nelson-scenic-loop","Biking","outdoor","Tyro","Discover the breathtaking 50-mile Nelson Scenic Loop, a perfect biking adventure that weaves through Routes 151 and 664, alongside the iconic Blue Ridge Parkway. Experience stunning mountain vistas, charming orchards, and delightful craft beverage stops as you traverse this scenic route. Enjoy picturesque waterfalls and sweeping views from the Piedmont foothills to the ridge-top summits, making every turn a new adventure. Embrace the beauty of nature and the thrill of exploration on this unforgettable journey.","","","https://ik.imagekit.io/OE/nelson-county/listings/nelson-scenic-loop-image1_RICn_P7cl8","Black butterfly on pale purple flowers with green leaves.","","","","","","","","","(434) 263-7015","Route 151 & Route 664 Junction, Nellysford, VA 22958","josh","","","https://www.google.com/maps/dir/?api=1&destination=Route%20151%20%26%20Route%20664%20Junction%2C%20Nellysford%2C%20VA%2022958","","","","","","Biking; Educational; Scenic Views; Farm; Water Sports","false","https://www.google.com/maps/dir/?api=1&destination=Route%20151%20%26%20Route%20664%20Junction%2C%20Nellysford%2C%20VA%2022958"
"101","Tye River","tye-river","Canoeing","outdoor","Tyro","34-mile Blue Ridge stream offering Class I–II+ whitewater, mountain views, and seasonal paddling windows for experienced canoeists.","","","https://ik.imagekit.io/OE/nelson-county/listings/tye-river-image1_obd32khA6","Bridge over river surrounded by lush forest and distant hills.","","","","","","","","https://nelsoncounty.com/explore/tye-river/","(434) 263-7015","Tye River Main Access 2724 Patrick Henry Highway Piney River VA 22964","josh","","","https://www.google.com/maps/search/?api=1&query=Tye%20River%20Main%20Access%202724%20Patrick%20Henry%20Highway%20Piney%20River%20VA%2022964","","","","","","Water Sports","false","https://www.google.com/maps/search/?api=1&query=Tye%20River%20Main%20Access%202724%20Patrick%20Henry%20Highway%20Piney%20River%20VA%2022964"
"102","James River","james-river","Canoeing","outdoor","Wingina","The James River forms Nelson County's southeastern border, offering endless canoe and kayak launches, johnboat access, and fishing for smallmouth, largemouth, catfish, and sunfish along Virginia's most storied waterway. James River corridor on Nelson's southeastern edge with multiple ramps, float trips, and access to the 64-mile Upper James River Water Trail.","","","https://ik.imagekit.io/OE/nelson-county/listings/james-river-image1_FejU6BN18","Serene river surrounded by lush green trees and distant mountains under clear sky.","","","","","","","","https://nelsoncounty.com/explore/james-river/","(434) 933-4355","947 James River Road Wingina VA 24599","josh","","","https://www.google.com/maps/search/?api=1&query=947%20James%20River%20Road%20Wingina%20VA%2024599","","","","","","Biking; Hiking; Water Sports; Fishing","false","https://www.google.com/maps/search/?api=1&query=947%20James%20River%20Road%20Wingina%20VA%2024599"
"103","Rockfish River","rockfish-river","Canoeing","outdoor","Afton","Rockfish River paddling routes tracing the confluence of its forks with gentle Class I–II water, winter flows, and Route 6 takeouts. The Rockfish River begins where its North and South forks meet in Nelson County, then slides southeast toward the James—providing scenic paddles, Class I riffles, and seasonal floats between Route 600, Route 6, and Scottsville.","","","https://ik.imagekit.io/OE/nelson-county/listings/rockfish-river-image1_d1GnubdLD","Person kayaking with a dog in green kayak on a river.","","","","","","","","https://nelsoncounty.com/explore/rockfish-river/","(434) 263-7015","Rockfish River Access 5156 Rockfish Valley Highway Afton VA 22920","josh","","","https://www.google.com/maps/search/?api=1&query=Rockfish%20River%20Access%205156%20Rockfish%20Valley%20Highway%20Afton%20VA%2022920","","","","","","Water Sports; Fishing","false","https://www.google.com/maps/search/?api=1&query=Rockfish%20River%20Access%205156%20Rockfish%20Valley%20Highway%20Afton%20VA%2022920"
"104","Lake Nelson","lake-nelson","Canoeing","outdoor","Arrington","40-acre DGIF lake with boat ramp, year-round bank fishing, electric-motor boating, and seasonal restrooms near Arrington. Lake Nelson is a 40-acre DGIF reservoir with a concrete boat ramp, 24/7 access, and electric-motor-only fishing for largemouth bass, crappie, channel cats, and sunfish just outside Arrington.","","","https://ik.imagekit.io/OE/nelson-county/listings/lake-nelson-image1_ntx7GII0I","Calm lake reflecting cloudy sky, surrounded by dense forest, distant mountains visible.","","","","","","","","https://nelsoncounty.com/explore/lake-nelson/","(434) 263-7015","801 Lake Nelson LaneArrington VA 22922","josh","","","https://www.google.com/maps/search/?api=1&query=801%20Lake%20Nelson%20LaneArrington%20VA%2022922","","","","","","Water Sports; Fishing","false","https://www.google.com/maps/search/?api=1&query=801%20Lake%20Nelson%20LaneArrington%20VA%2022922"
"40","Dickie Brothers Orchard","dickie-brothers-orchard","Farms & Orchards","experience","Roseland","Dickie Brothers Orchard—one of Virginia's Century Farms—offers pick-your-own berries and apples, fresh-pressed cider, pumpkins, and farm goods, with varieties ripening from June raspberries through November harvest weekends. Century Farm orchard growing heirloom apples alongside berries, pumpkins, cider, and farm-made goods with pick-your-own seasons from summer through fall.","","","https://ik.imagekit.io/OE/nelson-county/listings/dickie-brothers-orchard-image1_mgGfsUOkW","Child in dress standing by Dickie Bros Orchard sign, rustic background.","","https://ik.imagekit.io/OE/nelson-county/listings/dickie-brothers-orchard-image2_CzMZz9sVs","Pumpkins and colorful flowers displayed outside rustic wooden building with American flag.","","","","","https://dickiebrothers.com/","(434) 277-5516","2685 Dickie Road, Roseland, VA 22967","josh","","","https://www.google.com/maps/dir/?api=1&destination=2685%20Dickie%20Road%2C%20Roseland%2C%20VA%2022967","","","","","","Farm; Cider; Local Ingredients; Tastings","false","https://www.google.com/maps/dir/?api=1&destination=2685%20Dickie%20Road%2C%20Roseland%2C%20VA%2022967"
"41","Drumheller's Orchard","drumhellers-orchard","Farms & Orchards","experience","Lovingston","Discover the charm of Drumheller's Orchard, a family-owned gem in the heart of Virginia, where you can indulge in a selection of classic apple varieties and artisanal house-made cider. Embrace the spirit of fall during our vibrant festivals, featuring hayrides, freshly baked treats, and a welcoming environment for both pets and families. With scenic grounds perfect for leisurely afternoons and the joy of apple picking, this destination offers a delightful getaway for visitors of all ages.","","","https://ik.imagekit.io/OE/nelson-county/listings/drumheller-s-orchard-image1_lGFwTv4Vd","Pink and white blossoms on a branch against a clear blue sky.","","","","","","","","https://www.drumhellersorchard.com/","(434) 263-5036","1130 Drumheller Orchard Lane, Lovingston, VA 22949","josh","","","https://www.google.com/maps/dir/?api=1&destination=1130%20Drumheller%20Orchard%20Lane%2C%20Lovingston%2C%20VA%2022949","","","","","","Bakery; Cider; Farm; Pet Friendly; Local Ingredients; Tastings","false","https://www.google.com/maps/dir/?api=1&destination=1130%20Drumheller%20Orchard%20Lane%2C%20Lovingston%2C%20VA%2022949"
"42","Saunders Brothers Farm Market","saunders-brothers-farm-market","Farms & Orchards","experience","Piney River","Discover the charm of Saunders Brothers Farm Market, where you can savor the freshest homegrown peaches and apples, along with a delightful selection of nursery stock. Our inviting country shop offers an array of locally sourced meats, delicious baked goods, and our famous peach ice cream, making it a perfect stop for families and food lovers alike. Join us on weekends for special events that celebrate our agricultural heritage and community spirit. Experience the warmth of farm-fresh flavors and the joy of a true country market!","","","https://ik.imagekit.io/OE/nelson-county/listings/saunders-brothers-farm-market-image1_f1AEM7MxN","American flag waves outside rustic store with produce sign and wooden facade.","","","","","","","","https://www.saundersbrothers.com/","(434) 277-5455","2717 Tye Brook Highway, Piney River, VA 22964","josh","","","https://www.google.com/maps/dir/?api=1&destination=2717%20Tye%20Brook%20Highway%2C%20Piney%20River%2C%20VA%2022964","","","","","","Farm; Market; Desserts; Bakery; Local Ingredients; Family Friendly; Museum; Water Sports","false","https://www.google.com/maps/dir/?api=1&destination=2717%20Tye%20Brook%20Highway%2C%20Piney%20River%2C%20VA%2022964"
"133","Big Arms Farm","big-arms-farm","Farms & Orchards","community","Lovingston","Educating consumers, turning them on to new foods and giving them the opportunity to connect and contribute not only to our local economy, but to global efforts re-building war torn communities around the world is what Big Arms Farm is all about. Market farm known for cut flowers, heirloom produce, and grass-fed beef with bouquets and specialty goods at the Nelson Farmers Market.","","","https://ik.imagekit.io/OE/nelson-county/listings/big-arms-farm-image1_i2J6RcEih","Smiling couple under canopy surrounded by colorful flowers.","","","","","","","","","(434) 263-7015","Nelson Farmers Market Cooperative, 868 Front Street, Lovingston, VA 22949","josh","","","https://www.google.com/maps/dir/?api=1&destination=Nelson%20Farmers%20Market%20Cooperative%2C%20868%20Front%20Street%2C%20Lovingston%2C%20VA%2022949","","","","","","Market; Farm; Local Ingredients","false","https://www.google.com/maps/dir/?api=1&destination=Nelson%20Farmers%20Market%20Cooperative%2C%20868%20Front%20Street%2C%20Lovingston%2C%20VA%2022949"
"134","Caldwell Farms","caldwell-farms","Farms & Orchards","experience","Lovingston","Discover Caldwell Farms, a charming U-pick flower farm nestled in Stagebridge, where nature's beauty unfolds in curated seasonal blooms. By appointment only, our farm offers a unique experience with private design sessions, allowing you to create stunning floral arrangements while enjoying the serene countryside. Join us to celebrate the art of floral design and take home a piece of nature’s splendor.","","","https://ik.imagekit.io/OE/nelson-county/listings/caldwell-farms-image1_FWxJVDAqM","Colorful bouquet of flowers with green fields in the background.","","","","","","","","","(770) 401-0390","394 Stagebridge Road, Lovingston, VA 24590","josh","","","https://www.google.com/maps/dir/?api=1&destination=394%20Stagebridge%20Road%2C%20Lovingston%2C%20VA%2024590","","","","","","Seasonal Menu; Retail; Farm; Local Ingredients","false","https://www.google.com/maps/dir/?api=1&destination=394%20Stagebridge%20Road%2C%20Lovingston%2C%20VA%2024590"
"135","Davis Creek Farm","davis-creek-farm","Farms & Orchards","experience","Lovingston","Holistic Davis Creek Farm raises heritage livestock on 60 mountain acres with farm stays, workshops, and by-appointment experiences. Davis Creek Farm is a sixty-acre working family farm located in a pristine hollow in the Blue Ridge Mountains of Virginia.","","","https://ik.imagekit.io/OE/nelson-county/listings/davis-creek-farm-image1_lUORCOvoM","Horses grazing in a lush, green pasture with a forest background.","","","","","","","","","(434) 249-4333","4670 Davis Creek Lane, Lovingston, VA 22949","josh","","","https://www.google.com/maps/dir/?api=1&destination=4670%20Davis%20Creek%20Lane%2C%20Lovingston%2C%20VA%2022949","","","","","","Farm; Local Ingredients","false","https://www.google.com/maps/dir/?api=1&destination=4670%20Davis%20Creek%20Lane%2C%20Lovingston%2C%20VA%2022949"
"136","Deer Creek Farm","deer-creek-farm","Farms & Orchards","experience","Roseland","Family cattle and lamb farm in Lowesville providing custom beef and lamb shares by whole, half, or quarter.","","","https://ik.imagekit.io/OE/nelson-county/listings/deer-creek-farm-image1_qTXfWgAfq","Grilled steak sizzling on open flame with rosemary garnish.","","","","","","","","","(434) 277-9104","3764 Lowesville Road, Lowesville, VA 22967","josh","","","https://www.google.com/maps/dir/?api=1&destination=3764%20Lowesville%20Road%2C%20Lowesville%2C%20VA%2022967","","","","","","Order Pickup; Farm; Local Ingredients","false","https://www.google.com/maps/dir/?api=1&destination=3764%20Lowesville%20Road%2C%20Lowesville%2C%20VA%2022967"
"137","Edible Landscaping","edible-landscaping","Farms & Orchards","experience","Afton","Located high in the foothills of the Blue Ridge Mountains, you'll find plants and trees that produce edible food – berries, nuts, fruits, herbs; items that we distribute worldwide. Nursery specializing in edible landscaping plants—fruit trees, berries, vines, and herbs—grown without herbicides and shipped nationwide.","","","https://ik.imagekit.io/OE/nelson-county/listings/edible-landscaping-image1_nVFTmhRf7","Hand picking ripe blackberries from bush with green leaves.","","","","","","","","","(434) 361-9134","361 Spirit Ridge Lane, Afton, VA 22920","josh","","","https://www.google.com/maps/dir/?api=1&destination=361%20Spirit%20Ridge%20Lane%2C%20Afton%2C%20VA%2022920","","","","","","Organic; Order Pickup; Farm; Local Ingredients","false","https://www.google.com/maps/dir/?api=1&destination=361%20Spirit%20Ridge%20Lane%2C%20Afton%2C%20VA%2022920"
"138","Fitzgerald Farms","fitzgerald-farms","Farms & Orchards","experience","Arrington","Fitzgerald Farms roadside stand offering summer sweet corn, fall pumpkin picking, and wholesale produce from the Rockfish Valley. Pick-Your-Own Pumpkins during the fall season and sweet corn during the summer.","","","https://ik.imagekit.io/OE/nelson-county/listings/fitzgerald-farms-image1_XtoAg2MWJ","Child sitting among numerous bright orange pumpkins, wearing pink overalls.","","","","","","","","","(434) 277-8047","4850 Tye Brook Highway, Arrington, VA 22922","josh","","","https://www.google.com/maps/dir/?api=1&destination=4850%20Tye%20Brook%20Highway%2C%20Arrington%2C%20VA%2022922","","","","","","Farm; Desserts; Fishing","false","https://www.google.com/maps/dir/?api=1&destination=4850%20Tye%20Brook%20Highway%2C%20Arrington%2C%20VA%2022922"
"139","Fitzgerald's Orchard","fitzgeralds-orchard","Farms & Orchards","experience","Tyro","Discover Fitzgerald's Orchard, a charming family-run farm nestled near Tyro, Virginia. Each harvest season, we proudly offer a delightful selection of classic Virginia apples, including Fuji, Rome, and Pink Lady, all handpicked for quality and flavor. Join us for a memorable experience as you explore our orchard and enjoy the beauty of the countryside, perfect for family outings and apple picking adventures.","","","https://ik.imagekit.io/OE/nelson-county/listings/fitzgerald-s-orchard-image1_NO_6fucxa","Red and yellow apples on leafy tree branch under blue sky.","","","","","","","","","(434) 277-5798","728 Harpers Creek Lane, Tyro, VA 22976","josh","","","https://www.google.com/maps/dir/?api=1&destination=728%20Harpers%20Creek%20Lane%2C%20Tyro%2C%20VA%2022976","","","","","","Seasonal Menu; Farm; Scenic Views; Local Ingredients","false","https://www.google.com/maps/dir/?api=1&destination=728%20Harpers%20Creek%20Lane%2C%20Tyro%2C%20VA%2022976"
"141","Hungry Hill Farm","hungry-hill-farm","Farms & Orchards","experience","Shipman","Our farm is open year around for visitors and groups. Honey-centric Hungry Hill Farm offering raw honey, bee supplies, mushroom workshops, and farm tours by appointment.","","","https://ik.imagekit.io/OE/nelson-county/listings/hungry-hill-farm-image1_N-4ZiI8f5","Bee sipping liquid from glass rim, close-up, detailed, blurred background.","","","","","","","","","(434) 263-5336","89 Williamstown Road, Shipman, VA 22971","josh","","","https://www.google.com/maps/dir/?api=1&destination=89%20Williamstown%20Road%2C%20Shipman%2C%20VA%2022971","","","","","","Farm; Retail","false","https://www.google.com/maps/dir/?api=1&destination=89%20Williamstown%20Road%2C%20Shipman%2C%20VA%2022971"
"143","Lost Point Farm","lost-point-farm","Farms & Orchards","community","Arrington","Small herb and produce farm perched over the Tye River supplying chemical-free harvests to the Arrington community by appointment.","","","https://ik.imagekit.io/OE/nelson-county/listings/lost-point-farm-image1_ysMce9Xxm","White flowers in front of wooden cabin surrounded by lush greenery.","","","","","","","","","(434) 263-7015","Arrington, VA 22922","josh","","","https://www.google.com/maps/dir/?api=1&destination=Arrington%2C%20VA%2022922","","","","","","Order Pickup; Scenic Views; Farm; Local Ingredients; Water Sports","false","https://www.google.com/maps/dir/?api=1&destination=Arrington%2C%20VA%2022922"
"145","Pharsalia","pharsalia","Farms & Orchards","experience","Tyro","Discover the historic Pharsalia estate, built in 1814 by William Massie, nestled in the picturesque landscape of Nelson County, Virginia. This stunning venue offers breathtaking views, charming gardens, and original outbuildings, making it an ideal setting for weddings, group tours, and floral workshops. Immerse yourself in the beauty of our working orchards while experiencing the rich heritage of this remarkable property.","","","https://ik.imagekit.io/OE/nelson-county/listings/pharsalia-image1_cVhWdTBSo","White house surrounded by colorful trees, with mountains in the background.","","","","","","","","","(434) 277-5231","2333 Pharsalia Road, Tyro, VA 22976","josh","","","https://www.google.com/maps/dir/?api=1&destination=2333%20Pharsalia%20Road%2C%20Tyro%2C%20VA%2022976","","","","","","Events; Farm; Scenic Views; Retail; Local Ingredients","false","https://www.google.com/maps/dir/?api=1&destination=2333%20Pharsalia%20Road%2C%20Tyro%2C%20VA%2022976"
"146","Robinia Institute","robinia-institute","Farms & Orchards","experience","Wingina","Robinia Institute at Timshel Wildland offers regenerative agriculture education, grazing intensives, and consulting on a 400-acre conservation site.","","","https://ik.imagekit.io/OE/nelson-county/listings/robinia-institute-image1_neYzCA4xW","Person in hat tending plants in a lush green field.","","","","","","","","","(330) 310-1475","530 James River Road, Wingina, VA 24599","josh","","","https://www.google.com/maps/dir/?api=1&destination=530%20James%20River%20Road%2C%20Wingina%2C%20VA%2024599","","","","","","Educational; Retail; Farm; Local Ingredients","false","https://www.google.com/maps/dir/?api=1&destination=530%20James%20River%20Road%2C%20Wingina%2C%20VA%2024599"
"147","Rose Isle Farm","rose-isle-farm","Farms & Orchards","experience","Roseland","Rose Isle Farm collaborates with a local brewery to produce premium 'beer-fed' beef, enhancing sustainable practices in animal husbandry. By utilizing spent mash from the brewery, the farm creates a unique and eco-friendly approach to cattle raising. Visitors can enjoy direct sales of this exceptional beef by appointment, showcasing the harmonious blend of local agriculture and craft brewing in Nelson County. Experience the taste of innovation and sustainability at Rose Isle Farm.","","","https://ik.imagekit.io/OE/nelson-county/listings/rose-isle-farm-image1_t283CgSR-","Farm with silo, red roofs, green fields, and hazy mountains in the background.","","","","","","","","","(434) 277-8574","329 Crabtree Falls Highway, Roseland, VA 22967","josh","","","https://www.google.com/maps/dir/?api=1&destination=329%20Crabtree%20Falls%20Highway%2C%20Roseland%2C%20VA%2022967","","","","","","Beer; Farm; Local Ingredients; Tastings","false","https://www.google.com/maps/dir/?api=1&destination=329%20Crabtree%20Falls%20Highway%2C%20Roseland%2C%20VA%2022967"
"148","Seamans' Orchard","seamans-orchard","Farms & Orchards","experience","Roseland","Nestled at the foot of the Blue Ridge Mountains, Seamans' Orchard is a fourth generation farm. The farm grows the finest apples, blueberries, cherries, and strawberries mother nature will allow.","","","https://ik.imagekit.io/OE/nelson-county/listings/seamans-orchard-image1__NNqdOH0h","Cherries, blueberries, strawberries in clear containers on a wooden table.","","","","","","","","","(434) 277-8130","415 Dark Hollow Road, Roseland, VA 22967","josh","","","https://www.google.com/maps/dir/?api=1&destination=415%20Dark%20Hollow%20Road%2C%20Roseland%2C%20VA%2022967","","","","","","Farm; Market; Scenic Views; Family Friendly","false","https://www.google.com/maps/dir/?api=1&destination=415%20Dark%20Hollow%20Road%2C%20Roseland%2C%20VA%2022967"
"149","Silver Creek and Seamans' Orchards","silver-creek-and-seamans-orchards","Farms & Orchards","experience","Roseland","The packing shed offers Empire, Gala, Jonathan, Red and Golden Delicious, York, Winesap, Red Rome, Stayman, Pippin, Jonagold and Pink Lady apples. Silver Creek & Seamans' Orchards packing shed selling heirloom apple varieties plus cider, apple butter, honey, and pumpkins.","","","https://ik.imagekit.io/OE/nelson-county/listings/silver-creek-and-seamans-orchards-image1_pv2iDWEdx","Crates of colorful apples displayed inside a rustic market setting.","","","","","","","","","(434) 277-5824","5529 Crabtree Falls Highway, Tyro, VA 22976","josh","","","https://www.google.com/maps/dir/?api=1&destination=5529%20Crabtree%20Falls%20Highway%2C%20Tyro%2C%20VA%2022976","","","","","","Cider; Local Ingredients; Events; Farm; Tastings","false","https://www.google.com/maps/dir/?api=1&destination=5529%20Crabtree%20Falls%20Highway%2C%20Tyro%2C%20VA%2022976"
"150","Silver Creek Orchards","silver-creek-orchards","Farms & Orchards","experience","Tyro","Silver Creek Orchards is a seventh generation family owned farm that offers over 20 varieties of apples, as well as wine grapes and beef cattle. Seventh-generation Silver Creek Orchards opens for pick-your-own apples on select weekends with more than 20 varieties and scenic mountain views.","","","https://ik.imagekit.io/OE/nelson-county/listings/silver-creek-orchards-image1_jTNIexbgs","Crates filled with red apples in sunlight, stacked outdoors.","","","","","","","","","(434) 277-5865","3679 Pharsalia Road, Tyro, VA 22976","josh","","","https://www.google.com/maps/dir/?api=1&destination=3679%20Pharsalia%20Road%2C%20Tyro%2C%20VA%2022976","","","","","","Farm; Family Friendly; Scenic Views; Events","false","https://www.google.com/maps/dir/?api=1&destination=3679%20Pharsalia%20Road%2C%20Tyro%2C%20VA%2022976"
"151","Silver Fox Lavender Farm","silver-fox-lavender-farm","Farms & Orchards","experience","Nellysford","Our annual Lavender Festival will be held in June when our lavender field is in full bloom! Silver Fox Lavender Farm hosts June lavender festival weekends, farm workshops, yoga, and a barn venue for micro weddings and events.","","","https://ik.imagekit.io/OE/nelson-county/listings/silver-fox-lavender-farm-image1_OhRtsVHYZ","Barn and field under cloudy sky with mountain in background.","","","","","","","","","(540) 903-2750","877 Glenthorne Loop, Nellysford, VA 22958","josh","","","https://www.google.com/maps/dir/?api=1&destination=877%20Glenthorne%20Loop%2C%20Nellysford%2C%20VA%2022958","","","","","","Events; Farm; Retail","false","https://www.google.com/maps/dir/?api=1&destination=877%20Glenthorne%20Loop%2C%20Nellysford%2C%20VA%2022958"
"152","The Apple Shed","the-apple-shed","Farms & Orchards","experience","Lovingston","Discover a delightful selection of fresh, locally grown apples and pumpkins at The Apple Shed. Our farm invites you to pick your own produce, ensuring a fun and memorable experience for families and friends alike. Enjoy seasonal activities, farm tours, and the chance to learn about sustainable farming practices. Join us for a taste of the harvest and create lasting memories in the heart of nature.","","","https://ik.imagekit.io/OE/nelson-county/listings/the-apple-shed-image1_qF6IcNkNQ","Red sign with white apple design, text reads 'The Apple Shed.'","","","","","","","","","(434) 263-8843","14815 Thomas Nelson Highway, Lovingston, VA 22949","josh","","","https://www.google.com/maps/dir/?api=1&destination=14815%20Thomas%20Nelson%20Highway%2C%20Lovingston%2C%20VA%2022949","","","","","","Market; Seasonal Menu; Local Ingredients; Farm","false","https://www.google.com/maps/dir/?api=1&destination=14815%20Thomas%20Nelson%20Highway%2C%20Lovingston%2C%20VA%2022949"
"153","Tinkerland Farm","tinkerland-farm","Farms & Orchards","experience","Roseland","Tinkerland Farm is a family farm located across the road from Bryant Ln on Rt 151 in Nelson County, Virginia.","","","https://ik.imagekit.io/OE/nelson-county/listings/tinkerland-farm-image1_GJCn3JIgk","Roasted chestnuts with golden interior on blue background.","","","","","","","","","(434) 277-3600","Bryant Lane & Route 151, Roseland, VA 22967","josh","","","https://www.google.com/maps/dir/?api=1&destination=Bryant%20Lane%20%26%20Route%20151%2C%20Roseland%2C%20VA%2022967","","","","","","Farm; Seasonal Menu; Family Friendly; Local Ingredients","false","https://www.google.com/maps/dir/?api=1&destination=Bryant%20Lane%20%26%20Route%20151%2C%20Roseland%2C%20VA%2022967"
"154","Turnip the Beets Farm","turnip-the-beets-farm","Farms & Orchards","community","Gladstone","Our small farm business is owned and operated by Shane and Beverly Spanninger. Turnip the Beets Farm grows chemical-free flowers and produce, offering CSA deliveries, farmers market booths, and event florals.","","","https://ik.imagekit.io/OE/nelson-county/listings/turnip-the-beets-farm-image1_V-DMMdF30q","Assorted colorful tomatoes in blue cartons at a market.","","","","","","","","","(434) 944-9467","110 Boltons Place, Gladstone, VA 24553","josh","","","https://www.google.com/maps/dir/?api=1&destination=110%20Boltons%20Place%2C%20Gladstone%2C%20VA%2024553","","","","","","Market; Events; Farm; Local Ingredients","false","https://www.google.com/maps/dir/?api=1&destination=110%20Boltons%20Place%2C%20Gladstone%2C%20VA%2024553"
"155","Virginia Chestnuts","virginia-chestnuts","Farms & Orchards","experience","Shipman","We're providers of quality, Virginia-grown chestnuts, located in beautiful Nelson County. Our orchard is maturing and so is our production.","","","https://ik.imagekit.io/OE/nelson-county/listings/virginia-chestnuts-image1_ZMRjy4HK4","Young trees in a grassy field, mountains in the background under blue sky.","","","","","","","","","(434) 277-3600","5990 Wheeler Cove Road, Shipman, VA 22971","josh","","","https://www.google.com/maps/dir/?api=1&destination=5990%20Wheeler%20Cove%20Road%2C%20Shipman%2C%20VA%2022971","","","","","","Farm; Seasonal Menu; Family Friendly; Local Ingredients","false","https://www.google.com/maps/dir/?api=1&destination=5990%20Wheeler%20Cove%20Road%2C%20Shipman%2C%20VA%2022971"
"171","Mars Knob Farm","marsknob","Farms & Orchards","experience","Roseland","Mars Knob Farm produces small-batch, chemical-free pantry goods and apothecary items from a historic Roseland homestead.","","","https://ik.imagekit.io/OE/nelson-county/listings/mars-knob-farm-image1_-aoc7JgX_","Floral emblem with text 'MARS KNOB FARM, NATURE & BEAUTY' on beige background.","","","","","","","","","","Roseland, VA 22967","WG","","","https://www.google.com/maps/dir/?api=1&destination=Roseland%2C%20VA%2022967","","","","","","Farm; Family Friendly; Local Ingredients","false","https://www.google.com/maps/dir/?api=1&destination=Roseland%2C%20VA%2022967"
"271","Eventide Farm","eventidefarm","Farms & Orchards","experience","Afton","Discover the charm of Eventide Farm, a delightful farm stand located in Afton. Here, you'll find a vibrant selection of seasonal flowers, fresh produce, homemade baked goods, and farm-fresh eggs. In addition to these offerings, the farm also features aromatic herbs, handcrafted soaps, and beautifully scented candles, ensuring there's something for everyone. Visit Eventide Farm for a true taste of local bounty and an inviting atmosphere that celebrates the beauty of nature.","","","https://ik.imagekit.io/OE/nelson-county/listings/eventide-farm-image1_UJELFrlDR","Family at pumpkin stand with holiday candles under white tent.","","","","","","","","","(540) 705-3244","11254 Rockfish Valley Highway, Afton, VA 22920","WG","","","https://www.google.com/maps/dir/?api=1&destination=11254%20Rockfish%20Valley%20Highway%2C%20Afton%2C%20VA%2022920","","","","","","Farm; Market; Seasonal Menu; Bakery; Baked Goods; Local Ingredients","false","https://www.google.com/maps/dir/?api=1&destination=11254%20Rockfish%20Valley%20Highway%2C%20Afton%2C%20VA%2022920"
"273","Deep Sea Pete's Creekside Farm","deep-sea-petes-creekside-farm","Farms & Orchards","experience","Roseland","Schedule a farm visit with Deep Sea Pete to see how log inoculation, shade houses, and raised beds turn oak bolts into fresh culinary mushrooms. Orders can be picked up right on Perry Lane, making it easy to take chef-ready harvests back to your Nelson County kitchen.","","","https://ik.imagekit.io/OE/nelson-county/listings/deep-sea-pete-s-creekside-farm-image1_jdX269gOR","Basket of mushrooms on wooden slats, stream in background.","","https://ik.imagekit.io/OE/nelson-county/listings/deep-sea-pete-s-creekside-farm-image2_L7RgwL-GO","Assorted mushrooms with herbs on woven basket and wooden surface.","","","","","","(757) 560-8996","1219 Perry Lane, Lovingston, VA 22949","WG","","","https://www.google.com/maps/dir/?api=1&destination=1219%20Perry%20Lane%2C%20Lovingston%2C%20VA%2022949","","","","","","Farm; Local Ingredients","false","https://www.google.com/maps/dir/?api=1&destination=1219%20Perry%20Lane%2C%20Lovingston%2C%20VA%2022949"
"276","Gathered Threads","gathered","Farms & Orchards","experience","Roseland","Gathered Threads is a charming six-acre family farm in Nelson County, Virginia, dedicated to sustainably growing a vibrant array of flowers and botanicals without the use of pesticides. We proudly supply local markets and host engaging workshops that connect the community with nature. Experience the beauty and bounty of our farm, where every bloom reflects our commitment to eco-friendly practices and quality craftsmanship. Join us in celebrating nature's artistry and discover the joy of gathered threads.","","","https://ik.imagekit.io/OE/nelson-county/listings/gathered-threads-image1_FeSRjOoNK","Vegetable garden with rows of greenery and two greenhouses in the background.","","","","","","","","","","1127 Jennys Creek Road, Roseland, VA 22967","WG","","","https://www.google.com/maps/dir/?api=1&destination=1127%20Jennys%20Creek%20Road%2C%20Roseland%2C%20VA%2022967","","","","","","Market; Retail; Farm; Local Ingredients","false","https://www.google.com/maps/dir/?api=1&destination=1127%20Jennys%20Creek%20Road%2C%20Roseland%2C%20VA%2022967"
"283","Galleywinter Farm","galleywinter","Farms & Orchards","experience","Afton","Nutrition, fitness, stress management, communication and relationship-building, body-wise approaches to alignment, sovereignty and empowerment; horse-wise sessions to become more aware of your persona. Galleywinter Farm in Afton hosts health retreats, equine therapy, horsemanship lessons, yoga, and creative residencies on a pastoral horse farm.","","","https://ik.imagekit.io/OE/nelson-county/listings/galleywinter-farm-image1_RGBNG08oV","Farm sign on rustic wooden post, surrounded by pink flowers and greenery.","","https://ik.imagekit.io/OE/nelson-county/listings/galleywinter-farm-image2_r9qXWOU9ke","Bathtub with rose petals in forest, surrounded by green trees.","","https://ik.imagekit.io/OE/nelson-county/listings/galleywinter-farm-image3_CyJ4_PP99","Wooden room with bed, rocking chairs, table, and natural light through large windows.","","","","Afton, VA 22920","WG","","","https://www.google.com/maps/dir/?api=1&destination=Afton%2C%20VA%2022920","","","","","","Farm; Equestrian; Local Ingredients","false","https://www.google.com/maps/dir/?api=1&destination=Afton%2C%20VA%2022920"
"383","Queen Oaks Farm","queenoaksfarm","Farms & Orchards","experience","Schuyler","Owned and operated by Lauren Shifflett and her husband, L&B Farms is a small homestead offering sourdough baked goods and handmade goat milk soaps. Lauren is Food Handler certified and operates a home bakery featuring a variety of sourdough items. The farm is home to three Nigerian Dwarf goats—Mikko, Poppy, and Ellie Mae—who provide fresh milk used for soap making and household use.","","","https://ik.imagekit.io/OE/nelson-county/listings/queen-oaks-farm-image1_fuxgxACcR","Pumpkin-shaped bread with a cinnamon stick stem, held in hand.","6930547d5c7cd75eb880dc49","","","695d1d645c7cd75eb86268c4","","","695d1d7a5c7cd75eb862ddf4","","","Schuyler, VA 22969","WG","","","https://www.google.com/maps/dir/?api=1&destination=Schuyler%2C%20VA%2022969","","","","","","Baked Goods; Bakery; Farm; Local Ingredients; Market","false","https://www.google.com/maps/dir/?api=1&destination=Schuyler%2C%20VA%2022969"
"384","Three Trees Farm","threetreesfarm","Farms & Orchards","experience","Nelson 29","Our story is deeply rooted in our love for nature and sustainable farming practices. The county is conveniently located between Lynchburg and Charlottesville, so every year thousands of people pass through Nelson to rest.","","","https://ik.imagekit.io/OE/nelson-county/listings/three-trees-farm-image1_fJWvUI8kJ","Silhouette of three trees and mountains on orange circular background.","","https://ik.imagekit.io/OE/nelson-county/listings/three-trees-farm-image2_O2cJxikgn","People sorting vegetables on tables against red wooden barn.","","","","","","(571) 268-0478","Walkers Mountain, Arrington, VA","WG","","","https://www.google.com/maps/dir/?api=1&destination=Walkers%20Mountain%2C%20Arrington%2C%20VA","","","","","","Organic; Scenic Views; Local Ingredients; Farm","false","https://www.google.com/maps/dir/?api=1&destination=Walkers%20Mountain%2C%20Arrington%2C%20VA"
"105","Fishing the Tye River","fishing-the-tye-river","Fishing","outdoor","Tyro","Tye River fishery stocked with trout and home to smallmouth bass, offering roadside access along Route 56 and scenic Blue Ridge runs. Fishing the Tye River rewards anglers with smallmouth bass, bluegill, and stocked trout (October–May) along the 35-mile tributary fed by the Piney and Buffalo rivers—bring waders for fly fishing runs and check DWR trout schedules.","","","https://ik.imagekit.io/OE/nelson-county/listings/fishing-the-tye-river-image1_abPBDA5QU","Person holding brown trout over water surface, visible scales and spots.","","","","","","","","","(434) 263-7015","Route 56 River Access, Tyro, VA 22976","josh","","","https://www.google.com/maps/dir/?api=1&destination=Route%2056%20River%20Access%2C%20Tyro%2C%20VA%2022976","","","","","","Scenic Views; Water Sports; Fishing","false","https://www.google.com/maps/dir/?api=1&destination=Route%2056%20River%20Access%2C%20Tyro%2C%20VA%2022976"
"106","Fishing the James River","fishing-the-james-river","Fishing","outdoor","Wingina","Fishing the James River means chasing smallmouth bass, flathead and channel catfish, and panfish from Botetourt County through Nelson's border, with both mountain and Piedmont stretches producing year-round action. Midway Concrete Ramp (In James River WMA off Rt.","","","https://ik.imagekit.io/OE/nelson-county/listings/fishing-the-james-river-image1_acFgJjgeQ","Hand holding largemouth bass with lake and trees in background.","","","","","","","","","(434) 933-4355","Midway Boat Ramp, 106 Midway Lane, Wingina, VA 24599","josh","","","https://www.google.com/maps/dir/?api=1&destination=Midway%20Boat%20Ramp%2C%20106%20Midway%20Lane%2C%20Wingina%2C%20VA%2024599","","","","","","Boating; Fishing; Water Sports","false","https://www.google.com/maps/dir/?api=1&destination=Midway%20Boat%20Ramp%2C%20106%20Midway%20Lane%2C%20Wingina%2C%20VA%2024599"
"107","Fishing the Little Piney River","fishing-the-little-piney-river","Fishing","outdoor","Lowesville","Experience the serenity of fishing on the Little Piney River, accessible via the Midway Concrete Ramp located within the James River Wildlife Management Area. This prime fishing spot offers a tranquil environment, perfect for both novice and seasoned anglers. Enjoy the diverse aquatic life and stunning natural scenery as you cast your line in this beautiful river setting. Whether you're seeking a peaceful day out or an exciting fishing challenge, the Little Piney River is an ideal destination for your next outdoor adventure.","","","https://ik.imagekit.io/OE/nelson-county/listings/fishing-the-little-piney-river-image1_r1x6cZxYB","Silhouette of person fishing against a sky backdrop with tall trees.","","","","","","","","","(434) 263-7015","162 Woodson Road, Lowesville, VA 22967","josh","","","https://www.google.com/maps/dir/?api=1&destination=162%20Woodson%20Road%2C%20Lowesville%2C%20VA%2022967","","","","","","Scenic Views; Parking; Water Sports; Fishing","false","https://www.google.com/maps/dir/?api=1&destination=162%20Woodson%20Road%2C%20Lowesville%2C%20VA%2022967"
"108","Fishing the South Rockfish River","fishing-the-south-rockfish-river","Fishing","outdoor","Afton","South Fork Rockfish River stocked trout waters with Route 6 put-in, Rt. 29 take-out, and fall-through-spring fishing windows.","","","https://ik.imagekit.io/OE/nelson-county/listings/fishing-the-south-rockfish-river-image1_kGBkHHzo1","Hand holding fish in net with water and leaves.","","","","","","","","","(434) 263-7015","Rockfish River Wayside, 6759 Rockfish Valley Highway, Afton, VA 22920","josh","","","https://www.google.com/maps/dir/?api=1&destination=Rockfish%20River%20Wayside%2C%206759%20Rockfish%20Valley%20Highway%2C%20Afton%2C%20VA%2022920","","","","","","Scenic Views; Water Sports; Fishing","false","https://www.google.com/maps/dir/?api=1&destination=Rockfish%20River%20Wayside%2C%206759%20Rockfish%20Valley%20Highway%2C%20Afton%2C%20VA%2022920"
"109","Fishing at Montebello","fishing-at-montebello","Fishing","outdoor","Montebello","Experience fishing at the Midway Concrete Ramp, located in the scenic James River Wildlife Management Area along Route XX. This prime spot offers anglers a chance to cast their lines in a serene environment, surrounded by lush nature and abundant wildlife. Whether you're a seasoned fisherman or a beginner, the ramp provides easy access to the river, making it an ideal destination for a relaxing day on the water. Come enjoy the tranquility and the thrill of fishing in one of Virginia's beautiful natural settings.","","","https://ik.imagekit.io/OE/nelson-county/listings/fishing-at-montebello-image1_2qVcnapTN","People fishing by a small pond, surrounded by green trees and hills.","","","","","","","","","(540) 377-2650","15072 Crabtree Falls Highway, Montebello, VA 24464","josh","","","https://www.google.com/maps/dir/?api=1&destination=15072%20Crabtree%20Falls%20Highway%2C%20Montebello%2C%20VA%2024464","","","","","","Retail; Family Friendly; Water Sports; Fishing","false","https://www.google.com/maps/dir/?api=1&destination=15072%20Crabtree%20Falls%20Highway%2C%20Montebello%2C%20VA%2024464"
"110","Fishing at Lake Monocan Park","fishing-at-lake-monacan-park","Fishing","outdoor","Wintergreen Resort","20-acre Lake Monocan at Wintergreen with seasonal public access, rentals, beach amenities, and stocked fishing opportunities. Midway Concrete Ramp (In James River WMA off Rt.","","","https://ik.imagekit.io/OE/nelson-county/listings/fishing-at-lake-monocan-park-image1_raTra86HT","Aerial view of a lush green forest, lake, and rolling hills.","","","","","","","","","(434) 325-8180","Lake Monocan Park, 239 Monocan Drive, Nellysford, VA 22958","josh","","","https://www.google.com/maps/dir/?api=1&destination=Lake%20Monocan%20Park%2C%20239%20Monocan%20Drive%2C%20Nellysford%2C%20VA%2022958","","","","","","Boating; Picnic Area; Seasonal Menu; Water Sports; Fishing","false","https://www.google.com/maps/dir/?api=1&destination=Lake%20Monocan%20Park%2C%20239%20Monocan%20Drive%2C%20Nellysford%2C%20VA%2022958"
"111","Fishing at Lake Nelson","fishing-at-lake-nelson","Fishing","outdoor","Arrington","State-managed 40-acre lake offering largemouth, catfish, and crappie with 24-hour shoreline access and electric-only boating. Lake Nelson's fishing access includes a boat ramp, parking, and portable toilets (March–September), with electric-motor boating and catches ranging from largemouth bass to redear sunfish in this 40-acre impoundment.","","","https://ik.imagekit.io/OE/nelson-county/listings/fishing-at-lake-nelson-image1_np2rZtH6Z","Person holding live fish by the mouth over blurred outdoor background.","","","","695d1d645c7cd75eb86268c4","","","695d1d7a5c7cd75eb862ddf4","","(434) 263-7015","801 Lake Nelson Lane, Arrington, VA 22922","josh","","","https://www.google.com/maps/dir/?api=1&destination=801%20Lake%20Nelson%20Lane%2C%20Arrington%2C%20VA%2022922","","","","","","Boating; Fishing; Water Sports","true","https://www.google.com/maps/dir/?api=1&destination=801%20Lake%20Nelson%20Lane%2C%20Arrington%2C%20VA%2022922"
"112","Wintergreen Resort Fishing","wintergreen-resort-fishing","Fishing","outdoor","Wintergreen Resort","Discover the serene beauty of fishing at Wintergreen Resort, located near the Midway Concrete Ramp within the James River Wildlife Management Area. This prime fishing spot offers easy access to the river, where anglers can enjoy a variety of fish and picturesque surroundings. Whether you're a seasoned fisherman or a beginner, the tranquil environment and stunning views make for an unforgettable experience. Come and cast your line in this idyllic setting, where relaxation and adventure await.","","","https://ik.imagekit.io/OE/nelson-county/listings/wintergreen-resort-fishing-image1_p-qkftaFk","Two men fishing by a river, one pointing ahead, surrounded by greenery.","","","","","","","","","(434) 325-8180","Wintergreen Resort Outdoor Programs, 39 Mountain Inn Loop, Wintergreen, VA 22967","josh","","","https://www.google.com/maps/dir/?api=1&destination=Wintergreen%20Resort%20Outdoor%20Programs%2C%2039%20Mountain%20Inn%20Loop%2C%20Wintergreen%2C%20VA%2022967","","","","","","Scenic Views; Water Sports; Fishing","false","https://www.google.com/maps/dir/?api=1&destination=Wintergreen%20Resort%20Outdoor%20Programs%2C%2039%20Mountain%20Inn%20Loop%2C%20Wintergreen%2C%20VA%2022967"
"113","Devils Knob Golf Course","devils-knob-golf-course","Golf","experience","Wintergreen Resort","Elevation 3,800-foot Devils Knob Golf Course—Virginia's highest—featuring Ellis Maples design, narrow mountain fairways, and panoramic vistas. Devils Knob Golf Course sits 3,800 feet high, making it Virginia's coolest summer round; Ellis Maples carved narrow fairways, fast greens, and jaw-dropping Blue Ridge vistas into this 18-hole mountain test.","","","https://ik.imagekit.io/OE/nelson-county/listings/devils-knob-golf-course-image1_-NwtvpV8L","Green golf course bordered by autumn-colored trees under clear blue sky.","","","","695d1d645c7cd75eb86268c4","","","695d1d7a5c7cd75eb862ddf4","","(434) 325-8520","Route 664, Wintergreen, VA 22958","josh","","","https://www.google.com/maps/dir/?api=1&destination=Route%20664%2C%20Wintergreen%2C%20VA%2022958","","","","","","Golf; Resort; Scenic Views","true","https://www.google.com/maps/dir/?api=1&destination=Route%20664%2C%20Wintergreen%2C%20VA%2022958"
"114","Stoney Creek Golf Course","stoney-creek-golf-course","Golf","experience","Wintergreen Resort","Experience the stunning 27-hole Stoney Creek Golf Course, designed by Rees Jones, nestled in the picturesque Rockfish Valley. This year-round golfing destination features a captivating landscape of flowing streams, diverse wetlands, and abundant wildlife. Enjoy a seamless day of adventure—ski Wintergreen in the morning and refine your swing amidst the scenic beauty in the afternoon. Perfect for golfers of all skill levels, Stoney Creek invites you to immerse yourself in nature while enjoying a challenging and rewarding round.","","","https://ik.imagekit.io/OE/nelson-county/listings/stoney-creek-golf-course-image1_4pzf3VTYQ","Lush green golf course with autumn trees, mountain backdrop under cloudy sky.","","","","","","","","","(434) 325-8250","135 Stoney Creek East, Nellysford, VA 22958","josh","","","https://www.google.com/maps/dir/?api=1&destination=135%20Stoney%20Creek%20East%2C%20Nellysford%2C%20VA%2022958","","","","","","Resort; Golf; Water Sports; Fishing","false","https://www.google.com/maps/dir/?api=1&destination=135%20Stoney%20Creek%20East%2C%20Nellysford%2C%20VA%2022958"
"169","Indian Summer Guide Service","indian-summer-guide-service","Horseback Riding","experience","Nelson County","Experience the beauty of Virginia's vineyards with Indian Summer Guide Service, where we offer exclusive horseback riding excursions through picturesque landscapes. Enjoy a unique adventure that culminates in delightful tastings at Veritas Vineyards & Winery and other renowned wineries in the Charlottesville area. Whether you're an experienced rider or a beginner, our guided tours promise an unforgettable experience, combining the thrill of horseback riding with the charm of local wine culture. Join us for a memorable day in the heart of Virginia's wine country!","","","https://ik.imagekit.io/OE/nelson-county/listings/indian-summer-guide-service-image1_vrYc4oP7k","Three riders on horses overlooking green valley with mountains in background.","","","","","","","","","(434) 531-9679","151 Veritas Lane, Afton, VA 22920","josh","","","https://www.google.com/maps/dir/?api=1&destination=151%20Veritas%20Lane%2C%20Afton%2C%20VA%2022920","","","","","","Equestrian; Farm; Hiking; Tastings; Wine","false","https://www.google.com/maps/dir/?api=1&destination=151%20Veritas%20Lane%2C%20Afton%2C%20VA%2022920"
"56","Allen Creek Nature Preserve","allen-creek-nature-preserve","Hikes & Trails","outdoor","Wintergreen Resort","Allen Creek Nature Preserve is a 0.7-mile, family-friendly Wintergreen loop through a rare high-elevation wetland, complete with interpretive guides describing the braided streams and northern plant species that thrive there. 0.7-mile family-friendly loop through a high-elevation wetland at Wintergreen featuring braided streams, rare northern plants, and interpretive guides at the trailhead.","","","https://ik.imagekit.io/OE/nelson-county/listings/allen-creek-nature-preserve-image1_hUFD6CEWI","Purple violets amidst green leaves and grass on forest floor.","","","","","","","","","(434) 263-7015","8519 Thomas Nelson Hwy, Lovingston, VA 22949","josh","","","https://www.google.com/maps/dir/?api=1&destination=8519%20Thomas%20Nelson%20Hwy%2C%20Lovingston%2C%20VA%2022949","","","","","","Tours; Family Friendly; Hiking; Biking","false","https://www.google.com/maps/dir/?api=1&destination=8519%20Thomas%20Nelson%20Hwy%2C%20Lovingston%2C%20VA%2022949"
"57","Appalachian Trail from Rt 56 to Harpers Creek","appalachian-trail-from-rt-56-to-harpers-creek","Hikes & Trails","outdoor","Tyro","Embark on a scenic 2.6-mile journey along the Appalachian Trail, beginning at VA Route 56. This picturesque segment leads you across the Tye River via a charming swinging bridge, guiding you through lush laurel and rhododendron forests to the serene Harpers Creek Shelter. Along the way, you'll discover beautiful creekside campsites, perfect for a peaceful retreat in nature. Whether you're a seasoned hiker or a casual explorer, this trail offers a refreshing escape and stunning views that are sure to captivate your spirit of adventure.","","","https://ik.imagekit.io/OE/nelson-county/listings/appalachian-trail-from-rt-56-to-harpers-creek-image1_zH8UGdn8C","Wooden suspension bridge through colorful autumn forest with rocky foreground.","","","","","","","","","(434) 263-7015","8519 Thomas Nelson Hwy, Lovingston, VA 22949","josh","","","https://www.google.com/maps/dir/?api=1&destination=8519%20Thomas%20Nelson%20Hwy%2C%20Lovingston%2C%20VA%2022949","","","","","","Scenic Views; Hiking; Biking; Appalachian Trail; Water Sports","false","https://www.google.com/maps/dir/?api=1&destination=8519%20Thomas%20Nelson%20Hwy%2C%20Lovingston%2C%20VA%2022949"
"58","Blackrock Trail","blackrock-trail","Hikes & Trails","outdoor","Wintergreen Resort","0.8-mile red-blazed climb on a south-facing slope showcasing mountain laurel, rose azalea, and pedlar gneiss outcrops with connections to Pedlars Edge Trail. Blackrock Trail is a steep 0.8-mile red-blazed climb over pedlar gneiss outcrops where chestnut oak, mountain laurel, and table mountain pine cling to dry slopes—rewarding hikers with rugged views each June bloom season.","","","https://ik.imagekit.io/OE/nelson-county/listings/blackrock-trail-image1_icsrDn5Xh","Forest trail with rocks and dense green foliage surrounding trees.","","","","","","","","","(434) 263-7015","8519 Thomas Nelson Hwy, Lovingston, VA 22949","josh","","","https://www.google.com/maps/dir/?api=1&destination=8519%20Thomas%20Nelson%20Hwy%2C%20Lovingston%2C%20VA%2022949","","","","","","Scenic Views; Biking; Hiking","false","https://www.google.com/maps/dir/?api=1&destination=8519%20Thomas%20Nelson%20Hwy%2C%20Lovingston%2C%20VA%2022949"
"59","Blue Ridge Tunnel","blue-ridge-tunnel","Hikes & Trails","outdoor","Afton","Walk the restored 1850s Blue Ridge Railroad tunnel on a 2.25-mile crushed-gravel path with dramatic stone portals linking Afton and the Rockfish Valley. The Blue Ridge Tunnel, engineered by Claudius Crozet in the 1850s beneath Rockfish Gap, now lets hikers and cyclists travel nearly a mile through the historic rail bore between Skyline Drive and the Blue Ridge Parkway.","","","https://ik.imagekit.io/OE/nelson-county/listings/blue-ridge-tunnel-image1_PrnI6PqE9","Cyclist with headlight in dark tunnel, wet rocky walls.","6930547d5c7cd75eb880dc49","https://ik.imagekit.io/OE/nelson-county/listings/Blue-Ridge-Tunnel-Video-Preview_orwEUvRjO.jpg","Person holding light inside dark, arched tunnel.","695d1d645c7cd75eb86268c4","https://ik.imagekit.io/OE/nelson-county/listings/Blue-Ridge-Tunnel-Opening_QtYh0xz0N.jpg","Stone archway entrance to dark tunnel, surrounded by rocky landscape.","695d1d7a5c7cd75eb862ddf4","","(434) 263-7015","215 Afton Depot Lane, Afton, VA 22920","josh","","","https://www.google.com/maps/dir/?api=1&destination=215%20Afton%20Depot%20Lane%2C%20Afton%2C%20VA%2022920","https://youtu.be/9TllH8bjlHQ","https://ik.imagekit.io/OE/nelson-county/listings/Blue_Ridge_Tunnel_Map_OxY941XXoL.pdf","Blue Ridge Tunnel Map","","","Biking; Educational; Hiking; Parking; Scenic Views","true","https://www.google.com/maps/dir/?api=1&destination=215%20Afton%20Depot%20Lane%2C%20Afton%2C%20VA%2022920"
"60","Brimstone Trail","brimstone-trail","Hikes & Trails","outdoor","Wintergreen Resort","Steep 0.8-mile red-blazed climb skirting rocky cliffs with sweeping Three Ridges views, laurel thickets, and fern-covered 'rock gardens.' Brimstone Trail tackles 0.8 miles of rocky cliffs beneath Wintergreen's Plunge, mixing steep ups and downs, laurel thickets, and sweeping views toward Three Ridges—best tackled with care during icy months.","","","https://ik.imagekit.io/OE/nelson-county/listings/brimstone-trail-image1_opRNVPbgI","Rocky trail with hiker in distance, green leaves in foreground.","","https://ik.imagekit.io/OE/nelson-county/listings/brimstone-trail-image2_zX3Kal7WOD","Wooden sign with red and yellow text, directions to trails, gravel road background.","","","","","","(434) 263-7015","8519 Thomas Nelson Hwy, Lovingston, VA 22949","josh","","","https://www.google.com/maps/dir/?api=1&destination=8519%20Thomas%20Nelson%20Hwy%2C%20Lovingston%2C%20VA%2022949","","","","","","Scenic Views; Biking; Hiking; Fishing","false","https://www.google.com/maps/dir/?api=1&destination=8519%20Thomas%20Nelson%20Hwy%2C%20Lovingston%2C%20VA%2022949"
"61","Cedar Ciffs North Trail","cedar-ciffs-north-trail","Hikes & Trails","outdoor","Wintergreen Resort","Discover the serene beauty of Cedar Cliffs North Trail, a scenic 0.7-mile spur that winds along the northern face of Cedar Cliffs. This enchanting path features moss-covered boulders and lush fern-laden slopes, creating a tranquil environment for hikers and nature enthusiasts alike. The trail offers easy access to the main overlook trail, making it an ideal starting point for those looking to explore the stunning vistas that await. Immerse yourself in the cool, refreshing atmosphere of this natural haven and experience the captivating charm of Cedar Cliffs.","","","https://ik.imagekit.io/OE/nelson-county/listings/cedar-ciffs-north-trail-image1_43xSez7xo","Wooden trail sign with colored text and arrow, rocky background, and greenery.","","","","","","","","","(434) 263-7015","8519 Thomas Nelson Hwy, Lovingston, VA 22949","josh","","","https://www.google.com/maps/dir/?api=1&destination=8519%20Thomas%20Nelson%20Hwy%2C%20Lovingston%2C%20VA%2022949","","","","","","Scenic Views; Seasonal Menu; Biking; Hiking","false","https://www.google.com/maps/dir/?api=1&destination=8519%20Thomas%20Nelson%20Hwy%2C%20Lovingston%2C%20VA%2022949"
"119","Afton Mountain Vineyards","afton-mountain-vineyards","Vineyards & Wineries","taste","Afton","One of Virginia's pioneer farm wineries with vines dating to 1978, crafting estate-grown vinifera on the sunrise side of Afton Mountain. Afton Mountain Vineyards, one of Virginia's earliest farm wineries, grows 11 grape varieties on 26 acres at 1,000 feet, producing estate wines cooled by ridge breezes and poured in a sunrise-side tasting room.","","","https://ik.imagekit.io/OE/nelson-county/listings/afton-mountain-vineyards-image1_N7bTUqyJGf","Rows of vines in vineyard with mountains and buildings in background.","","","","","","","","https://www.aftonmountainvineyards.com/","(540) 456-8667","234 Vineyard Lane, Afton, VA 22920","josh","","","https://www.google.com/maps/dir/?api=1&destination=234%20Vineyard%20Lane%2C%20Afton%2C%20VA%2022920","","","","","","Farm; Meeting Planners; Outdoor Seating; Scenic Views; Tastings; Wine","false","https://www.google.com/maps/dir/?api=1&destination=234%20Vineyard%20Lane%2C%20Afton%2C%20VA%2022920"
"120","Brent Manor Vineyards","brent-manor-vineyards","Vineyards & Wineries","taste","Faber","Nestled in the picturesque hills south of Charlottesville, Brent Manor Vineyards offers an enchanting escape for wine enthusiasts. This boutique winery specializes in crafting exquisite Virginia-grown wines, complemented by a rotating selection of fine Portuguese varietals. Visitors can enjoy a personalized tasting experience in a cozy and intimate setting, making it the perfect destination for those seeking a blend of local charm and international flair. Come savor the unique flavors and stunning views that Brent Manor has to offer.","","","https://ik.imagekit.io/OE/nelson-county/listings/brent-manor-vineyards-image1_el5haOFHc","Modern house with stone columns, metal roof, and cloudy sky background.","","","","","","","","https://www.brentmanorvineyards.com/","(434) 826-0722","100 Brent Manor Lane, Faber, VA 22938","josh","","","https://www.google.com/maps/dir/?api=1&destination=100%20Brent%20Manor%20Lane%2C%20Faber%2C%20VA%2022938","","","","","","Wine; Tastings; Retail; Events; Farm","false","https://www.google.com/maps/dir/?api=1&destination=100%20Brent%20Manor%20Lane%2C%20Faber%2C%20VA%2022938"
"121","Caihailian Vineyard","caihailian-vineyard","Vineyards & Wineries","taste","Roseland","Nestled along the scenic route to Wintergreen, Caihailian Vineyard is a charming family-run micro-vineyard that spans 2.5 picturesque hillside acres. Committed to crafting exceptional Monticello AVA wines, this intimate vineyard invites you to explore its rich flavors and unique character. Experience the warmth of family hospitality as you savor the exquisite wines produced right here in the heart of Virginia’s wine country. Join us for a memorable tasting experience that celebrates the beauty of local viticulture.","","","https://ik.imagekit.io/OE/nelson-county/listings/caihailian-vineyard-image1_-u3-ITjD2","Vineyard with green vines, trees, mountains under blue sky with clouds.","","","","","","","","","","872 Beech Grove, Roseland, VA 22967","josh","","","https://www.google.com/maps/dir/?api=1&destination=872%20Beech%20Grove%2C%20Roseland%2C%20VA%2022967","","","","","","Wine; Retail; Family Friendly; Farm; Tastings","false","https://www.google.com/maps/dir/?api=1&destination=872%20Beech%20Grove%2C%20Roseland%2C%20VA%2022967"
"122","Cardinal Point Winery","cardinal-point-winery","Vineyards & Wineries","taste","Afton","Welcoming tasting room offers tours, Blue Ridge views, and seasonal events alongside expressive wines. Family-owned winery in the foothills of Afton Mountain inspired by the founders' time in Germany.","","","https://ik.imagekit.io/OE/nelson-county/listings/cardinal-point-winery-image1_kGIpRRfXg","Wine bottles and glass on barrel table, plant and book beside.","","","","","","","","https://www.cardinalpointwinery.com/","(540) 456-8400","9423 Batesville Rd, Afton, VA 22920","josh","","","https://www.google.com/maps/dir/?api=1&destination=9423%20Batesville%20Rd%2C%20Afton%2C%20VA%2022920","","","","","","Family Friendly; Farm; Live Music; Meeting Planners; Scenic Views; Tastings; Wine","false","https://www.google.com/maps/dir/?api=1&destination=9423%20Batesville%20Rd%2C%20Afton%2C%20VA%2022920"
"123","Flying Fox Vineyards","flying-fox-vineyards","Vineyards & Wineries","taste","Afton","Flying Fox Vineyards is a boutique winery celebrated for its innovative approach to winemaking. Specializing in small-lot production, we craft distinct varietals that truly express their unique character. Our renowned Sly Fox vermouth line complements our wine offerings, providing a delightful experience for enthusiasts and newcomers alike. Join us to explore our exceptional selection and savor the essence of our vineyard.","","","https://ik.imagekit.io/OE/nelson-county/listings/flying-fox-vineyards-image1_QyaP87PFD","Winery building facade with large mural and outdoor seating at night.","","","","","","","","https://www.flyingfoxvineyard.com/","(434) 361-1692","10368 Critzer Shop Rd, Afton, VA 22920","josh","","","https://www.google.com/maps/dir/?api=1&destination=10368%20Critzer%20Shop%20Rd%2C%20Afton%2C%20VA%2022920","","","","","","Tastings; Seasonal Menu; Outdoor Seating; Wine; Farm","false","https://www.google.com/maps/dir/?api=1&destination=10368%20Critzer%20Shop%20Rd%2C%20Afton%2C%20VA%2022920"
"124","Hill Top Winery & Meadery","hill-top-winery-meadery","Vineyards & Wineries","taste","Nellysford","Nestled in the picturesque hills, Hill Top Winery & Meadery has been a pioneer in non-grape wines since 1998. Our passion for crafting fruit-forward wines and traditional honey meads draws inspiration from ancient fermentation techniques found across various cultures. Join us for a tasting experience that highlights our unique offerings, and discover the rich flavors that set us apart in the world of artisanal beverages.","","","https://ik.imagekit.io/OE/nelson-county/listings/hill-top-winery-meadery-image1_ne-tv5TEE","Wine bottle, strawberries, and wine glasses arranged on a wooden board with cheese knives.","","","","","","","","","(434) 361-1266","2800 Berry Hill Road, Nellysford, VA 22958","josh","","","https://www.google.com/maps/dir/?api=1&destination=2800%20Berry%20Hill%20Road%2C%20Nellysford%2C%20VA%2022958","","","","","","Desserts; Farm; Local Ingredients; Scenic Views; Tastings; Wine","false","https://www.google.com/maps/dir/?api=1&destination=2800%20Berry%20Hill%20Road%2C%20Nellysford%2C%20VA%2022958"
"125","Lovingston Winery","lovingston-winery","Vineyards & Wineries","taste","Lovingston","Nestled on the picturesque Josie's Knoll, Lovingston Winery is a charming, gravity-flow estate winery that specializes in crafting exquisite small-batch wines. With a focus on Bordeaux and South African varietals, our unique approach to winemaking allows us to bring out the rich flavors and character of each grape. Join us for a tasting experience that celebrates the artistry of wine in a serene and inviting setting, where every bottle tells a story of passion and dedication. Come discover your new favorite wine at Lovingston Winery.","","","https://ik.imagekit.io/OE/nelson-county/listings/lovingston-winery-image1_fP7hZ7487","Two wine bottles on wooden table with red flowers in background.","","","","","","","","https://www.lovingstonwinery.com/","(434) 263-8467","885 Freshwater Cove, Lovingston, VA 22949","josh","","","https://www.google.com/maps/dir/?api=1&destination=885%20Freshwater%20Cove%2C%20Lovingston%2C%20VA%2022949","","","","","","Scenic Views; Wine; Farm; Tastings","false","https://www.google.com/maps/dir/?api=1&destination=885%20Freshwater%20Cove%2C%20Lovingston%2C%20VA%2022949"
"126","Mountain and Vine Winery","mountain-and-vine-winery","Vineyards & Wineries","taste","Faber","Mountain and Vine Vineyards & Winery is located in the Monticello AVA wine region. The location is exquisite, hugged between the hills, but with the elevation to guarantee not only flavorful wine but also breathtaking views.","","","https://ik.imagekit.io/OE/nelson-county/listings/mountain-and-vine-winery-image1_YUi_3GXtY","Lush green landscape with hills, house, pond, and cloudy sky backdrop.","","","","","","","","https://www.mountainandvine.com/","(434) 263-6100","500 DelFosse Winery Lane, Faber, VA 22938","josh","","","https://www.google.com/maps/dir/?api=1&destination=500%20DelFosse%20Winery%20Lane%2C%20Faber%2C%20VA%2022938","","","","","","Family Friendly; Farm; Meeting Planners; Tastings; Wine","false","https://www.google.com/maps/dir/?api=1&destination=500%20DelFosse%20Winery%20Lane%2C%20Faber%2C%20VA%2022938"
"127","Mountain Cove Vineyards & Winery","mountain-cove-vineyards-winery","Vineyards & Wineries","taste","Lovingston","Nestled in the serene Blue Ridge foothills, Mountain Cove Vineyards & Winery offers a charming escape for wine enthusiasts and nature lovers alike. Experience our inviting tasting areas, where you can savor exquisite local wines while soaking in the breathtaking mountain views. Enjoy a leisurely afternoon on our picturesque picnic grounds, perfect for unwinding with friends and family amidst the beauty of nature. Join us for a memorable day of wine tasting and relaxation in this idyllic setting.","","","https://ik.imagekit.io/OE/nelson-county/listings/mountain-cove-vineyards-winery-image1_nMIHMYkXF","Wooden cabin with red roof, green vines, and empty chairs outside.","","","","","","","","https://www.facebook.com/MountainCoveVineyards/","(434) 263-5392","1365 North Amherst Hwy, Lovingston, VA 22949","josh","","","https://www.google.com/maps/dir/?api=1&destination=1365%20North%20Amherst%20Hwy%2C%20Lovingston%2C%20VA%2022949","","","","","","Family Friendly; Farm; Local Ingredients; Meeting Planners; Picnic Area; Scenic Views; Tastings; Wine","false","https://www.google.com/maps/dir/?api=1&destination=1365%20North%20Amherst%20Hwy%2C%20Lovingston%2C%20VA%2022949"
"128","Valley Road Vineyards","valley-road-vineyards","Vineyards & Wineries","taste","Afton","Route 151 gateway winery founded by friends in 2015, featuring lawn seating, an events pavilion, and Rockfish Valley views. Founded in 2015, Valley Road Vineyards was conceived by a group of friends who brought talents from successful careers in law, advertising, insurance, real estate development, and writing, among others.","","","https://ik.imagekit.io/OE/nelson-county/listings/valley-road-vineyards-image1_zzVQeEY7N","Green hills with scattered houses and red barns under a clear sky.","","","","695d1d645c7cd75eb86268c4","","","695d1d7a5c7cd75eb862ddf4","https://www.valleyroadwines.com/","(540) 456-6350","9264 Critzers Shop Road, Afton, VA 22920","josh","","","https://www.google.com/maps/dir/?api=1&destination=9264%20Critzers%20Shop%20Road%2C%20Afton%2C%20VA%2022920","","","","","","Farm; Fishing; Tastings; Wine","true","https://www.google.com/maps/dir/?api=1&destination=9264%20Critzers%20Shop%20Road%2C%20Afton%2C%20VA%2022920"
"129","Veritas Vineyards & Winery","veritas-vineyards-winery","Vineyards & Wineries","taste","Afton","Our philosophy is to make wine with the classic, old-world principles of viticulture and vinification, at the same time using state of the art technology to capture varietal and regional character. Our name derives from the Roman historian Pliny the Elder's observation 'In Vino Veritas' – 'In Wine there is Truth.' We believe that the truth in our wine comes straight from our vineyard as an expression of the land where we live and work.","","","https://ik.imagekit.io/OE/nelson-county/listings/veritas-vineyards-winery-image1_nHivj3-nt","Lush vineyards with white houses, mountains in background, under a clear blue sky.","","","","","","","","https://veritaswines.com/","(540) 456-8000","151 Veritas Lane, Afton, VA 22920","josh","","","https://www.google.com/maps/dir/?api=1&destination=151%20Veritas%20Lane%2C%20Afton%2C%20VA%2022920","","","","","","Farm; Meeting Planners; Outdoor Seating; Scenic Views; Tastings; Wine","false","https://www.google.com/maps/dir/?api=1&destination=151%20Veritas%20Lane%2C%20Afton%2C%20VA%2022920"
"62","Chestnut Springs Trail","chestnut-springs-trail","Hikes & Trails","outdoor","Wintergreen Resort","Experience the beauty of Chestnut Springs Trail, a scenic 1.1-mile loop that begins at Shamokin Gorge. This enchanting trail weaves through oak-hickory ridges, showcasing vibrant spring wildflowers and offering delightful stream crossings along the way. Perfect for nature enthusiasts and hikers alike, Chestnut Springs Trail invites you to immerse yourself in the serene landscapes near Wintergreen and discover the tranquility of the great outdoors.","","","https://ik.imagekit.io/OE/nelson-county/listings/chestnut-springs-trail-image1_QehjN4ktm","Wooden trail sign with engraved text surrounded by lush green foliage.","","","","","","","","","(434) 263-7015","8519 Thomas Nelson Hwy, Lovingston, VA 22949","josh","","","https://www.google.com/maps/dir/?api=1&destination=8519%20Thomas%20Nelson%20Hwy%2C%20Lovingston%2C%20VA%2022949","","","","","","Hiking; Biking","false","https://www.google.com/maps/dir/?api=1&destination=8519%20Thomas%20Nelson%20Hwy%2C%20Lovingston%2C%20VA%2022949"
"63","Crabtree Falls","crabtree-falls","Hikes & Trails","outdoor","Montebello","Discover Crabtree Falls, home to the highest vertical-drop waterfall east of the Mississippi, cascading 1,200 feet across five stunning drops. The accessible lower overlook near the parking area offers breathtaking views, while a scenic 3-mile trail leads adventurous hikers to upper vistas showcasing the beauty of the Blue Ridge Mountains. Experience the tranquility of nature as you explore this remarkable landscape, perfect for outdoor enthusiasts and families alike.","","","https://ik.imagekit.io/OE/nelson-county/listings/crabtree-falls-image1_IXQ2lOEKu","Waterfall cascading over rocks surrounded by lush green foliage.","","","","","","","","","","11581 Crabtree Falls Highway, Montebello, VA 24464","josh","","","https://www.google.com/maps/dir/?api=1&destination=11581%20Crabtree%20Falls%20Highway%2C%20Montebello%2C%20VA%2024464","","","","","","Scenic Views; Parking; Biking; Hiking; Water Sports","false","https://www.google.com/maps/dir/?api=1&destination=11581%20Crabtree%20Falls%20Highway%2C%20Montebello%2C%20VA%2024464"
"64","Devils Knob Trail","devils-knob-trail","Hikes & Trails","outdoor","Wintergreen Resort","Experience a delightful 0.6-mile hike from the Blue Ridge Overlook along the stunning Catoctin greenstone ledges. This scenic trail features unique rock gardens and offers excellent birdwatching opportunities, all while providing breathtaking views of Pond Hollow. Perfect for nature enthusiasts and casual walkers alike, Devils Knob Trail invites you to immerse yourself in the beauty of the outdoors.","","","https://ik.imagekit.io/OE/nelson-county/listings/devils-knob-trail-image1_9-WjX9SyQ","Rocky forest trail with scattered sunlight filtering through green foliage.","","","","","","","","","(434) 263-7015","8519 Thomas Nelson Hwy, Lovingston, VA 22949","josh","","","https://www.google.com/maps/dir/?api=1&destination=8519%20Thomas%20Nelson%20Hwy%2C%20Lovingston%2C%20VA%2022949","","","","","","Scenic Views; Biking; Hiking","false","https://www.google.com/maps/dir/?api=1&destination=8519%20Thomas%20Nelson%20Hwy%2C%20Lovingston%2C%20VA%2022949"
"65","Fortune's Cove Nature Preserve","fortunes-cove-nature-preserve","Hikes & Trails","outdoor","Lovingston","Fortune's Cove Nature Preserve challenges hikers with a 5.3-mile loop that gains 1,500 feet before rewarding them with rocky glade vistas, rare plant communities, and a shorter lower loop option for quicker outings. Strenuous 5.3-mile loop managed by The Nature Conservancy climbing 1,500 feet through rocky glades and intact forest to panoramic cove overlooks.","","","https://ik.imagekit.io/OE/nelson-county/listings/fortune-s-cove-nature-preserve-image1__i7ZniCv5","Trail sign on curved tree, surrounded by dense green forest.","","","","","","","","","(434) 977-4837","1920 Fortune's Cove Lane, Lovingston, VA 22949","josh","","","https://www.google.com/maps/dir/?api=1&destination=1920%20Fortune%E2%80%99s%20Cove%20Lane%2C%20Lovingston%2C%20VA%2022949","","","","","","Hiking; Biking","false","https://www.google.com/maps/dir/?api=1&destination=1920%20Fortune%E2%80%99s%20Cove%20Lane%2C%20Lovingston%2C%20VA%2022949"
"66","Fortune's Ridge Trail","fortunes-ridge-trail","Hikes & Trails","outdoor","Wintergreen Resort","Explore the enchanting Fortune's Ridge Trail, a scenic 1.1-mile path adorned with vibrant red blazes. This picturesque trail meanders alongside the serene Fortunes Ridge stream, showcasing captivating cascades and seasonal laurel blooms. Accessible from both Fortunes Ridge and Wintergreen Drive, it's the perfect destination for nature lovers and outdoor enthusiasts seeking a peaceful retreat amidst stunning natural beauty. Whether you're hiking solo or with family, Fortune's Ridge Trail promises an unforgettable experience in the heart of the wilderness.","","","https://ik.imagekit.io/OE/nelson-county/listings/fortune-s-ridge-trail-image1_INFnASltm","Wooden trail sign reads 'Laurel Ridge Loop 3 Mile' in forest.","","","","","","","","","(434) 263-7015","8519 Thomas Nelson Hwy, Lovingston, VA 22949","josh","","","https://www.google.com/maps/dir/?api=1&destination=8519%20Thomas%20Nelson%20Hwy%2C%20Lovingston%2C%20VA%2022949","","","","","","Scenic Views; Biking; Hiking; Water Sports","false","https://www.google.com/maps/dir/?api=1&destination=8519%20Thomas%20Nelson%20Hwy%2C%20Lovingston%2C%20VA%2022949"
"67","Hemlock Springs Loop","hemlock-springs-loop","Hikes & Trails","outdoor","Wintergreen Resort","Hemlock Springs Loop is a 0.8-mile route known for pink and yellow lady's slippers and an old-growth hemlock stand impacted by woolly adelgid—offering a sensitive habitat best navigated with care. 0.8-mile yellow-red loop highlighting pink and yellow lady's-slipper habitat, old-growth hemlock remnants, and moderate climbs near Wintergreen.","","","https://ik.imagekit.io/OE/nelson-county/listings/hemlock-springs-loop-image1_hX7dh-gSI","Person standing on large rock surrounded by green grass.","","","","","","","","","(434) 263-7015","8519 Thomas Nelson Hwy, Lovingston, VA 22949","josh","","","https://www.google.com/maps/dir/?api=1&destination=8519%20Thomas%20Nelson%20Hwy%2C%20Lovingston%2C%20VA%2022949","","","","","","Hiking; Biking","false","https://www.google.com/maps/dir/?api=1&destination=8519%20Thomas%20Nelson%20Hwy%2C%20Lovingston%2C%20VA%2022949"
"68","Highlands Leisure Trail","highlands-leisure-trail","Hikes & Trails","outdoor","Wintergreen Resort","Discover the Highlands Leisure Trail, a scenic 0.5-mile path that links Wintergreen's Blackrock Village to the Wintergarden. This enchanting trail meanders through a lush, older-growth forest and features a stunning overlook of the Highlands ski slopes. Ideal for hikers of all levels, it offers short climbs that reward you with breathtaking views and a serene natural atmosphere. Experience the beauty of the Virginia mountains as you explore this charming trail.","","","https://ik.imagekit.io/OE/nelson-county/listings/highlands-leisure-trail-image1_14-OGVdVb","Wooded trail with steps surrounded by lush green foliage and sunlight.","","","","","","","","","(434) 263-7015","8519 Thomas Nelson Hwy, Lovingston, VA 22949","josh","","","https://www.google.com/maps/dir/?api=1&destination=8519%20Thomas%20Nelson%20Hwy%2C%20Lovingston%2C%20VA%2022949","","","","","","Scenic Views; Resort; Biking; Hiking","false","https://www.google.com/maps/dir/?api=1&destination=8519%20Thomas%20Nelson%20Hwy%2C%20Lovingston%2C%20VA%2022949"
"69","Humpback Rocks","humpback-rocks","Hikes & Trails","outdoor","Lyndhurst","Humpback Rocks rewards a short but steep 2-mile loop climb with 360-degree Blue Ridge panoramas; start from the visitor center near Parkway milepost 5.8 and plan on about 45 minutes up, 20 down. Popular 2-mile loop to the Humpback Rocks summit, ascending 740 feet for 360° Blue Ridge views near Parkway milepost 5.8.","","","https://ik.imagekit.io/OE/nelson-county/listings/humpback-rocks-image1_f_nN7bZ7z","Sunrise over misty valley with rocky foreground and scattered clouds.","","","","","","","","","(540) 943-4716","Humpback Gap Parking Area, Milepost 5.8 Blue Ridge Parkway, Lyndhurst, VA 22952","josh","","","https://www.google.com/maps/dir/?api=1&destination=Humpback%20Gap%20Parking%20Area%2C%20Milepost%205.8%20Blue%20Ridge%20Parkway%2C%20Lyndhurst%2C%20VA%2022952","","","","","","Scenic Views; Biking; Hiking","false","https://www.google.com/maps/dir/?api=1&destination=Humpback%20Gap%20Parking%20Area%2C%20Milepost%205.8%20Blue%20Ridge%20Parkway%2C%20Lyndhurst%2C%20VA%2022952"
"70","James River State Park","james-river-state-park","Hikes & Trails","outdoor","Gladstone","Discover the natural beauty of James River State Park, where over 15 miles of multiuse trails wind through scenic landscapes. Enjoy breathtaking riverfront overlooks, perfect for picnicking or taking in the views. The park features convenient boat launches for kayaking and canoeing, along with cozy cabins for a relaxing stay. Experience a full-service canoe livery that caters to all your paddling needs, making this destination ideal for outdoor enthusiasts and families alike. Come explore the wonders of the James River!","","","https://ik.imagekit.io/OE/nelson-county/listings/james-river-state-park-image1_IdOJ0UXYE","Stone entrance sign reading 'James River Wildlife Management Area' among trees.","","","","","","","","","(434) 933-4355","104 Green Hill Drive, Gladstone, VA 24553","josh","","","https://www.google.com/maps/dir/?api=1&destination=104%20Green%20Hill%20Drive%2C%20Gladstone%2C%20VA%2024553","","","","","","Boating; Cabins; Water Sports; Biking; Hiking","false","https://www.google.com/maps/dir/?api=1&destination=104%20Green%20Hill%20Drive%2C%20Gladstone%2C%20VA%2024553"
"71","Kids in Parks: Virginia Blue Ridge Railway Trail","kids-in-parks-virginia-blue-ridge-railway-trail","Hikes & Trails","outdoor","Piney River","Family-friendly TRACK Trail at Piney River Depot with self-guided nature activities, flat rail-trail mileage, and prizes through Kids in Parks.","","","https://ik.imagekit.io/OE/nelson-county/listings/kids-in-parks-virginia-blue-ridge-railway-trail-image1_uPNIvt_fZ","Wooden covered bridge over forest path; red bicycle leaning nearby.","","","","","","","","","(434) 263-7130","3124 Patrick Henry Highway, Piney River, VA 22964","josh","","","https://www.google.com/maps/dir/?api=1&destination=3124%20Patrick%20Henry%20Highway%2C%20Piney%20River%2C%20VA%2022964","","","","","","Hiking; Adventure; Family Friendly; Parking; Biking; Water Sports; Hunting","false","https://www.google.com/maps/dir/?api=1&destination=3124%20Patrick%20Henry%20Highway%2C%20Piney%20River%2C%20VA%2022964"
"140","HeartRock Retreat & Homestead","heartrockretreat","Whole House Rentals","stay","Roseland","Fifteen-acre Heart Rock homestead with lodging for up to 15, edible gardens, and retreat spaces minutes from breweries and river access. Located in Nelson County, Virginia, our fifteen acre homestead offers both rustic charm and modern comfort. Nelson County has something for everyone.","","","https://ik.imagekit.io/OE/nelson-county/listings/heartrock-retreat-homestead-image1_mAMJ2A-kN","Lush green garden with various plants and trees in a forest setting.","","https://ik.imagekit.io/OE/nelson-county/listings/heartrock-retreat-homestead-image2_-41zacroR","Lush vegetable garden with rows, greenhouses, surrounded by trees under cloudy sky.","","https://ik.imagekit.io/OE/nelson-county/listings/heartrock-retreat-homestead-image3_IUAyZgjGJ","Bee collecting nectar from honey on shiny surface.","","","(434) 263-7015","2808 Glad Road, Schuyler, VA 22969","josh","","","https://www.google.com/maps/dir/?api=1&destination=2808%20Glad%20Road%2C%20Schuyler%2C%20VA%2022969","","","","","","Outdoor Seating; Beer; Organic; Farm; Local Ingredients; Water Sports","false","https://www.google.com/maps/dir/?api=1&destination=2808%20Glad%20Road%2C%20Schuyler%2C%20VA%2022969"
"72","Laurel Ridge Loop","laurel-ridge-loop","Hikes & Trails","outdoor","Wintergreen Resort","Discover the beauty of the Laurel Ridge Loop, a scenic 1.6-mile trail that meanders through a stunning landscape of mountain laurel, birch, and oak-hickory forests. With its rocky terrain, this yellow loop offers an invigorating hike for nature enthusiasts and outdoor explorers alike. Conveniently located with parking available at Wintergreen's Lot F, it’s the perfect spot to immerse yourself in the tranquility of nature and enjoy the vibrant flora that surrounds you. Experience the charm of the Blue Ridge Mountains on this captivating trail.","","","https://ik.imagekit.io/OE/nelson-county/listings/laurel-ridge-loop-image1_k_xUZ0XKg","Wooden trail sign with yellow and red text in forest setting.","","","","","","","","","(434) 263-7015","8519 Thomas Nelson Hwy, Lovingston, VA 22949","josh","","","https://www.google.com/maps/dir/?api=1&destination=8519%20Thomas%20Nelson%20Hwy%2C%20Lovingston%2C%20VA%2022949","","","","","","Hiking; Parking; Biking","false","https://www.google.com/maps/dir/?api=1&destination=8519%20Thomas%20Nelson%20Hwy%2C%20Lovingston%2C%20VA%2022949"
"142","Inglewood Fine Meats","inglewood-fine-meats","Restaurants","taste","Arrington","We take pride in the fact that our Beef and Lamb is not only Verified All Natural, but our animals live a quality life in the foothills of the blue ridge mountains. Nestled in Nelson County.","","","https://ik.imagekit.io/OE/nelson-county/listings/inglewood-fine-meats-image1_KBCogmzSHU","Raw meat on wooden board with garlic, chili, peppercorns, and rosemary.","","","","","","","","","(434) 365-0028","4638 Variety Mills Road, Arrington, VA 22922","josh","","","https://www.google.com/maps/dir/?api=1&destination=4638%20Variety%20Mills%20Road%2C%20Arrington%2C%20VA%2022922","","","","","","Farm; Local Ingredients","false","https://www.google.com/maps/dir/?api=1&destination=4638%20Variety%20Mills%20Road%2C%20Arrington%2C%20VA%2022922"
"73","Lower Shamokin Falls Trail","lower-shamokin-falls-trail","Hikes & Trails","outdoor","Wintergreen Resort","Explore the scenic Lower Shamokin Falls Trail, a captivating 1.7-mile blue-blazed path that leads you through a lush forest landscape. Starting from Old Stoney Creek Road, this trail offers a delightful mix of jeep-road access and natural beauty, culminating at the stunning Lower Shamokin Falls. Perfect for hikers of all skill levels, this trail invites you to immerse yourself in the tranquility of nature while enjoying the serene sounds of cascading water. Come experience the charm and adventure that await along this picturesque route.","","","https://ik.imagekit.io/OE/nelson-county/listings/lower-shamokin-falls-trail-image1_BIy5ezGql","Trail sign on tree reads 'Lower Shamokin Falls Trail' in lush forest.","","","","","","","","","(434) 263-7015","8519 Thomas Nelson Hwy, Lovingston, VA 22949","josh","","","https://www.google.com/maps/dir/?api=1&destination=8519%20Thomas%20Nelson%20Hwy%2C%20Lovingston%2C%20VA%2022949","","","","","","Hiking; Biking; Water Sports","false","https://www.google.com/maps/dir/?api=1&destination=8519%20Thomas%20Nelson%20Hwy%2C%20Lovingston%2C%20VA%2022949"
"74","Mau-Har Trail","mau-har-trail","Hikes & Trails","outdoor","Tyro","Experience the breathtaking Mau-Har Trail, a scenic three-mile connector nestled within the stunning Three Ridges Wilderness. This captivating route links to the iconic Appalachian Trail, guiding you past cascading waterfalls, challenging rock scrambles, and cozy shelters. Perfect for outdoor enthusiasts, the trail offers an exhilarating adventure through nature’s beauty, making it a must-visit for hikers seeking a memorable journey.","","","https://ik.imagekit.io/OE/nelson-county/listings/mau-har-trail-image1_eNNMwbi1U","Small waterfall cascading over rocks surrounded by autumn foliage.","","","","","","","","","(434) 263-7015","Blue Ridge Parkway Milepost 13.7, Roseland, VA 22967","josh","","","https://www.google.com/maps/dir/?api=1&destination=Blue%20Ridge%20Parkway%20Milepost%2013.7%2C%20Roseland%2C%20VA%2022967","","","","","","Hiking; Biking; Appalachian Trail; Water Sports","false","https://www.google.com/maps/dir/?api=1&destination=Blue%20Ridge%20Parkway%20Milepost%2013.7%2C%20Roseland%2C%20VA%2022967"
"75","Montebello Nature Trail","montebello-nature-trail","Hikes & Trails","outdoor","Montebello","Half-mile nature walk beside Montebello's former fish hatchery stream with fern-lined banks, benches, and steady bird activity.","","","https://ik.imagekit.io/OE/nelson-county/listings/montebello-nature-trail-image1_Uvj7h3IC1","People walking on a sunny forest trail surrounded by green trees.","","","","","","","","","(540) 377-2650","359 Fish Hatchery Lane, Montebello, VA 24464","josh","","","https://www.google.com/maps/dir/?api=1&destination=359%20Fish%20Hatchery%20Lane%2C%20Montebello%2C%20VA%2024464","","","","","","Biking; Hiking; Water Sports; Fishing","false","https://www.google.com/maps/dir/?api=1&destination=359%20Fish%20Hatchery%20Lane%2C%20Montebello%2C%20VA%2024464"
"76","Nelson County Wilderness Area","nelson-county-wilderness-area","Hikes & Trails","outdoor","Montebello","Discover the breathtaking beauty of the Nelson County Wilderness Area, where the majestic Priest and Three Ridges offer an unforgettable hiking experience. Explore rugged trails along the Appalachian Trail, featuring dramatic elevation changes that reward adventurers with stunning vistas and a sense of solitude in nature. Whether you're seeking a challenging trek or a peaceful retreat, this protected wilderness area invites you to immerse yourself in the tranquility of the great outdoors.","","","https://ik.imagekit.io/OE/nelson-county/listings/nelson-county-wilderness-area-image1_kdVr3IMtp","Hiker with a green backpack walking through a forest.","","","","","","","","","(434) 263-7015","George Washington National Forest, Montebello, VA 24464","josh","","","https://www.google.com/maps/dir/?api=1&destination=George%20Washington%20National%20Forest%2C%20Montebello%2C%20VA%2024464","","","","","","Hiking; Biking; Appalachian Trail; Water Sports","false","https://www.google.com/maps/dir/?api=1&destination=George%20Washington%20National%20Forest%2C%20Montebello%2C%20VA%2024464"
"77","North Fork of the Piney River","north-fork-of-the-piney-river","Hikes & Trails","outdoor","Piney River","Discover the serene beauty of the North Fork of the Piney River, where lush landscapes meet tranquil waters. Venture along Route 666 past Dickie Brothers Orchard, leading you into the heart of George Washington National Forest. This picturesque area is perfect for relaxing picnics under the shade of towering trees, offering a peaceful retreat for nature lovers and outdoor enthusiasts alike. Whether you're hiking the trails or simply soaking in the natural surroundings, the North Fork promises an unforgettable experience in the great outdoors.","","","https://ik.imagekit.io/OE/nelson-county/listings/north-fork-of-the-piney-river-image1_-MuJGSrnG","Water cascading over mossy rocks surrounded by green leaves.","","","","","","","","","(434) 263-7015","Piney River, VA 22964","josh","","","https://www.google.com/maps/dir/?api=1&destination=Piney%20River%2C%20VA%2022964","","","","","","Water Sports; Biking; Hiking; Farm; Fishing; Swimming Pool","false","https://www.google.com/maps/dir/?api=1&destination=Piney%20River%2C%20VA%2022964"
"78","Old Appalachian Trail","old-appalachian-trail","Hikes & Trails","outdoor","Wintergreen Resort","Moderate-to-difficult grades reward hikers with Shenandoah Valley vistas and quiet, historic tread. 3.3-mile former Appalachian Trail alignment with greenstone ledges, Shenandoah Valley overlooks, and spring wildflowers across multiple access points.","","","https://ik.imagekit.io/OE/nelson-county/listings/old-appalachian-trail-image1_mjlB71z_w","Narrow dirt path with yellow moss, surrounded by trees in a forest.","","","","","","","","","(434) 263-7015","8519 Thomas Nelson Hwy, Lovingston, VA 22949","josh","","","https://www.google.com/maps/dir/?api=1&destination=8519%20Thomas%20Nelson%20Hwy%2C%20Lovingston%2C%20VA%2022949","","","","","","Hiking; Biking; Appalachian Trail","false","https://www.google.com/maps/dir/?api=1&destination=8519%20Thomas%20Nelson%20Hwy%2C%20Lovingston%2C%20VA%2022949"
"79","Paul's Creek Trail","pauls-creek-trail","Hikes & Trails","outdoor","Wintergreen Resort","Paul's Creek Trail is a 0.6-mile blue-blazed family favorite that follows a lush valley to smooth rock chutes and a series of cascading waterfalls near Crawford's Knob. Pack water shoes and a camera—the polished boulders and cool pools are irresistible on summer days.","","","https://ik.imagekit.io/OE/nelson-county/listings/paul-s-creek-trail-image1_MwER-wYqT","Forest stream flowing over rocks surrounded by trees and autumn leaves.","","","","","","","","","(434) 263-7015","8519 Thomas Nelson Hwy, Lovingston, VA 22949","josh","","","https://www.google.com/maps/dir/?api=1&destination=8519%20Thomas%20Nelson%20Hwy%2C%20Lovingston%2C%20VA%2022949","","","","","","Family Friendly; Biking; Hiking; Water Sports; Swimming Pool","false","https://www.google.com/maps/dir/?api=1&destination=8519%20Thomas%20Nelson%20Hwy%2C%20Lovingston%2C%20VA%2022949"
"80","Pedlars Edge Trail","pedlars-edge-trail","Hikes & Trails","outdoor","Wintergreen Resort","Discover the Pedlars Edge Trail, a challenging 1.6-mile red trail that winds alongside the stunning Blackrock formation. This captivating hike offers a unique blend of geology and biodiversity, showcasing the remarkable pedlar formation rocks. As you traverse the trail, enjoy expansive views of open powerline areas, perfect for birdwatching, while vibrant wildflower habitats add bursts of color to your journey. Ideal for adventurous nature enthusiasts, this trail promises an unforgettable outdoor experience.","","","https://ik.imagekit.io/OE/nelson-county/listings/pedlars-edge-trail-image1_vnTLjWNB-","Bird perched on icy branch, blue sky background.","","","","","","","","","(434) 263-7015","8519 Thomas Nelson Hwy, Lovingston, VA 22949","josh","","","https://www.google.com/maps/dir/?api=1&destination=8519%20Thomas%20Nelson%20Hwy%2C%20Lovingston%2C%20VA%2022949","","","","","","Biking; Hiking","false","https://www.google.com/maps/dir/?api=1&destination=8519%20Thomas%20Nelson%20Hwy%2C%20Lovingston%2C%20VA%2022949"
"81","Pond Hollow Trail","pond-hollow-trail","Hikes & Trails","outdoor","Wintergreen Resort","Discover the captivating Pond Hollow Trail, a challenging one-mile trek that meanders through a stunning landscape of displaced boulders and diverse plant communities. This unique route offers an opportunity to explore prime bobcat habitat while enjoying the natural beauty of the surrounding area. Perfect for adventurous hikers, the trail's vibrant ecosystem and geological features create an unforgettable outdoor experience.","","","https://ik.imagekit.io/OE/nelson-county/listings/pond-hollow-trail-image1_Ej7WY6jiu","Group of people walking through lush green forest near rocky cliff.","","","","","","","","","(434) 263-7015","8519 Thomas Nelson Hwy, Lovingston, VA 22949","josh","","","https://www.google.com/maps/dir/?api=1&destination=8519%20Thomas%20Nelson%20Hwy%2C%20Lovingston%2C%20VA%2022949","","","","","","Biking; Hiking","false","https://www.google.com/maps/dir/?api=1&destination=8519%20Thomas%20Nelson%20Hwy%2C%20Lovingston%2C%20VA%2022949"
"82","Ravens Roost Park","ravens-roost-park","Hikes & Trails","outdoor","Wintergreen Resort","0.5-mile yellow loop through mixed forest with wildflower displays, solitude, and access from White Oak Drive or Wintergreen Drive. Ravens Roost Park offers a half-mile yellow-blazed wander through deep forest to a favorite Skyline Drive overlook for sunrise, sunset, and wildflower spotting.","","","https://ik.imagekit.io/OE/nelson-county/listings/ravens-roost-park-image1_1twDjr3Lr","Wooden deck overlooks vast green forest landscape and distant horizon.","","","","","","","","","(434) 263-7015","8519 Thomas Nelson Hwy, Lovingston, VA 22949","josh","","","https://www.google.com/maps/dir/?api=1&destination=8519%20Thomas%20Nelson%20Hwy%2C%20Lovingston%2C%20VA%2022949","","","","","","Seasonal Menu; Hiking; Biking","false","https://www.google.com/maps/dir/?api=1&destination=8519%20Thomas%20Nelson%20Hwy%2C%20Lovingston%2C%20VA%2022949"
"83","Shamokin Springs Nature Preserve","shamokin-springs-nature-preserve","Hikes & Trails","outdoor","Lovingston","Discover the serene beauty of Shamokin Springs Nature Preserve, a 0.3-mile loop that showcases pristine high-elevation wetlands and enchanting braided streams. This family-friendly trail is home to a diverse array of northern plant species, making it a perfect spot for nature enthusiasts and casual hikers alike. Enjoy easy access to breathtaking landscapes and immerse yourself in the tranquility of this protected environment. Whether you're seeking a leisurely stroll or a chance to connect with nature, Shamokin Springs invites you to explore its unique ecosystem.","","","https://ik.imagekit.io/OE/nelson-county/listings/shamokin-springs-nature-preserve-image1_06TPiH1-t","Small waterfall cascading over rocks in a forest stream.","","https://ik.imagekit.io/OE/nelson-county/listings/shamokin-springs-nature-preserve-image2_sDnCAzjbr","Mountain landscape with distant green hills and scattered clouds beneath blue sky.","","","","","","(434) 263-7015","8519 Thomas Nelson Hwy, Lovingston, VA 22949","josh","","","https://www.google.com/maps/dir/?api=1&destination=8519%20Thomas%20Nelson%20Hwy%2C%20Lovingston%2C%20VA%2022949","","","","","","Educational; Family Friendly; Biking; Hiking","false","https://www.google.com/maps/dir/?api=1&destination=8519%20Thomas%20Nelson%20Hwy%2C%20Lovingston%2C%20VA%2022949"
"84","The Plunge","the-plunge","Hikes & Trails","outdoor","Wintergreen Resort","Discover The Plunge, a scenic 0.2-mile connector to the Blackrock Trail that offers a thrilling adventure for nature lovers. This short but steep hike showcases stunning pedlar gneiss rock formations and breathtaking panoramic views, making it an ideal spot for capturing family memories. With its picturesque overlooks and unique geological features, The Plunge invites you to experience the beauty of the outdoors in a captivating way.","","","https://ik.imagekit.io/OE/nelson-county/listings/the-plunge-image1_RX1pJhwfh","Rocky viewpoint overlooking lush, green mountains under clear blue sky.","","","","","","","","","(434) 263-7015","8519 Thomas Nelson Hwy, Lovingston, VA 22949","josh","","","https://www.google.com/maps/dir/?api=1&destination=8519%20Thomas%20Nelson%20Hwy%2C%20Lovingston%2C%20VA%2022949","","","","","","Family Friendly; Biking; Hiking","false","https://www.google.com/maps/dir/?api=1&destination=8519%20Thomas%20Nelson%20Hwy%2C%20Lovingston%2C%20VA%2022949"
"85","Trillium Field","trillium-field","Hikes & Trails","outdoor","Wintergreen Resort","Trillium Field offers a delightful 0.1-mile trail adorned with vibrant white and pink trillium blossoms each May. Located at the intersection of Wintergreen Drive and Devils Knob Loop, this scenic spot transforms into a wildflower haven throughout the summer months. Perfect for a leisurely walk, it's an inviting escape for nature lovers and photographers alike. Discover the beauty of this charming trail and immerse yourself in a seasonal spectacle.","","","https://ik.imagekit.io/OE/nelson-county/listings/trillium-field-image1_7pHAG-Gk3","Pink and white flowers with green leaves in a forest setting.","","","","","","","","","(434) 263-7015","8519 Thomas Nelson Hwy, Lovingston, VA 22949","josh","","","https://www.google.com/maps/dir/?api=1&destination=8519%20Thomas%20Nelson%20Hwy%2C%20Lovingston%2C%20VA%2022949","","","","","","Seasonal Menu; Biking; Hiking","false","https://www.google.com/maps/dir/?api=1&destination=8519%20Thomas%20Nelson%20Hwy%2C%20Lovingston%2C%20VA%2022949"
"86","Upper Shamokin Falls Trail","upper-shamokin-falls-trail","Hikes & Trails","outdoor","Wintergreen Resort","Upper Shamokin Falls Trail is a gentle 0.4-mile walk that follows the sound of tumbling water to fern-draped cascades—perfect for all ages. Stay on the marked path and off the slick rock edges, but don't forget the camera for this signature Wintergreen scene.","","","https://ik.imagekit.io/OE/nelson-county/listings/upper-shamokin-falls-trail-image1_ce-OXirm6","Waterfall cascading over moss-covered rocks, surrounded by lush green forest.","","","","","","","","","(434) 263-7015","8519 Thomas Nelson Hwy, Lovingston, VA 22949","josh","","","https://www.google.com/maps/dir/?api=1&destination=8519%20Thomas%20Nelson%20Hwy%2C%20Lovingston%2C%20VA%2022949","","","","","","Family Friendly; Hiking; Biking; Water Sports","false","https://www.google.com/maps/dir/?api=1&destination=8519%20Thomas%20Nelson%20Hwy%2C%20Lovingston%2C%20VA%2022949"
"87","Upper Shamokin Gorge Trail","upper-shamokin-gorge-trail","Hikes & Trails","outdoor","Wintergreen Resort","Embark on an adventurous journey along the Upper Shamokin Gorge Trail, a challenging 0.8-mile red trail that promises an unforgettable hiking experience. As you navigate stream crossings and immerse yourself in the lush understory, you'll find yourself surrounded by the natural beauty of the gorge. This trail not only offers a thrilling hike but also connects to the iconic Appalachian Trail, making it a perfect spot for both seasoned hikers and nature enthusiasts. Discover the serenity and stunning landscapes that await you on this remarkable trail.","","","https://ik.imagekit.io/OE/nelson-county/listings/upper-shamokin-gorge-trail-image1_tKh9Zdsqi","Flowing stream through forest with rocks and autumn foliage.","","","","","","","","","(434) 263-7015","8519 Thomas Nelson Hwy, Lovingston, VA 22949","josh","","","https://www.google.com/maps/dir/?api=1&destination=8519%20Thomas%20Nelson%20Hwy%2C%20Lovingston%2C%20VA%2022949","","","","","","Hiking; Biking; Appalachian Trail; Water Sports","false","https://www.google.com/maps/dir/?api=1&destination=8519%20Thomas%20Nelson%20Hwy%2C%20Lovingston%2C%20VA%2022949"
"88","White Oak Trail","white-oak-trail","Hikes & Trails","outdoor","Wintergreen Resort","White Oak Trail serves up a half-mile of shady solitude, spring wildflowers, and birdwatching between White Oak Drive and Wintergreen Drive. 0.5-mile moderate yellow trail offering bird-friendly woods, wildflowers, and a quiet loop accessible from White Oak or Wintergreen drives.","","","https://ik.imagekit.io/OE/nelson-county/listings/white-oak-trail-image1_X40JzxeuX","Trail sign surrounded by lush green foliage in misty forest.","","","","","","","","","(434) 263-7015","8519 Thomas Nelson Hwy, Lovingston, VA 22949","josh","","","https://www.google.com/maps/dir/?api=1&destination=8519%20Thomas%20Nelson%20Hwy%2C%20Lovingston%2C%20VA%2022949","","","","","","Seasonal Menu; Hiking; Biking","false","https://www.google.com/maps/dir/?api=1&destination=8519%20Thomas%20Nelson%20Hwy%2C%20Lovingston%2C%20VA%2022949"
"89","White Rock Falls","white-rock-falls","Hikes & Trails","outdoor","Montebello","White Rock Falls is a 2.5-mile moderate hike along the Blue Ridge Parkway that showcases an impressive gorge, a wading-friendly waterfall, and northeast-facing mountain views on the climb out. 2.5-mile moderate waterfall hike with natural wading pools, gorge views, and options to extend via the Slacks Overlook loop on the Parkway.","","","https://ik.imagekit.io/OE/nelson-county/listings/white-rock-falls-image1_t3PUF_tMy","Small waterfall flowing down rocky terrain surrounded by trees.","","","","","","","","","(434) 263-7015","Blue Ridge Parkway Milepost 19, Montebello, VA 24464","josh","","","https://www.google.com/maps/dir/?api=1&destination=Blue%20Ridge%20Parkway%20Milepost%2019%2C%20Montebello%2C%20VA%2024464","","","","","","Pool; Biking; Hiking; Water Sports","false","https://www.google.com/maps/dir/?api=1&destination=Blue%20Ridge%20Parkway%20Milepost%2019%2C%20Montebello%2C%20VA%2024464"
"90","Three Ridges","three-ridges","Hikes & Trails","outdoor","Tyro","The 13.3-mile Three Ridges loop is one of Virginia's premier backpacking routes, delivering waterfalls, rocky knife-edge climbs, and big Appalachian vistas south of Wintergreen. Expect strenuous terrain, overnight camping zones, and bragging rights after tackling this rugged circuit.","","","https://ik.imagekit.io/OE/nelson-county/listings/three-ridges-image1_FeDL-sZPk","Small waterfall flowing over rocks, surrounded by autumn leaves and trees.","","","","","","","","","(434) 263-7015","Reeds Gap Trailhead, Route 664, Roseland, VA 22967","josh","","","https://www.google.com/maps/dir/?api=1&destination=Reeds%20Gap%20Trailhead%2C%20Route%20664%2C%20Roseland%2C%20VA%2022967","","","","","","Hiking; Biking; Appalachian Trail; Water Sports","false","https://www.google.com/maps/dir/?api=1&destination=Reeds%20Gap%20Trailhead%2C%20Route%20664%2C%20Roseland%2C%20VA%2022967"
"91","Stoney Creek Park","stoney-creek-park","Hikes & Trails","outdoor","Wintergreen Resort","Experience the serene beauty of Stoney Creek Park, a community linear park designed for families and nature lovers. Stroll along the picturesque creekside path that winds through lush landscapes, and take advantage of the newly established picnic areas and comfortable benches for relaxation. With gentle terrain and inviting surroundings, this park is perfect for leisurely walks and quality time spent outdoors. Embrace the tranquility and charm that await, making every visit a refreshing escape into nature.","","","https://ik.imagekit.io/OE/nelson-county/listings/stoney-creek-park-image1_Jb225aVyuc","White flowers blooming among lush green leaves in a forest setting.","","","","","","","","","(434) 263-7015","Stoney Creek West Drive, Nellysford, VA 22958","josh","","","https://www.google.com/maps/dir/?api=1&destination=Stoney%20Creek%20West%20Drive%2C%20Nellysford%2C%20VA%2022958","","","","","","Picnic Area; Family Friendly; Parking; Biking; Hiking","false","https://www.google.com/maps/dir/?api=1&destination=Stoney%20Creek%20West%20Drive%2C%20Nellysford%2C%20VA%2022958"
"92","Spy Rock","spy-rock","Hikes & Trails","outdoor","Montebello","Spy Rock's soaring granite dome remains open via a 6.5-mile round-trip hike from Meadows Lane (SR 826) after the fish hatchery lot closure. Alternative 6.5-mile round-trip route to Spy Rock via Meadows Lane featuring sustained climbs, rocky scrambles, and sweeping summit panoramas.","","","https://ik.imagekit.io/OE/nelson-county/listings/spy-rock-image1_1KwRYk5CN","Hikers standing on rocky summit under cloudy blue sky, overlooking green mountains.","","","","","","","","","(540) 265-5100","Meadows Lane (SR 826) Trailhead, Montebello, VA 24464","josh","","","https://www.google.com/maps/dir/?api=1&destination=Meadows%20Lane%20%28SR%20826%29%20Trailhead%2C%20Montebello%2C%20VA%2024464","","","","","","Biking; Fishing; Hiking; Scenic Views","false","https://www.google.com/maps/dir/?api=1&destination=Meadows%20Lane%20%28SR%20826%29%20Trailhead%2C%20Montebello%2C%20VA%2024464"
"93","Spruce Creek Park","spruce-creek-park","Hikes & Trails","outdoor","Nellysford","Spruce Creek Park anchors the Rockfish Valley Loop Trail system at Route 151, offering sunrise-to-sunset access to TRACK trails, a native plant garden, butterfly walk, geology trail, and the Rockfish Valley Foundation Natural History Center.","","","https://ik.imagekit.io/OE/nelson-county/listings/spruce-creek-park-image1_dQTxUZJOD","Tall green thistles with spiky leaves against dense forest backdrop.","","","","","","","","","(434) 361-0271","1368 Rockfish Valley Highway, Nellysford, VA 22958","josh","","","https://www.google.com/maps/dir/?api=1&destination=1368%20Rockfish%20Valley%20Highway%2C%20Nellysford%2C%20VA%2022958","","","","","","Hiking; Biking; Fishing","false","https://www.google.com/maps/dir/?api=1&destination=1368%20Rockfish%20Valley%20Highway%2C%20Nellysford%2C%20VA%2022958"
"94","Rockfish Valley Loop Trails","rockfish-valley-loop-trails","Hikes & Trails","outdoor","Nellysford","Explore the scenic Rockfish Valley Loop Trails, a flat four-mile network offering picturesque views of the Blue Ridge Mountains. Wander along well-maintained paths that meander through lush landscapes, featuring birdwatching hotspots and informative interpretive signage. This serene route, tracing the peaceful banks of the Rockfish River and Reid's Creek, beautifully combines nature and history, making it an ideal destination for outdoor enthusiasts and families alike.","","","https://ik.imagekit.io/OE/nelson-county/listings/rockfish-valley-loop-trails-image1_pCdYf7Kn0","Wooden footbridge crossing over rocky ground, surrounded by lush green trees.","","","","","","","","","(434) 361-0126","Rockfish Valley Loop Trailhead, 1368 Rockfish Valley Highway, Nellysford, VA 22958","josh","","","https://www.google.com/maps/dir/?api=1&destination=Rockfish%20Valley%20Loop%20Trailhead%2C%201368%20Rockfish%20Valley%20Highway%2C%20Nellysford%2C%20VA%2022958","","","","","","Hiking; Educational; Biking; Farm; Water Sports; Fishing","false","https://www.google.com/maps/dir/?api=1&destination=Rockfish%20Valley%20Loop%20Trailhead%2C%201368%20Rockfish%20Valley%20Highway%2C%20Nellysford%2C%20VA%2022958"
"130","Quarry Gardens at Schuyler","quarry-gardens-at-schuyler","Hikes & Trails","outdoor","Schuyler","Discover the enchanting Quarry Gardens at Schuyler, a stunning 40-acre oasis where restored soapstone quarries have been transformed into vibrant native plant gardens. Explore two miles of scenic trails that wind through diverse habitat galleries, offering a unique opportunity to connect with nature. Join our guided ecology tours to learn about the rich biodiversity and the ecological significance of this remarkable landscape. Whether you're a nature enthusiast or simply seeking a peaceful escape, the Quarry Gardens promise an unforgettable experience.","","","https://ik.imagekit.io/OE/nelson-county/listings/quarry-gardens-at-schuyler-image1_jw6Y3UBV0","Rocky cliffside and trees reflected in a calm, clear lake.","","","","","","","","","(434) 939-1005","1643 Salem Road, Schuyler, VA 22969","josh","","","https://www.google.com/maps/dir/?api=1&destination=1643%20Salem%20Road%2C%20Schuyler%2C%20VA%2022969","","","","","","Biking; Hiking","false","https://www.google.com/maps/dir/?api=1&destination=1643%20Salem%20Road%2C%20Schuyler%2C%20VA%2022969"
"156","Kids in Parks: Rockfish River Trailhead","kids-in-parks-rockfish-river-trailhead","Hikes & Trails","outdoor","Nellysford","Discover the Kids in Parks Rockfish River Trailhead, where a picturesque one-mile loop offers families a unique opportunity to explore nature together. This self-guided trail features engaging story walk signage and showcases diverse riparian habitats, making it perfect for young adventurers. Enjoy a flat, accessible route that invites children and parents alike to connect with the great outdoors along the scenic Blue Ridge Parkway.","","","https://ik.imagekit.io/OE/nelson-county/listings/kids-in-parks-rockfish-river-trailhead-image1_QtOY0MxuS","Bare trees by a flowing stream, mountain and clear sky in background.","","","","","","","","","(434) 226-0446","Rockfish River Trailhead, 1368 Rockfish Valley Highway, Nellysford, VA 22958","josh","","","https://www.google.com/maps/dir/?api=1&destination=Rockfish%20River%20Trailhead%2C%201368%20Rockfish%20Valley%20Highway%2C%20Nellysford%2C%20VA%2022958","","","","","","Adventure; Hiking; Biking; Water Sports; Fishing","false","https://www.google.com/maps/dir/?api=1&destination=Rockfish%20River%20Trailhead%2C%201368%20Rockfish%20Valley%20Highway%2C%20Nellysford%2C%20VA%2022958"
"163","Brew Ridge Trail","brew-ridge-trail","Hikes & Trails","outdoor","Nelson County","The Brew Ridge Trail is a self-guided tour featuring six of the nation's best craft breweries. With everything from lagers to stouts, there's something for everyone along the trail.","","","https://ik.imagekit.io/OE/nelson-county/listings/brew-ridge-trail-image1_Ok2KK-HVc","Circular logo with beer glasses, text: 'Brew Ridge Trail, Virginia's Original Beer Trail.'","","","","","","","","","(434) 263-7015","Route 151 Craft Beverage Corridor, Nelson County, VA 22958","josh","","","https://www.google.com/maps/dir/?api=1&destination=Route%20151%20Craft%20Beverage%20Corridor%2C%20Nelson%20County%2C%20VA%2022958","","","","","","Beer; Hiking; Tastings; Scenic Views; Biking","false","https://www.google.com/maps/dir/?api=1&destination=Route%20151%20Craft%20Beverage%20Corridor%2C%20Nelson%20County%2C%20VA%2022958"
"164","Nelson 151","nelson-151","Hikes & Trails","outdoor","Nellysford","This northern part of Nelson County is home to 5 wineries, 3 breweries, 1 cidery, cozy Bed & Breakfasts, friendly farmers, spectacular views, and so much more.","","","https://ik.imagekit.io/OE/nelson-county/listings/nelson-151-image1_pBBP3u1qZ","Mountain silhouette with text 'NELSON 151' on dark blue shield.","","","","","","","","","(434) 263-7015","Route 151, Nellysford, VA 22958","josh","","","https://www.google.com/maps/dir/?api=1&destination=Route%20151%2C%20Nellysford%2C%20VA%2022958","","","","","","Beer; Cider; Spirits; Hiking; Scenic Views; Biking; Farm; Tastings; Fishing","false","https://www.google.com/maps/dir/?api=1&destination=Route%20151%2C%20Nellysford%2C%20VA%2022958"
"165","Nelson 29","nelson-29","Hikes & Trails","outdoor","Lovingston","29 connecting breweries, wineries, and distilleries between Arrington and Faber. Nelson 29 craft beverage route along U.S.","","","https://ik.imagekit.io/OE/nelson-county/listings/nelson-29-image1_U00mTb8Bmc","Green shield with 'Nelson 29 Craft Beverage Trail' text and mountain silhouette.","","","","","","","","","(434) 263-7015","Route 29 Corridor, Lovingston, VA 22949","josh","","","https://www.google.com/maps/dir/?api=1&destination=Route%2029%20Corridor%2C%20Lovingston%2C%20VA%2022949","","","","","","Wine; Spirits; Hiking; Scenic Views; Biking; Beer","false","https://www.google.com/maps/dir/?api=1&destination=Route%2029%20Corridor%2C%20Lovingston%2C%20VA%2022949"
"170","Nelson Scoops","nelsonscoops","Restaurants","taste","Lovingston","As a family-founded establishment, we have a passion for creating delectable treats that bring joy to our local community. At Nelson Scoops, we offer much more than just your average ice cream parlor experience.","","","https://ik.imagekit.io/OE/nelson-county/listings/nelson-scoops-image1_uomigoG-v","Three ice cream cones on dark surface, different flavors, garnished with chocolate shavings.","","","","695d1d645c7cd75eb86268c4","","","695d1d7a5c7cd75eb862ddf4","","(434) 263-0003","8203 Thomas Nelson Highway, Lovingston, VA 22949","WG","","","https://www.google.com/maps/dir/?api=1&destination=8203%20Thomas%20Nelson%20Highway%2C%20Lovingston%2C%20VA%2022949","","","","","","Desserts; Family Friendly","true","https://www.google.com/maps/dir/?api=1&destination=8203%20Thomas%20Nelson%20Highway%2C%20Lovingston%2C%20VA%2022949"
"167","Virginia Spirits Trail","virginia-spirits-trail","Hikes & Trails","outdoor","Commonwealth of Virginia","Here in Virginia, we take great pride in putting our souls into every bottle of distilled spirits because we know that small batches take time, heart, and spirit. We believe in farm to bottle, continuously focusing on the small batches.","","","https://ik.imagekit.io/OE/nelson-county/listings/virginia-spirits-trail-image1_dZvNEofPr","White cursive text 'Virginia Spirits' on dark blue background.' (8 words)","","","","","","","","","(804) 786-5120","Virginia Spirits Trail, Commonwealth of Virginia","josh","","","https://www.google.com/maps/dir/?api=1&destination=Virginia%20Spirits%20Trail%2C%20Commonwealth%20of%20Virginia","","","","","","Spirits; Tastings; Hiking; Farm; Scenic Views; Biking","false","https://www.google.com/maps/dir/?api=1&destination=Virginia%20Spirits%20Trail%2C%20Commonwealth%20of%20Virginia"
"172","Crestvue Cottage","crestvue-cottage","Cabins & Cottages","stay","Arrington","Crestvue Cottage is a renovated 340 sq ft farm guest house with hiking trails, stargazing deck, and full kitchenette minutes from Route 29 wineries. Wake up to rolling pasture views, wander the farm's private hiking loops, then end the night on a dedicated stargazing deck with a Route 29 vintage in hand.","","","https://ik.imagekit.io/OE/nelson-county/listings/crestvue-cottage-image1_Mm7x0OQyf","White house with balcony, surrounded by green lawn and trees under blue sky.","","https://ik.imagekit.io/OE/nelson-county/listings/crestvue-cottage-image2_yyVLXAeNY","Cozy living room with kitchenette, TV, rug, and wooden stairs.","","","","","","","Arrington, VA 22922","josh","","","https://www.google.com/maps/dir/?api=1&destination=Arrington%2C%20VA%2022922","","","","","","Farm; Outdoor Seating; Full Kitchen; Cabins; Lodging","false","https://www.google.com/maps/dir/?api=1&destination=Arrington%2C%20VA%2022922"
"173","Sentosa Cabin","sentosa-cabin","Cabins & Cottages","stay","Schuyler","Sentosa Cabin is a one-bedroom woodland retreat with mountain views, Wi-Fi, full kitchen, and two miles of private trails to the Rockfish River. Two miles of private woodland trail connect Sentosa Cabin to the Rockfish River, so you can hike to swimming holes before returning to the full kitchen for dinner.","","","https://ik.imagekit.io/OE/nelson-county/listings/sentosa-cabin-image1_ffHRrfeUG-","Wooden cabin with green metal roof, surrounded by lush trees and sunlight.","","https://ik.imagekit.io/OE/nelson-county/listings/sentosa-cabin-image2_tXL4mojV8","Cozy wooden kitchen with white appliances, circular table, and sunlight through windows.","","","","","","","Nellysford, VA 22958","josh","","","https://www.google.com/maps/dir/?api=1&destination=Nellysford%2C%20VA%2022958","","","","","","Scenic Views; Cabins; Outdoor Seating; Wi-Fi; Full Kitchen; Lodging; Water Sports; Fishing","false","https://www.google.com/maps/dir/?api=1&destination=Nellysford%2C%20VA%2022958"
"174","Roudy's Retreat","roudys-retreat","Whole House Rentals","stay","Montebello","Inside, the open kitchen and multiple sleep spaces comfortably host up to ten guests for winery weekends or fishing-focused family reunions. Escape to this spacious retreat with a hot tub and everything else you need to get away.","","","https://ik.imagekit.io/OE/nelson-county/listings/roudy-s-retreat-image1_1WMwk-J25","Cabin with green roof near a pond, surrounded by trees.","","https://ik.imagekit.io/OE/nelson-county/listings/roudy-s-retreat-image2_RMFc_3AWu","Rustic living room with wood walls, cozy seating, and a red wood stove.","","","","","","","Roseland, VA 22967","josh","","","https://www.google.com/maps/dir/?api=1&destination=Roseland%2C%20VA%2022967","","","","","","Outdoor Seating; Full Kitchen; Pet Friendly; Cabins; Lodging; Tastings; Fishing","false","https://www.google.com/maps/dir/?api=1&destination=Roseland%2C%20VA%2022967"
"175","Pachi's Ridge","pachis-ridge","Cabins & Cottages","stay","Nellysford","Pachi's Ridge is a modern three-bedroom cabin on 40 acres with Blue Ridge views, upgraded kitchen, and access to hiking trails and the Rockfish River. Follow the path to the Rockfish River for paddling or simply unplug in the modern three-bedroom cabin that balances contemporary finishes with full immersion in nature.","","","https://ik.imagekit.io/OE/nelson-county/listings/pachi-s-ridge-image1_DxNkYbmjVP","Blue house with wraparound porch, surrounded by trees, overcast sky.","","https://ik.imagekit.io/OE/nelson-county/listings/pachi-s-ridge-image2_axMVH5UU0","Cozy dining area with round table, chairs, and nearby stone fireplace in living room.","","","","","","","Nellysford, VA 22958","josh","","","https://www.google.com/maps/dir/?api=1&destination=Nellysford%2C%20VA%2022958","","","","","","Scenic Views; Seasonal Menu; Cabins; Full Kitchen; Lodging; Water Sports; Fishing","false","https://www.google.com/maps/dir/?api=1&destination=Nellysford%2C%20VA%2022958"
"176","Boogie Nights Manor","boogie-nights-manor","Cabins & Cottages","stay","Afton","Sleeping twelve with pet-friendly policies, the home lets your group hop between tasting rooms by day and host vinyl-listening parties or hot tub hangs by night. A custom home designed and built by the inventor of the hot dog conveyer machine.","","","https://ik.imagekit.io/OE/nelson-county/listings/boogie-nights-manor-image1_CDb_i8QRg","Modern two-story building with red frames, large windows, surrounded by greenery.","","https://ik.imagekit.io/OE/nelson-county/listings/boogie-nights-manor-image2_G1ZiQ4uBE","Spacious living room with stone fireplace, elephant decor, and large windows.","","","","","","","Afton, VA 22920","josh","","","https://www.google.com/maps/dir/?api=1&destination=Afton%2C%20VA%2022920","","","","","","Pet Friendly; Cabins; Lodging; Tastings","false","https://www.google.com/maps/dir/?api=1&destination=Afton%2C%20VA%2022920"
"177","The Big Tiny House","the-big-tiny-house","Cabins & Cottages","stay","Afton","Escape to The Big Tiny House, a luxurious getaway featuring the innovative Escape Traveler XL design. Enjoy a fully equipped kitchen, unwind in the indulgent soaking tub, and relax in the cozy sleeping loft. Conveniently located with access to the scenic Brew Ridge Trail, this tiny home combines modern elegance with outdoor adventure, making it the perfect retreat for your next vacation.","","","https://ik.imagekit.io/OE/nelson-county/listings/the-big-tiny-house-image1_NJ-bDVgrT","Wooden tiny house at night with string lights and colorful outdoor chairs.","","https://ik.imagekit.io/OE/nelson-county/listings/the-big-tiny-house-image2_4wefjR0NbD","Wooden tiny home interior with large windows, sofa, table, and ceiling fan.","","","","","","","Afton, VA 22920","josh","","","https://www.google.com/maps/dir/?api=1&destination=Afton%2C%20VA%2022920","","","","","","Full Kitchen; Pet Friendly; Cabins; Lodging","false","https://www.google.com/maps/dir/?api=1&destination=Afton%2C%20VA%2022920"
"178","Rusty's Retreat","rustys-retreat","Cabins & Cottages","stay","Afton","Rusty's Retreat offers a cozy escape along the scenic Brew Ridge Trail, featuring a charming micro-cabin equipped with a queen bed and a convenient kitchenette. Enjoy your own private fire pit, perfect for evenings under the stars. Additionally, your stay supports local animal rescue efforts, making your getaway not only relaxing but also meaningful. Experience the tranquility of nature while indulging in the comforts of home at Rusty's Retreat.","","","https://ik.imagekit.io/OE/nelson-county/listings/rusty-s-retreat-image1_lpTky49pW","Tiny wooden house with garden, surrounded by trees and plants.","","https://ik.imagekit.io/OE/nelson-county/listings/rusty-s-retreat-image2_HT9XZp_S6","Cozy wooden tiny house interior with kitchenette, bed, and large windows.","","","","","","","Afton, VA 22920","josh","","","https://www.google.com/maps/dir/?api=1&destination=Afton%2C%20VA%2022920","","","","","","Cabins; Outdoor Seating; Coffee; Bar; Tea; Full Kitchen; Lodging","false","https://www.google.com/maps/dir/?api=1&destination=Afton%2C%20VA%2022920"
"179","Village Inn","village-inn","Motels & Inns","stay","Lovingston","Nestled along U.S. Highway, Village Inn offers 23 comfortable rooms designed for a relaxing stay. Our convenient location makes it easy for guests to explore nearby attractions while enjoying modern amenities and warm hospitality. Whether you’re traveling for business or leisure, Village Inn is your ideal home away from home. Experience comfort and convenience in a charming setting that welcomes all visitors.","","","https://ik.imagekit.io/OE/nelson-county/listings/village-inn-image1_65Nlj2gB-","Sign reads 'VILLAGE INN' against a wooded background.","","https://ik.imagekit.io/OE/nelson-county/listings/village-inn-image2_cCjQ-qI7m","Two double beds with patterned covers in a hotel room.","","","","","","(434) 295-2161","79 Tanbark Plaza, Lovingston, VA 22949","josh","","","https://www.google.com/maps/dir/?api=1&destination=79%20Tanbark%20Plaza%2C%20Lovingston%2C%20VA%2022949","","","","","","Lodging","false","https://www.google.com/maps/dir/?api=1&destination=79%20Tanbark%20Plaza%2C%20Lovingston%2C%20VA%2022949"
"180","Cozy Mountain Cottage","cozy-mountain-cottage","Cabins & Cottages","stay","Nellysford","Cozy Mountain Cottage is a family-friendly rental near Route 151 with wraparound views, porch seating, and proximity to Wintergreen and breweries. Cozy Mountain Cottage frames wraparound Blue Ridge views from its porches, giving families a relaxed home base between Wintergreen Resort and the Route 151 beverage trail.","","","https://ik.imagekit.io/OE/nelson-county/listings/cozy-mountain-cottage-image1_rghxtSZT6","Firepit with wooden chairs surrounded by trees and cabin.","","https://ik.imagekit.io/OE/nelson-county/listings/cozy-mountain-cottage-image2_xB5E2f_w3","Cozy living room with brown recliners, stairs, and a patterned rug.","","","","","","","Roseland, VA 22967","josh","","","https://www.google.com/maps/dir/?api=1&destination=Roseland%2C%20VA%2022967","","","","","","Scenic Views; Wi-Fi; Full Kitchen; Outdoor Seating; Family Friendly; Cabins; Lodging","false","https://www.google.com/maps/dir/?api=1&destination=Roseland%2C%20VA%2022967"
"181","Piedmont Grove Lodging","piedmont-grove-lodging","Motels & Inns","stay","Roseland","Piedmont Grove Lodging offers ten hotel-style suites near Route 151 with nightly stays, Dream Cloud mattresses, and professional cleanings. Exceptional Cleanliness: Every stay is followed by a professional cleaning, including fresh linens and duvets, ensuring a pristine and comfortable environment.","","","https://ik.imagekit.io/OE/nelson-county/listings/piedmont-grove-lodging-image1_Pwo1n1wDJ","Children playing with autumn leaves near treehouses in a forest.","","https://ik.imagekit.io/OE/nelson-county/listings/piedmont-grove-lodging-image2_IR18dHCQ4","Bed with white sheets, abstract wall art, and small bedside table.","","","","","","(434) 361-1100","76 Rodes Farm Drive, Nellysford, VA 22958","josh","","","https://www.google.com/maps/dir/?api=1&destination=76%20Rodes%20Farm%20Drive%2C%20Nellysford%2C%20VA%2022958","","","","","","Lodging","false","https://www.google.com/maps/dir/?api=1&destination=76%20Rodes%20Farm%20Drive%2C%20Nellysford%2C%20VA%2022958"
"182","Beech Grove Farmhouse","beech-grove-farmhouse","Cabins & Cottages","stay","Roseland","Nestled in the foothills of the Blue Ridge Mountains, Beech Grove Farmhouse is a charming three-bedroom, two-bathroom home that beautifully blends historic character with modern comforts. Located directly across from Devils Backbone, this early-century farmhouse offers stunning mountain views and a cozy fire pit, perfect for unwinding after a day of adventures. Experience the tranquility and natural beauty of the area while enjoying all the amenities needed for a memorable getaway.","","","https://ik.imagekit.io/OE/nelson-county/listings/beech-grove-farmhouse-image1_-tmmYsyRbM","White house with porch, green lawn, trees, and blue sky in background.","","https://ik.imagekit.io/OE/nelson-county/listings/beech-grove-farmhouse-image2_NDEvWcXii","Cozy living room with sofas, TV, and stairs. Neutral tones and natural light.","","","","","","","9519 Critzers Shop Road, Afton, VA 22920","josh","","","https://www.google.com/maps/dir/?api=1&destination=9519%20Critzers%20Shop%20Road%2C%20Afton%2C%20VA%2022920","","","","","","Wi-Fi; Full Kitchen; Scenic Views; Cabins; Lodging","false","https://www.google.com/maps/dir/?api=1&destination=9519%20Critzers%20Shop%20Road%2C%20Afton%2C%20VA%2022920"
"183","Straw Bale House","straw-bale-house","Whole House Rentals","stay","Afton","Straw Bale House is an eco-friendly custom home on 70 acres near breweries with farm animals, fresh eggs, and private hiking. The hand-built Straw Bale House stays cool in summer and cozy in winter, thanks to its eco-friendly construction on 70 acres of fields and woods.","","","https://ik.imagekit.io/OE/nelson-county/listings/straw-bale-house-image1_uKxQeVydj","Lush green valley with scattered houses, surrounded by blue mountains under clear sky.","","https://ik.imagekit.io/OE/nelson-county/listings/straw-bale-house-image2_EdnL-Ys70","Cozy bedroom with iron bed, red bedding, wooden beams, and lit lamp.","","","","","","","Nellysford, VA 22958","josh","","","https://www.google.com/maps/dir/?api=1&destination=Nellysford%2C%20VA%2022958","","","","","","Farm; Breakfast; Lodging","false","https://www.google.com/maps/dir/?api=1&destination=Nellysford%2C%20VA%2022958"
"184","Blue Ridge Bliss","blue-ridge-bliss","Whole House Rentals","stay","Roseland","Updated, well appointed and received consistent fiive star ratings.","","","https://ik.imagekit.io/OE/nelson-county/listings/blue-ridge-bliss-image1_zEMtyl2hT","Gray apartment building with balconies, surrounded by trees and stone landscaping.","","https://ik.imagekit.io/OE/nelson-county/listings/blue-ridge-bliss-image2_4y2T5WBnE","Cozy living room with beige sofa, colorful cushions, and nature wall art.","","","","","","","46 Ledges Lane, Wintergreen, VA 22958","josh","","","https://www.google.com/maps/dir/?api=1&destination=46%20Ledges%20Lane%2C%20Wintergreen%2C%20VA%2022958","","","","","","Cabins; Full Kitchen; Lodging; Pet Friendly; Resort; Scenic Views; Tastings","false","https://www.google.com/maps/dir/?api=1&destination=46%20Ledges%20Lane%2C%20Wintergreen%2C%20VA%2022958"
"185","Stays at Lovingston Winery","stays-at-lovingston-winery","Cabins & Cottages","stay","Lovingston","Experience the enchanting charm of Stays at Lovingston Winery, where your overnight getaway transforms into a captivating wine-country adventure. Indulge in breathtaking vineyard sunsets, explore the intricacies of our barrel room on guided tours, and savor exquisite catered pairings that elevate your palate. Discover the perfect blend of relaxation and exploration, making your stay truly unforgettable.","","","https://ik.imagekit.io/OE/nelson-county/listings/stays-at-lovingston-winery-image1_B_V5brmYB","White house with red door, surrounded by large green trees.","","https://ik.imagekit.io/OE/nelson-county/listings/stays-at-lovingston-winery-image2_VLF1AqscC","Log cabin surrounded by lush trees, gravel path leading to porch.","","","","","","(434) 263-8467","885 Freshwater Cove Lane, Lovingston, VA 22949","josh","","","https://www.google.com/maps/dir/?api=1&destination=885%20Freshwater%20Cove%20Lane%2C%20Lovingston%2C%20VA%2022949","","","","","","Wine; Cabins; Lodging; Dinner; Tastings; Farm","false","https://www.google.com/maps/dir/?api=1&destination=885%20Freshwater%20Cove%20Lane%2C%20Lovingston%2C%20VA%2022949"
"186","The Cottage at Pines End","the-cottage-at-pines-end","Cabins & Cottages","stay","Arrington","Discover The Cottage at Pines End, a charming retreat featuring an inviting hot tub and a spacious wraparound deck perfect for soaking in the stunning mountain views. Inside, a cozy gas fireplace adds warmth and ambiance, making it an ideal getaway year-round. Explore scenic trails that lead you to the serene Tye River and the picturesque Blue Ridge Railway Trail, offering endless opportunities for outdoor adventure. Experience the perfect blend of comfort and nature at this tranquil cottage.","","","https://ik.imagekit.io/OE/nelson-county/listings/the-cottage-at-pines-end-image1_IAgIW2t47","House with solar panels, front porch, rocking chairs, surrounded by trees.","","https://ik.imagekit.io/OE/nelson-county/listings/the-cottage-at-pines-end-image2_cm3rgz8Vk","Cozy living room with stone fireplace, leather sofas, wooden floors, and large windows.","","","","","","","Arrington, VA 22922","josh","","","https://www.google.com/maps/dir/?api=1&destination=Arrington%2C%20VA%2022922","","","","","","Outdoor Seating; Pet Friendly; Scenic Views; Water Sports","false","https://www.google.com/maps/dir/?api=1&destination=Arrington%2C%20VA%2022922"
"187","Woodson's Mill House","woodsons-mill-house","Whole House Rentals","stay","Roseland","Woodson's Mill House is a craftsman retreat beside historic Woodson's Mill with lake access, wooded acreage, and convenient access to Charlottesville and Wintergreen. Woodson's Mill House backs up to the historic gristmill and a spring-fed lake, creating a storybook backdrop for a craftsman-style retreat.","","","https://ik.imagekit.io/OE/nelson-county/listings/woodson-s-mill-house-image1_4Inlp4G5X","Stone house with green roof surrounded by trees in autumn.","","https://ik.imagekit.io/OE/nelson-county/listings/woodson-s-mill-house-image2_vZTKxv4MMY","Large wooden dining table, patterned rug, stone fireplace, chandelier, framed art on walls.","","","","","","","3211 Lowesville Road, Roseland, VA 22967","josh","","","https://www.google.com/maps/dir/?api=1&destination=3211%20Lowesville%20Road%2C%20Roseland%2C%20VA%2022967","","","","","","Scenic Views; Pet Friendly; Cabins; Lodging; Farm; Tastings","false","https://www.google.com/maps/dir/?api=1&destination=3211%20Lowesville%20Road%2C%20Roseland%2C%20VA%2022967"
"188","Harmony Hill Bed & Breakfast","harmony-hill-bed-and-breakfast","Bed and Breakfast","stay","Arrington","Experience a peaceful retreat at Harmony Hill Bed & Breakfast, where six uniquely themed guest rooms invite you to unwind in comfort, each featuring a private bath and many with cozy fireplaces. Start your day with a hearty country breakfast, then relax on the porch swings while taking in stunning views of the picturesque Route 29 wine country. Whether you're exploring nearby wineries or seeking a serene getaway, our welcoming atmosphere ensures an unforgettable stay.","","","https://ik.imagekit.io/OE/nelson-county/listings/harmony-hill-bed-breakfast-image1_RKNENpGmn","Brown wooden house with dormer windows, surrounded by trees and grassy lawn.","","https://ik.imagekit.io/OE/nelson-county/listings/harmony-hill-bed-breakfast-image2_3XvmHXiWy","Cozy cabin living room with brown sofa, stone fireplace, and wooden accents.","","","","","","(434) 263-7750","929 Wilson Hill Road, Arrington, VA 22922","josh","","","https://www.google.com/maps/dir/?api=1&destination=929%20Wilson%20Hill%20Road%2C%20Arrington%2C%20VA%2022922","","","","","","Breakfast; Scenic Views; Lodging; Hiking; Tastings; Water Sports","false","https://www.google.com/maps/dir/?api=1&destination=929%20Wilson%20Hill%20Road%2C%20Arrington%2C%20VA%2022922"
"189","Spyrock Lodge","spyrock-lodge","Cabins & Cottages","stay","Montebello","Spyrock Lodge is a secluded two-bedroom cabin on 11 acres bordering the Appalachian Trail with Wi-Fi, heat/AC, and optional micro cabin. Fully furnished secluded cabin on 11 acres of land next to George Washington National Forest/Appalachian Trail.","","","https://ik.imagekit.io/OE/nelson-county/listings/spyrock-lodge-image1_UEWaQhSJm","Modern small cabin with gray walls, red door, and white railing, surrounded by trees.","","https://ik.imagekit.io/OE/nelson-county/listings/spyrock-lodge-image2_gdCdtVVjL","Living room with wooden furniture, large windows, and vaulted ceiling.","","","","","","","Montebello, VA 24464","josh","","","https://www.google.com/maps/dir/?api=1&destination=Montebello%2C%20VA%2024464","","","","","","Cabins; Wi-Fi; Lodging; Appalachian Trail","false","https://www.google.com/maps/dir/?api=1&destination=Montebello%2C%20VA%2024464"
"190","The Retreat at Crabtree Falls","the-retreat-at-crabtree-falls","Cabins & Cottages","stay","Tyro","Each accommodation provides bedrooms, full kitchens, and generous living rooms for families and groups, while onsite trails connect directly to Crabtree Falls and mountain viewpoints. A dedicated hospitality team keeps spaces immaculate, arranges hikes, fishing, and winery excursions, and answers special requests so guests enjoy a secluded yet fully supported Blue Ridge escape.","","","https://ik.imagekit.io/OE/nelson-county/listings/the-retreat-at-crabtree-falls-image1_0h8Rx4Mea","Rustic cabin with stone chimney surrounded by colorful autumn trees on hillside.","","https://ik.imagekit.io/OE/nelson-county/listings/the-retreat-at-crabtree-falls-image2_8JC6n6CHHy","Cozy log cabin living room with stone fireplace, bookshelf, and rustic decor.","","","","","","(434) 207-2230","10777 Crabtree Falls Highway, Tyro, VA 22976","josh","","","https://www.google.com/maps/dir/?api=1&destination=10777%20Crabtree%20Falls%20Highway%2C%20Tyro%2C%20VA%2022976","","","","","","Lodging; Cabins; Scenic Views; Water Sports; Tastings; Fishing","false","https://www.google.com/maps/dir/?api=1&destination=10777%20Crabtree%20Falls%20Highway%2C%20Tyro%2C%20VA%2022976"
"191","Point of View","point-of-view","Cabins & Cottages","stay","Roseland","Point of View is a five-bedroom, 5.5-bath Wintergreen resort home with panoramic mountain views, dual entertaining levels, hot tub, game room, and chef kitchen.","","","https://ik.imagekit.io/OE/nelson-county/listings/point-of-view-image1_xsk3WSAG3","Snow-covered landscape with bare trees, mountains, and blue sky with clouds.","","https://ik.imagekit.io/OE/nelson-county/listings/point-of-view-image2_F7HbHWOzm","Spacious living room with high wooden ceiling and stone fireplace, cozy seating area.","","","","","","","Wintergreen Resort, Roseland, VA 22967","josh","","","https://www.google.com/maps/dir/?api=1&destination=Wintergreen%20Resort%2C%20Roseland%2C%20VA%2022967","","","","","","Scenic Views; Full Kitchen; Cabins; Lodging","false","https://www.google.com/maps/dir/?api=1&destination=Wintergreen%20Resort%2C%20Roseland%2C%20VA%2022967"
"192","The Inn at Blue Mountain Brewery","the-inn-at-blue-mountain-brewery","Cabins & Cottages","stay","Afton","The Inn at Blue Mountain Brewery is a 4,000 sq ft Cape Cod home beside the brewery with wraparound porch, hot tub, fire pit, and private path to the taproom.","","","https://ik.imagekit.io/OE/nelson-county/listings/the-inn-at-blue-mountain-brewery-image1_iQ5F3SfRK","White house with porch, surrounded by trees and manicured lawn under blue sky.","","https://ik.imagekit.io/OE/nelson-county/listings/the-inn-at-blue-mountain-brewery-image2_cvp8LorNA","Living room with beige sofas, red rug, fireplace, and large windows.","","","","","","","9519 Critzers Shop Road, Afton, VA 22920","josh","","","https://www.google.com/maps/dir/?api=1&destination=9519%20Critzers%20Shop%20Road%2C%20Afton%2C%20VA%2022920","","","","","","Pool; Beer; Outdoor Seating; Cabins; Lodging; Tastings","false","https://www.google.com/maps/dir/?api=1&destination=9519%20Critzers%20Shop%20Road%2C%20Afton%2C%20VA%2022920"
"193","Gracewood","gracewood","Cabins & Cottages","stay","Afton","Gracewood is a charming modern cottage nestled just off Route 151, offering a serene escape surrounded by nature. Enjoy two miles of private trails that lead you directly into the heart of the local wine and beer scene, perfect for adventurous tastings. With its peaceful setting and convenient access to nearby wineries and breweries, Gracewood is the ideal retreat for relaxation and exploration.","","","https://ik.imagekit.io/OE/nelson-county/listings/gracewood-image1_M-DOchOiM","Lush garden with green shrubs and small building in background.","","https://ik.imagekit.io/OE/nelson-county/listings/gracewood-image2_xJfVn-RK6k","Modern kitchen with white cabinets, black countertops, and island with place settings.","","","","","","","Nellysford, VA 22958","josh","","","https://www.google.com/maps/dir/?api=1&destination=Nellysford%2C%20VA%2022958","","","","","","Cabins; Lodging","false","https://www.google.com/maps/dir/?api=1&destination=Nellysford%2C%20VA%2022958"
"194","The Chimneys","the-chimneys","Cabins & Cottages","stay","Montebello","The Chimneys is an 1800s hand-hewn log cabin for unplugged stays, ideal for guests seeking a rustic, off-grid Nelson County experience. Stays at The Chimneys feel like traveling back to the 1800s: a hand-hewn log cabin, no distractions, and pure Nelson County forest for an off-grid reset.","","","https://ik.imagekit.io/OE/nelson-county/listings/the-chimneys-image1_u5cR87lJ9","Log cabin with stone chimney surrounded by lush green forest.","","https://ik.imagekit.io/OE/nelson-county/listings/the-chimneys-image2_sNFxu8Fy4p","Modern kitchen with blue island, pendant light, and stainless appliances.","","","","","","","Roseland, VA 22967","josh","","","https://www.google.com/maps/dir/?api=1&destination=Roseland%2C%20VA%2022967","","","","","","Cabins; Adventure; Lodging","false","https://www.google.com/maps/dir/?api=1&destination=Roseland%2C%20VA%2022967"
"195","The Carriage House at Stagebridge Farm","the-carriage-house-at-stagebridge-farm","Bed and Breakfast","stay","Lovingston","Escape to The Carriage House at Stagebridge Farm, a charming bed and breakfast nestled above the farm's workshop. This inviting studio loft features a luxurious king bed, an EV charging station, and a private balcony where you can soak in breathtaking sunrise views while enjoying the crisp mountain air. With fast Wi-Fi to keep you connected, you can easily explore the rich history of Lovingston, home to the Lovingston Historic District and the courthouse, both recognized on the National Register of Historic Places. Experience a perfect blend of comfort and adventure at The Carriage House.","","","https://ik.imagekit.io/OE/nelson-county/listings/the-carriage-house-at-stagebridge-farm-image1_X0jZ1Dz6N","Vineyard with rows of grapevines, house, mountain, under clear blue sky.","","https://ik.imagekit.io/OE/nelson-county/listings/the-carriage-house-at-stagebridge-farm-image2_ocUi_5vRa","Spacious bedroom with large windows, wooden beams, and stylish furnishings.","","","","","","","Stagebridge Farm, Lovingston, VA 22949","josh","","","https://www.google.com/maps/dir/?api=1&destination=Stagebridge%20Farm%2C%20Lovingston%2C%20VA%2022949","","","","","","Lodging; Wine; Farm; EV Charging; Breakfast; Wi-Fi","false","https://www.google.com/maps/dir/?api=1&destination=Stagebridge%20Farm%2C%20Lovingston%2C%20VA%2022949"
"196","Indigo House Bed & Breakfast","indigo-house-bed-and-breakfast","Bed and Breakfast","stay","Afton","Indigo House treats guests to four artfully curated, dog-friendly rooms plus chef-prepped breakfasts before they set off for Skyline Drive, Shenandoah National Park, or the Nelson 151 beverage trail.","","","https://ik.imagekit.io/OE/nelson-county/listings/indigo-house-bed-breakfast-image1_Vw7sPK22H","Cozy house with stone facade, surrounded by trees and mountain views.","","https://ik.imagekit.io/OE/nelson-county/listings/indigo-house-bed-breakfast-image2_-xbLE1vcJ","Bedroom with blue wall, white bed, large window showcasing scenic outdoor view.","","","","","","(434) 989-6766","451 Indigo Lane, Afton, VA 22920","josh","","","https://www.google.com/maps/dir/?api=1&destination=451%20Indigo%20Lane%2C%20Afton%2C%20VA%2022920","","","","","","Pet Friendly; Breakfast; Scenic Views; Lodging","false","https://www.google.com/maps/dir/?api=1&destination=451%20Indigo%20Lane%2C%20Afton%2C%20VA%2022920"
"197","Papa's Cottage","papas-cottage","Cabins & Cottages","stay","Afton","Discover Papa's Cottage, a charming mid-century bungalow featuring two cozy bedrooms and a private hot tub. With stylish interiors and stunning valley views, this retreat offers the perfect blend of comfort and elegance. Located just minutes from Route 151 wine country, it's an ideal base for exploring local vineyards and enjoying the scenic beauty of the area. Experience a delightful getaway where modern amenities meet timeless charm.","","","https://ik.imagekit.io/OE/nelson-county/listings/papa-s-cottage-image1_iLmu3PQJn","Covered patio with seating, hot tub, string lights, and decorative plants.","","https://ik.imagekit.io/OE/nelson-county/listings/papa-s-cottage-image2_c3F3XIbhl","Cozy living room with brown sofa, pillows, and open kitchen in background.","","","","","","","Afton, VA 22920","josh","","","https://www.google.com/maps/dir/?api=1&destination=Afton%2C%20VA%2022920","","","","","","Scenic Views; Cabins; Lodging","false","https://www.google.com/maps/dir/?api=1&destination=Afton%2C%20VA%2022920"
"198","Meme's Cottage","memes-cottage","Cabins & Cottages","stay","Afton","Meme's Cottage is an updated mid-century getaway for two couples, tucked into woods near Route 151 with modern finishes and quiet deck space. Meme's Cottage is tailor-made for two couples or a small family seeking privacy—modernized 1950s architecture, wooded deck, and an easy hop to Route 151 tasting rooms.","","","https://ik.imagekit.io/OE/nelson-county/listings/meme-s-cottage-image1_WpucqZ33l","White house with blue door, surrounded by green trees and grass, outdoor game nearby.","","https://ik.imagekit.io/OE/nelson-county/listings/meme-s-cottage-image2_VGkuXlmBC","Bright kitchen and dining area with white cabinets and wooden floor.","","","","","","","Afton, VA 22920","josh","","","https://www.google.com/maps/dir/?api=1&destination=Afton%2C%20VA%2022920","","","","","","Beer; Full Kitchen; Outdoor Seating; Cabins; Lodging; Tastings","false","https://www.google.com/maps/dir/?api=1&destination=Afton%2C%20VA%2022920"
"199","Cheval Circle","cheval-circle","Cabins & Cottages","stay","Afton","Cheval Circle is a rustic three-bedroom home on a meadow beside a horse farm, offering mountain views and easy drives to Afton attractions. The house feels remote and rural, yet is close to so much of what Nelson County has to offer.","","","https://ik.imagekit.io/OE/nelson-county/listings/cheval-circle-image1_fOJj41ghsQ","Hot tub under wooden gazebo, surrounded by trees and clear blue sky.","","https://ik.imagekit.io/OE/nelson-county/listings/cheval-circle-image2_lfF_LxYpL","Cozy living room with gray sofa, fireplace, and large windows, wood floor.","","","","","","","Afton, VA 22920","josh","","","https://www.google.com/maps/dir/?api=1&destination=Afton%2C%20VA%2022920","","","","","","Scenic Views; Cabins; Lodging","false","https://www.google.com/maps/dir/?api=1&destination=Afton%2C%20VA%2022920"
"200","The Wine Cottage","the-wine-cottage","Cabins & Cottages","stay","Afton","The Wine Cottage is a mid-century ranch with updated interiors, mountain views, and a private fire pit minutes from Nelson 151 tasting rooms.","","","https://ik.imagekit.io/OE/nelson-county/listings/the-wine-cottage-image1_XiGtHjWQI","Brick house with triangular roof and six blue chairs on lawn.","","https://ik.imagekit.io/OE/nelson-county/listings/the-wine-cottage-image2_CYT2yfryX","Modern kitchen with island, bar stools, stainless appliances, wooden floor, warm lighting.","","","","","","","Afton, VA 22920","josh","","","https://www.google.com/maps/dir/?api=1&destination=Afton%2C%20VA%2022920","","","","","","Scenic Views; Tastings; Wine; Cabins; Lodging","false","https://www.google.com/maps/dir/?api=1&destination=Afton%2C%20VA%2022920"
"201","Carter's Cottage","carters-cottage","Cabins & Cottages","stay","Afton","Also just a short drive from many of Nelson County’s most popular destinations, including Devil’s Backbone, Bold Rock Cidery, and Wintergreen Visitors can walk to Three Notch'd. Then go home and sit in your own hot tub.","","","https://ik.imagekit.io/OE/nelson-county/listings/carter-s-cottage-image1_ydn0TnyDb","Wooden chairs in circle around fire pit on gravel patio.","","https://ik.imagekit.io/OE/nelson-county/listings/carter-s-cottage-image2_VB2OzoF4k","Modern kitchen with island, barstools, stainless steel appliances, and 'Gather' sign above.","","","","","","","Nellysford, VA 22958","josh","","","https://www.google.com/maps/dir/?api=1&destination=Nellysford%2C%20VA%2022958","","","","","","Cabins; Lodging; Farm","false","https://www.google.com/maps/dir/?api=1&destination=Nellysford%2C%20VA%2022958"
"202","Beech Grove Cottage","beech-grove-cottage","Cabins & Cottages","stay","Roseland","Discover Beech Grove Cottage, a charmingly renovated bungalow from the 1920s situated conveniently across from Devils Backbone. This inviting retreat features high-speed fiber internet, a spacious yard perfect for outdoor activities, and a cozy fire pit designed for memorable evenings under the stars. Ideal for up to six guests, it’s the perfect getaway for families and friends seeking both comfort and adventure. Experience a blend of historic charm and modern amenities at Beech Grove Cottage.","","","https://ik.imagekit.io/OE/nelson-county/listings/beech-grove-cottage-image1_jL7Nd6cfH","Yellow daffodils in grassy yard before small house with blue roof.","","https://ik.imagekit.io/OE/nelson-county/listings/beech-grove-cottage-image2_C2qlV-tLb","Spacious living room with large green sofa, colorful pillows, and wood accents.","","","","","","","200 Mosbys Run, Roseland, VA 22967","josh","","","https://www.google.com/maps/dir/?api=1&destination=200%20Mosbys%20Run%2C%20Roseland%2C%20VA%2022967","","","","","","Cabins; Lodging","false","https://www.google.com/maps/dir/?api=1&destination=200%20Mosbys%20Run%2C%20Roseland%2C%20VA%2022967"
"203","Montebello Resort","montebello-resort","Cabins & Cottages","stay","Montebello","Lake, trout pond, and unique country store all on site; close to historical sites and hiking; relax, unplug, and unwind.","","","https://ik.imagekit.io/OE/nelson-county/listings/montebello-resort-image1_ghrMpW_B3","Small wooden cabin with a porch, surrounded by green trees and sunlight.","","https://ik.imagekit.io/OE/nelson-county/listings/montebello-resort-image2_5p3CUVkbm","Rustic wooden cabin interior with leather chairs, stone fireplace, and large windows.","","","","","","(540) 377-2650","15090 Crabtree Falls Highway, Montebello, VA 24464","josh","","","https://www.google.com/maps/dir/?api=1&destination=15090%20Crabtree%20Falls%20Highway%2C%20Montebello%2C%20VA%2024464","","","","","","Cafe; Retail; Cabins; Pet Friendly; Lodging","false","https://www.google.com/maps/dir/?api=1&destination=15090%20Crabtree%20Falls%20Highway%2C%20Montebello%2C%20VA%2024464"
"204","Freshwater Field Cabin","freshwater-field-cabin","Cabins & Cottages","stay","Lovingston","Freshwater Field Cabin sits on a private farm hollow near Lovingston with hiking trails, horse pastures, and easy drives to Nelson attractions.","","","https://ik.imagekit.io/OE/nelson-county/listings/freshwater-field-cabin-image1_GaffeUlSd","Red two-story house with patio furniture, umbrella, and trees in background.","","https://ik.imagekit.io/OE/nelson-county/listings/freshwater-field-cabin-image2_Vvm1QAsB9","Blue sofa in cozy room with fireplace, decorative rug, and wooden elements.","","","","","","","Lovingston, VA 22949","josh","","","https://www.google.com/maps/dir/?api=1&destination=Lovingston%2C%20VA%2022949","","","","","","Farm; Cabins; Equestrian; Lodging","false","https://www.google.com/maps/dir/?api=1&destination=Lovingston%2C%20VA%2022949"
"205","Four Elements Farm","four-elements-farm","Whole House Rentals","stay","Roseland","Four Elements Farm is a stunning 116-acre retreat featuring a charming farmhouse, a hot tub, and a serene pond, perfect for relaxation. Guests can enjoy the company of friendly goats while exploring the lush pastures and woodlands that surround the property. Ideally located near Devils Backbone and Wintergreen, this idyllic getaway offers a blend of nature and comfort for an unforgettable experience.","","","https://ik.imagekit.io/OE/nelson-county/listings/four-elements-farm-image1_wcYZqjjij","Pond surrounded by trees with house in the background under blue sky.","","https://ik.imagekit.io/OE/nelson-county/listings/four-elements-farm-image2_bzJusRdqT","Cozy living room with sofas, patterned rug, stone fireplace, and wood-paneled ceiling.","","","","","","","Roseland, VA 22967","josh","","","https://www.google.com/maps/dir/?api=1&destination=Roseland%2C%20VA%2022967","","","","","","Lodging; Farm; Pet Friendly; Cabins","false","https://www.google.com/maps/dir/?api=1&destination=Roseland%2C%20VA%2022967"
"206","Time to Wine Down","time-to-wine-down","Whole House Rentals","stay","Afton","Time to Wine Down is a five-bedroom Afton retreat on two acres with dual living rooms, basement game space, air hockey, expansive fire pit, and string-lit outdoor dining near the Route 151 beverage trail. What makes Time to Wine Down truly unique is its perfect blend of vintage charm and modern amenities, all set on two peaceful acres in the heart of Virginia's wine country.","","","https://ik.imagekit.io/OE/nelson-county/listings/time-to-wine-down-image1_fT10VW1Dd","White house with black roof, driveway, surrounded by green trees and lawn.","","https://ik.imagekit.io/OE/nelson-county/listings/time-to-wine-down-image2_bBVJXZfT0","Cozy living room with gray sofa, armchairs, fluffy ottoman, and ceiling fan.","","","","","","","Afton, VA 22920","josh","","","https://www.google.com/maps/dir/?api=1&destination=Afton%2C%20VA%2022920","","","","","","Outdoor Seating; Wine; Cabins; Lodging","false","https://www.google.com/maps/dir/?api=1&destination=Afton%2C%20VA%2022920"
"207","Love Afton Cabin","love-afton-cabin","Cabins & Cottages","stay","Afton","Love Afton Cabin sprawls across 11.5 private acres with multiple decks, a stocked pond, and lounge-ready common areas so big groups can fish, grill, and stargaze without ever leaving the property. Love Afton Cabin is a one-of-a-kind mountain retreat offering a blend of comfort, adventure, and relaxation.","","","https://ik.imagekit.io/OE/nelson-county/listings/love-afton-cabin-image1_IwkNAdICu","Hot tub with bubbling water overlooking lush green forest and mountains.","","https://ik.imagekit.io/OE/nelson-county/listings/love-afton-cabin-image2_P9fzatXa5-","Spacious wooden living room with large windows and cozy furniture.","","","","","","","5495 Mountain Road, Afton, VA 22920","josh","","","https://www.google.com/maps/dir/?api=1&destination=5495%20Mountain%20Road%2C%20Afton%2C%20VA%2022920","","","","","","Outdoor Seating; Scenic Views; Cabins; Lodging; Water Sports; Fishing","false","https://www.google.com/maps/dir/?api=1&destination=5495%20Mountain%20Road%2C%20Afton%2C%20VA%2022920"
"208","Meili Mountain","meili-mountain","Whole House Rentals","stay","Nelson County","Meili Mountain offers rustic creekside camping on private land for quiet, leave-no-trace stays near Nelson County trails.","","","https://ik.imagekit.io/OE/nelson-county/listings/meili-mountain-image1_n3-A_-AKC","Small cabin in lush forest with sunlight filtering through trees.","","https://ik.imagekit.io/OE/nelson-county/listings/meili-mountain-image2_HMlw7x_vw","Blue cabin in lush green forest clearing with firepit and wooden deck.","","","","","","","Nelson County, VA","josh","","","https://www.google.com/maps/dir/?api=1&destination=Nelson%20County%2C%20VA","","","","","","Scenic Views; Pet Friendly","false","https://www.google.com/maps/dir/?api=1&destination=Nelson%20County%2C%20VA"
"209","Adventure Awaits","adventure-awaits","Whole House Rentals","stay","Roseland","Adventure Awaits is a pet-friendly Wintergreen home two minutes from the slopes with hot tub, fire pit, multiple living areas, and five smart TVs. Adventure Awaits lives up to its name with a hot tub, multiple lounges, pet-friendly policies, and a location two minutes from Wintergreen's slopes and hiking shuttles.","","","https://ik.imagekit.io/OE/nelson-county/listings/adventure-awaits-image1_OIGAS5SOy","Dark house with warm lights, surrounded by trees, gravel driveway in foreground.","","https://ik.imagekit.io/OE/nelson-county/listings/adventure-awaits-image2_S-y5X3SnV","Living room with staircase, colorful chairs, patterned furniture, large windows, wooden floor.","","","","","","","Wintergreen Resort, Roseland, VA 22967","josh","","","https://www.google.com/maps/dir/?api=1&destination=Wintergreen%20Resort%2C%20Roseland%2C%20VA%2022967","","","","","","Pet Friendly; Scenic Views; Skiing","false","https://www.google.com/maps/dir/?api=1&destination=Wintergreen%20Resort%2C%20Roseland%2C%20VA%2022967"
"210","Wintergreen Ridge Retreat","wintergreen-ridge-retreat","Whole House Rentals","stay","Wintergreen Resort","Wintergreen Ridge Retreat is a charming four-bedroom mountain home that accommodates up to ten guests, perfect for families or groups seeking adventure. Enjoy expansive wraparound decks and a relaxing hot tub, ideal for unwinding after a day on the slopes. With convenient access to Wintergreen's lifts and trails, this retreat offers the perfect base for outdoor enthusiasts and those looking to immerse themselves in nature. Experience comfort and convenience in a stunning mountain setting.","","","https://ik.imagekit.io/OE/nelson-county/listings/wintergreen-ridge-retreat-image1_Po9HDslHo","Spacious living room with brown leather sofas, large windows, and wooden ceiling.","","https://ik.imagekit.io/OE/nelson-county/listings/wintergreen-ridge-retreat-image2_CN_I0Hhgb","Rustic house with peaked roof, surrounded by bare trees and autumn leaves.","","","","","","","Wintergreen Resort, Nellysford, VA 22958","josh","","","https://www.google.com/maps/dir/?api=1&destination=Wintergreen%20Resort%2C%20Nellysford%2C%20VA%2022958","","","","","","Outdoor Seating; Scenic Views; Pet Friendly","false","https://www.google.com/maps/dir/?api=1&destination=Wintergreen%20Resort%2C%20Nellysford%2C%20VA%2022958"
"211","Maren Estate","maren-estate","Cabins & Cottages","stay","Afton","Maren Estate is a stunning luxury retreat nestled on a sprawling 50-acre farm, offering breathtaking mountain views. This expansive 7,200-square-foot home features an inviting seasonal pool, a year-round hot tub, and a charming bocce court, perfect for leisurely afternoons. Guests can unwind in the cozy beer garden while enjoying the serene surroundings. Experience an unforgettable getaway at Maren Estate, where luxury meets nature.","","","https://ik.imagekit.io/OE/nelson-county/listings/maren-estate-image1_XH7pGtdID","Rolling hills with autumn trees, house, and small pond under clear sky.","","https://ik.imagekit.io/OE/nelson-county/listings/maren-estate-image2_pMkBseFcr","Spacious living room with large windows, wooden beams, and elegant furniture.","","","","","","","Afton, VA 22920","josh","","","https://www.google.com/maps/dir/?api=1&destination=Afton%2C%20VA%2022920","","","","","","Pool; Seasonal Menu; Beer; Pet Friendly; Cabins; Lodging; Farm","false","https://www.google.com/maps/dir/?api=1&destination=Afton%2C%20VA%2022920"
"212","The Blue Ridge Farm and Wedding Venue","the-blue-ridge-farm-and-wedding-venue","Cabins & Cottages","stay","Afton","Discover The Blue Ridge Farm and Wedding Venue, a stunning destination that seamlessly blends rustic charm with modern elegance. Nestled on six picturesque acres, this versatile property offers breathtaking vineyard views and ample space for memorable events. With its beautifully renovated farmhouse, guests can enjoy a comfortable stay while being just moments away from the scenic Brew Ridge Trail. Whether you're planning a dream wedding or a relaxing getaway, The Blue Ridge Farm promises an unforgettable experience.","","","https://ik.imagekit.io/OE/nelson-county/listings/the-blue-ridge-farm-and-wedding-venue-image1_0AvR3Ceow","Ornate design with text: 'The Blue Ridge Farm, Historic Afton, Virginia.'","","https://ik.imagekit.io/OE/nelson-county/listings/the-blue-ridge-farm-and-wedding-venue-image2_CfQ2xHiVQ","Gray living room with sectional sofa, colorful pillows, and patterned rug.","","","","","","","Afton, VA 22920","josh","","","https://www.google.com/maps/dir/?api=1&destination=Afton%2C%20VA%2022920","","","","","","Lodging; Wine; Scenic Views; Events; Pet Friendly; Cabins","false","https://www.google.com/maps/dir/?api=1&destination=Afton%2C%20VA%2022920"
"213","Acorn Inn, Inc (Cottage, B&B and Group Retreat)","acorn-inn-inc-cottage-bb-and-group-retreat","Bed and Breakfast","stay","Faber","Acorn Inn operates an inn, cottage, and farmhouse retreat with shared gathering spaces, kitchenettes, and wraparound porches for groups and cyclists. Acorn Inn caters to cyclists and group retreats with multiple lodging options, wraparound porches, communal kitchens, and flexible gathering rooms surrounded by Nelson County backroads.","","","https://ik.imagekit.io/OE/nelson-county/listings/acorn-inn-inc-cottage-b-b-and-group-retreat--image1_sxiLMGTZT","Double rainbow over red house on grassy hill with trees.","","https://ik.imagekit.io/OE/nelson-county/listings/acorn-inn-inc-cottage-b-b-and-group-retreat--image2_IvbaTRLO3","Cozy living room with colorful seating, fireplace, and decorative wall art.","","","","","","","2131 Stagebridge Road, Lovingston, VA 22949","josh","","","https://www.google.com/maps/dir/?api=1&destination=2131%20Stagebridge%20Road%2C%20Lovingston%2C%20VA%2022949","","","","","","Lodging; Outdoor Seating; Breakfast; Pet Friendly; Farm","false","https://www.google.com/maps/dir/?api=1&destination=2131%20Stagebridge%20Road%2C%20Lovingston%2C%20VA%2022949"
"214","Cottage at Old Stoney Creek","cottage-at-old-stoney-creek","Cabins & Cottages","stay","Nellysford","Cottage at Old Stoney Creek blends hot tub soaks, creekside vistas, and deck-side fire pits into a two-bedroom retreat perfectly positioned for Route 151 tasting tours. This 2-bedroom, 1-bathroom vacation rental is the ideal home base for anything on your itinerary.","","","https://ik.imagekit.io/OE/nelson-county/listings/cottage-at-old-stoney-creek-image1_-cveHGW-G","Stone archway leading to cottage surrounded by trees.","","https://ik.imagekit.io/OE/nelson-county/listings/cottage-at-old-stoney-creek-image2_L5kBeLggY","Rustic dining area with wooden walls, table setting, and wicker light fixture.","","","","","","","Nellysford, VA 22958","josh","","","https://www.google.com/maps/dir/?api=1&destination=Nellysford%2C%20VA%2022958","","","","","","Outdoor Seating; Cabins; Lodging; Tastings; Beer","false","https://www.google.com/maps/dir/?api=1&destination=Nellysford%2C%20VA%2022958"
"215","Blue Ridge Heaven","blue-ridge-heaven","Cabins & Cottages","stay","Roseland","Discover Blue Ridge Heaven, a stunning 3,200-square-foot retreat perched at 3,800 feet in Wintergreen. This beautifully renovated home features three expansive decks that offer breathtaking southern vistas, perfect for soaking in the serene mountain atmosphere. With modern interiors and ample space for relaxation, Blue Ridge Heaven invites you to unwind and experience the beauty of nature in comfort.","","","https://ik.imagekit.io/OE/nelson-county/listings/blue-ridge-heaven-image1_nnjCOh4aN","Two-story house with large windows, wooden decks, surrounded by autumn trees.","","https://ik.imagekit.io/OE/nelson-county/listings/blue-ridge-heaven-image2_ssf3n-xI5","Pink armchair by large windows, overlooking mountains and trees, stone fireplace nearby.","","","","","","","Wintergreen Resort, Roseland, VA 22967","josh","","","https://www.google.com/maps/dir/?api=1&destination=Wintergreen%20Resort%2C%20Roseland%2C%20VA%2022967","","","","","","Outdoor Seating; Full Kitchen; Scenic Views; Cabins; Lodging","false","https://www.google.com/maps/dir/?api=1&destination=Wintergreen%20Resort%2C%20Roseland%2C%20VA%2022967"
"216","Dancing Bear Lodge","dancing-bear-lodge","Cabins & Cottages","stay","Roseland","Dancing Bear Lodge is a 2,000-square-foot cabin on 38 acres with sweeping mountain vistas, stone fireplace, and space for up to ten guests. Perched on 38 hilltop acres, Dancing Bear Lodge offers wall-to-wall windows, a massive stone fireplace, and bedding for up to ten guests chasing sunrise views.","","","https://ik.imagekit.io/OE/nelson-county/listings/dancing-bear-lodge-image1_WfWOItua8","Wooden chairs around fire pit with mountain view and string lights overhead.","","https://ik.imagekit.io/OE/nelson-county/listings/dancing-bear-lodge-image2_4I1Ptj2TAz","Cozy living room with stone fireplace, wooden beams, and large windows with mountain view.","","","","","","","Roseland, VA 22967","josh","","","https://www.google.com/maps/dir/?api=1&destination=Roseland%2C%20VA%2022967","","","","","","Scenic Views; Outdoor Seating; Cabins; Pet Friendly; Lodging","false","https://www.google.com/maps/dir/?api=1&destination=Roseland%2C%20VA%2022967"
"217","Windy Knoll","windy-knoll","Cabins & Cottages","stay","Afton","Windy Knoll is a light-filled mountain home on 3.5 acres with large decks, full kitchen, and loft suite overlooking Afton greenery. Windy Knoll's light-filled living spaces spill onto broad decks overlooking 3.5 private acres, giving families a tranquil base camp close to Afton attractions.","","","https://ik.imagekit.io/OE/nelson-county/listings/windy-knoll-image1_YMhCRi9RI","A-frame house on grassy hill, surrounded by trees, with red chairs.","","https://ik.imagekit.io/OE/nelson-county/listings/windy-knoll-image2_ekh9xyCUA","Cozy living room with fireplace, rustic decor, abstract table, and patterned armchairs.","","","","","","","Afton, VA 22920","josh","","","https://www.google.com/maps/dir/?api=1&destination=Afton%2C%20VA%2022920","","","","","","Lodging; Outdoor Seating; Full Kitchen; Wi-Fi; Pet Friendly; Cabins","false","https://www.google.com/maps/dir/?api=1&destination=Afton%2C%20VA%2022920"
"218","Creekside","creekside","Cabins & Cottages","stay","Afton","Creekside is a modern cabin near Route 151 with private hot tub, EV charger, fire pit, and memory-foam beds for Blue Ridge getaways. Creekside caters to modern travelers with hot tub, EV charger, memory-foam beds, and a woodsy setting near Route 151 breweries and hiking trailheads.","","","https://ik.imagekit.io/OE/nelson-county/listings/creekside-image1_aYCukyO2u","Living room with gray sectional sofa, foosball table, and ceiling fan.","","https://ik.imagekit.io/OE/nelson-county/listings/creekside-image2_OqaqMlT4e","House beside large tree under clear blue sky with scattered clouds.","","","","","","","Afton, VA 22920","josh","","","https://www.google.com/maps/dir/?api=1&destination=Afton%2C%20VA%2022920","","","","","","EV Charging; Wi-Fi; Full Kitchen; Scenic Views; Cabins; Lodging","false","https://www.google.com/maps/dir/?api=1&destination=Afton%2C%20VA%2022920"
"219","Cottage on Route 151","cottage-on-route-151","Cabins & Cottages","stay","Afton","Cottage on Route 151—also known as Towler Cottage—is a one-bedroom getaway with hot tub, fire pit, and mountain views minutes from breweries and hikes. The cottage is within minutes from the best wineries and breweries, great local trails, and the Blue Ridge Parkway There’s something to do in Afton every season of the year.","","","https://ik.imagekit.io/OE/nelson-county/listings/cottage-on-route-151-image1_0fxNlKP6n","Two black rocking chairs on porch with white door and welcome mat.","","https://ik.imagekit.io/OE/nelson-county/listings/cottage-on-route-151-image2_33SDRIRPn","Modern living room with gray sofa, green chairs, large windows, and abstract artwork.","","","","","","","Afton, VA 22920","josh","","","https://www.google.com/maps/dir/?api=1&destination=Afton%2C%20VA%2022920","","","","","","Scenic Views; Cabins; Lodging; Beer","false","https://www.google.com/maps/dir/?api=1&destination=Afton%2C%20VA%2022920"
"220","Farmhouse on Route 151","farmhouse-on-route-151","Cabins & Cottages","stay","Afton","Discover the charm of this historic 1904 farmhouse, offering a cozy retreat with three bedrooms and modern amenities. Enjoy high-speed Wi-Fi and a gas fireplace, perfect for relaxing evenings. The expansive two-acre yard features a stone fire pit, ideal for gathering after a day of exploring nearby wineries along the picturesque wine trail. Experience comfort and tranquility in a setting rich with history.","","","https://ik.imagekit.io/OE/nelson-county/listings/farmhouse-on-route-151-image1_tMNu0xtEQ","White two-story house with dark shutters, porch, surrounded by trees.","","https://ik.imagekit.io/OE/nelson-county/listings/farmhouse-on-route-151-image2_fbyPbAxy3","Cozy living room with wooden walls, fireplace, large windows, and gray sectional sofa.","","","","","","","Afton, VA 22920","josh","","","https://www.google.com/maps/dir/?api=1&destination=Afton%2C%20VA%2022920","","","","","","Wi-Fi; Scenic Views; Farm","false","https://www.google.com/maps/dir/?api=1&destination=Afton%2C%20VA%2022920"
"221","The Castor Cabin","the-castor-cabin","Cabins & Cottages","stay","Wintergreen Resort","The Castor Cabin is a newly renovated, dog-friendly mountain cabin with modern amenities, fire pit, and easy access to Nelson County trails. Recently renovated Castor Cabin welcomes pups, lights up the night with a fire pit, and keeps hikers close to Nelson County's trails while still delivering modern conveniences.","","","https://ik.imagekit.io/OE/nelson-county/listings/the-castor-cabin-image1_cqIt5sAan","Modern grey house with wooden porch among trees, sunlight peeking through.","","https://ik.imagekit.io/OE/nelson-county/listings/the-castor-cabin-image2_4CZruqXbt","Cozy living room with stone fireplace, large windows, and brown leather sofas.","","","","","","","Roseland, VA 22967","josh","","","https://www.google.com/maps/dir/?api=1&destination=Roseland%2C%20VA%2022967","","","","","","Scenic Views; Cabins; Family Friendly; Pet Friendly; Outdoor Seating; Full Kitchen; Lodging","false","https://www.google.com/maps/dir/?api=1&destination=Roseland%2C%20VA%2022967"
"222","Rocky Run Landing","rocky-run-landing","Cabins & Cottages","stay","Arrington","Rocky Run Landing is a cozy riverside cabin on the Tye River offering fishing, paddling, and simple comforts for unplugged stays. Rocky Run Landing places you right on the Tye River, pairing simple comforts with private fishing, paddling put-ins, and hammock-worthy riverbank views.","","","https://ik.imagekit.io/OE/nelson-county/listings/rocky-run-landing-image1_gINRNtOFt","Wooden cabin with chimney in snowy forested area under clear sky.","","https://ik.imagekit.io/OE/nelson-county/listings/rocky-run-landing-image2_7i02_HymO","Cozy room with wood stove, patterned sofas, and dreamcatcher on wall.","","","","","","","Tyro, VA 22976","josh","","","https://www.google.com/maps/dir/?api=1&destination=Tyro%2C%20VA%2022976","","","","","","Cabins; Scenic Views; Pet Friendly; Lodging; Water Sports; Fishing","false","https://www.google.com/maps/dir/?api=1&destination=Tyro%2C%20VA%2022976"
"223","Cottage on the Knoll","cottage-on-the-knoll","Cabins & Cottages","stay","Lovingston","Cottage on the Knoll is a three-bedroom, two-bath home centrally located between Nelson 29 and 151 with updated kitchen and spacious living area. Whole house centrally located with private hot tub and pool.","","","https://ik.imagekit.io/OE/nelson-county/listings/cottage-on-the-knoll-image1_mv6ZTLPw7","House with wooden porch surrounded by lush green trees and grass.","","https://ik.imagekit.io/OE/nelson-county/listings/cottage-on-the-knoll-image2_DoS1nsCEV","Living room with red ceiling, leather sofa, large windows, and wooden floors.","","","","","","","Lovingston, VA 22949","josh","","","https://www.google.com/maps/dir/?api=1&destination=Lovingston%2C%20VA%2022949","","","","","","Full Kitchen; Outdoor Seating; Cabins; Lodging","false","https://www.google.com/maps/dir/?api=1&destination=Lovingston%2C%20VA%2022949"
"224","High Lonesome Cabin","high-lonesome-cabin","Cabins & Cottages","stay","Tyro","Nestled high on the rugged slopes of Priest Mountain near the Appalachian Trail, High Lonesome Cabin offers a tranquil retreat on 20 acres of pristine wilderness. This charming getaway features a wraparound porch, a cozy woodstove, and a unique spiral staircase leading to a loft sleeping area. With Crabtree Falls just a stone's throw away, outdoor enthusiasts will find endless opportunities for hiking and exploration. Experience the perfect blend of rustic charm and modern comfort in this idyllic escape.","","","https://ik.imagekit.io/OE/nelson-county/listings/high-lonesome-cabin-image1_djDBX9367","Rustic wooden cabin with antlers, surrounded by lush green forest.","","https://ik.imagekit.io/OE/nelson-county/listings/high-lonesome-cabin-image2_DLPUy876p","Cozy wooden cabin with stone fireplace, TV, and rustic kitchen area.","","","","","","","Tyro, VA 22976","josh","","","https://www.google.com/maps/dir/?api=1&destination=Tyro%2C%20VA%2022976","","","","","","Scenic Views; Outdoor Seating; Pet Friendly; Cabins; Lodging","false","https://www.google.com/maps/dir/?api=1&destination=Tyro%2C%20VA%2022976"
"225","The Lewis Catherine House","the-lewis-catherine-house","Cabins & Cottages","stay","Afton","There’s something to do in Afton every season of the year.","","","https://ik.imagekit.io/OE/nelson-county/listings/the-lewis-catherine-house-image1_S3LH8LdUZ","White farmhouse with porch, surrounded by green grass and yellow flowers.","","https://ik.imagekit.io/OE/nelson-county/listings/the-lewis-catherine-house-image2_TXEGOJTqV","Long wooden dining table with chandelier, chairs, and bright kitchen in background.","","","","","","","1470 Afton Mountain Road, Afton, VA 22920","josh","","","https://www.google.com/maps/dir/?api=1&destination=1470%20Afton%20Mountain%20Road%2C%20Afton%2C%20VA%2022920","","","","","","Full Kitchen; Pet Friendly; Cabins; Lodging; Farm","false","https://www.google.com/maps/dir/?api=1&destination=1470%20Afton%20Mountain%20Road%2C%20Afton%2C%20VA%2022920"
"226","Glenbrae","glenbrae","Cabins & Cottages","stay","Afton","Glenbrae is a designer five-bedroom home just off Route 151 with Peloton-equipped office, fenced yard, mountain views, and fire pit.","","","https://ik.imagekit.io/OE/nelson-county/listings/glenbrae-image1_6naMnjgzL","Two-story house with porch, green lawn, and gravel driveway under blue sky.","","https://ik.imagekit.io/OE/nelson-county/listings/glenbrae-image2_TmxackGj9","Modern living room with blue sofa, large windows, and monochrome decor.","","","","","","","Afton, VA 22920","josh","","","https://www.google.com/maps/dir/?api=1&destination=Afton%2C%20VA%2022920","","","","","","Scenic Views; Pet Friendly; Cabins; Lodging","false","https://www.google.com/maps/dir/?api=1&destination=Afton%2C%20VA%2022920"
"227","Elk Mountain Overlook","elk-mountain-overlook","Whole House Rentals","stay","Afton","Elk Mountain Overlook is a boutique chalet perched off the Blue Ridge Parkway with two king suites, soaker tub, dual-head shower, and expansive deck views. Mountaintop overlook with jaw dropping views and camp themed interior design.","","","https://ik.imagekit.io/OE/nelson-county/listings/elk-mountain-overlook-image1_1DrelJ3ot","House with mountains in background, surrounded by greenery under clear blue sky.","","https://ik.imagekit.io/OE/nelson-county/listings/elk-mountain-overlook-image2_rFVPHxnYR","Spacious living room with leather sofa, armchair, and modern decor.","","","","","","","Afton, VA 22920","josh","","","https://www.google.com/maps/dir/?api=1&destination=Afton%2C%20VA%2022920","","","","","","Outdoor Seating; Scenic Views; Full Kitchen; Pet Friendly; Cabins; Lodging","false","https://www.google.com/maps/dir/?api=1&destination=Afton%2C%20VA%2022920"
"228","Ethan's Den","ethans-den","Whole House Rentals","stay","Wintergreen Resort","Ethan's Den is a stylish one-bedroom suite with live-edge breakfast bar, heated floors, fireplace, and luxe finishes for couples getaways. Ethan's Den has been decorated to compliment the beautiful setting it is in.","","","https://ik.imagekit.io/OE/nelson-county/listings/ethan-s-den-image1_HVu8A1W40","House surrounded by trees, stone stairs lead to entrance, overcast sky.","","https://ik.imagekit.io/OE/nelson-county/listings/ethan-s-den-image2_cmXPqoYQ1","Two brown leather sofas, black ottoman, fireplace in cozy living room.","","","","","","","Roseland, VA 22967","josh","","","https://www.google.com/maps/dir/?api=1&destination=Roseland%2C%20VA%2022967","","","","","","Breakfast; Bar; Pet Friendly","false","https://www.google.com/maps/dir/?api=1&destination=Roseland%2C%20VA%2022967"
"229","The Mountain House INN","the-mountain-house-inn","Whole House Rentals","stay","Montebello","The Mountain House Inn is a remodeled two-story retreat on an 18-acre sunny mountain property offering quiet escapes near Montebello and Crabtree Falls.","","","https://ik.imagekit.io/OE/nelson-county/listings/the-mountain-house-inn-image1_14xY4wm22","White house with black shutters, front porch, surrounded by trees and bushes.","","https://ik.imagekit.io/OE/nelson-county/listings/the-mountain-house-inn-image2_sFnHTrV_p","Glass doors with outside view; plaid chair, paintings, lamp, and water bottle inside.","","","","","","","Montebello, VA 24464","josh","","","https://www.google.com/maps/dir/?api=1&destination=Montebello%2C%20VA%2024464","","","","","","Scenic Views; Pet Friendly; Cabins; Lodging","false","https://www.google.com/maps/dir/?api=1&destination=Montebello%2C%20VA%2024464"
"230","Sweet Afton","sweet-afton","Cabins & Cottages","stay","Afton","Sweet Afton is a historic two-bedroom cottage on 1.55 fenced acres with 1-gig fiber internet, fire pit, and sweeping mountain views near Veritas.","","","https://ik.imagekit.io/OE/nelson-county/listings/sweet-afton-image1_m_yOnzFcR","White house with metal roof, surrounded by green trees and landscaped garden.","","https://ik.imagekit.io/OE/nelson-county/listings/sweet-afton-image2_9785_Norw","Bright living room with sofa, chairs, TV, plants, wooden floor.","","","","","","","Afton, VA 22920","josh","","","https://www.google.com/maps/dir/?api=1&destination=Afton%2C%20VA%2022920","","","","","","Scenic Views; Pet Friendly; Cabins; Lodging","false","https://www.google.com/maps/dir/?api=1&destination=Afton%2C%20VA%2022920"
"231","Three Sisters Pre-Civil War Log Cabin","three-sisters-pre-civil-war-log-cabin","Cabins & Cottages","stay","Montebello","Three Sisters Pre-Civil War Log Cabin is an 1840 two-story log home with queen loft skylight, twin beds, private sauna, and hot tub on a secluded Blue Ridge property.","","","https://ik.imagekit.io/OE/nelson-county/listings/three-sisters-pre-civil-war-log-cabin-image1_nzuSv7NvJ","Log cabin with blooming flowers and lush green surroundings in sunlight.","","https://ik.imagekit.io/OE/nelson-county/listings/three-sisters-pre-civil-war-log-cabin-image2_7KHbMqFRu","Cozy log cabin living room with rustic furniture and wood stove.","","","","","","","Roseland, VA 22967","josh","","","https://www.google.com/maps/dir/?api=1&destination=Roseland%2C%20VA%2022967","","","","","","Cabins; Lodging; Scenic Views","false","https://www.google.com/maps/dir/?api=1&destination=Roseland%2C%20VA%2022967"
"232","Nine Ridges Retreat","nine-ridges-retreat","Whole House Rentals","stay","Montebello","Nine Ridges Retreat is a six-guest mountain home on 20 acres with artisan furnishings, sweeping Three Ridges views, and close access to Crabtree Falls and the Parkway.","","","https://ik.imagekit.io/OE/nelson-county/listings/nine-ridges-retreat-image1_ARsa0BTWa","Wooden deck with wicker furniture, brick wall, and decorative metal gate.","","https://ik.imagekit.io/OE/nelson-county/listings/nine-ridges-retreat-image2_hw7Y6NpIq","Spacious living room with leather couch, telescope, large windows, and high ceiling.","","","","","","","Montebello, VA 24464","josh","","","https://www.google.com/maps/dir/?api=1&destination=Montebello%2C%20VA%2024464","","","","","","Outdoor Seating; Scenic Views; Cabins; Lodging","false","https://www.google.com/maps/dir/?api=1&destination=Montebello%2C%20VA%2024464"
"233","Grace's Place Petite Retreats","graces-place-petite-retreats","Whole House Rentals","stay","Roseland","Grace's Place Petite Retreats offers four well-appointed tiny homes exclusively for registered guests, each with curated amenities for a boutique stay. We offer 4 well appointed tiny homes listed on Airbnb.","","","https://ik.imagekit.io/OE/nelson-county/listings/grace-s-place-petite-retreats-image1_fQcv5Afd28","Three tiny white houses on green lawn with trees and mountains.","","https://ik.imagekit.io/OE/nelson-county/listings/grace-s-place-petite-retreats-image2_3X3Me3-iY","Cozy living room with blue couch, kitchen, and wooden dining table, well-lit space.","","","","","","","Wintergreen, VA 22958","josh","","","https://www.google.com/maps/dir/?api=1&destination=Wintergreen%2C%20VA%2022958","","","","","","Retail; Cabins; Lodging","false","https://www.google.com/maps/dir/?api=1&destination=Wintergreen%2C%20VA%2022958"
"234","Cottage on the Trail","cottage-on-the-trail","Cabins & Cottages","stay","Afton","Cottage on the Trail is a poolside suite on a private estate along the Rockfish River with pergola seating, fire pit, and easy Route 151 access. Wake to gorgeous Mountain views & rolling green meadows bordering the Rockfish River on our family estate.","","","https://ik.imagekit.io/OE/nelson-county/listings/cottage-on-the-trail-image1_h7NQP2nxe","Patio with white furniture, umbrella, plants, beside red brick house, surrounded by trees.","","https://ik.imagekit.io/OE/nelson-county/listings/cottage-on-the-trail-image2_t0vpxlZDh","Cozy living room with sofas, TV, wooden floor, and decorative plants.","","","","","","","Nellysford, VA 22958","josh","","","https://www.google.com/maps/dir/?api=1&destination=Nellysford%2C%20VA%2022958","","","","","","Outdoor Seating; Pool; Seasonal Menu; Scenic Views; Pet Friendly; Cabins; Water Sports; Fishing","false","https://www.google.com/maps/dir/?api=1&destination=Nellysford%2C%20VA%2022958"
"235","Rockfish Farmhouse","rockfish-farmhouse","Cabins & Cottages","stay","Afton","Wineries, breweries, cideries and distilleries are within close proximity Stunning views can be enjoyed by a beautiful fire pit in back yard.","","","https://ik.imagekit.io/OE/nelson-county/listings/rockfish-farmhouse-image1_wzu_Rq50n","White two-story house with porch, surrounded by trees and green lawn.","","https://ik.imagekit.io/OE/nelson-county/listings/rockfish-farmhouse-image2_PVq4ctzq3","Spacious kitchen with wooden beams, dining table, and large windows overlooking scenery.","","","","","","","Afton, VA 22920","josh","","","https://www.google.com/maps/dir/?api=1&destination=Afton%2C%20VA%2022920","","","","","","Scenic Views; Cabins; Lodging; Farm; Fishing; Beer","false","https://www.google.com/maps/dir/?api=1&destination=Afton%2C%20VA%2022920"
"236","Fulton Belle Vue","fulton-belle-vue","Cabins & Cottages","stay","Afton","Lovely outdoor spaces with a screened in porch, rockers on front porch as well as a fire pit to enjoy the amazing views of the Blue Ridge Mountains.","","","https://ik.imagekit.io/OE/nelson-county/listings/fulton-belle-vue-image1_0k1CSckNN","White house with red door, black windows, front porch, and rocking chairs.","","https://ik.imagekit.io/OE/nelson-county/listings/fulton-belle-vue-image2_nV9yBSaDG","Modern kitchen with white cabinets, wood accents, stainless appliances, and central island.","","","","","","","Afton, VA 22920","josh","","","https://www.google.com/maps/dir/?api=1&destination=Afton%2C%20VA%2022920","","","","","","Scenic Views; Outdoor Seating; Cabins; Lodging; Farm","false","https://www.google.com/maps/dir/?api=1&destination=Afton%2C%20VA%2022920"
"237","Spindle Hill Farm","spindle-hill-farm","Bed and Breakfast","stay","Nellysford","Spindle Hill Farm features a handcrafted cedar hot tub cottage and restored 1932 schoolhouse on a 50-acre family farm with private trails and ponds. Two extraordinary homes on one 50 acre family farm.","","","https://ik.imagekit.io/OE/nelson-county/listings/spindle-hill-farm-image1_bR7IuBIDF","Red house surrounded by autumn trees and colorful leaves.","","https://ik.imagekit.io/OE/nelson-county/listings/spindle-hill-farm-image2_A3BcpVovb","Bright living room with beige sofa, colorful pillows, and large sunny windows.","","","","","","","Nellysford, VA 22958","josh","","","https://www.google.com/maps/dir/?api=1&destination=Nellysford%2C%20VA%2022958","","","","","","Breakfast; Pet Friendly; Lodging; Farm","false","https://www.google.com/maps/dir/?api=1&destination=Nellysford%2C%20VA%2022958"
"238","Beech Grove Cabins","beech-grove-cabins","Cabins & Cottages","stay","Roseland","Beech Grove Cabins offers four two-bedroom log cabins with full kitchens, gas fireplaces, Adirondack porches, and communal fire pit near Wintergreen. Four (4) two-bedroom/one-bathroom cabins with a full kitchen, separate living and dining areas with central heat and air conditioning.","","","https://ik.imagekit.io/OE/nelson-county/listings/beech-grove-cabins-image1_A2-avjhQ3","Log cabin with porch surrounded by colorful autumn trees.","","https://ik.imagekit.io/OE/nelson-county/listings/beech-grove-cabins-image2_2BR_h4hG2","Cozy log cabin interior with red sofa, wooden walls, and kitchen area.","","","","","","","Roseland, VA 22967","josh","","","https://www.google.com/maps/dir/?api=1&destination=Roseland%2C%20VA%2022967","","","","","","Fuel; Cabins; Pet Friendly; Lodging","false","https://www.google.com/maps/dir/?api=1&destination=Roseland%2C%20VA%2022967"
"239","Slipper Slope","slipper-slope","Vacation Rentals","stay","Wintergreen Resort","Slipper Slope is a four-bedroom ski-in/ski-out condo on Upper Diamond Hill with spacious layout and true ground-level slope access. Hard to find a bottom floor ski in ski out, especially with 4 bedroom, very spacious.","","","https://ik.imagekit.io/OE/nelson-county/listings/slipper-slope-image1_KnYfEnts_","Chairs and table in snow, skis standing nearby under clear blue sky.","","https://ik.imagekit.io/OE/nelson-county/listings/slipper-slope-image2_OZItoe3rJ","Spacious living room with beige sofa, dining area, modern decor, and soft lighting.","","","","","","","Wintergreen Resort, Roseland, VA 22967","josh","","","https://www.google.com/maps/dir/?api=1&destination=Wintergreen%20Resort%2C%20Roseland%2C%20VA%2022967","","","","","","Scenic Views; Snow Sports; Pet Friendly","false","https://www.google.com/maps/dir/?api=1&destination=Wintergreen%20Resort%2C%20Roseland%2C%20VA%2022967"
"240","Wintergreen Resort","wintergreen-resort-2","Whole House Rentals","stay","Wintergreen Resort","Wintergreen Resort offers professionally managed studios, condos, and private homes with exclusive guest access to Aquatics, Devils Knob golf, racquet sports, and on-mountain shuttles.","","","https://ik.imagekit.io/OE/nelson-county/listings/wintergreen-resort-image1_DTQTx2-_k","Hillside resort with lit buildings, surrounded by dense green forest under cloudy sky.","","https://ik.imagekit.io/OE/nelson-county/listings/wintergreen-resort-image2_f2LK270xS","Modern living room with gray sofa, armchairs, and large window.","","","","","","(855) 699-1858","39 Mountain Inn Loop, Wintergreen, VA 22967","josh","","","https://www.google.com/maps/dir/?api=1&destination=39%20Mountain%20Inn%20Loop%2C%20Wintergreen%2C%20VA%2022967","","","","","","Full Service Resort; Golf; Lodging; Meeting Planners; Pet Friendly; Resort; Scenic Views","false","https://www.google.com/maps/dir/?api=1&destination=39%20Mountain%20Inn%20Loop%2C%20Wintergreen%2C%20VA%2022967"
"241","Camp Blue Ridge","camp-blue-ridge","Campgrounds & Glamping","stay","Montebello","Camp Blue Ridge provides 22 two-bedroom cabins plus motel rooms, meeting spaces, and pet-friendly grounds for families and groups in the Blue Ridge Mountains. Camp Blue Ridge offers a total of 22 cabins of varying styles.","","","https://ik.imagekit.io/OE/nelson-county/listings/camp-blue-ridge-image1_8a87ApjMt","Wooden cabins surrounded by trees with a gravel path in sunlight.","","https://ik.imagekit.io/OE/nelson-county/listings/camp-blue-ridge-image2_xMgxhhVvt","Rustic wooden bed with white pillows and folded towels in cozy room.","","","","","","(434) 760-0818","355 Camp Blue Ridge Road, Montebello, VA 24464","josh","","","https://www.google.com/maps/dir/?api=1&destination=355%20Camp%20Blue%20Ridge%20Road%2C%20Montebello%2C%20VA%2024464","","","","","","Events; Family Friendly; Pet Friendly; Cabins; Scenic Views","false","https://www.google.com/maps/dir/?api=1&destination=355%20Camp%20Blue%20Ridge%20Road%2C%20Montebello%2C%20VA%2024464"
"242","Devils Backbone Camp","devils-backbone-camp","Campgrounds & Glamping","stay","Roseland","Devils Backbone Camp pairs RV and tent sites with craft beverage venues, live music, and easy access to hiking, Blue Ridge Parkway, and Nelson 151 attractions.","","","https://ik.imagekit.io/OE/nelson-county/listings/devils-backbone-camp-image1_pHe83b4NS","Lush green landscape with mountains, clouds, and scattered buildings under blue sky.","","https://ik.imagekit.io/OE/nelson-county/listings/devils-backbone-camp-image2_KO8HGz9jI","Wooden camper check-in booth with brochures and person inside, sunny day.","","","","","","(434) 361-1001","200 Mosbys Run, Roseland, VA 22967","josh","","","https://www.google.com/maps/dir/?api=1&destination=200%20Mosbys%20Run%2C%20Roseland%2C%20VA%2022967","","","","","","Beer; Live Music; Pet Friendly; Scenic Views; Hiking","false","https://www.google.com/maps/dir/?api=1&destination=200%20Mosbys%20Run%2C%20Roseland%2C%20VA%2022967"
"243","The Haven at Devils Backbone Camp","the-haven-at-devils-backbone-camp","Cabins & Cottages","stay","Roseland","The Haven at Devils Backbone is a 3,750-square-foot Lindal Cedar home with luxury finishes, five bedrooms, and easy walkable access to Devils Backbone Basecamp.","","","https://ik.imagekit.io/OE/nelson-county/listings/the-haven-at-devils-backbone-camp-image1_sTmmYqLUn","Modern house with large windows, surrounded by green lawn and trees.","","https://ik.imagekit.io/OE/nelson-county/listings/the-haven-at-devils-backbone-camp-image2_oepz3JJge","Spacious living room with large windows, wooden floors, and comfortable seating arrangement.","","","","","","","200 Mosbys Run, Roseland, VA 22967","josh","","","https://www.google.com/maps/dir/?api=1&destination=200%20Mosbys%20Run%2C%20Roseland%2C%20VA%2022967","","","","","","Beer; Scenic Views; Pet Friendly; Cabins; Lodging","false","https://www.google.com/maps/dir/?api=1&destination=200%20Mosbys%20Run%2C%20Roseland%2C%20VA%2022967"
"244","Relaxing 3 bedroom Mountain Cabin","relaxing-3-bedroom-mountain-cabin","Cabins & Cottages","stay","Roseland","Relaxing 3 Bedroom Mountain Cabin is a tri-level Wintergreen home with wraparound decks, observation platform, wood fireplace, and firewood provided.","","","https://ik.imagekit.io/OE/nelson-county/listings/relaxing-3-bedroom-mountain-cabin-image1_VkgnJV9cW","Beige house with wooden accents, surrounded by leafless trees and stone steps.","","https://ik.imagekit.io/OE/nelson-county/listings/relaxing-3-bedroom-mountain-cabin-image2_tTW_FmdOS","Cozy living room with stone fireplace, leather chairs, and a mounted TV.","","","","","","","Wintergreen Resort, Roseland, VA 22967","josh","","","https://www.google.com/maps/dir/?api=1&destination=Wintergreen%20Resort%2C%20Roseland%2C%20VA%2022967","","","","","","Outdoor Seating; Cabins; Lodging","false","https://www.google.com/maps/dir/?api=1&destination=Wintergreen%20Resort%2C%20Roseland%2C%20VA%2022967"
"245","Mountain Dacha","mountain-dacha","Whole House Rentals","stay","Roseland","Mountain Dacha is a four-bedroom, three-bath home adjacent to a Wintergreen golf course with cozy interiors suited for year-round resort activities.","","","https://ik.imagekit.io/OE/nelson-county/listings/mountain-dacha-image1_qFTjg3emv","Elevated gray house with wooden stilts and staircase against blue sky.","","https://ik.imagekit.io/OE/nelson-county/listings/mountain-dacha-image2_5omwzRo6V","Modern living room with island, pendant lights, dining table, and cozy seating area.","","","","","","","Wintergreen Resort, Roseland, VA 22967","josh","","","https://www.google.com/maps/dir/?api=1&destination=Wintergreen%20Resort%2C%20Roseland%2C%20VA%2022967","","","","","","Golf; Scenic Views; Family Friendly; Pet Friendly","false","https://www.google.com/maps/dir/?api=1&destination=Wintergreen%20Resort%2C%20Roseland%2C%20VA%2022967"
"246","Panoramic Peak - Vistas 1559, Wintergreen","panoramic-peak-vistas-1559-wintergreen","Whole House Rentals","stay","Wintergreen Resort","Panoramic Peak is a renovated one-bedroom, two-bath Wintergreen condo with sweeping valley views, sleeper sofa, and summer access to resort pools.","","","https://ik.imagekit.io/OE/nelson-county/listings/panoramic-peak-vistas-1559-wintergreen-image1_0yAxafh3B","Snow-covered hills and trees under bright sun and clear blue sky.","","https://ik.imagekit.io/OE/nelson-county/listings/panoramic-peak-vistas-1559-wintergreen-image2_3dbe2CCc_","Living room with large windows, balcony view of ocean and sky.","","","","","","","Wintergreen Resort, Roseland, VA 22967","josh","","","https://www.google.com/maps/dir/?api=1&destination=Wintergreen%20Resort%2C%20Roseland%2C%20VA%2022967","","","","","","Scenic Views; Pool; Seasonal Menu; Cabins; Lodging","false","https://www.google.com/maps/dir/?api=1&destination=Wintergreen%20Resort%2C%20Roseland%2C%20VA%2022967"
"247","Skis and Trees","skis-and-trees","Whole House Rentals","stay","Roseland","Skis and Trees is a ski-in/ski-out Tyro slope chalet with two king master suites, kids loft, six-person hot tub, and renovated gourmet kitchen. Completely renovated, 3 BR/2BA chalet, located on Lower Tyro slope, just below Tequila.","","","https://ik.imagekit.io/OE/nelson-county/listings/skis-and-trees-image1_uQ5JEwsyD","Elevated cabin in snowy forest surrounded by leafless trees under clear blue sky.","","https://ik.imagekit.io/OE/nelson-county/listings/skis-and-trees-image2_XL_YPnQw4","Wooden kitchen with island, bar stools, pendant lights, stainless appliances, and vaulted ceiling.","","","","","","","Wintergreen Resort, Roseland, VA 22967","josh","","","https://www.google.com/maps/dir/?api=1&destination=Wintergreen%20Resort%2C%20Roseland%2C%20VA%2022967","","","","","","Skiing; Full Kitchen; Cabins; Lodging","false","https://www.google.com/maps/dir/?api=1&destination=Wintergreen%20Resort%2C%20Roseland%2C%20VA%2022967"
"248","Mountain Dreams Condo","mountain-dreams-condo","Whole House Rentals","stay","Roseland","Mountain Dreams Condo at The Ledges offers two-story living with two bedrooms, dual fireplaces, redesigned king suite, and expansive views over the Rockfish Valley. A brand new Dream Cloud King size bed is in the lower suite with a queen and bunks in the guest room.","","","https://ik.imagekit.io/OE/nelson-county/listings/mountain-dreams-condo-image1_5ySBVIX4i","Sunset over mountains, vibrant sky, lush green trees in foreground.","","https://ik.imagekit.io/OE/nelson-county/listings/mountain-dreams-condo-image2_Eba2At3G7","Cozy living room with fireplace, ocean view, and blue sofa.","","","","","","","Wintergreen Resort, Nellysford, VA 22958","josh","","","https://www.google.com/maps/dir/?api=1&destination=Wintergreen%20Resort%2C%20Nellysford%2C%20VA%2022958","","","","","","Lodging; Pet Friendly; Cabins; Fishing","false","https://www.google.com/maps/dir/?api=1&destination=Wintergreen%20Resort%2C%20Nellysford%2C%20VA%2022958"
"249","Wintergreen Vistas","wintergreen-vistas","Whole House Rentals","stay","Roseland","Wintergreen Vistas comprises two ridge-line condos—one two-bedroom, one three-bedroom—each with full kitchens, decks, and standout Blue Ridge views. One is a 2 bedroom, 2 bath unit, while the other is 3 bedroom, 3 bath The resort is found on the Sunrise Side of the Blue Ridge Mountains and is conveniently located close to Charlottesville, Staunton, Lynchburg, and Waynesboro.","","","https://ik.imagekit.io/OE/nelson-county/listings/wintergreen-vistas-image1_eY_qdT5Qf","Buildings nestled in lush green hills with distant mountain view.","","https://ik.imagekit.io/OE/nelson-county/listings/wintergreen-vistas-image2_mWjjYi8o7","Cozy living room with brown sofa, stone fireplace, and open kitchen area.","","","","","","","Wintergreen Resort, Roseland, VA 22967","josh","","","https://www.google.com/maps/dir/?api=1&destination=Wintergreen%20Resort%2C%20Roseland%2C%20VA%2022967","","","","","","Scenic Views; Cabins; Lodging","false","https://www.google.com/maps/dir/?api=1&destination=Wintergreen%20Resort%2C%20Roseland%2C%20VA%2022967"
"250","Clonmel Acres","clonmel-acres","Cabins & Cottages","stay","Afton","This spot is perfect for family reunions, wine enthusiasts exploring local vineyards, or groups of friends looking for a quiet place to gather.","","","https://ik.imagekit.io/OE/nelson-county/listings/clonmel-acres-image1_jGAgaj2cN","Two-story white house with green shutters and neat garden in sunlight.","","https://ik.imagekit.io/OE/nelson-county/listings/clonmel-acres-image2_Ca4p35kQ5","Wooden staircase beside living room with fireplace, TV, and armchair.","","","","","","","Afton, VA 22920","josh","","","https://www.google.com/maps/dir/?api=1&destination=Afton%2C%20VA%2022920","","","","","","Scenic Views; Cabins; Lodging; Farm","false","https://www.google.com/maps/dir/?api=1&destination=Afton%2C%20VA%2022920"
"251","Cabin at Clonmel","cabin-at-clonmel","Cabins & Cottages","stay","Afton","Cabin at Clonmel is a restored 1700s log cabin available for 31+ day stays with loft bedroom, modern comforts, and mountain views on the Clonmel estate. Historic cabin from late 1700’s with beautiful restoration, beautiful mountain views, fire pit, peaceful area.","","","https://ik.imagekit.io/OE/nelson-county/listings/cabin-at-clonmel-image1_xyO4Zu1Ot","Log cabin with metal roof, surrounded by trees and gravel path.","","https://ik.imagekit.io/OE/nelson-county/listings/cabin-at-clonmel-image2_LOG93baRB","Rustic living room with exposed beams, wooden door, and patterned armchair.","","","","","","","Afton, VA 22920","josh","","","https://www.google.com/maps/dir/?api=1&destination=Afton%2C%20VA%2022920","","","","","","Scenic Views; Cabins; Lodging","false","https://www.google.com/maps/dir/?api=1&destination=Afton%2C%20VA%2022920"
"252","Sleepy Hollow Retreat Enjoy Your Stay","sleepy-hollow-retreat-enjoy-your-stay","Whole House Rentals","stay","Roseland","Sleepy Hollow is nestled in scenic rural Nelson County, Virginia.","","","https://ik.imagekit.io/OE/nelson-county/listings/sleepy-hollow-retreat-enjoy-your-stay-image1_8mU5M7k8W","House entrance with white columns, surrounded by blooming red flowers and green bushes.","","https://ik.imagekit.io/OE/nelson-county/listings/sleepy-hollow-retreat-enjoy-your-stay-image2_UEKG4vFSjT","Cozy bedroom with twin beds, fireplace, floral chairs, and braided rug.","","","","","","","Roseland, VA 22967","josh","","","https://www.google.com/maps/dir/?api=1&destination=Roseland%2C%20VA%2022967","","","","","","Outdoor Seating; Wi-Fi; Pet Friendly; Cabins; Lodging; Farm; Water Sports","false","https://www.google.com/maps/dir/?api=1&destination=Roseland%2C%20VA%2022967"
"253","Eagles Court Ski In/Ski Out Condo","eagles-court-ski-in-ski-out-condo","Vacation Rentals","stay","Wintergreen Resort","Experience the ultimate mountain getaway at Eagles Court Ski In/Ski Out Condo, perfectly situated on Eagle's Swoop. This inviting condo features a renovated kitchen equipped for all your culinary needs, a convenient ski closet for your gear, and designated parking for easy access. Plus, it's dog-friendly, ensuring that your furry friend can join in on the adventure. Whether you're hitting the slopes or relaxing after a day of skiing, this cozy retreat is the ideal home base for your winter escape.","","","https://ik.imagekit.io/OE/nelson-county/listings/eagles-court-ski-in-ski-out-condo-image1_IK6m9Pd6O","Covered patio with blue-cushioned chairs overlooking a forest and distant hills.","","https://ik.imagekit.io/OE/nelson-county/listings/eagles-court-ski-in-ski-out-condo-image2_kwfGDMJtE","Gray sectional sofa in living room with large window and patterned rug.","","","","","","","Wintergreen Resort, Roseland, VA 22967","josh","","","https://www.google.com/maps/dir/?api=1&destination=Wintergreen%20Resort%2C%20Roseland%2C%20VA%2022967","","","","","","Skiing; Parking; Pet Friendly; Full Kitchen","false","https://www.google.com/maps/dir/?api=1&destination=Wintergreen%20Resort%2C%20Roseland%2C%20VA%2022967"
"254","Wren House","wren-house","Cabins & Cottages","stay","Afton","Wren House is a five-bedroom country home on nearly five acres with hot tub, fire pit, remodeled kitchen, and sweeping pasture and sunset views.","","","https://ik.imagekit.io/OE/nelson-county/listings/wren-house-image1_mfElcPQPJ","Wooden deck house with star, surrounded by trees and grassy yard.","","https://ik.imagekit.io/OE/nelson-county/listings/wren-house-image2_8C5DMqnZS","Bedroom with teal walls, large windows, bed, bedside tables, and red rug.","","","","","","","Afton, VA 22920","josh","","","https://www.google.com/maps/dir/?api=1&destination=Afton%2C%20VA%2022920","","","","","","Outdoor Seating; Pet Friendly; Full Kitchen; Cabins; Lodging","false","https://www.google.com/maps/dir/?api=1&destination=Afton%2C%20VA%2022920"
"255","WildManDan B&B (Beer centric)","wildmandan-bb-beer-centric","Bed and Breakfast","stay","Afton","Wild Man Dan B&B is an 1870 farmhouse on the Wild Man Dan Brewery property sleeping twelve with wraparound porch, gazebo, fire pit swings, and optional beer classes. Is available to lodging guests (Terri is a chef) and the brewery has space to rent after daily business hours for events of 50-100 people.","","","https://ik.imagekit.io/OE/nelson-county/listings/wildmandan-b-b-beer-centric--image1_JoNLwgtDjW","Brick house with white porch amidst lush greenery and blooming flowers.","6930547d5c7cd75eb880dc49","https://ik.imagekit.io/OE/nelson-county/listings/wildmandan-b-b-beer-centric--image2_HP9XWfGqVo","White shampoo bottles, labeled 'WildManDan,' next to beer glass and soap.","693061a05c7cd75eb8d793f6","","","","","(540) 649-2233","279 Avon Road, Afton, VA 22920","josh","","","https://www.google.com/maps/dir/?api=1&destination=279%20Avon%20Road%2C%20Afton%2C%20VA%2022920","","","","","","Beer; Breakfast; Farm; Lodging; Outdoor Seating; Tastings","false","https://www.google.com/maps/dir/?api=1&destination=279%20Avon%20Road%2C%20Afton%2C%20VA%2022920"
"256","Fenton Inn","fenton-inn","Bed and Breakfast","stay","Roseland","Fenton Inn is a handcrafted European-style village inn with artisan architecture, bakery breakfast buffet, and direct access to Blue Ridge Parkway adventures. And works of art that it requires a return visit to take it all in.","","","https://ik.imagekit.io/OE/nelson-county/listings/fenton-inn-image1_QKOLmh9ddN","Colorful European-style buildings with lit windows, cobblestone path, and trees.","","https://ik.imagekit.io/OE/nelson-county/listings/fenton-inn-image2_Gihyn3fDA","Spacious living room with wooden beams, fireplace, sofas, and chandelier.","695d1d645c7cd75eb86268c4","","","695d1d7a5c7cd75eb862ddf4","","(434) 361-3539","29 Shelton Laurel Trail, Nellysford, VA 22958","josh","","","https://www.google.com/maps/dir/?api=1&destination=29%20Shelton%20Laurel%20Trail%2C%20Nellysford%2C%20VA%2022958","","","","","","Bakery; Breakfast; Lodging; Scenic Views","true","https://www.google.com/maps/dir/?api=1&destination=29%20Shelton%20Laurel%20Trail%2C%20Nellysford%2C%20VA%2022958"
"257","Marley's Cabin","marleys-cabin","Cabins & Cottages","stay","Wintergreen Resort","Marley's Cabin is a renovated Wintergreen mountain home with 180-degree sunrise views, designer interiors, and expansive decks for year-round relaxation.","","","https://ik.imagekit.io/OE/nelson-county/listings/marley-s-cabin-image1_WNjFUweoL","Wooden porch with stone pillars, leading to brown door, under clear sky.","","https://ik.imagekit.io/OE/nelson-county/listings/marley-s-cabin-image2_gNrnT-xGf","Mountain view from bright room with large windows and outdoor deck chairs.","","","","","","","Wintergreen Resort, Roseland, VA 22967","josh","","","https://www.google.com/maps/dir/?api=1&destination=Wintergreen%20Resort%2C%20Roseland%2C%20VA%2022967","","","","","","Scenic Views; Cabins; Lodging","false","https://www.google.com/maps/dir/?api=1&destination=Wintergreen%20Resort%2C%20Roseland%2C%20VA%2022967"
"258","Cozy & Clean Wintergreen Condo (Tanners Ridge)","cozy-clean-wintergreen-condo-tanners-ridge","Vacation Rentals","stay","Roseland","Cozy & Clean Wintergreen Condo features a new king bed, plush linens, fireplace, smart TVs, and dog-friendly patio one mile from the resort core. This is a well-behaved dog friendly and non-smoking condo.","","","https://ik.imagekit.io/OE/nelson-county/listings/cozy-clean-wintergreen-condo-tanners-ridge--image1_ueMPwPu27","Gray patio with glass doors, table, chairs, and a small grassy area.","","https://ik.imagekit.io/OE/nelson-county/listings/cozy-clean-wintergreen-condo-tanners-ridge--image2_y1P7Ednde","Cozy living room with gray sofa, fireplace, ski decor, and wall-mounted snowshoes.","","","","","","","Wintergreen Resort, Roseland, VA 22967","josh","","","https://www.google.com/maps/dir/?api=1&destination=Wintergreen%20Resort%2C%20Roseland%2C%20VA%2022967","","","","","","Pet Friendly; Outdoor Seating","false","https://www.google.com/maps/dir/?api=1&destination=Wintergreen%20Resort%2C%20Roseland%2C%20VA%2022967"
"259","Remodeled 3BR/2BA Ski Chalet off Tyro Slope","remodeled-3br-2ba-ski-chalet-off-tyro-slope","Whole House Rentals","stay","Wintergreen Resort","Remodeled 3BR/2BA Ski Chalet off Tyro Slope offers ski-in/out access, gourmet kitchen, heated bathroom floors, wraparound deck, and parking for three. This quaint remodeled Austrian styled 3BR/2BA ski chalet just one row off the Tyro Slopes.","","","https://ik.imagekit.io/OE/nelson-county/listings/remodeled-3br-2ba-ski-chalet-off-tyro-slope-image1_LCLwq3hm9","Snow-covered houses and trees under clear blue sky seen from wooden balcony.","","https://ik.imagekit.io/OE/nelson-county/listings/remodeled-3br-2ba-ski-chalet-off-tyro-slope-image2_QCtdVvK3L","Blue sectional sofa with patterned cushions in a cozy living room.","","","","","","","Wintergreen Resort, Roseland, VA 22967","josh","","","https://www.google.com/maps/dir/?api=1&destination=Wintergreen%20Resort%2C%20Roseland%2C%20VA%2022967","","","","","","Skiing; Outdoor Seating; Scenic Views; Full Kitchen; Pet Friendly; Parking; Cabins; Lodging","false","https://www.google.com/maps/dir/?api=1&destination=Wintergreen%20Resort%2C%20Roseland%2C%20VA%2022967"
"260","Three Springs Myndus","three-springs-myndus","Cabins & Cottages","stay","Lovingston","Three Springs Myndus is a three-bedroom mountain home on a 100-acre property with high-speed internet, whirlpool tub, wildlife viewing, and EV charging along the Nelson craft beverage trail. Larger parties, see the Three Springs Plus listing.","","","https://ik.imagekit.io/OE/nelson-county/listings/three-springs-myndus-image1_iRtwAxful","House with gray siding, surrounded by trees, gravel driveway, and green hills.","","https://ik.imagekit.io/OE/nelson-county/listings/three-springs-myndus-image2_L3FPHzVZW","Cozy living room with sofas, fireplace, TV, and round coffee table.","","","","","","","Arrington, VA 22922","josh","","","https://www.google.com/maps/dir/?api=1&destination=Arrington%2C%20VA%2022922","","","","","","Outdoor Seating; Parking; EV Charging; Breakfast; Cabins; Lodging; Swimming Pool","false","https://www.google.com/maps/dir/?api=1&destination=Arrington%2C%20VA%2022922"
"261","Lovingston Get-Away","lovingston-get-away","Cabins & Cottages","stay","Lovingston","Discover the charm of Lovingston Get-Away, a two-bedroom home nestled in the historic district of Lovingston, VA. With a fully equipped kitchen and a cozy living room, this inviting retreat is just steps from Front Street, where you can explore local shops, dining, and a self-guided village tour. Perfectly positioned near renowned wineries, breweries, and the Wintergreen Ski Resort, Lovingston is a haven for outdoor enthusiasts and history lovers alike, featuring attractions like Crabtree Falls and the scenic Blue Ridge Parkway. Experience the beauty of each season, from vibrant fall foliage to winter wonderlands, making Lovingston Get-Away your ideal destination for relaxation and adventure.","","","https://ik.imagekit.io/OE/nelson-county/listings/lovingston-get-away-image1_S53B0Y9fZ","Red umbrella on wooden deck, surrounded by leafy green trees, sunny day.","","https://ik.imagekit.io/OE/nelson-county/listings/lovingston-get-away-image2_j5M7fMRLj","Blue couch with striped pillows, brown chair, lamp, and potted plant nearby.","","","","","","","Lovingston, VA 22949","josh","","","https://www.google.com/maps/dir/?api=1&destination=Lovingston%2C%20VA%2022949","","","","","","Tours; Full Kitchen; Scenic Views; Cabins; Lodging","false","https://www.google.com/maps/dir/?api=1&destination=Lovingston%2C%20VA%2022949"
"262","Rock-n-Creek Cabin","rock-n-creek-cabin","Cabins & Cottages","stay","Montebello","Rock-n-Creek Cabin is a spacious log lodge atop Whetstone Ridge with multiple porches, stone fire pit, three bedrooms plus loft, and scenic river branches on-site. Rock-n-Creek Cabin offers the comforts of country living with all modern amenities.","","","https://ik.imagekit.io/OE/nelson-county/listings/rock-n-creek-cabin-image1_wg6J4o7KB","Wooden cabin porch with blue chairs, small plants, and log pile.","","https://ik.imagekit.io/OE/nelson-county/listings/rock-n-creek-cabin-image2_Kf2NxFyXJ","Cozy living room with floral chair, armchair, and patterned rug.","","","","","","(434) 299-6143","2307 Whetstone Ridge Road, Roseland, VA 22967","josh","","","https://www.google.com/maps/dir/?api=1&destination=2307%20Whetstone%20Ridge%20Road%2C%20Roseland%2C%20VA%2022967","","","","","","Cabins; Scenic Views; Breakfast; Pet Friendly; Lodging; Water Sports","false","https://www.google.com/maps/dir/?api=1&destination=2307%20Whetstone%20Ridge%20Road%2C%20Roseland%2C%20VA%2022967"
"263","The Branch at Afton Mountain Retreat","the-branch-at-afton-mountain-retreat","Whole House Rentals","stay","Afton","The Branch at Afton Mountain Retreat is a remodeled three-bedroom home with screened porch fireplace, pet-friendly policy for hypoallergenic dogs, and location across from Veritas.","","","https://ik.imagekit.io/OE/nelson-county/listings/the-branch-at-afton-mountain-retreat-image1_2evspjhBj","White house with porch, brown roof, green lawn, beside trees under clear sky.","","https://ik.imagekit.io/OE/nelson-county/listings/the-branch-at-afton-mountain-retreat-image2_rEDPzVQfA","Modern living room with gray sofas, round wooden table, and patterned rug.","","","","","","","1220 Fox Ridge Lane, Afton, VA 22920","josh","","","https://www.google.com/maps/dir/?api=1&destination=1220%20Fox%20Ridge%20Lane%2C%20Afton%2C%20VA%2022920","","","","","","Wine; Outdoor Seating; Pet Friendly; Cabins; Lodging","false","https://www.google.com/maps/dir/?api=1&destination=1220%20Fox%20Ridge%20Lane%2C%20Afton%2C%20VA%2022920"
"264","The Bungalow at Afton Mountain Retreat","the-bungalow-at-afton-mountain-retreat","Whole House Rentals","stay","Afton","The Bungalow at Afton Mountain Retreat is a renovated 1930s Sears Roebuck home with open concept living, marble bath, kid playroom, and mountain views over Veritas.","","","https://ik.imagekit.io/OE/nelson-county/listings/the-bungalow-at-afton-mountain-retreat-image1_KbFZ0ogMN","House with blue siding, front porch, grassy yard, and surrounding trees.","","https://ik.imagekit.io/OE/nelson-county/listings/the-bungalow-at-afton-mountain-retreat-image2_Cx7Zyne7u","Modern kitchen with island, pendant lights, and dining area in natural light.","","","","","","","1230 Fox Ridge Lane, Afton, VA 22920","josh","","","https://www.google.com/maps/dir/?api=1&destination=1230%20Fox%20Ridge%20Lane%2C%20Afton%2C%20VA%2022920","","","","","","Wine; Scenic Views; Full Kitchen; Cabins; Lodging","false","https://www.google.com/maps/dir/?api=1&destination=1230%20Fox%20Ridge%20Lane%2C%20Afton%2C%20VA%2022920"
"265","Avon Hill","avon-hill","Whole House Rentals","stay","Howardsville","Avon Hill is a 100-acre Rockfish River estate with multiple lodging buildings, boxwood gardens, pool, and Bruce's Barn event venue for weddings and retreats. For 150 and makes the perfect setting for your destination wedding.","","","https://ik.imagekit.io/OE/nelson-county/listings/avon-hill-image1_rNbvnZUhM","White house with brick chimney, black roof, garden, and blue sky backdrop.","","https://ik.imagekit.io/OE/nelson-county/listings/avon-hill-image2_Evb2hT3rc","Living room with black sofas, brick fireplace, and dining area in background.","","","","","","(434) 361-2519","289 Avon Road, Howardsville, VA 24562","josh","","","https://www.google.com/maps/dir/?api=1&destination=289%20Avon%20Road%2C%20Howardsville%2C%20VA%2024562","","","","","","Lodging; Pool; Events; Pet Friendly; Cabins; Water Sports; Fishing","false","https://www.google.com/maps/dir/?api=1&destination=289%20Avon%20Road%2C%20Howardsville%2C%20VA%2024562"
"266","A Nellysford Nest","a-nellysford-nest","Cabins & Cottages","stay","Nellysford","For the 3 upstairs bedrooms: the first features a king bed, the second features 2 queen beds, and the third features a twin-over-full bunk bed.","","","https://ik.imagekit.io/OE/nelson-county/listings/a-nellysford-nest-image1_YuP0qNW9W","Blue house surrounded by forest, with gravel path and garden.","","https://ik.imagekit.io/OE/nelson-county/listings/a-nellysford-nest-image2_DsD58414v","Spacious living room with leather sectional, wooden floor, and large wall-mounted TV.","","","","","","","Nellysford, VA 22958","josh","","","https://www.google.com/maps/dir/?api=1&destination=Nellysford%2C%20VA%2022958","","","","","","Outdoor Seating; Cabins; Lodging","false","https://www.google.com/maps/dir/?api=1&destination=Nellysford%2C%20VA%2022958"
"267","Love Ridge Mountain Lodging","love-ridge-mountain-lodging","Cabins & Cottages","stay","Lyndhurst","Love Ridge Mountain Lodging offers mountain cabins and wooded campsites at 2,800 feet with birding trails, hot tub, game shed, and Blue Ridge Parkway access. Escape to the heart of Virginia’s Blue Ridge Mountains and immerse yourself in nature.","","","https://ik.imagekit.io/OE/nelson-county/listings/love-ridge-mountain-lodging-image1_aUavRAzUY","Two illuminated cabins on stilts surrounded by trees in twilight.","","https://ik.imagekit.io/OE/nelson-county/listings/love-ridge-mountain-lodging-image2_iYHKvRRV9","Cozy living room with brown leather couch, wooden furniture, and kitchen area.","","https://ik.imagekit.io/OE/nelson-county/listings/love-ridge-mountain-lodging-image3_fVzOXzzh8","Spacious living room with sunlight, large windows, and cozy beige sectional sofa.","","","(434) 299-5228","31 Woodridge Trail, Lyndhurst, VA 22952","josh","","","https://www.google.com/maps/dir/?api=1&destination=31%20Woodridge%20Trail%2C%20Lyndhurst%2C%20VA%2022952","","","","","","Cabins; Full Service Resort; Lodging; Meeting Planners; Pet Friendly; Scenic Views","false","https://www.google.com/maps/dir/?api=1&destination=31%20Woodridge%20Trail%2C%20Lyndhurst%2C%20VA%2022952"
"268","Open Heart Inn","open-heart-inn","Cabins & Cottages","stay","Roseland","Open Heart Inn is an 1840 farmhouse on ten acres offering whole-house or suite rentals, yoga studio, decks, and nature path minutes from Route 151 attractions. A historic property nestled on ten acres, Open Heart Inn offers boutique whole house or individual suite rentals in our 4 bedroom/4 bathroom farmhouse and charming cabin.","","","https://ik.imagekit.io/OE/nelson-county/listings/open-heart-inn-image1_vbafle-Vg","White farmhouse with red roof, surrounded by trees and bushes, gravel driveway.","","https://ik.imagekit.io/OE/nelson-county/listings/open-heart-inn-image2_Nw9TYm2NAw","Yellow bathroom with white vanity, mirror, flowers, leading into bedroom.","","","","","","","9731 Rockfish Valley Highway, Afton, VA 22920","josh","","","https://www.google.com/maps/dir/?api=1&destination=9731%20Rockfish%20Valley%20Highway%2C%20Afton%2C%20VA%2022920","","","","","","Cabins; Lodging; Farm","false","https://www.google.com/maps/dir/?api=1&destination=9731%20Rockfish%20Valley%20Highway%2C%20Afton%2C%20VA%2022920"
"269","Hillside Hideaway","hillside-hideaway","Cabins & Cottages","stay","Wintergreen Resort","Hillside Hideaway is a three-bedroom Wintergreen cabin within walking distance of lifts featuring wraparound deck, fire pit, gas grill, and mountain seating areas. A peaceful mountain Wintergreen stay awaits at this 3-bedroom, 2-bath vacation rental.","","","https://ik.imagekit.io/OE/nelson-county/listings/hillside-hideaway-image1_FLMr9ko8O","Wooden cabin with wrap-around deck, nestled amid tall green trees.","","https://ik.imagekit.io/OE/nelson-county/listings/hillside-hideaway-image2__cvRZ2F-5","Modern living room with spiral staircase, large windows, and wooden beams.","","","","","","","Wintergreen Resort, Roseland, VA 22967","josh","","","https://www.google.com/maps/dir/?api=1&destination=Wintergreen%20Resort%2C%20Roseland%2C%20VA%2022967","","","","","","Outdoor Seating; Fuel; Lodging; Skiing; Cabins; Pet Friendly","false","https://www.google.com/maps/dir/?api=1&destination=Wintergreen%20Resort%2C%20Roseland%2C%20VA%2022967"
"270","Saddleback Sanctuary","saddleback-sanctuary","Cabins & Cottages","stay","Afton","Saddleback Sanctuary is an architect-designed luxury home overlooking Veritas with indoor pool, three en-suite primary bedrooms, and panoramic Blue Ridge views. The convenience of premium toiletries provided for your pampering.","","","https://ik.imagekit.io/OE/nelson-county/listings/saddleback-sanctuary-image1_SmI98BWB5","Modern white house with black roofs, surrounded by trees and vineyard fields.","","https://ik.imagekit.io/OE/nelson-county/listings/saddleback-sanctuary-image2_O8Hp1u6xe","Bright living room with white sofas, skylights, large windows, and scenic views.","","","","","","","Afton, VA 22920","josh","","","https://www.google.com/maps/dir/?api=1&destination=Afton%2C%20VA%2022920","","","","","","Cabins; Lodging; Pool; Scenic Views; Wine","false","https://www.google.com/maps/dir/?api=1&destination=Afton%2C%20VA%2022920"
"157","Appalachian Horse Adventures","appalachian-horse-adventures","Horseback Riding","experience","Nelson County","Appalachian Horse Adventures in Montebello guides Blue Ridge trail rides and river crossings for ages six and up.","","","https://ik.imagekit.io/OE/nelson-county/listings/appalachian-horse-adventures-image1_B6_FpaVfT","Three people horseback riding near a rustic cabin in the forest.","","","","","","","","","(540) 487-9235","396 Fork Mountain Lane, Montebello, VA 24464","josh","","","https://www.google.com/maps/dir/?api=1&destination=396%20Fork%20Mountain%20Lane%2C%20Montebello%2C%20VA%2024464","","","","","","Scenic Views; Family Friendly; Hiking; Equestrian; Biking; Water Sports","false","https://www.google.com/maps/dir/?api=1&destination=396%20Fork%20Mountain%20Lane%2C%20Montebello%2C%20VA%2024464"
"272","Nonny Cottage","nonny-cottage","Cabins & Cottages","stay","Vesuvius","Nonny Cottage is a remote two-bedroom getaway off the Blue Ridge Parkway with full kitchen, washer/dryer, grill, and fire pit for quiet mountain stays.","","","https://ik.imagekit.io/OE/nelson-county/listings/nonny-cottage-image1__YMAk87uO","Single-story house with wooden deck, surrounded by trees and lush greenery.","","https://ik.imagekit.io/OE/nelson-county/listings/nonny-cottage-image2_T1hIUertm","Cozy living room with sofa, lamp, and wooden floor leading to dining area.","","","","","","","Love, VA 22920","josh","","","https://www.google.com/maps/dir/?api=1&destination=Love%2C%20VA%2022920","","","","","","Full Kitchen; Outdoor Seating; Pet Friendly; Scenic Views; Cabins; Lodging","false","https://www.google.com/maps/dir/?api=1&destination=Love%2C%20VA%2022920"
"158","Rebel's Run at Afton Mountain","rebels-run-at-afton-mountain","Horseback Riding","experience","Afton","Experience the thrill of horseback riding at Rebel's Run at Afton Mountain, where you can explore scenic vineyards and breathtaking mountain trails. We offer a variety of riding options, including guided trail rides and personalized lessons tailored to all skill levels. Our engaging summer camps provide a fun and educational environment for children to connect with horses and nature. Join us for an unforgettable adventure in the heart of Virginia's beautiful landscape.","","","https://ik.imagekit.io/OE/nelson-county/listings/rebel-s-run-at-afton-mountain-image1_A6RPb2V4_","Two people horseback riding on forest trail, wearing helmets, smiling back.","","","","","","","","","(703) 623-5243","1020 Rockfish Valley Highway, Nellysford, VA 22958","josh","","","https://www.google.com/maps/dir/?api=1&destination=1020%20Rockfish%20Valley%20Highway%2C%20Nellysford%2C%20VA%2022958","","","","","","Wine; Classes; Hiking; Equestrian; Biking; Farm; Tastings","false","https://www.google.com/maps/dir/?api=1&destination=1020%20Rockfish%20Valley%20Highway%2C%20Nellysford%2C%20VA%2022958"
"274","Basecamp 151","basecamp-151","Motels & Inns","stay","Afton","Basecamp 151 is a boutique motel on Route 151 with seven individual suites plus a three-bedroom house, offering memory foam beds, smart TVs, and high-speed Wi-Fi.","","","https://ik.imagekit.io/OE/nelson-county/listings/basecamp-151-image1_ikQA2XFDb","Building with gray siding, bright yellow door, and 'BASECAMP 151' sign.","","https://ik.imagekit.io/OE/nelson-county/listings/basecamp-151-image2_luooTicGU","Modern living room with dark sofa, wooden walls, and geometric rug design.","","","","","","(434) 422-0015","2904 Rockfish Valley Highway, Nellysford, VA 22958","josh","","","https://www.google.com/maps/dir/?api=1&destination=2904%20Rockfish%20Valley%20Highway%2C%20Nellysford%2C%20VA%2022958","","","","","","Wi-Fi; Pet Friendly; Lodging","false","https://www.google.com/maps/dir/?api=1&destination=2904%20Rockfish%20Valley%20Highway%2C%20Nellysford%2C%20VA%2022958"
"275","Oak Ledge","oak-ledge","Cabins & Cottages","stay","Wintergreen Resort","Oak Ledge is a newly renovated three-bedroom Wintergreen cabin with fiber Wi-Fi, smart TVs, fully equipped kitchen, and sunset deck moments from trails and Nelson 151 attractions.","","","https://ik.imagekit.io/OE/nelson-county/listings/oak-ledge-image1_z8yIdbe06","Cabin surrounded by vibrant autumn trees on sunny day.","","https://ik.imagekit.io/OE/nelson-county/listings/oak-ledge-image2_sA6TYYAI-","Spacious living room with brown furniture, large windows, and a fireplace.","","","","","","","Wintergreen Resort, Roseland, VA 22967","josh","","","https://www.google.com/maps/dir/?api=1&destination=Wintergreen%20Resort%2C%20Roseland%2C%20VA%2022967","","","","","","Wi-Fi; Full Kitchen; Outdoor Seating; Cabins; Pet Friendly; Lodging","false","https://www.google.com/maps/dir/?api=1&destination=Wintergreen%20Resort%2C%20Roseland%2C%20VA%2022967"
"132","Walton's Mountain Museum","waltons-mountain-museum","Museums & Heritage","culture","Schuyler","The Walton’s Mountain Museum showcases the television show of the 1960s, “The Waltons”. Earl Hamner, Jr., creator of The Walton’s, grew up in Schuyler and many of the scripts were based on life as a boy in Schuyler, VA. The museum displays replicas of rooms on the TV show, such as John-Boy’s Bedroom, Ike Godsey’s Store, the kitchen and living room.","","","https://ik.imagekit.io/OE/nelson-county/listings/walton-s-mountain-museum-image1_ENJGZOEIs","Brick building labeled 'Walton's Mountain Museum' with nearby sign, trees, and sunlight.","","","","","","","","","(434) 831-2000","6484 Rockfish River Road, Schuyler, VA 22969","josh","","","https://www.google.com/maps/dir/?api=1&destination=6484%20Rockfish%20River%20Road%2C%20Schuyler%2C%20VA%2022969","","","","","","Retail; Seasonal Menu; Museum","false","https://www.google.com/maps/dir/?api=1&destination=6484%20Rockfish%20River%20Road%2C%20Schuyler%2C%20VA%2022969"
"277","Wintergreen Getaway for Families","wintergreen-getaway-for-families","Whole House Rentals","stay","Wintergreen Resort","Wintergreen Getaway for Families is a pet-friendly mountain home with two outdoor seating areas, indoor fireplace, and pool/tennis access located minutes from Wintergreen slopes. The resort is found on the Sunrise Side of the Blue Ridge Mountains and is conveniently located close to Charlottesville, Staunton, Lynchburg, and Waynesboro.","","","https://ik.imagekit.io/OE/nelson-county/listings/wintergreen-getaway-for-families-image1_xRak2O25W","Yellow house with snow-covered roof, surrounded by snow and evergreen trees.","","https://ik.imagekit.io/OE/nelson-county/listings/wintergreen-getaway-for-families-image2_eLXm2rYc6","Spacious living room with colorful sofas, adjacent kitchen, and wooden flooring.","","","","","","","Wintergreen Resort, Roseland, VA 22967","josh","","","https://www.google.com/maps/dir/?api=1&destination=Wintergreen%20Resort%2C%20Roseland%2C%20VA%2022967","","","","","","Family Friendly; Pet Friendly; Outdoor Seating; Pool; Tennis; Seasonal Menu","false","https://www.google.com/maps/dir/?api=1&destination=Wintergreen%20Resort%2C%20Roseland%2C%20VA%2022967"
"278","Wintergreen Resort Cabin","wintergreen-resort-cabin","Cabins & Cottages","stay","Wintergreen Resort","Escape to the Wintergreen Resort Cabin, a charming retreat nestled in the serene woods. This spacious cabin features five beautifully appointed bathrooms and offers a perfect blend of comfort and nature. Ideally located, you'll find yourself just moments away from the Shamokin Springs Trailhead and the inviting Chestnut Springs Pool, making it an excellent choice for both adventure seekers and relaxation enthusiasts. Experience the tranquility and beauty of the mountains while enjoying all the amenities of resort living.","","","https://ik.imagekit.io/OE/nelson-county/listings/wintergreen-resort-cabin-image1_usN-BJKnP","Two-story house with deck, surrounded by autumn trees, overcast sky.","","https://ik.imagekit.io/OE/nelson-county/listings/wintergreen-resort-cabin-image2_pTyogduKY","Cozy living room with gray sectional sofa, wooden ceiling, stairs, and wall art.","","","","","","","Wintergreen Resort, Roseland, VA 22967","josh","","","https://www.google.com/maps/dir/?api=1&destination=Wintergreen%20Resort%2C%20Roseland%2C%20VA%2022967","","","","","","Fuel; Outdoor Seating; Adventure; Resort; Cabins; Scenic Views; Lodging; Appalachian Trail","false","https://www.google.com/maps/dir/?api=1&destination=Wintergreen%20Resort%2C%20Roseland%2C%20VA%2022967"
"279","Bluebird Cottage","bluebird-cottage","Cabins & Cottages","stay","Roseland","Bluebird Cottage is a charming retreat nestled at the base of Wintergreen Resort, just a short drive from the popular Devil's Backbone Brewery. This cozy home offers convenient access to the scenic Route 151 wineries and a variety of hiking trails, making it an ideal getaway for nature lovers and wine enthusiasts alike. Experience the perfect blend of relaxation and adventure in this inviting setting.","","","https://ik.imagekit.io/OE/nelson-county/listings/bluebird-cottage-image1_oyrVGESN2","Blue house with red chimney surrounded by large green trees and mountains.","","https://ik.imagekit.io/OE/nelson-county/listings/bluebird-cottage-image2_f4Gyyn1fq","Cozy living room with sofas, wooden table, ceiling fan, and brick fireplace.","","","","","","","Roseland, VA 22967","josh","","","https://www.google.com/maps/dir/?api=1&destination=Roseland%2C%20VA%2022967","","","","","","Scenic Views; Beer; Breakfast; Pet Friendly; Cabins; Lodging","false","https://www.google.com/maps/dir/?api=1&destination=Roseland%2C%20VA%2022967"
"280","Bear Tracks Cottage","bear-tracks-cottage","Cabins & Cottages","stay","Nellysford","Bear Tracks Cottage is a three-story cabin with large deck, fire pit, and hot tub tucked near the Nelson 151 Trail for easy access to wineries and hikes.","","","https://ik.imagekit.io/OE/nelson-county/listings/bear-tracks-cottage-image1_ao9s_vNaj","Wooden cabin surrounded by lush green forest, with blue chairs outside.","","https://ik.imagekit.io/OE/nelson-county/listings/bear-tracks-cottage-image2_93gHVwAsE","Rustic cabin interior with wooden walls, loft, and cozy seating area.","","","","","","","Roseland, VA 22967","josh","","","https://www.google.com/maps/dir/?api=1&destination=Roseland%2C%20VA%2022967","","","","","","Cabins; Outdoor Seating; Breakfast; Pet Friendly","false","https://www.google.com/maps/dir/?api=1&destination=Roseland%2C%20VA%2022967"
"281","Faber Farmhouse","faber-farmhouse","Cabins & Cottages","stay","Faber","Faber Farmhouse is a spacious four-bedroom home with dual living rooms, large deck, and open kitchen located across from Rock Spring Mountain Farm wedding venue.","","","https://ik.imagekit.io/OE/nelson-county/listings/faber-farmhouse-image1_ijDX83k94","White two-story house with black roof, deck, surrounded by bare trees.","","https://ik.imagekit.io/OE/nelson-county/listings/faber-farmhouse-image2_IEnn8lZNO","Living room with brown sofa, striped chairs, wooden table, ceiling fan.","","","","","","","Faber, VA 22938","josh","","","https://www.google.com/maps/dir/?api=1&destination=Faber%2C%20VA%2022938","","","","","","Outdoor Seating; Full Kitchen; Events; Breakfast; Pet Friendly; Cabins; Lodging; Farm","false","https://www.google.com/maps/dir/?api=1&destination=Faber%2C%20VA%2022938"
"282","Wintergreen - Fairway Woods","wintergreen-fairway-woods","Vacation Rentals","stay","Wintergreen Resort","Wintergreen – Fairway Woods is a two-bedroom resort condo with cozy fireplace, balcony seating, and electric grill overlooking the Blue Ridge. The resort is found on the Sunrise Side of the Blue Ridge Mountains and is conveniently located close to Charlottesville, Staunton, Lynchburg, and Waynesboro.","","","https://ik.imagekit.io/OE/nelson-county/listings/wintergreen-fairway-woods-image1_M5rehxu4c","Wooden deck with tables, surrounded by trees, adjacent to house with large windows.","","https://ik.imagekit.io/OE/nelson-county/listings/wintergreen-fairway-woods-image2_UFqwGpLGY","Cozy living room and dining area with large windows and wooden furniture.","","","","","","","Wintergreen Resort, Roseland, VA 22967","josh","","","https://www.google.com/maps/dir/?api=1&destination=Wintergreen%20Resort%2C%20Roseland%2C%20VA%2022967","","","","","","Scenic Views; Pet Friendly; Golf","false","https://www.google.com/maps/dir/?api=1&destination=Wintergreen%20Resort%2C%20Roseland%2C%20VA%2022967"
"159","Oakland Museum","oakland-museum","Museums & Heritage","culture","Arrington","Discover the Oakland Museum, housed in a charming 1800s tavern, which brings to life the rich history of Nelson County. Through engaging exhibits, visitors can explore pivotal events such as rural electrification and Hurricane Camille, while gaining insights into the county's role in the broader narratives of Virginia and the nation. Join us for an enlightening journey that connects past and present, celebrating the unique heritage of this vibrant community.","","","https://ik.imagekit.io/OE/nelson-county/listings/oakland-museum-image1_yQz44DJPF","Red brick house with green roof and white stairs in sunlight.","","","","","","","","","(434) 263-8400","5365 Thomas Nelson Highway, Arrington, VA 22922","josh","","","https://www.google.com/maps/dir/?api=1&destination=5365%20Thomas%20Nelson%20Highway%2C%20Arrington%2C%20VA%2022922","","","","","","Seasonal Menu; Museum","false","https://www.google.com/maps/dir/?api=1&destination=5365%20Thomas%20Nelson%20Highway%2C%20Arrington%2C%20VA%2022922"
"284","Peaktime","peaktime","Whole House Rentals","stay","Roseland","Peaktime is a one-bedroom apartment with kitchenette, ideal for couples seeking a simple base near Nelson 151 and Wintergreen.","","","https://ik.imagekit.io/OE/nelson-county/listings/peaktime-image1_Bo91oWibu","Wooden house with solar panels, surrounded by greenery, under clear blue sky.","","https://ik.imagekit.io/OE/nelson-county/listings/peaktime-image2_iELPAfFAd","Living room with couches, colorful bear painting, and wooden wall.","","","","","","","Afton, VA 22920","josh","","","https://www.google.com/maps/dir/?api=1&destination=Afton%2C%20VA%2022920","","","","","","Scenic Views; Full Kitchen; Cabins; Lodging","false","https://www.google.com/maps/dir/?api=1&destination=Afton%2C%20VA%2022920"
"285","Hawthorne","hawthorne","Cabins & Cottages","stay","Nellysford","Hawthorne is a private guest cabin with wood-burning fireplace, outdoor hearth, and deck overlooking wooded acreage near Afton wineries. Entire small guest house/log cabin.","","","https://ik.imagekit.io/OE/nelson-county/listings/hawthorne-image1_ZabwDQhh2","Rustic cabin with stone chimney surrounded by lush trees and greenery.","","https://ik.imagekit.io/OE/nelson-county/listings/hawthorne-image2_ru72cyv12","Cozy rustic cabin interior with kitchenette, fireplace, wooden shelves, and wicker baskets.","","","","","","","Afton, VA 22920","josh","","","https://www.google.com/maps/dir/?api=1&destination=Afton%2C%20VA%2022920","","","","","","Cabins; Outdoor Seating; Lodging","false","https://www.google.com/maps/dir/?api=1&destination=Afton%2C%20VA%2022920"
"286","Rockfish Tiny Home","rockfish-tiny-home","Whole House Rentals","stay","Schuyler","Rockfish Tiny Home is a modern tiny retreat with hot tub, fire pit, hanging swing, and spacious interior central to Nelson 151 wineries. Nelson County has something for everyone.","","","https://ik.imagekit.io/OE/nelson-county/listings/rockfish-tiny-home-image1_fBeoUJWL3","Modern cabin with black trim, hot tub, and snow-covered yard under sunlight.","","https://ik.imagekit.io/OE/nelson-county/listings/rockfish-tiny-home-image2_ieLcxH-yFI","Modern living room with loft, ladder, sofa, and nature view through glass doors.","","","","","","","Schuyler, VA 22969","josh","","","https://www.google.com/maps/dir/?api=1&destination=Schuyler%2C%20VA%2022969","","","","","","Outdoor Seating; Cabins; Lodging; Fishing","false","https://www.google.com/maps/dir/?api=1&destination=Schuyler%2C%20VA%2022969"
"287","Tupelo","tupelo","Whole House Rentals","stay","Roseland","Tupelo is a charming 1900 square foot Blue Ridge Bungalow nestled on one acre in the enchanting Rockfish River Valley. Tupelo is newly remodeled, featuring fresh carpets, recycled glass and concrete countertops and new appliances while maintaining it's rustic charm.","","","https://ik.imagekit.io/OE/nelson-county/listings/tupelo-image1_UQyvDRap6","Small blue house with red door, surrounded by green grass and trees.","","https://ik.imagekit.io/OE/nelson-county/listings/tupelo-image2_YEMlCkGfY","Cozy bedroom with white bedding, artwork, lamps, and a large window view.","","","","","","","Nellysford, VA 22958","josh","","","https://www.google.com/maps/dir/?api=1&destination=Nellysford%2C%20VA%2022958","","","","","","Fuel; Pet Friendly; Scenic Views","false","https://www.google.com/maps/dir/?api=1&destination=Nellysford%2C%20VA%2022958"
"288","The Vu, Afton","the-vu-afton","Cabins & Cottages","stay","Afton","This spacious bright and airy home was just renovated to take full advantage of the jaw-dropping 360º views surrounding the property. Perched atop a grassy knoll of peaceful meadows with 360º views of the Blue Ridge Mountains, this newly renovated Afton home is the perfect retreat.","","","https://ik.imagekit.io/OE/nelson-county/listings/the-vu-afton-image1_S5BCcnudC","Fire pit with chairs in front of illuminated house at night.","","https://ik.imagekit.io/OE/nelson-county/listings/the-vu-afton-image2_tWSkRspw9","Cozy living room with armchairs, fireplace, large windows, and antler chandelier.","","","","","","","Afton, VA 22920","josh","","","https://www.google.com/maps/dir/?api=1&destination=Afton%2C%20VA%2022920","","","","","","Lodging; Scenic Views; Full Kitchen; Cabins","false","https://www.google.com/maps/dir/?api=1&destination=Afton%2C%20VA%2022920"
"289","Serenity Summit","serenity-summit","Whole House Rentals","stay","Wintergreen Resort","Serenity Summit is a three-bedroom, 3.5-bath Wintergreen home sleeping eight with modern amenities, family-friendly layout, and serene wooded surroundings.","","","https://ik.imagekit.io/OE/nelson-county/listings/serenity-summit-image1_cNQynxSjz","Brown house surrounded by vibrant autumn trees and foliage.","","https://ik.imagekit.io/OE/nelson-county/listings/serenity-summit-image2_RAnt8nyEV","Spacious living room with fireplace, large windows, brown sofa, and wooden floor.","","","","","","","Wintergreen Resort, Roseland, VA 22967","josh","","","https://www.google.com/maps/dir/?api=1&destination=Wintergreen%20Resort%2C%20Roseland%2C%20VA%2022967","","","","","","Family Friendly; Lodging","false","https://www.google.com/maps/dir/?api=1&destination=Wintergreen%20Resort%2C%20Roseland%2C%20VA%2022967"
"290","The Wooder House","the-wooder-house","Cabins & Cottages","stay","Nellysford","The Wooder House is a 1,900-square-foot four-bedroom, pet-friendly home on a 38-acre forest property with huge windows, fire pit, and outdoor patio.","","","https://ik.imagekit.io/OE/nelson-county/listings/the-wooder-house-image1_d3RyCyPHT","Wooden house surrounded by lush green forest and trees.","","https://ik.imagekit.io/OE/nelson-county/listings/the-wooder-house-image2_aqCMSRELO","Cozy living room with large windows, green trees outside, and comfy sofa.","","","","","","","Roseland, VA 22967","josh","","","https://www.google.com/maps/dir/?api=1&destination=Roseland%2C%20VA%2022967","","","","","","Scenic Views; Outdoor Seating; Pet Friendly; Cabins; Lodging","false","https://www.google.com/maps/dir/?api=1&destination=Roseland%2C%20VA%2022967"
"291","The Ash House at Holland Hill","the-ash-house-at-holland-hill","Cabins & Cottages","stay","Faber","The Ash House at Holland Hill is a modern cabin with hot tub, fireplace, and mountain views designed for stargazing and stylish Blue Ridge escapes.","","","https://ik.imagekit.io/OE/nelson-county/listings/the-ash-house-at-holland-hill-image1_uMIyEQ7ty","Black wooden cabin surrounded by autumn foliage and sunlight on sloping hill.","","https://ik.imagekit.io/OE/nelson-county/listings/the-ash-house-at-holland-hill-image2_WEdUSCUn_","Spacious living room with wooden beams, black accents, modern furniture, large windows.","","","","","","","Nellysford, VA 22958","josh","","","https://www.google.com/maps/dir/?api=1&destination=Nellysford%2C%20VA%2022958","","","","","","Cabins; Scenic Views; Lodging","false","https://www.google.com/maps/dir/?api=1&destination=Nellysford%2C%20VA%2022958"
"292","D & D's Mountain Home","d-ds-mountain-home","Whole House Rentals","stay","Wintergreen Resort","D & D's Mountain Home is a renovated two-bedroom Stone Ridge condo with gas fireplace, patio, and views over Devils Knob Golf Course.","","","https://ik.imagekit.io/OE/nelson-county/listings/d-d-s-mountain-home-image1_PzXkSUD2Q","Wooden railing and stairway beside house with sloped roof surrounded by trees.","","https://ik.imagekit.io/OE/nelson-county/listings/d-d-s-mountain-home-image2_NTKDLMan4","Cozy living room with sofa, lamps, and table by large glass doors.","","","","","","","Wintergreen Resort, Roseland, VA 22967","josh","","","https://www.google.com/maps/dir/?api=1&destination=Wintergreen%20Resort%2C%20Roseland%2C%20VA%2022967","","","","","","Fuel; Outdoor Seating; Scenic Views; Cabins; Lodging; Golf","false","https://www.google.com/maps/dir/?api=1&destination=Wintergreen%20Resort%2C%20Roseland%2C%20VA%2022967"
"293","Bear Creek Inn","bear-creek-inn","Cabins & Cottages","stay","Tyro","2-3 Bedroom Cottage with large fenced in yard for pets.","","","https://ik.imagekit.io/OE/nelson-county/listings/bear-creek-inn-image1_Z8eqXrcOM","Creek flowing past tree and brick house with red roof.","","https://ik.imagekit.io/OE/nelson-county/listings/bear-creek-inn-image2_xQtRkgnIL","Cozy sunroom with green walls, vintage rug, sofa, large windows, and hanging light.","","","","","","(434) 277-5305","Tyro, VA 22976","josh","","","https://www.google.com/maps/dir/?api=1&destination=Tyro%2C%20VA%2022976","","","","","","Pet Friendly; Outdoor Seating; Cabins; Lodging","false","https://www.google.com/maps/dir/?api=1&destination=Tyro%2C%20VA%2022976"
"294","Cookie's Place, LLC","cookies-place-llc","Cabins & Cottages","stay","Afton","Cookie's Place is a three-bedroom, two-bath home with private pool, mountain views, and convenient access to hiking, skiing, and Route 151 venues. Pool, mountain views, quiet yet close to everything, hiking, skiing, restaurants, wineries, breweries, distilleries, Waynesboro and Charlottesville.","","","https://ik.imagekit.io/OE/nelson-county/listings/cookie-s-place-llc-image1_YqXSl7cuY","Black patio furniture set on wooden deck near grassy lawn and tennis court.","","https://ik.imagekit.io/OE/nelson-county/listings/cookie-s-place-llc-image2_ipVqKBcc4","Modern living room with gray sectional sofa, wood table, and ceiling fan.","","","","","","","Afton, VA 22920","josh","","","https://www.google.com/maps/dir/?api=1&destination=Afton%2C%20VA%2022920","","","","","","Scenic Views; Pool; Pet Friendly; Cabins; Lodging; Hiking","false","https://www.google.com/maps/dir/?api=1&destination=Afton%2C%20VA%2022920"
"295","Bearfeet Retreat","bearfeet-retreat","Cabins & Cottages","stay","Wintergreen Resort","Cozy family cabin that sleeps 8 (K, Q, 2x twin bunks) tucked away in a quiet cul-de-sac. It’s the ideal mountain getaway offering the best of seasonal activities like hiking, fishing, swimming, skiing, brewery and orchard tours. 1/4 mile from Wintergreen Resort & Ski Slopes, yet also close to the “Valley” where there are many restaurants, wineries, breweries and cideries.","","","https://ik.imagekit.io/OE/nelson-county/listings/bearfeet-retreat-image1_Bi1vj6inZ","Rustic cabin surrounded by trees and wooden fence in a green landscape.","","https://ik.imagekit.io/OE/nelson-county/listings/bearfeet-retreat-image2_a1pK4Hztg","Fire pit on wooden table, surrounded by chairs on porch, with forest view.","","","","","","","Wintergreen Resort, Roseland, VA 22967","josh","","","https://www.google.com/maps/dir/?api=1&destination=Wintergreen%20Resort%2C%20Roseland%2C%20VA%2022967","","","","","","Outdoor Seating; Wi-Fi; Parking; Cabins; Lodging; Farm","false","https://www.google.com/maps/dir/?api=1&destination=Wintergreen%20Resort%2C%20Roseland%2C%20VA%2022967"
"296","Peaceful Mountain Getaway","peaceful-mountain-getaway","Whole House Rentals","stay","Nellysford","Peaceful Mountain Getaway is a pet-friendly Wintergreen retreat with calming décor and hosts available to assist, perfect for families seeking quiet escapes. One story, three bedroom, two bath, well stocked house in Rodes Valley.","","","https://ik.imagekit.io/OE/nelson-county/listings/peaceful-mountain-getaway-image1_Ww7fTws2q","Rustic wooden house surrounded by trees, with person sitting on front porch.","","https://ik.imagekit.io/OE/nelson-county/listings/peaceful-mountain-getaway-image2_TEA5EbfCs","Wooden dining table with chairs, floral centerpiece, adjacent large windows.","","","","","","","Wintergreen Resort, Nellysford, VA 22958","josh","","","https://www.google.com/maps/dir/?api=1&destination=Wintergreen%20Resort%2C%20Nellysford%2C%20VA%2022958","","","","","","Scenic Views; Pet Friendly; Family Friendly","false","https://www.google.com/maps/dir/?api=1&destination=Wintergreen%20Resort%2C%20Nellysford%2C%20VA%2022958"
"297","The Afton House","the-afton-house","Whole House Rentals","stay","Afton","The Afton House is a luxury mountain home with sweeping views, multiple gathering spaces, and accommodations for up to sixteen guests.","","","https://ik.imagekit.io/OE/nelson-county/listings/the-afton-house-image1_BWCet3f9Y","Modern house with large windows, lit interior, against sunset sky and bare trees.","","https://ik.imagekit.io/OE/nelson-county/listings/the-afton-house-image2_sGu2sep1w","Cozy room with wooden table, chairs, blue shelves, and checkered curtains.","695d1d645c7cd75eb86268c4","","","695d1d7a5c7cd75eb862ddf4","","","Afton, VA 22920","josh","","","https://www.google.com/maps/dir/?api=1&destination=Afton%2C%20VA%2022920","","","","","","Lodging; Scenic Views","true","https://www.google.com/maps/dir/?api=1&destination=Afton%2C%20VA%2022920"
"298","THE LITTLE FARMHOUSE","thelittlefarmhouse","Cabins & Cottages","stay","Afton","The Little Farmhouse, also known as Cheval Circle, is a rustic-modern home with multiple seating areas, dining for 10, large porch, and horse farm views.","","","https://ik.imagekit.io/OE/nelson-county/listings/the-little-farmhouse-image1_HWH41F4Vf","White house with front porch, green lawn, surrounded by trees in sunlight.","","https://ik.imagekit.io/OE/nelson-county/listings/the-little-farmhouse-image2_kht6S_C_a","Modern living room with spiral staircase, large windows, brown sofa, green plants.","","","","","","","Afton, VA 22920","josh","","","https://www.google.com/maps/dir/?api=1&destination=Afton%2C%20VA%2022920","","","","","","Farm; Outdoor Seating; Cabins; Lodging","false","https://www.google.com/maps/dir/?api=1&destination=Afton%2C%20VA%2022920"
"299","Mountaintop Overlook","mountaintop-overlook","Whole House Rentals","stay","Wintergreen Resort","Mountaintop Overlook is a 1,237-square-foot Wintergreen condo with ground-level access, panoramic valley views, wood-burning fireplace, and newly renovated interiors. Unbeatable Panoramic Mountain Views.","","","https://ik.imagekit.io/OE/nelson-county/listings/mountaintop-overlook-image1_h0B_F2eNe","Veranda with metal chairs, overlooking hills and colorful sunset sky.","","https://ik.imagekit.io/OE/nelson-county/listings/mountaintop-overlook-image2_ITYn_sBZb","Cozy living room with fireplace, wooden table, and large windows overlooking landscape.","","","","","","","Wintergreen Resort, Roseland, VA 22967","josh","","","https://www.google.com/maps/dir/?api=1&destination=Wintergreen%20Resort%2C%20Roseland%2C%20VA%2022967","","","","","","Scenic Views; Cabins; Lodging","false","https://www.google.com/maps/dir/?api=1&destination=Wintergreen%20Resort%2C%20Roseland%2C%20VA%2022967"
"300","Blue Ridge Mountain Retreat","blue-ridge-mountain-retreat","Whole House Rentals","stay","Wintergreen Resort","Blue Ridge Mountain Retreat is a 4,800-square-foot Wintergreen luxury home sleeping 20 with four wood-burning fireplaces, gourmet kitchen, and game room. This home is an amazing 4800 square foot luxury home located just a short distance from Mountain Inn, ski areas, Founders Vision Overlook, Devil’s Knob Golf Course, Tennis Center, Spa, and Fitness Center.","","","https://ik.imagekit.io/OE/nelson-county/listings/blue-ridge-mountain-retreat-image1_XiqNB2L3J","Large house with deck, stone wall, surrounded by bare trees, under blue sky.","","https://ik.imagekit.io/OE/nelson-county/listings/blue-ridge-mountain-retreat-image2_fZnRkW9qP","Wooden house porch with triangular roof, surrounded by windows.","","","","","","","Wintergreen Resort, Roseland, VA 22967","josh","","","https://www.google.com/maps/dir/?api=1&destination=Wintergreen%20Resort%2C%20Roseland%2C%20VA%2022967","","","","","","Full Kitchen; Scenic Views; Lodging","false","https://www.google.com/maps/dir/?api=1&destination=Wintergreen%20Resort%2C%20Roseland%2C%20VA%2022967"
"301","Mountain & Vine Farmhouse","mountain-vine-farmhouse","Whole House Rentals","stay","Faber","Mountain & Vine Farmhouse is a 2,700-square-foot retreat overlooking Delfosse Vineyards with deck, gas grill, and four queen bedrooms for wine country gatherings. 5-bath vacation rental home overlooking Delfosse Vineyards and Winery 2,700 Sq Ft | Deck | Gas Grill | Free Wi Fi Relax, reset, and rejuvenate in this stunning Faber farmhouse - perfect for a peaceful weekend getaway with your best friends.","","","https://ik.imagekit.io/OE/nelson-county/listings/mountain-vine-farmhouse-image1_nJkRWBHN5","Sunny backyard with stone path, trees, and distant rolling hills.","","https://ik.imagekit.io/OE/nelson-county/listings/mountain-vine-farmhouse-image2_z0leCk8sr","Cozy living room with leather sofas, glass coffee table, and wooden chairs.","","","","","","","Faber, VA 22938","josh","","","https://www.google.com/maps/dir/?api=1&destination=Faber%2C%20VA%2022938","","","","","","Outdoor Seating; Fuel; Wi-Fi; Wine; Cabins; Lodging; Farm; Tastings","false","https://www.google.com/maps/dir/?api=1&destination=Faber%2C%20VA%2022938"
"302","Mountain & Vine Vineyards Log Cabin","mountain-vine-vineyards-log-cabin","Cabins & Cottages","stay","Faber","Mountain & Vine Vineyards Log Cabin is a historic hilltop cabin with loft bedroom, panoramic vineyard vistas, and private tastings available nearby. This 1-bed, 1-bath vacation rental is calling - your next couple's retreat awaits.","","","https://ik.imagekit.io/OE/nelson-county/listings/mountain-vine-vineyards-log-cabin-image1_YZLXDugsN","Rustic wooden cabin with porch surrounded by trees and outdoor seating.","","https://ik.imagekit.io/OE/nelson-county/listings/mountain-vine-vineyards-log-cabin-image2_N2UPizOy_","Rustic living room with stone fireplace, leather sofa, and wooden ceiling beams.","","","","","","","Faber, VA 22938","josh","","","https://www.google.com/maps/dir/?api=1&destination=Faber%2C%20VA%2022938","","","","","","Cabins; Wine; Tastings; Lodging; Farm","false","https://www.google.com/maps/dir/?api=1&destination=Faber%2C%20VA%2022938"
"303","The Fairway Chalet","the-fairway-chalet","Whole House Rentals","stay","Wintergreen Resort","The Fairway Chalet is a 3,000-square-foot Wintergreen retreat with arcade game, ping pong, fire pit, and easy access to skiing, pools, and hiking.","","","https://ik.imagekit.io/OE/nelson-county/listings/the-fairway-chalet-image1_OR_6iWhNB","Wooden patio set with two mugs and gray blanket in forest setting.","","https://ik.imagekit.io/OE/nelson-county/listings/the-fairway-chalet-image2_3oLQdDE_F","Cozy living room with stone fireplace, brown sectional, and plaid red carpet.","","","","","","","Wintergreen Resort, Roseland, VA 22967","josh","","","https://www.google.com/maps/dir/?api=1&destination=Wintergreen%20Resort%2C%20Roseland%2C%20VA%2022967","","","","","","Cabins; Lodging; Golf; Swimming Pool","false","https://www.google.com/maps/dir/?api=1&destination=Wintergreen%20Resort%2C%20Roseland%2C%20VA%2022967"
"304","Spruce Creek Garden Cottage","spruce-creek-garden-cottage","Cabins & Cottages","stay","Nellysford","Maximum occupants - 4 people Located 1-3 miles from Bold Rock, Three Notch'd, Devils Backbone and Blue Toad breweries and cideries. 950 square foot home- 2 Bedroom, 1 bath Parking for 2 cars.","","","https://ik.imagekit.io/OE/nelson-county/listings/spruce-creek-garden-cottage-image1_DH3_z_VOl","White house with metal roof, lush garden, and gravel path under clear sky.","","https://ik.imagekit.io/OE/nelson-county/listings/spruce-creek-garden-cottage-image2_SNYOLwX-E","Cozy living room with wood floors, armchair, ceiling fan, and large windows.","","","","","","","Nellysford, VA 22958","josh","","","https://www.google.com/maps/dir/?api=1&destination=Nellysford%2C%20VA%2022958","","","","","","Outdoor Seating; Beer; Parking; Cabins; Lodging","false","https://www.google.com/maps/dir/?api=1&destination=Nellysford%2C%20VA%2022958"
"305","Parrs Camp, Mountain Hollow","parrs-camp-mountain-hollow","Cabins & Cottages","stay","Wintergreen Resort","Parrs Camp, Mountain Hollow is a craftsman-built ADU above a garage on a 70-acre Tye River property with king and double bedrooms, outdoor shower, foosball, and access to hammocks, fire pit, and nearby GW National Forest trails. Your host looks forward to your visit: responsive, helpful, informative and to offer any assistance needed.","","","https://ik.imagekit.io/OE/nelson-county/listings/parrs-camp-mountain-hollow-image1_hE64II8eE","Wooden house surrounded by lush green trees and plants under sunlight.","","https://ik.imagekit.io/OE/nelson-county/listings/parrs-camp-mountain-hollow-image2_a18PmQIOk","Cozy living room with armchairs, couch, and sunlight streaming through windows.","","","","","","","Tyro, VA 22976","josh","","","https://www.google.com/maps/dir/?api=1&destination=Tyro%2C%20VA%2022976","","","","","","Outdoor Seating; Cabins; Lodging; Water Sports","false","https://www.google.com/maps/dir/?api=1&destination=Tyro%2C%20VA%2022976"
"306","Parr's Camp","parrs-camp","Cabins & Cottages","stay","Wintergreen Resort","Parr's Camp is a historic 1940s fishing cabin restored with original paneling, screened porch, pond, and space for seven guests on a 70-acre riverfront estate bordering the George Washington National Forest. Your host looks forward to your visit: responsive, helpful, informative and to offer any assistance needed.","","","https://ik.imagekit.io/OE/nelson-county/listings/parr-s-camp-image1_wvauSKQj6","Wooden house surrounded by trees and grass, black fence in foreground.","","https://ik.imagekit.io/OE/nelson-county/listings/parr-s-camp-image2_jeiLu3graS","Cozy living room with stone fireplace, sofas, and wooden floor.","","","","","","","Tyro, VA 22976","josh","","","https://www.google.com/maps/dir/?api=1&destination=Tyro%2C%20VA%2022976","","","","","","Cabins; Outdoor Seating; Lodging; Water Sports; Fishing","false","https://www.google.com/maps/dir/?api=1&destination=Tyro%2C%20VA%2022976"
"307","Bella Vista","bella-vista","Cabins & Cottages","stay","Wintergreen Resort","Bella Vista is a pet-friendly Wintergreen getaway with expansive deck, mountain views, and accommodations for couples seeking a quiet resort stay. 5 Bathroom home 7 Minutes walk or 4 minute drive to the slopes Spectacular views off of back deck.","","","https://ik.imagekit.io/OE/nelson-county/listings/bella-vista-image1_O0YjaMWRU","Large beige house surrounded by trees and gravel driveway in sunlight.","","https://ik.imagekit.io/OE/nelson-county/listings/bella-vista-image2_P7prXtAdC","Spacious living room with large windows, wooden ceiling, and cozy furniture.","","","","","","","Wintergreen Resort, Roseland, VA 22967","josh","","","https://www.google.com/maps/dir/?api=1&destination=Wintergreen%20Resort%2C%20Roseland%2C%20VA%2022967","","","","","","Scenic Views; Pet Friendly; Outdoor Seating; Cabins; Lodging","false","https://www.google.com/maps/dir/?api=1&destination=Wintergreen%20Resort%2C%20Roseland%2C%20VA%2022967"
"308","Red, White and Wintergreen","red-white-and-wintergreen","Whole House Rentals","stay","Wintergreen Resort","Red, White and Wintergreen is a five-bedroom Wintergreen property with large deck, porch hot tub, valley views, and office space for remote-friendly stays. It is perfect for families and large groups with comfortable living areas and a great deck and porch with hot tub.","","","https://ik.imagekit.io/OE/nelson-county/listings/red-white-and-wintergreen-image1_k_S21orXm","Houses with warm lights nestled in wooded area at dusk.","","https://ik.imagekit.io/OE/nelson-county/listings/red-white-and-wintergreen-image2_9z7tXGR3K","Cozy living room with red sofas, fireplace, large TV, and natural lighting.","","","","","","","Wintergreen Resort, Roseland, VA 22967","josh","","","https://www.google.com/maps/dir/?api=1&destination=Wintergreen%20Resort%2C%20Roseland%2C%20VA%2022967","","","","","","Scenic Views; Outdoor Seating; Family Friendly; Lodging","false","https://www.google.com/maps/dir/?api=1&destination=Wintergreen%20Resort%2C%20Roseland%2C%20VA%2022967"
"309","Mountain View Vista","mountain-view-vista","Whole House Rentals","stay","Wintergreen Resort","Mountain View Vista is a one-bedroom, two-bath Wintergreen condo with spacious kitchen, large deck, and sweeping mountain vistas for couples getaways. 1 Bedroom/2 full baths/ large kitchen Large deck with scenic views.","","","https://ik.imagekit.io/OE/nelson-county/listings/mountain-view-vista-image1_lHpoH-D2H","Deck with wooden chairs overlooking scenic mountain landscape under cloudy sky.","","https://ik.imagekit.io/OE/nelson-county/listings/mountain-view-vista-image2_mlKIvbY7B","Modern living room, large windows, ocean view, gray sofa, fireplace, television.","","","","","","","Wintergreen Resort, Roseland, VA 22967","josh","","","https://www.google.com/maps/dir/?api=1&destination=Wintergreen%20Resort%2C%20Roseland%2C%20VA%2022967","","","","","","Full Kitchen; Outdoor Seating; Scenic Views; Cabins; Lodging","false","https://www.google.com/maps/dir/?api=1&destination=Wintergreen%20Resort%2C%20Roseland%2C%20VA%2022967"
"310","Art & Soul Guesthouse","art-soul-guesthouse","Whole House Rentals","stay","Roseland","Art & Soul Guesthouse is a design-forward one-bedroom plus loft retreat with sauna, EV charger, and sunset views, steps from Nelson 151 adventures.","","","https://ik.imagekit.io/OE/nelson-county/listings/art-soul-guesthouse-image1_-uTzD7Lq4","Modern wooden house with large windows surrounded by trees at dusk.","","https://ik.imagekit.io/OE/nelson-county/listings/art-soul-guesthouse-image2_1H122tsdB","Spacious room with triangular windows, round table, easel, and modern light fixture.","","","","","","","Roseland, VA 22967","josh","","","https://www.google.com/maps/dir/?api=1&destination=Roseland%2C%20VA%2022967","","","","","","EV Charging; Cabins; Lodging","false","https://www.google.com/maps/dir/?api=1&destination=Roseland%2C%20VA%2022967"
"311","Art & Soul Main House","art-soul-main-house","Whole House Rentals","stay","Wintergreen Resort","Art & Soul Main House offers three en-suite bedrooms plus loft sleeping, gourmet kitchen, saltwater hot tub, dry sauna, and extensive decks for groups up to ten. And stunning landscapes and skies.","","","https://ik.imagekit.io/OE/nelson-county/listings/art-soul-main-house-image1_uQK2zI80u","Cozy house with lit windows, surrounded by stone walls, steps, and trees.","","https://ik.imagekit.io/OE/nelson-county/listings/art-soul-main-house-image2_6BsnLLMKw","Modern kitchen with large island, wooden cabinets, and stainless steel appliances.","","","","","","","Roseland, VA 22967","josh","","","https://www.google.com/maps/dir/?api=1&destination=Roseland%2C%20VA%2022967","","","","","","Scenic Views; Full Kitchen; Lodging; Water Sports","false","https://www.google.com/maps/dir/?api=1&destination=Roseland%2C%20VA%2022967"
"312","The Cottage at River Circle Farm","the-cottage-at-river-circle-farm","Cabins & Cottages","stay","Wintergreen Resort","The Cottage at River Circle Farm is a one-bedroom riverside retreat with private pool, on-site nature trails, and quiet grounds along the James River.","","","https://ik.imagekit.io/OE/nelson-county/listings/the-cottage-at-river-circle-farm-image1_kI4pcscYm","Blue swimming pool in backyard with trees and house under clear sky.","","https://ik.imagekit.io/OE/nelson-county/listings/the-cottage-at-river-circle-farm-image2_KlDXHx3yF","Cozy living room with a sofa, ceiling fan, and paintings, lit by sunlight.","","","","","","","Scottsville, VA 24590","josh","","","https://www.google.com/maps/dir/?api=1&destination=Scottsville%2C%20VA%2024590","","","","","","Pool; Cabins; Lodging; Water Sports","false","https://www.google.com/maps/dir/?api=1&destination=Scottsville%2C%20VA%2024590"
"313","Berry Hill Lake","berry-hill-lake","Cabins & Cottages","stay","Nellysford","Berry Hill Lake is a modern-rustic four-bedroom, 3.5-bath home overlooking a private two-acre lake with indoor/outdoor fireplaces, bunk rooms, and movie room on 250 wooded acres.","","","https://ik.imagekit.io/OE/nelson-county/listings/berry-hill-lake-image1_2Z8GdFy77","Rustic cottage with chimney surrounded by trees under a clear sky.","","https://ik.imagekit.io/OE/nelson-county/listings/berry-hill-lake-image2_8f_09seUw","Cozy living room with stone fireplace, leather sofas, large windows, and rustic decor.","","","","","","","Roseland, VA 22967","josh","","","https://www.google.com/maps/dir/?api=1&destination=Roseland%2C%20VA%2022967","","","","","","Outdoor Seating; Pet Friendly; Cabins; Lodging","false","https://www.google.com/maps/dir/?api=1&destination=Roseland%2C%20VA%2022967"
"314","Afton Awaits","afton-awaits","Cabins & Cottages","stay","Afton","Nestled in the picturesque hills of Afton, Virginia, this luxury modern farmhouse offers the perfect blend of rustic charm and contemporary elegance.","","","https://ik.imagekit.io/OE/nelson-county/listings/afton-awaits-image1_cw5wL1FDQ","Countryside house with green lawn, mountains, and colorful sunset sky.","","https://ik.imagekit.io/OE/nelson-county/listings/afton-awaits-image2_ZDpe6Zg-a","Open-concept living room and kitchen with wooden floors and modern decor.","695d1d645c7cd75eb86268c4","","","695d1d7a5c7cd75eb862ddf4","","","Afton, VA 22920","josh","","","https://www.google.com/maps/dir/?api=1&destination=Afton%2C%20VA%2022920","","","","","","Cabins; Farm; Lodging; Outdoor Seating; Pool; Scenic Views","true","https://www.google.com/maps/dir/?api=1&destination=Afton%2C%20VA%2022920"
"315","Pilotview Hollow","pilotview-hollow","Whole House Rentals","stay","Nellysford","Pilotview Hollow is a five-bedroom, 4.5-bath estate on 42 acres with hot tub, dual primary suites, game room, outdoor fire pit, and proximity to Route 151 and Wintergreen. Private space on 42 acres, game room, hot tub, 2 primary bedrooms with ensuite bathrooms.","","","https://ik.imagekit.io/OE/nelson-county/listings/pilotview-hollow-image1_4hZKeDrC7","Modern cabin with large windows, stone chimney, and wooden deck in forest setting.","","https://ik.imagekit.io/OE/nelson-county/listings/pilotview-hollow-image2_6Cs4l6yWl","Modern living room with beige sofa, wooden ceiling, and black staircase.","","","","","","","Nellysford, VA 22958","josh","","","https://www.google.com/maps/dir/?api=1&destination=Nellysford%2C%20VA%2022958","","","","","","Parking; Lodging","false","https://www.google.com/maps/dir/?api=1&destination=Nellysford%2C%20VA%2022958"
"316","Nelson Cozy Cabin","nelson-cozy-cabin","Cabins & Cottages","stay","Nellysford","Nestled on four serene acres, Nelson Cozy Cabin offers a charming retreat in Stoney Creek. This beautifully renovated three-bedroom, two-bath cabin features a spacious deck and a fire pit, perfect for gathering after a day of outdoor adventures. Guests enjoy access to Wintergreen POA pools and fishing, making it an ideal destination for relaxation and recreation. Experience the perfect blend of comfort and nature at this inviting getaway.","","","https://ik.imagekit.io/OE/nelson-county/listings/nelson-cozy-cabin-image1_Ill0EU3Eo","Gray cabin in a forest with bare trees and wooden deck.","","https://ik.imagekit.io/OE/nelson-county/listings/nelson-cozy-cabin-image2_9xPS2w_t4","Cozy living room with stone fireplace, wooden furniture, and large windows.","","","","","","","Nellysford, VA 22958","josh","","","https://www.google.com/maps/dir/?api=1&destination=Nellysford%2C%20VA%2022958","","","","","","Outdoor Seating; Cabins; Pet Friendly; Lodging; Water Sports; Fishing; Swimming Pool","false","https://www.google.com/maps/dir/?api=1&destination=Nellysford%2C%20VA%2022958"
"317","Kneeling Shepherd","kneeling-shepherd","Cabins & Cottages","stay","Roseland","Kneeling Shepherd is a new-construction farmhouse on 12 acres with hot tub, fire pit, mountain views, and easy access to the Tye River, Wintergreen, and Appalachian Trail. Relax with the family on 12 private acres at our peaceful new construction farmhouse.","","","https://ik.imagekit.io/OE/nelson-county/listings/kneeling-shepherd-image1_Uw6uGu8lr","White farmhouse with porch, evening lighting, cloudy sky, surrounded by trees.","","https://ik.imagekit.io/OE/nelson-county/listings/kneeling-shepherd-image2_kQtAmT1tE","Living room with brown leather sofas, fireplace, and large windows.","","","","","","","Roseland, VA 22967","josh","","","https://www.google.com/maps/dir/?api=1&destination=Roseland%2C%20VA%2022967","","","","","","Scenic Views; Cabins; Lodging; Appalachian Trail; Farm; Water Sports","false","https://www.google.com/maps/dir/?api=1&destination=Roseland%2C%20VA%2022967"
"318","Kremer Cabin","kremer-cabin","Cabins & Cottages","stay","Faber","Kremer Cabin is a Cape Cod on six acres with screened porch swings, two porch swings, and room for up to 12 guests surrounded by mountain views. Lovely Cape Cod surrounded by mountains on 6 acres.","","","https://ik.imagekit.io/OE/nelson-county/listings/kremer-cabin-image1_ZWFmIrxZP","Brown wooden house surrounded by trees behind a rustic wooden fence.","","https://ik.imagekit.io/OE/nelson-county/listings/kremer-cabin-image2_7bnrIxMzK","Outdoor patio with fire pit, wicker furniture, swing, and lush greenery outside.","","","","","","","Faber, VA 22938","josh","","","https://www.google.com/maps/dir/?api=1&destination=Faber%2C%20VA%2022938","","","","","","Cabins; Scenic Views; Outdoor Seating; Lodging","false","https://www.google.com/maps/dir/?api=1&destination=Faber%2C%20VA%2022938"
"319","Stewart's Place","stewarts-place","Whole House Rentals","stay","Faber","Stewart's Place is a rustic, private retreat with spacious yard and homey comforts—ideal for guests seeking a quiet Faber getaway.","","","https://ik.imagekit.io/OE/nelson-county/listings/stewart-s-place-image1_TIJ0wB_xf","Small white house with black roof, porch, surrounded by trees.","","https://ik.imagekit.io/OE/nelson-county/listings/stewart-s-place-image2_2S4PBVrjx","Gray sofa in cozy living room with rug, plants, and desk.","","","","","","","Faber, VA 22938","josh","","","https://www.google.com/maps/dir/?api=1&destination=Faber%2C%20VA%2022938","","","","","","Scenic Views; Cabins; Lodging","false","https://www.google.com/maps/dir/?api=1&destination=Faber%2C%20VA%2022938"
"320","Boho Cliff House Retreat","boho-cliff-house-retreat","Whole House Rentals","stay","Wintergreen Resort","Boho Cliff House Retreat offers dramatic Blue Ridge views in a design-forward setting—ideal for couples or friends seeking a stylish mountain escape.","","","https://ik.imagekit.io/OE/nelson-county/listings/boho-cliff-house-retreat-image1_L3zCUtUrE","Outdoor deck with cozy seating and string lights, surrounded by trees.","","https://ik.imagekit.io/OE/nelson-county/listings/boho-cliff-house-retreat-image2_GsbtJb4yQ","Spacious living room with large windows, brown furniture, and fireplace. Bright natural light.","","","","","","","Roseland, VA 22967","josh","","","https://www.google.com/maps/dir/?api=1&destination=Roseland%2C%20VA%2022967","","","","","","Retail; Scenic Views; Cabins; Lodging","false","https://www.google.com/maps/dir/?api=1&destination=Roseland%2C%20VA%2022967"
"321","Airkey Boutique Rentals","airkey","Cabins & Cottages","stay","Afton","Airkey Boutique Rentals curates charming nature-centric stays near Nelson 151 breweries, wineries, and hiking trails—visit myairkey.com for available suites. Looking for a cozy mountain hideaway. We offer the perfect getaway for adventure seekers and serenity lovers alike There’s something to do in Afton every season of the year.","","","https://ik.imagekit.io/OE/nelson-county/listings/airkey-boutique-rentals-image1_cmGf9y1jA","Modern kitchen with wooden beams, island, chairs, and stainless steel appliances.","","https://ik.imagekit.io/OE/nelson-county/listings/airkey-boutique-rentals-image2__RwGQDmNm6","Wooden patio with metal furniture, open view of mountains and sky.","","","","","https://myairkey.com","(434) 466-6942","Afton, VA 22920","WG","","","https://www.google.com/maps/dir/?api=1&destination=Afton%2C%20VA%2022920","","","","","","Retail; Beer; Cabins; Lodging","false","https://www.google.com/maps/dir/?api=1&destination=Afton%2C%20VA%2022920"
"322","Three Ridge Retreat","three-ridge-retreat","Vacation Rentals","stay","Wintergreen Resort","Three Ridge Retreat is a two-bedroom, two-bath dog-friendly Wintergreen condo within walking distance of slopes, restaurants, and resort trails.","","","https://ik.imagekit.io/OE/nelson-county/listings/three-ridge-retreat-image1_nWA5bIf41j","Cozy living room with white armchairs, fireplace, and decorative items on shelves.","","https://ik.imagekit.io/OE/nelson-county/listings/three-ridge-retreat-image2_5zTu74E-i","Stacked firewood beside a black fireplace on a gray stone mantel.","","","","","","","Wintergreen Resort, Roseland, VA 22967","josh","","","https://www.google.com/maps/dir/?api=1&destination=Wintergreen%20Resort%2C%20Roseland%2C%20VA%2022967","","","","","","Pet Friendly; Skiing; Resort","false","https://www.google.com/maps/dir/?api=1&destination=Wintergreen%20Resort%2C%20Roseland%2C%20VA%2022967"
"323","Sunset Vista Villa","sunset-vista-villa","Whole House Rentals","stay","Roseland","Sunset Vista Villa is a two-bedroom, two-bath Wintergreen condo with elevated first-floor views, ideal for sunset watching and family getaways. Welcome to Sunset Vista Villa, this stunning 2 bedroom, 2 bathroom retreat offers breathtaking views that stretch for miles.","","","https://ik.imagekit.io/OE/nelson-county/listings/sunset-vista-villa-image1_1BgIsS1S4","Large house surrounded by bare trees and rocks under clear blue sky.","","https://ik.imagekit.io/OE/nelson-county/listings/sunset-vista-villa-image2_sR8bwvtW0X","Cozy living room with fireplace, couches, TV, art, and warm lighting.","","","","","","","Wintergreen Resort, Roseland, VA 22967","josh","","","https://www.google.com/maps/dir/?api=1&destination=Wintergreen%20Resort%2C%20Roseland%2C%20VA%2022967","","","","","","Resort; Parking; Cabins; Lodging","false","https://www.google.com/maps/dir/?api=1&destination=Wintergreen%20Resort%2C%20Roseland%2C%20VA%2022967"
"324","Arrowwood Lane","arrowwood-lane","Whole House Rentals","stay","Wintergreen Resort","Arrowwood Lane is a four-bedroom Wintergreen home sleeping 10 with covered hot tub, dual living areas with fireplaces, deck, and central HVAC. There are two separate living areas, each with a fire place.","","","https://ik.imagekit.io/OE/nelson-county/listings/arrowwood-lane-image1_danFDpnJe","A-frame house with stone facade, surrounded by trees, gravel driveway.","","https://ik.imagekit.io/OE/nelson-county/listings/arrowwood-lane-image2_CnDTS-x1G","Wooden kitchen interior with stainless steel appliances, black countertops, and ceiling beams.","","","","","","","Wintergreen Resort, Roseland, VA 22967","josh","","","https://www.google.com/maps/dir/?api=1&destination=Wintergreen%20Resort%2C%20Roseland%2C%20VA%2022967","","","","","","Outdoor Seating; Pet Friendly","false","https://www.google.com/maps/dir/?api=1&destination=Wintergreen%20Resort%2C%20Roseland%2C%20VA%2022967"
"325","Winterhaven","winterhaven","Whole House Rentals","stay","Wintergreen Resort","Winterhaven is a five-bedroom, 4.5-bath Wintergreen house half a mile from the lodge with updated interiors for large groups.","","","https://ik.imagekit.io/OE/nelson-county/listings/winterhaven-image1_2nWZeI-Ga","Wooden house surrounded by autumn trees, lit by bright sunlight.","","https://ik.imagekit.io/OE/nelson-county/listings/winterhaven-image2_yuq8VtqX-","Cozy bedroom with quilted bedspread, wooden furniture, and ceiling fan.","","","","","","","Wintergreen Resort, Roseland, VA 22967","josh","","","https://www.google.com/maps/dir/?api=1&destination=Wintergreen%20Resort%2C%20Roseland%2C%20VA%2022967","","","","","","Scenic Views; Lodging","false","https://www.google.com/maps/dir/?api=1&destination=Wintergreen%20Resort%2C%20Roseland%2C%20VA%2022967"
"326","779 Blue Ridge Drive","779-blue-ridge-drive","Whole House Rentals","stay","Wintergreen Resort","779 Blue Ridge Drive is a four-bedroom, 4.5-bath mountain home with hot tub, gas fireplace, and king beds in every suite, located four minutes from skiing. Four king suites, a bubbling hot tub, and a great room anchored by a stone fireplace make 779 Blue Ridge Drive a go-to for families who want to be on the slopes in under five minutes.","","","https://ik.imagekit.io/OE/nelson-county/listings/779-blue-ridge-drive-image1_xIPDm9uIl","Wooden house surrounded by lush green trees and wooden railing.","","https://ik.imagekit.io/OE/nelson-county/listings/779-blue-ridge-drive-image2_-yIXfhkXl","Cozy living room with brown sofas, stone fireplace, large windows, and TV.","","","","","","","Wintergreen Resort, Roseland, VA 22967","josh","","","https://www.google.com/maps/dir/?api=1&destination=Wintergreen%20Resort%2C%20Roseland%2C%20VA%2022967","","","","","","Seasonal Menu; Skiing; Scenic Views; Fuel; Pet Friendly","false","https://www.google.com/maps/dir/?api=1&destination=Wintergreen%20Resort%2C%20Roseland%2C%20VA%2022967"
"327","Belties","belties","Coffee Shops","taste","Nellysford","Belties is a farmhouse café pouring handcrafted coffee, 18-layer scratch biscuits, and seasonal fare with Blue Ridge views and grazing Belted Galloway cows. At Belties, we offer more than just hand-crafted coffee and 18-layer scratch biscuits—we offer an experience.","","","https://ik.imagekit.io/OE/nelson-county/listings/belties-image1_KkVKcuyY5","Red barn with white lettering, surrounded by green grass and blue sky.","","https://ik.imagekit.io/OE/nelson-county/listings/belties-image2_XwoNmwbjX","Dessert with pastry, whipped cream, strawberries, and mint on wooden board.","","https://ik.imagekit.io/OE/nelson-county/listings/belties-image3_d4641Q6LvL","Wooden bench with pillows, lantern, and sign on white shiplap wall.","","","(703) 989-0556","2884 Rockfish Valley Highway, Nellysford, VA 22958","WG","","","https://www.google.com/maps/dir/?api=1&destination=2884%20Rockfish%20Valley%20Highway%2C%20Nellysford%2C%20VA%2022958","","","","","","Bar; Cafe; Coffee; Farm; Scenic Views; Seasonal Menu; Tea","false","https://www.google.com/maps/dir/?api=1&destination=2884%20Rockfish%20Valley%20Highway%2C%20Nellysford%2C%20VA%2022958"
"328","Ski in Style At Sapphire Squirrel","ski-in-style-at-sapphire-squirrel","Whole House Rentals","stay","Wintergreen Resort","Ski in Style at Sapphire Squirrel is a three-bedroom Wintergreen home steps from the slopes with fully equipped kitchen, dedicated workspace, deck, and gas grill for up to six guests.","","","https://ik.imagekit.io/OE/nelson-county/listings/ski-in-style-at-sapphire-squirrel-image1_WUGk-MjNJ","Elevated white cabin surrounded by dense green forest trees.","","https://ik.imagekit.io/OE/nelson-county/listings/ski-in-style-at-sapphire-squirrel-image2_EK-9dLGZt","Cozy living room with leather sofa, large windows, and decorative rug.","","","","","","","Wintergreen Resort, Roseland, VA 22967","josh","","","https://www.google.com/maps/dir/?api=1&destination=Wintergreen%20Resort%2C%20Roseland%2C%20VA%2022967","","","","","","Scenic Views; Fuel; Full Kitchen; Outdoor Seating; Parking; Lodging","false","https://www.google.com/maps/dir/?api=1&destination=Wintergreen%20Resort%2C%20Roseland%2C%20VA%2022967"
"329","The Retreat at Three Ridges","the-retreat-at-three-ridges","Whole House Rentals","stay","Wintergreen Resort","The Retreat at Three Ridges is a Scandinavian-inspired Wintergreen condo just a three-minute walk from the slopes, featuring a modern aesthetic, cozy fireplace with provided wood, well-stocked kitchen, and relaxing outdoor space. Scandi style meets mountain coziness at The Retreat at Three Ridges, where wood-burning fires, a sleek kitchen, and a quick three-minute stroll deliver you to Wintergreen's lifts.","","","https://ik.imagekit.io/OE/nelson-county/listings/the-retreat-at-three-ridges-image1_jm1zHFdXu","Modern kitchen with white cabinets, island, and black stools, overlooking balcony.","","https://ik.imagekit.io/OE/nelson-county/listings/the-retreat-at-three-ridges-image2_MvonG0ZX_J","Cozy living room with fireplace, gray sofa, light wood floor, minimal decor.","","","","","","","Wintergreen Resort, Roseland, VA 22967","josh","","","https://www.google.com/maps/dir/?api=1&destination=Wintergreen%20Resort%2C%20Roseland%2C%20VA%2022967","","","","","","Scenic Views; Lodging; Outdoor Seating; Full Kitchen; Parking; Cabins","false","https://www.google.com/maps/dir/?api=1&destination=Wintergreen%20Resort%2C%20Roseland%2C%20VA%2022967"
"330","Wintergreen Condo 1437 Highlands","wintergreen-condo-1437-highlands","Whole House Rentals","stay","Wintergreen Resort","Wintergreen Condo 1437 Highlands is a ski-in/ski-out Highlands building condo showcasing incredible views and modern finishes steps from resort amenities. Highlands 1437 offers true ski-in/ski-out access plus sweeping valley vistas, making the refreshed condo a smart pick for guests who want modern finishes right above the slopes.","","","https://ik.imagekit.io/OE/nelson-county/listings/wintergreen-condo-1437-highlands-image1_B9we_8sYO","Cozy living room with brown sofa, wooden table, large windows showing scenic view.","","https://ik.imagekit.io/OE/nelson-county/listings/wintergreen-condo-1437-highlands-image2_shyvdLeQR","Bedroom with blue bed, wooden floor, fireplace, and large window.","","","","","","","Wintergreen Resort, Roseland, VA 22967","josh","","","https://www.google.com/maps/dir/?api=1&destination=Wintergreen%20Resort%2C%20Roseland%2C%20VA%2022967","","","","","","Skiing; Scenic Views; Cabins; Lodging","false","https://www.google.com/maps/dir/?api=1&destination=Wintergreen%20Resort%2C%20Roseland%2C%20VA%2022967"
"331","Time Out","time-out","Whole House Rentals","stay","Wintergreen Resort","Time Out is a pet-friendly Wintergreen escape sleeping seven with hot tub, fast Wi-Fi, smart TVs, and three queen bedrooms plus single sofa bed. Activities are endless: apple picking, breweries/wineries, hiking, lake, horseback riding, golf, tennis, skiiing.","","","https://ik.imagekit.io/OE/nelson-county/listings/time-out-image1_WA5ToIiMM","Cabin with red chairs on porch surrounded by autumn trees and fallen leaves.","","https://ik.imagekit.io/OE/nelson-county/listings/time-out-image2_hNPstmersg","Wooden kitchen with stainless steel appliances, granite countertops, and bright overhead lighting.","","","","","","","Wintergreen Resort, Roseland, VA 22967","josh","","","https://www.google.com/maps/dir/?api=1&destination=Wintergreen%20Resort%2C%20Roseland%2C%20VA%2022967","","","","","","Wi-Fi; Scenic Views; Pet Friendly","false","https://www.google.com/maps/dir/?api=1&destination=Wintergreen%20Resort%2C%20Roseland%2C%20VA%2022967"
"332","Cub Creek Cabin","cub-creek-cabin","Cabins & Cottages","stay","Roseland","Cub Creek Cabin is a secluded two-bedroom rustic retreat minutes from Devils Backbone, Wintergreen Ski Resort, Appalachian Trail, and Blue Ridge Parkway with porch views of Three Ridges and a spring-fed creek soundtrack. Fall asleep to the sound of a spring-fed creek at Cub Creek Cabin, a two-bedroom hideaway perfectly positioned between Devils Backbone, the Appalachian Trail, and the Parkway.","","","https://ik.imagekit.io/OE/nelson-county/listings/cub-creek-cabin-image1_h6q1evBln","Wooden cabin with porch surrounded by dense green forest. Sunlit exterior.","","https://ik.imagekit.io/OE/nelson-county/listings/cub-creek-cabin-image2_bRRxtVEEsJ","Cozy living room with fireplace, wooden table, chairs, bookshelves, and large window.","","","","","","","Roseland, VA 22967","josh","","","https://www.google.com/maps/dir/?api=1&destination=Roseland%2C%20VA%2022967","","","","","","Cabins; Outdoor Seating; Scenic Views; Lodging; Appalachian Trail","false","https://www.google.com/maps/dir/?api=1&destination=Roseland%2C%20VA%2022967"
"333","Tyebello Cabins","tyebello-cabins","Cabins & Cottages","stay","Montebello","Discover the charm of Tyebello Cabins, where comfort meets the great outdoors in the heart of Blue Ridge. Our pet-friendly accommodations feature fully equipped kitchens, complimentary Wi-Fi, and air conditioning, ensuring a relaxing stay for you and your furry friends. Nestled near Tyro, Tyebello Cabins provide the perfect base for exploring the stunning natural beauty of the region. Experience a cozy retreat that feels like home, all while embracing the adventure that awaits just outside your door.","","","https://ik.imagekit.io/OE/nelson-county/listings/tyebello-cabins-image1_v7ATLrmSv","Two green chairs by fire pit, overlooking stream and trees.","","https://ik.imagekit.io/OE/nelson-county/listings/tyebello-cabins-image2_5RkKGEK6p","Glass shower enclosure reflecting wood-paneled wall, mirror, and sink with faucet.","","","","","","","Tyro, VA 22976","josh","","","https://www.google.com/maps/dir/?api=1&destination=Tyro%2C%20VA%2022976","","","","","","Wi-Fi; Pet Friendly; Lodging; Cabins; Full Kitchen; Scenic Views","false","https://www.google.com/maps/dir/?api=1&destination=Tyro%2C%20VA%2022976"
"334","Glass & Pine","glass-pine","Cabins & Cottages","stay","Nellysford","The house is located on 5 acres in a neighborhood with homes spaciously set apart from another and very wooded.","","","https://ik.imagekit.io/OE/nelson-county/listings/glass-pine-image1_cAuZONr-w","Modern cabin with large windows in snowy woodland setting, clear blue sky.","","https://ik.imagekit.io/OE/nelson-county/listings/glass-pine-image2_RB2rG0JRn7","Spacious living room with couch, wooden table, and large windows with scenic views.","","","","","","","Nellysford, VA 22958","josh","","","https://www.google.com/maps/dir/?api=1&destination=Nellysford%2C%20VA%2022958","","","","","","Scenic Views; Beer; Cabins; Lodging","false","https://www.google.com/maps/dir/?api=1&destination=Nellysford%2C%20VA%2022958"
"335","Wintergreen 19 Ivy Glen Lane","wintergreen-19-ivy-glen-lane","Vacation Rentals","stay","Wintergreen Resort","Wintergreen 19 Ivy Glen Lane is a four-bedroom, 3.5-bath end-unit townhouse with two-car garage, steps from shuttle stop, spa, pools, golf, tennis, and hiking.

19 Ivy Glen Lane brings townhouse convenience to Wintergreen—four bedrooms, 3.5 baths, two-car garage, and front-door access to shuttles, spa amenities, pools, golf, and tennis.","","","https://ik.imagekit.io/OE/nelson-county/listings/wintergreen-19-ivy-glen-lane-image1_M8YMHOmi7N","Modern brown house with large windows, driveway, and white SUV parked outside.","","https://ik.imagekit.io/OE/nelson-county/listings/wintergreen-19-ivy-glen-lane-image2_Lirrcwn4D","Modern kitchen with granite countertops, stainless steel appliances, and two bar stools.","","","","","","","Wintergreen Resort, Roseland, VA 22967","josh","","","https://www.google.com/maps/dir/?api=1&destination=Wintergreen%20Resort%2C%20Roseland%2C%20VA%2022967","","","","","","Resort; Pool; Pet Friendly; Spa; Golf","false","https://www.google.com/maps/dir/?api=1&destination=Wintergreen%20Resort%2C%20Roseland%2C%20VA%2022967"
"336","The Brown Bear Lodge","the-brown-bear-lodge","Whole House Rentals","stay","Wintergreen Resort","Discover The Brown Bear Lodge, a beautifully renovated three-bedroom, 2.5-bath home in Wintergreen, just a short stroll from the resort's vibrant core. This inviting retreat features a cozy bunk room, an original stone fireplace, and a modern gas stove, perfect for creating memorable moments. Enjoy outdoor gatherings around the fire pit or grill up a feast while soaking in the serene surroundings. Experience the perfect blend of classic charm and contemporary comfort at The Brown Bear Lodge.","","","https://ik.imagekit.io/OE/nelson-county/listings/the-brown-bear-lodge-image1_MNgHSMy6u","Green house with wooden deck in forest, surrounded by leafless trees.","","https://ik.imagekit.io/OE/nelson-county/listings/the-brown-bear-lodge-image2_WFvplR59eU","Modern kitchen with white cabinets, wooden island, stools, and stainless steel appliances.","","","","","","","Wintergreen Resort, Roseland, VA 22967","josh","","","https://www.google.com/maps/dir/?api=1&destination=Wintergreen%20Resort%2C%20Roseland%2C%20VA%2022967","","","","","","Family Friendly; Fuel; Resort; Lodging","false","https://www.google.com/maps/dir/?api=1&destination=Wintergreen%20Resort%2C%20Roseland%2C%20VA%2022967"
"337","Mountain Home in Nelson County","mountain-home-in-nelson-county","Cabins & Cottages","stay","Faber","Mountain Home in Nelson County offers quiet mountain views 10 minutes from Pippin Hill Winery and 30 minutes to Wintergreen, ideal for Charlottesville-area wine getaways. This Nelson County mountain home keeps wine lovers close to Pippin Hill and Charlottesville while promising peaceful deck views and a private setting for recovery days.","","","https://ik.imagekit.io/OE/nelson-county/listings/mountain-home-in-nelson-county-image1_IxXLR3b9jm","Wooden stairs and black door entrance, white walls, brown shutters, potted plants.","","https://ik.imagekit.io/OE/nelson-county/listings/mountain-home-in-nelson-county-image2_FTxe4AMlvU","Modern kitchen with island, wooden beams, barstools, pendant lights, and outdoor view.","","","","","","","North Garden, VA 22959","josh","","","https://www.google.com/maps/dir/?api=1&destination=North%20Garden%2C%20VA%2022959","","","","","","Scenic Views; Wine; Cabins; Lodging; Tastings","false","https://www.google.com/maps/dir/?api=1&destination=North%20Garden%2C%20VA%2022959"
"338","Spy Run Hideaway","spy-run-hideaway","Cabins & Cottages","stay","Wintergreen Resort","Spy Run Hideaway is a secluded three-bedroom, two-bath cabin on 17 acres that sleeps eight, providing a quiet base for Blue Ridge exploration. Spy Run Hideaway spreads out over 17 wooded acres, giving the three-bedroom, two-bath cabin room for hammocks, wildlife watching, and unplugged evenings after Blue Ridge adventures.","","","https://ik.imagekit.io/OE/nelson-county/listings/spy-run-hideaway-image1_SR1H-tiDB","House with wooden porch surrounded by green lawn and trees.","","https://ik.imagekit.io/OE/nelson-county/listings/spy-run-hideaway-image2_QnJSRmXM0","Cozy living room with gray couches, wooden table, and maroon accent wall.","","","","","","","Roseland, VA 22967","josh","","","https://www.google.com/maps/dir/?api=1&destination=Roseland%2C%20VA%2022967","","","","","","Scenic Views; Pet Friendly; Full Kitchen","false","https://www.google.com/maps/dir/?api=1&destination=Roseland%2C%20VA%2022967"
"339","Love of Mountains Oh Fill My Cup","love-of-mountains-oh-fill-my-cup","Whole House Rentals","stay","Wintergreen Resort","Love of Mountains Oh Fill My Cup is a modern third-floor two-bedroom condo with upgraded kitchen, private golf course views, and access to public/community pools at Wintergreen. Relax with the whole family at this peaceful place to stay.","","","https://ik.imagekit.io/OE/nelson-county/listings/love-of-mountains-oh-fill-my-cup-image1_IeSxTT1aBT","Tall beige house with multiple balconies, surrounded by trees and greenery.","","https://ik.imagekit.io/OE/nelson-county/listings/love-of-mountains-oh-fill-my-cup-image2_7bJGndeuCM","Modern living room with fireplace, kitchen island, and sliding glass doors to balcony.","","","","","","","Wintergreen Resort, Roseland, VA 22967","josh","","","https://www.google.com/maps/dir/?api=1&destination=Wintergreen%20Resort%2C%20Roseland%2C%20VA%2022967","","","","","","Golf; Full Kitchen; Cabins; Lodging; Swimming Pool","false","https://www.google.com/maps/dir/?api=1&destination=Wintergreen%20Resort%2C%20Roseland%2C%20VA%2022967"
"340","Marigold on the Mountain","marigold-on-the-mountain","Whole House Rentals","stay","Wintergreen Resort","Discover Marigold on the Mountain, a stunning five-bedroom, four-bath retreat in Wintergreen, perfect for large gatherings of up to 14 guests. Enjoy luxurious amenities, including a relaxing hot tub, a cedar barrel sauna, and a spacious two-tier deck featuring a cozy fire pit. Entertain in the separate game room, creating unforgettable memories in this beautifully designed home tailored for comfort and fun. Your ideal mountain getaway awaits!","","","https://ik.imagekit.io/OE/nelson-county/listings/marigold-on-the-mountain-image1_yac4pWcIy","Outdoor hot tub with bubbles and glowing lights under a wooden canopy.","","https://ik.imagekit.io/OE/nelson-county/listings/marigold-on-the-mountain-image2_THfCTqEMZ","Spacious living room with stone fireplace, large windows, and modern furniture.","","","","","","","Wintergreen Resort, Roseland, VA 22967","josh","","","https://www.google.com/maps/dir/?api=1&destination=Wintergreen%20Resort%2C%20Roseland%2C%20VA%2022967","","","","","","Outdoor Seating; Pet Friendly","false","https://www.google.com/maps/dir/?api=1&destination=Wintergreen%20Resort%2C%20Roseland%2C%20VA%2022967"
"341","Top of The Mountain Hideaway","top-of-the-mountain-hideaway","Whole House Rentals","stay","Wintergreen Resort","Discover a serene retreat at this three-bedroom, three-bath home in Wintergreen, just moments from the Mountain Inn. Enjoy luxurious amenities including a relaxing hot tub and a fun-filled shuffleboard table, perfect for unwinding after a day of adventure. With easy access to local wineries and breweries, you can savor the best of the region while still enjoying a private escape. Experience the ideal blend of comfort and convenience in this inviting mountain hideaway.","","","https://ik.imagekit.io/OE/nelson-county/listings/top-of-the-mountain-hideaway-image1_Zf0QHLEUu","Wooden A-frame house surrounded by lush green trees and mist.","","https://ik.imagekit.io/OE/nelson-county/listings/top-of-the-mountain-hideaway-image2_AQER_PUCe5","Rustic living room with wooden ceiling, floral couch, large windows, and chandelier.","","","","","","","Wintergreen Resort, Roseland, VA 22967","josh","","","https://www.google.com/maps/dir/?api=1&destination=Wintergreen%20Resort%2C%20Roseland%2C%20VA%2022967","","","","","","Scenic Views; Lodging; Pet Friendly; Beer","false","https://www.google.com/maps/dir/?api=1&destination=Wintergreen%20Resort%2C%20Roseland%2C%20VA%2022967"
"342","On The Rocks","on-the-rocks","Cabins & Cottages","stay","Wintergreen Resort","On The Rocks is a charming three-bedroom, two-bath A-frame cabin located just a short drive from Wintergreen Ski Lodge. With a flat driveway and dog-friendly policies, it’s the perfect retreat for families and pet owners looking to enjoy the beauty of the Wintergreen corridor. Experience the cozy ambiance and stunning surroundings that make this cabin an ideal getaway year-round.","","","https://ik.imagekit.io/OE/nelson-county/listings/on-the-rocks-image1_TKRsUl-HN","Warmly lit cabin porch nestled in dark forest setting at dusk.","","https://ik.imagekit.io/OE/nelson-county/listings/on-the-rocks-image2_mlZZPZ20e","Cozy living room, black sofa, colorful rug, wood stove, large windows.","","","","","","","Wintergreen Resort, Roseland, VA 22967","josh","","","https://www.google.com/maps/dir/?api=1&destination=Wintergreen%20Resort%2C%20Roseland%2C%20VA%2022967","","","","","","Pet Friendly; Parking; Full Kitchen","false","https://www.google.com/maps/dir/?api=1&destination=Wintergreen%20Resort%2C%20Roseland%2C%20VA%2022967"
"343","Our Mountain Getaway","our-mountain-getaway","Whole House Rentals","stay","Wintergreen Resort","Our Mountain Getaway is a six-bedroom, 5.5-bath Wintergreen home overlooking the 12th hole with expansive views, ideal for large groups. Our Mountain Getaway overlooks the 12th hole and packs six bedrooms plus 5.5 baths, giving large families plenty of elbow room and panoramic valley views.","","","https://ik.imagekit.io/OE/nelson-county/listings/our-mountain-getaway-image1_QQ7tsWytv","Large house with steep gables, surrounded by trees, sunny day.","","https://ik.imagekit.io/OE/nelson-county/listings/our-mountain-getaway-image2_QjleEHkdu","Spacious living room with stone fireplace, leather couch, and large windows showing trees.","","","","","","","Wintergreen Resort, Roseland, VA 22967","josh","","","https://www.google.com/maps/dir/?api=1&destination=Wintergreen%20Resort%2C%20Roseland%2C%20VA%2022967","","","","","","Golf; Lodging","false","https://www.google.com/maps/dir/?api=1&destination=Wintergreen%20Resort%2C%20Roseland%2C%20VA%2022967"
"344","Rockfish Cabin","rockfish-cabin","Cabins & Cottages","stay","Faber","Rockfish Cabin is a stunning three-level post-and-beam retreat nestled on 13 wooded acres, offering a perfect blend of privacy and comfort. The property features a gourmet granite kitchen, a spacious wraparound porch, and a serene riverside clearing equipped with Adirondack chairs and a cozy fire pit. Ideal for nature lovers and relaxation seekers, this inviting cabin promises an unforgettable getaway surrounded by the beauty of the outdoors.","","","https://ik.imagekit.io/OE/nelson-county/listings/rockfish-cabin-image1_84_d29dwaB","Wooden cabin with green roof, surrounded by trees and lush greenery.","","https://ik.imagekit.io/OE/nelson-county/listings/rockfish-cabin-image2_X0BibehzI","Cozy wooden cabin interior with leather couch, staircase, and kitchen area.","","","","","","","Afton, VA 22920","josh","","","https://www.google.com/maps/dir/?api=1&destination=Afton%2C%20VA%2022920","","","","","","Cabins; Fuel; Full Kitchen; Outdoor Seating; Lodging; Water Sports; Fishing","false","https://www.google.com/maps/dir/?api=1&destination=Afton%2C%20VA%2022920"
"345","Blue Ridge Cabin","blue-ridge-cabin","Cabins & Cottages","stay","Roseland","Blue Ridge Cabin is a four-bedroom mountain escape on two private acres at the base of Route 151 with two kitchens, 2 king beds, and quick access to breweries, hikes, and Wintergreen. Enjoy a memorable getaway at this cabin with mountain views with 3 floors of living & entertaining space, 4 bedrooms, 6 beds ( 2 kings), 3 bathrooms & 2 kitchens at the base of the mountain on the “Rt.","","","https://ik.imagekit.io/OE/nelson-county/listings/blue-ridge-cabin-image1_rQ-5AuQor","Wooden cabin with deck, surrounded by trees, chairs, and firepit in yard.","","https://ik.imagekit.io/OE/nelson-county/listings/blue-ridge-cabin-image2_FjLMY_7oV","Wooden cabin interior with plush seats, stairway, round table, and chandelier lighting.","","","","","","","Roseland, VA 22967","josh","","","https://www.google.com/maps/dir/?api=1&destination=Roseland%2C%20VA%2022967","","","","","","Scenic Views; Cabins; Lodging; Hiking; Beer","false","https://www.google.com/maps/dir/?api=1&destination=Roseland%2C%20VA%2022967"
"346","Wintergreen Duplex","wintergreen-duplex","Whole House Rentals","stay","Wintergreen Resort","Discover Wintergreen Duplex, a spacious three-floor townhome featuring four comfortable bedrooms and 3.5 bathrooms, perfect for your getaway. Enjoy cozy evenings by the wood-burning fireplace or relax on the private back deck. Conveniently located across from Wintergreen Spa, this inviting retreat offers front-door shuttle access for easy exploration of the area. With laundry facilities on-site, it's an ideal choice for families or groups seeking both comfort and convenience.","","","https://ik.imagekit.io/OE/nelson-county/listings/wintergreen-duplex-image1_s8r0SUoXj","Gray house with wooden stairs surrounded by colorful autumn trees.","","https://ik.imagekit.io/OE/nelson-county/listings/wintergreen-duplex-image2_Ohf82pn4p","Cozy living room with leather furniture, large windows, and a fireplace.","","","","","","","Wintergreen Resort, Roseland, VA 22967","josh","","","https://www.google.com/maps/dir/?api=1&destination=Wintergreen%20Resort%2C%20Roseland%2C%20VA%2022967","","","","","","Outdoor Seating; Scenic Views; Spa; Lodging","false","https://www.google.com/maps/dir/?api=1&destination=Wintergreen%20Resort%2C%20Roseland%2C%20VA%2022967"
"347","Sunrise on the Trail","sunrise-on-the-trail","Cabins & Cottages","stay","Afton","Sunrise on the Trail is a renovated home with modern kitchen, coffee bar, smart HDTV, washer/dryer, fire pit, gazebo, and queen bedrooms with wireless charging. Sunrise on the Trail treats guests to a barista-worthy coffee station, smart HDTV, gazebo, and fire pit—everything you need to relax between hikes, especially with wireless-charging queen suites at day's end.","","","https://ik.imagekit.io/OE/nelson-county/listings/sunrise-on-the-trail-image1_3XqAqmEtB","Small tan house with front yard, large tree, and mountains in background.","","https://ik.imagekit.io/OE/nelson-county/listings/sunrise-on-the-trail-image2_FQx0N8B4R","Beige living room with sectional sofa, wooden tables, and decorative wall accents.","","","","","","","Afton, VA 22920","josh","","","https://www.google.com/maps/dir/?api=1&destination=Afton%2C%20VA%2022920","","","","","","Coffee; Bar; Outdoor Seating; Tea; Full Kitchen; Cabins; Lodging","false","https://www.google.com/maps/dir/?api=1&destination=Afton%2C%20VA%2022920"
"348","Mima's Mountain House","mimas-mountain-house","Whole House Rentals","stay","Massies Mill","Mima's Mountain House is a five-bedroom, three-bath creekside retreat sleeping ten with porch views of The Priest and easy access to Route 56 adventures.","","","https://ik.imagekit.io/OE/nelson-county/listings/mima-s-mountain-house-image1_EsyoRLgzz","House surrounded by green forest, with distant mountains under clear blue sky.","","https://ik.imagekit.io/OE/nelson-county/listings/mima-s-mountain-house-image2_c8qZTjZZu","Spacious kitchen with island, pendant lights, wood flooring, and large stainless steel fridge.","","","","","","","Massies Mill, VA 22943","josh","","","https://www.google.com/maps/dir/?api=1&destination=Massies%20Mill%2C%20VA%2022943","","","","","","Outdoor Seating; Wi-Fi; Pet Friendly; Full Kitchen; Lodging; Hiking; Water Sports; Fishing","false","https://www.google.com/maps/dir/?api=1&destination=Massies%20Mill%2C%20VA%2022943"
"349","Village Antiques","villageantiques","Restaurants","taste","Lovingston","Nestled in the heart of the village, Village Antiques invites you to savor a delightful brunch or lunch experience. Indulge in our homemade quiches and artisanal sandwiches, crafted with fresh, local ingredients to tantalize your taste buds. Whether you're seeking a cozy spot for a leisurely meal or a quick bite on the go, our charming atmosphere and warm hospitality make every visit memorable. Come and enjoy a taste of tradition at Village Antiques, where every dish tells a story.","","","https://ik.imagekit.io/OE/nelson-county/listings/village-antiques-image1_pMNc-IvgF","Turquoise umbrella and door, black awning, outside brick storefront with tables.","","","","","","","","","(434) 263-4800","605 Front Street, Lovingston, VA 22949","WG","","","https://www.google.com/maps/dir/?api=1&destination=605%20Front%20Street%2C%20Lovingston%2C%20VA%2022949","","","","","","Coffee; Bakery; Baked Goods; Tea; Brunch","false","https://www.google.com/maps/dir/?api=1&destination=605%20Front%20Street%2C%20Lovingston%2C%20VA%2022949"
"350","Cliffs Edge","cliffs-edge","Whole House Rentals","stay","Wintergreen Resort","Cliffs Edge is a Southern Living-featured contemporary mountain home with floor-to-ceiling windows, cantilevered decks, shoji screens, and dramatic Crawford's Knob views. An open floor plan with high ceilings and large skylights, this amazingly engineered home will stun you with its incredible mountain views.","","","https://ik.imagekit.io/OE/nelson-county/listings/cliffs-edge-image1_PghL6fozc","Beige house with sloped roof, surrounded by trees and rocks.","","https://ik.imagekit.io/OE/nelson-county/listings/cliffs-edge-image2_swMItGy72","Spacious living room with large windows, two sofas, and outdoor forest view.","","","","","","","Wintergreen Resort, Roseland, VA 22967","josh","","","https://www.google.com/maps/dir/?api=1&destination=Wintergreen%20Resort%2C%20Roseland%2C%20VA%2022967","","","","","","Scenic Views; Lodging","false","https://www.google.com/maps/dir/?api=1&destination=Wintergreen%20Resort%2C%20Roseland%2C%20VA%2022967"
"351","Slopes At Tyro","slopes-at-tyro","Whole House Rentals","stay","Wintergreen Resort","Slopes at Tyro is a slope-side four-bedroom Wintergreen home with hot tub and wood-burning fireplace providing direct ski-in/ski-out access, including night skiing. Our property manager at Wintergreen is Julie Fitzgerald.","","","https://ik.imagekit.io/OE/nelson-county/listings/slopes-at-tyro-image1_SkMvBj_Gr","Wooden house surrounded by dense green forest and sunlight.","","https://ik.imagekit.io/OE/nelson-county/listings/slopes-at-tyro-image2_RcjJmJPTw2","Cozy living room with black leather sofa, wooden table, and large windows.","","","","","","","Wintergreen Resort, Roseland, VA 22967","josh","","","https://www.google.com/maps/dir/?api=1&destination=Wintergreen%20Resort%2C%20Roseland%2C%20VA%2022967","","","","","","Skiing; Snow Sports; Pet Friendly","false","https://www.google.com/maps/dir/?api=1&destination=Wintergreen%20Resort%2C%20Roseland%2C%20VA%2022967"
"352","Home on the Ridge","home-on-the-ridge","Whole House Rentals","stay","Wintergreen Resort","Nestled on the picturesque ridge overlooking the 18th hole at Devils Knob, Home on the Ridge offers a charming two-bedroom, two-bath condo perfect for your getaway. Enjoy a spacious balcony ideal for post-round relaxation, along with a fully equipped kitchen for convenient meal preparation. With immediate access to world-class golf, tennis, and skiing, this retreat provides an unparalleled experience for outdoor enthusiasts. Come unwind and make unforgettable memories in this serene mountain escape.","","","https://ik.imagekit.io/OE/nelson-county/listings/home-on-the-ridge-image1_FIqU4391T","Patio with metal chairs, table, surrounded by trees, sunlight filtering through branches.","","https://ik.imagekit.io/OE/nelson-county/listings/home-on-the-ridge-image2_qnVMO-7qU","Cozy living room with armchair, fireplace, lamp, and coffee table.","","","","","","","Wintergreen Resort, Roseland, VA 22967","josh","","","https://www.google.com/maps/dir/?api=1&destination=Wintergreen%20Resort%2C%20Roseland%2C%20VA%2022967","","","","","","Resort; Golf; Tennis; Full Kitchen; Wi-Fi; Parking; Cabins; Lodging","false","https://www.google.com/maps/dir/?api=1&destination=Wintergreen%20Resort%2C%20Roseland%2C%20VA%2022967"
"353","Peppers Mountain Pad","peppers-mountain-pad","Vacation Rentals","stay","Wintergreen Resort","Pepper's Mountain Pad is a two-bedroom Wintergreen condo walking distance to The Market, village, and Laurelwood pool with wood-burning fireplace, smart TVs, stocked kitchen, and private patio. Peppers Mountain Pad feels like your own village pied-à-terre—walk to The Market or Laurelwood pool, then settle in by the wood-burning fireplace or stream a movie on the smart TVs.","","","https://ik.imagekit.io/OE/nelson-county/listings/peppers-mountain-pad-image1_IcQF5f6FJ","Wooden bridge leads to two-story brown cabin surrounded by leafless trees.","","https://ik.imagekit.io/OE/nelson-county/listings/peppers-mountain-pad-image2_UIJfSEJGvn","Cozy living room with stone fireplace, wall-mounted TV, and patterned chairs.","","","","","","","Wintergreen Resort, Roseland, VA 22967","josh","","","https://www.google.com/maps/dir/?api=1&destination=Wintergreen%20Resort%2C%20Roseland%2C%20VA%2022967","","","","","","Wi-Fi; Market; Pool; Pet Friendly; Full Kitchen; Outdoor Seating","false","https://www.google.com/maps/dir/?api=1&destination=Wintergreen%20Resort%2C%20Roseland%2C%20VA%2022967"
"354","Rockfish Valley Retreat","rockfish-valley-retreat","Whole House Rentals","stay","Nellysford","Rockfish Valley Retreat is a three-bedroom, two-bath valley home sleeping nine with outdoor space, horse farm views, and short drives to trails, wineries, and breweries. Rockfish Valley Retreat frames horse farm vistas from its decks, sleeps nine guests, and keeps wineries, breweries, and trailheads just a short country drive away.","","","https://ik.imagekit.io/OE/nelson-county/listings/rockfish-valley-retreat-image1_9uA2hVVt0","Wooden house with porch beneath a faint rainbow in overcast sky.","","https://ik.imagekit.io/OE/nelson-county/listings/rockfish-valley-retreat-image2_R0PJrMdQU","Cozy wooden cabin interior with large windows, fireplace, and comfortable seating.","","","","","","","Nellysford, VA 22958","josh","","","https://www.google.com/maps/dir/?api=1&destination=Nellysford%2C%20VA%2022958","","","","","","Farm; Outdoor Seating; Pet Friendly; Fishing","false","https://www.google.com/maps/dir/?api=1&destination=Nellysford%2C%20VA%2022958"
"355","Dobie Condo 323 at Wintergreen","dobie-condo-323-at-wintergreen","Whole House Rentals","stay","Wintergreen Resort","Dobie Condo 323 is a two-bedroom, two-bath Wintergreen condo with fireplace and immediate access to resort entertainment for ski weekends or quiet retreats. The resort is found on the Sunrise Side of the Blue Ridge Mountains and is conveniently located close to Charlottesville, Staunton, Lynchburg, and Waynesboro.","","","https://ik.imagekit.io/OE/nelson-county/listings/dobie-condo-323-at-wintergreen-image1_hQp6Rs-TR","Outdoor patio with round table, chairs, string lights, and greenery.","","https://ik.imagekit.io/OE/nelson-county/listings/dobie-condo-323-at-wintergreen-image2_QrFqSkZCh","Cozy room with fireplace, large windows, and wooden ceiling.","","","","","","","Wintergreen Resort, Roseland, VA 22967","josh","","","https://www.google.com/maps/dir/?api=1&destination=Wintergreen%20Resort%2C%20Roseland%2C%20VA%2022967","","","","","","Resort; Cabins; Lodging","false","https://www.google.com/maps/dir/?api=1&destination=Wintergreen%20Resort%2C%20Roseland%2C%20VA%2022967"
"356","Highlands 1426 Condo","highlands-1426-condo","Whole House Rentals","stay","Wintergreen Resort","Highlands 1426 Condo is a renovated two-bedroom, two-bath ski-front condo with sunrise vistas, easy entry, and property manager nearby for Wintergreen stays. Highlands 1426 condenses sunrise views, ski-front access, and fresh renovations into a two-bedroom condo, backed by a nearby property manager for worry-free Wintergreen stays.","","","https://ik.imagekit.io/OE/nelson-county/listings/highlands-1426-condo-image1_zKMwuE_gb","Wooden walkway leading to a snow-covered building entrance with green trees.","","https://ik.imagekit.io/OE/nelson-county/listings/highlands-1426-condo-image2_jPHrYJBsj","Modern living room with brown sofa, dining table, shelves, and mountain view.","","","","","","","Wintergreen Resort, Roseland, VA 22967","josh","","","https://www.google.com/maps/dir/?api=1&destination=Wintergreen%20Resort%2C%20Roseland%2C%20VA%2022967","","","","","","Skiing; Scenic Views; Local Ingredients; Cabins; Lodging","false","https://www.google.com/maps/dir/?api=1&destination=Wintergreen%20Resort%2C%20Roseland%2C%20VA%2022967"
"357","Gumtree Drive 134","gumtree-drive-134","Cabins & Cottages","stay","Wintergreen Resort","Gumtree Drive 134 is a four-bedroom, four-bath Wintergreen home with game room, hot tub, and direct access to Laurel Ridge hiking trail on the property. Gumtree Drive 134 gives hikers literal backyard access to the Laurel Ridge Trail, plus four bedrooms, four baths, a hot tub, and a lower-level game room for rainy days.","","","https://ik.imagekit.io/OE/nelson-county/listings/gumtree-drive-134-image1_PmgjY0N-m","Wooden house in forest with American flag and surrounding trees.","","https://ik.imagekit.io/OE/nelson-county/listings/gumtree-drive-134-image2_wbhEDYpwz","Cozy kitchen with hanging pots, green walls, and sunlight streaming through windows.","","","","","","","Wintergreen Resort, Roseland, VA 22967","josh","","","https://www.google.com/maps/dir/?api=1&destination=Wintergreen%20Resort%2C%20Roseland%2C%20VA%2022967","","","","","","Pet Friendly; Cabins; Lodging","false","https://www.google.com/maps/dir/?api=1&destination=Wintergreen%20Resort%2C%20Roseland%2C%20VA%2022967"
"358","Wake In The Clouds","wake-in-the-clouds","Whole House Rentals","stay","Wintergreen Resort","Wake In The Clouds offers a beautifully renovated one-bedroom, two-bath condo that showcases breathtaking sunrises and sleek, modern finishes. Enjoy instant access to Wintergreen's premier amenities, making it the perfect retreat for relaxation and adventure. Experience the tranquility of mountain living while indulging in the comforts of home. Your unforgettable getaway awaits.","","","https://ik.imagekit.io/OE/nelson-county/listings/wake-in-the-clouds-image1_wf-ReZDWi","Wooden ramp leading to house entrance beneath leafy green trees.","","https://ik.imagekit.io/OE/nelson-county/listings/wake-in-the-clouds-image2_tL-VlvIQu","Cozy bedroom with large bed, scenic window view, neutral decor accents.","","","","","","","Wintergreen Resort, Roseland, VA 22967","josh","","","https://www.google.com/maps/dir/?api=1&destination=Wintergreen%20Resort%2C%20Roseland%2C%20VA%2022967","","","","","","Scenic Views; Wi-Fi; Full Kitchen; Cabins; Lodging","false","https://www.google.com/maps/dir/?api=1&destination=Wintergreen%20Resort%2C%20Roseland%2C%20VA%2022967"
"359","Nectar Landing","nectar-landing","Whole House Rentals","stay","Roseland","Nectar Landing is a three-bedroom, 2.5-bath ranch sleeping ten with game room, Wi-Fi, front porch, back deck hot tub, and open-concept kitchen perfect for multi-family trips. Nectar Landing mixes indoor-outdoor fun via a game room, open kitchen, front porch rockers, and a back-deck hot tub, sleeping up to ten guests in a single-level layout.","","","https://ik.imagekit.io/OE/nelson-county/listings/nectar-landing-image1_6Tn_5IKLo","Snow-covered hill, house, bare trees, colorful sunset sky.","","https://ik.imagekit.io/OE/nelson-county/listings/nectar-landing-image2_WbZSWw4gD","Modern living room with grey sofa, wooden furniture, and wall-mounted TV.","","","","","","","Nellysford, VA 22958","josh","","","https://www.google.com/maps/dir/?api=1&destination=Nellysford%2C%20VA%2022958","","","","","","Wi-Fi; Outdoor Seating; Full Kitchen; Pet Friendly; Parking","false","https://www.google.com/maps/dir/?api=1&destination=Nellysford%2C%20VA%2022958"
"360","Nelson 151 Views and Brews","nelson-151-views-and-brews","Whole House Rentals","stay","Afton","Nelson 151 Views and Brews is a one-bedroom apartment with full kitchen and washer/dryer, offering Humpback Rock views and proximity to the Route 151 craft beverage trail.","","","https://ik.imagekit.io/OE/nelson-county/listings/nelson-151-views-and-brews-image1_y8zi1-2K8","Three-car garage under sunny sky with brick and siding exterior.","","https://ik.imagekit.io/OE/nelson-county/listings/nelson-151-views-and-brews-image2_X0_Ohw004","Cozy living space with kitchen, dining table, and brown sofa. Bright natural light.","","","","","","","Afton, VA 22920","josh","","","https://www.google.com/maps/dir/?api=1&destination=Afton%2C%20VA%2022920","","","","","","Full Kitchen; Scenic Views; Parking; Cabins; Lodging","false","https://www.google.com/maps/dir/?api=1&destination=Afton%2C%20VA%2022920"
"361","Woodland Hideaway","woodland-hideaway","Whole House Rentals","stay","Shipman","Woodland Hideaway offers a charming one-bedroom apartment with its own entrance, ensuring complete privacy for guests. Enjoy a fully equipped kitchen and a cozy dining area, perfect for relaxing meals after a day of adventure. Nestled within a serene wooded property, you’ll have direct access to scenic forest trails and the tranquil Dutch Creek, making it an ideal retreat for nature lovers. Unwind in this peaceful oasis and experience the beauty of the great outdoors right at your doorstep.","","","https://ik.imagekit.io/OE/nelson-county/listings/woodland-hideaway-image1_UfzqzNiCm","Rustic wooden cabin surrounded by lush green trees and potted plants.","","https://ik.imagekit.io/OE/nelson-county/listings/woodland-hideaway-image2_xPFD6spfm","Cozy bedroom with wooden bed and furniture, blue walls, and warm lighting.","","","","","","","Afton, VA 22920","josh","","","https://www.google.com/maps/dir/?api=1&destination=Afton%2C%20VA%2022920","","","","","","Full Kitchen; Wi-Fi; Cabins; Lodging","false","https://www.google.com/maps/dir/?api=1&destination=Afton%2C%20VA%2022920"
"362","Cuatro Climas At 130 Pedlars Point","cuatro-climas-at-130-pedlars-point","Whole House Rentals","stay","Wintergreen Resort","Cuatro Climas at 130 Pedlars Point is a four-bedroom, 3.5-bath Wintergreen house five minutes from resort amenities, with wood-burning fireplace, mountain views, and multiple levels. Cuatro Climas spans multiple levels with a wood-burning hearth, mountain vistas, and four bedrooms just five minutes from Wintergreen's core amenities.","","","https://ik.imagekit.io/OE/nelson-county/listings/cuatro-climas-at-130-pedlars-point-image1_X8M5LDqHUn","Wooden cabin in lush forest, dappled sunlight, surrounded by green trees.","","https://ik.imagekit.io/OE/nelson-county/listings/cuatro-climas-at-130-pedlars-point-image2_ySF0_Ziku","Living room with stone fireplace, plaid sofas, and large television.","","","","","","","Wintergreen Resort, Roseland, VA 22967","josh","","","https://www.google.com/maps/dir/?api=1&destination=Wintergreen%20Resort%2C%20Roseland%2C%20VA%2022967","","","","","","Family Friendly; Scenic Views; Parking; Lodging","false","https://www.google.com/maps/dir/?api=1&destination=Wintergreen%20Resort%2C%20Roseland%2C%20VA%2022967"
"363","Rockfish River Ranch Guest House","rockfish-river-ranch-guest-house","Bed and Breakfast","stay","Shipman","Nestled on a sprawling 100-acre ranch, Rockfish River Ranch Guest House offers a serene escape for families and nature lovers alike. Enjoy private trails and creek access for outdoor adventures, while the cozy accommodations feature bunk beds and high chairs for the little ones. Located just a short drive from local breweries and Wintergreen, this inviting retreat combines comfort with convenience, making it the perfect destination for your next getaway.","","","https://ik.imagekit.io/OE/nelson-county/listings/rockfish-river-ranch-guest-house-image1_ZhXm92QrC","Tree with swing in front of modern house, sunny day.","","https://ik.imagekit.io/OE/nelson-county/listings/rockfish-river-ranch-guest-house-image2_gGy1is3pj","Modern kitchen with island, pendant lights, and large windows. Wooden floors and ceilings.","","","","","","","Shipman, VA 22971","josh","","","https://www.google.com/maps/dir/?api=1&destination=Shipman%2C%20VA%2022971","","","","","","Family Friendly; Beer; Breakfast; Lodging; Water Sports; Fishing","false","https://www.google.com/maps/dir/?api=1&destination=Shipman%2C%20VA%2022971"
"364","The Treetops Lodge","the-treetops-lodge","Cabins & Cottages","stay","Lovingston","Nestled in a serene setting, The Treetops Lodge offers a luxurious retreat for up to ten guests across three spacious levels. This beautifully designed cabin features a cozy bunk room and ample indoor and outdoor seating, perfect for enjoying time with family and friends. Located near the charming town of Lovingston, history enthusiasts will appreciate the nearby Lovingston Historic District and its courthouse, both of which are listed on the National Register of Historic Places. Experience the perfect blend of comfort and adventure at The Treetops Lodge, your gateway to the wonders of Nelson County.","","","https://ik.imagekit.io/OE/nelson-county/listings/the-treetops-lodge-image1_oFIPlvrDl","House with large windows, surrounded by trees, with a fire pit and chairs.","","https://ik.imagekit.io/OE/nelson-county/listings/the-treetops-lodge-image2_iVMFGutl0","Spacious living room with large windows, wooden beams, and cozy furniture.","","","","","","","Afton, VA 22920","josh","","","https://www.google.com/maps/dir/?api=1&destination=Afton%2C%20VA%2022920","","","","","","Cabins; Beer; Wi-Fi; Outdoor Seating; Lodging","false","https://www.google.com/maps/dir/?api=1&destination=Afton%2C%20VA%2022920"
"365","Cabin on Eagles Ridge Road","cabin-on-eagles-ridge-road","Cabins & Cottages","stay","Nellysford","Discover a serene retreat at Cabin on Eagles Ridge Road, featuring two en-suite master bedrooms for ultimate comfort. Enjoy cozy evenings by the wood-burning fireplace or gather around the inviting bluestone fire pit under the stars. Ideally located within walking distance of Devils Backbone and Bold Rock, this cabin perfectly blends rustic charm with modern convenience, making it an ideal getaway for nature lovers and adventure seekers alike.","","","https://ik.imagekit.io/OE/nelson-county/listings/cabin-on-eagles-ridge-road-image1_BtjxSGEWL","Wooden house with chimney surrounded by bare trees in forest setting.","","https://ik.imagekit.io/OE/nelson-county/listings/cabin-on-eagles-ridge-road-image2_n6wnBFOoG","Stone fireplace in cozy living room with large windows and warm lighting.","","","","","","","Nellysford, VA 22958","josh","","","https://www.google.com/maps/dir/?api=1&destination=Nellysford%2C%20VA%2022958","","","","","","Outdoor Seating; Pet Friendly; Cabins; Lodging","false","https://www.google.com/maps/dir/?api=1&destination=Nellysford%2C%20VA%2022958"
"366","1639 Overlook","1639-overlook","Vacation Rentals","stay","Wintergreen Resort","1639 Overlook is a recently renovated four-bedroom, four-bath Wintergreen condo with panoramic mountain views, golf course proximity, and small-dog-friendly policy. 1639 Overlook was recently renovated to showcase four bedrooms, four baths, pet-friendly policies for small dogs, and sweeping Wintergreen vistas beside the golf course.","","","https://ik.imagekit.io/OE/nelson-county/listings/1639-overlook-image1_EdGAE6RoV","Buildings illuminated at dusk against a colorful sunset sky, mountainous backdrop.","","https://ik.imagekit.io/OE/nelson-county/listings/1639-overlook-image2_HYWjm-YwE","Modern kitchen, dining area with mountains visible through large window.","","","","","","","Wintergreen Resort, Roseland, VA 22967","josh","","","https://www.google.com/maps/dir/?api=1&destination=Wintergreen%20Resort%2C%20Roseland%2C%20VA%2022967","","","","","","Scenic Views; Resort; Golf; Pet Friendly; Parking","false","https://www.google.com/maps/dir/?api=1&destination=Wintergreen%20Resort%2C%20Roseland%2C%20VA%2022967"
"367","Foxfire Cottage","foxfire-cottage","Cabins & Cottages","stay","Roseland","House has high ceilings, stone fireplace, updated kitchen.","","","https://ik.imagekit.io/OE/nelson-county/listings/foxfire-cottage-image1_1b-v730_AV","White house with wooden chairs on porch, surrounded by trees and grass lawn.","","https://ik.imagekit.io/OE/nelson-county/listings/foxfire-cottage-image2_PHmCD3Qp_","Living room with stone fireplace, leather couch, colorful stairs, and modern kitchen.","","","","","","","Roseland, VA 22967","josh","","","https://www.google.com/maps/dir/?api=1&destination=Roseland%2C%20VA%2022967","","","","","","Beer; Scenic Views; Wi-Fi; Full Kitchen; Cabins; Lodging","false","https://www.google.com/maps/dir/?api=1&destination=Roseland%2C%20VA%2022967"
"368","The Ski House","the-ski-house","Whole House Rentals","stay","Wintergreen Resort","The Ski House offers an exceptional ski-in/ski-out experience with breathtaking views of Eagle's Swoop. This beautifully renovated three-bedroom, two-bath home combines modern comfort with a prime location, making it ideal for winter sports enthusiasts. Enjoy the convenience of direct access to the slopes while relaxing in a stylish and inviting space perfect for family gatherings or a getaway with friends. Experience the ultimate alpine retreat at The Ski House.","","","https://ik.imagekit.io/OE/nelson-county/listings/the-ski-house-image1_raYunZw2V","Snow machines operating near wooden house among leafless trees.","","https://ik.imagekit.io/OE/nelson-county/listings/the-ski-house-image2_rtwU6I6qK","Two cozy twin beds with bear-themed quilts under slanted wooden ceiling.","","","","","","","Wintergreen Resort, Roseland, VA 22967","josh","","","https://www.google.com/maps/dir/?api=1&destination=Wintergreen%20Resort%2C%20Roseland%2C%20VA%2022967","","","","","","Skiing; Snow Sports; Lodging","false","https://www.google.com/maps/dir/?api=1&destination=Wintergreen%20Resort%2C%20Roseland%2C%20VA%2022967"
"369","1566 Vistas Condo","1566-vistas-condo","Whole House Rentals","stay","Wintergreen Resort","1566 Vistas Condo is a renovated top-floor, three-bedroom, three-bath condo with skylights, ridgeline views, and quick access to Wintergreen spa and Devil's Knob. 1566 Vistas Condo crowns its building with skylights, ridgeline panoramas, and three ensuite bedrooms, steps from the spa and Devil's Knob facilities.","","","https://ik.imagekit.io/OE/nelson-county/listings/1566-vistas-condo-image1_d3ikqxeVz","Gray townhouses with bare tree, entryway, and green numbered sign.","","https://ik.imagekit.io/OE/nelson-county/listings/1566-vistas-condo-image2_GsLDdAviC","Cozy living room with fireplace, couch, and mountain view through large windows.","","","","","","","Wintergreen Resort, Roseland, VA 22967","josh","","","https://www.google.com/maps/dir/?api=1&destination=Wintergreen%20Resort%2C%20Roseland%2C%20VA%2022967","","","","","","Spa; Cabins; Lodging","false","https://www.google.com/maps/dir/?api=1&destination=Wintergreen%20Resort%2C%20Roseland%2C%20VA%2022967"
"370","Afton Mountain Inn","afton-mountain-inn","Bed and Breakfast","stay","Afton","Afton Mountain Inn is an 1848 farmhouse turned boutique hotel with six suites and a premium villa offering premium bedding, Wi-Fi, robes, snack bar, two hot tubs, pool, decks, fire pits, badminton, and private trail across ten acres. Built in 1848, more than a decade before the start of the American Civil War, our historic farmhouse features original heart pine flooring, ornate woodwork, and a stained glass entryway.","","","https://ik.imagekit.io/OE/nelson-county/listings/afton-mountain-inn-image1_Vnwizc0IW","White two-story house with green roof surrounded by trees and bushes.","","https://ik.imagekit.io/OE/nelson-county/listings/afton-mountain-inn-image2_3Gy0qwzhk","Elegant bedroom with cozy bed, rug, bathroom view, and natural light through windows.","","","","","","","10273 Rockfish Valley Highway, Afton, VA 22920","josh","","","https://www.google.com/maps/dir/?api=1&destination=10273%20Rockfish%20Valley%20Highway%2C%20Afton%2C%20VA%2022920","","","","","","Coffee; Farm; Lodging; Pool; Retail; Tea; Wi-Fi","false","https://www.google.com/maps/dir/?api=1&destination=10273%20Rockfish%20Valley%20Highway%2C%20Afton%2C%20VA%2022920"
"371","M 260","m-260","Cabins & Cottages","stay","Nellysford","M 260 is a Stoney Creek mountain home with views, three bedrooms, three baths, hot tub, ping pong, foosball, deck seating, and seasonal waterfall walkway. M 260 treats guests to waterfall walkways, ping pong and foosball games, a bubbling hot tub, and three bedrooms overlooking Stoney Creek's valley.","","","https://ik.imagekit.io/OE/nelson-county/listings/m-260-image1_dQ4d42Kku","Modern grey house with large deck surrounded by lush green trees.","","https://ik.imagekit.io/OE/nelson-county/listings/m-260-image2_okYF6M7kOE","Modern kitchen with green island, stainless appliances, wooden cabinets, and stone flooring.","","","","","","","Nellysford, VA 22958","josh","","","https://www.google.com/maps/dir/?api=1&destination=Nellysford%2C%20VA%2022958","","","","","","Cabins; Full Kitchen; Lodging; Outdoor Seating; Scenic Views; Water Sports; Wi-Fi","false","https://www.google.com/maps/dir/?api=1&destination=Nellysford%2C%20VA%2022958"
"372","Sanctuary Retreat Center","sanctuaryretreatcenter","Whole House Rentals","stay","Nellysford","Sanctuary Retreat Center hosts 3–7-day holistic retreats on 120 forested acres with meditation, breathwork, lodging, and meals included—overnight stays only during scheduled programs. The peaceful, holistic atmosphere of Sanctuary.","","","https://ik.imagekit.io/OE/nelson-county/listings/sanctuary-retreat-center-image1_WJ_oqMdVRL","Pink flowering tree beside house, surrounded by lush greenery and shrubs.","","https://ik.imagekit.io/OE/nelson-county/listings/sanctuary-retreat-center-image2_WMNFybvoy","Wooden deck with chairs, surrounded by lush green trees and blue hydrangeas.","","https://ik.imagekit.io/OE/nelson-county/listings/sanctuary-retreat-center-image3_hgweSYfrN","Cozy bedroom with wooden ceiling, white bedding, lamp, window, and artwork.","","","","Nellysford, VA 22958","WG","","","https://www.google.com/maps/dir/?api=1&destination=Nellysford%2C%20VA%2022958","","","","","","Lodging; Cabins","false","https://www.google.com/maps/dir/?api=1&destination=Nellysford%2C%20VA%2022958"
"373","Trinacria Restaurant & Pizzeria","trinacria","Restaurants","taste","Nellysford","Experience authentic Italian cuisine at Trinacria Restaurant & Pizzeria, opening August 10, 2025, on Rockfish Valley Highway. This family-owned establishment offers a delightful selection of classic dishes, including savory quiche, gourmet pizzas, and comforting homestyle plates, all served in a warm and inviting café atmosphere. Join us for a taste of Italy that feels just like home.","","","https://ik.imagekit.io/OE/nelson-county/listings/trinacria-restaurant-pizzeria-image1_CmQd67ELy","Black mug with latte foam art in progress, hands holding cup and stick.","","https://ik.imagekit.io/OE/nelson-county/listings/trinacria-restaurant-pizzeria-image2_CPRNPSN0op","Trinacria logo with Medusa head, three legs, wheat, red-black color scheme.","","","","","","(434) 361-1100","2842 Rockfish Valley Highway, Nellysford, VA 22958","WG","","","https://www.google.com/maps/dir/?api=1&destination=2842%20Rockfish%20Valley%20Highway%2C%20Nellysford%2C%20VA%2022958","","","","","","Family Friendly; Fishing","false","https://www.google.com/maps/dir/?api=1&destination=2842%20Rockfish%20Valley%20Highway%2C%20Nellysford%2C%20VA%2022958"
"374","Rockfish Valley Farm Guest House","rockfish-valley-farm-guest-house","Bed and Breakfast","stay","Nellysford","Nestled between Bold Rock and Devils Backbone, Rockfish Valley Farm Guest House offers a serene escape with stunning mountain views. This charming four-bedroom ranch features inviting rocking chairs on the porch, perfect for sipping morning coffee while enjoying the scenic landscape. Guests can also meet the friendly resident donkeys, adding a touch of rural charm to your stay. Experience the beauty and tranquility of the Rockfish Valley at this delightful bed and breakfast.","","","https://ik.imagekit.io/OE/nelson-county/listings/rockfish-valley-farm-guest-house-image1_nCX2OavrY","House with porch, large tree, mountains in background, clear sky above.","","https://ik.imagekit.io/OE/nelson-county/listings/rockfish-valley-farm-guest-house-image2_VugIF5jJP","Cozy living room with red patterned rug, beige sofa, and wooden furniture.","","","","","","","Nellysford, VA 22958","josh","","","https://www.google.com/maps/dir/?api=1&destination=Nellysford%2C%20VA%2022958","","","","","","Full Kitchen; Breakfast; Outdoor Seating; Scenic Views; Lodging; Farm; Fishing","false","https://www.google.com/maps/dir/?api=1&destination=Nellysford%2C%20VA%2022958"
"375","Shenandoah Ridge 11","shenandoah-ridge-11","Whole House Rentals","stay","Wintergreen Resort","Shenandoah Ridge 11 is a four-bedroom, 4.5-bath townhouse in Wintergreen's Shenandoah Ridge development with access to all resort amenities. Shenandoah Ridge 11 gives Wintergreen visitors four bedrooms, 4.5 baths, and townhouse privacy while keeping all resort amenities—golf, spa, tennis, shuttles—right at their fingertips.","","","https://ik.imagekit.io/OE/nelson-county/listings/shenandoah-ridge-11-image1_r7j-EXO-c","Beige house with multiple gabled roofs and white railing on wooden pathway.","","https://ik.imagekit.io/OE/nelson-county/listings/shenandoah-ridge-11-image2_Mf1_TDmYw","Spacious kitchen with stainless steel appliances, white countertops, and wooden cabinets.","","","","","","","Wintergreen Resort, Roseland, VA 22967","josh","","","https://www.google.com/maps/dir/?api=1&destination=Wintergreen%20Resort%2C%20Roseland%2C%20VA%2022967","","","","","","Resort; Family Friendly; Skiing; Lodging; Golf","false","https://www.google.com/maps/dir/?api=1&destination=Wintergreen%20Resort%2C%20Roseland%2C%20VA%2022967"
"376","Inn at the Woods","inn-at-the-woods","Cabins & Cottages","stay","Roseland","Inn at the Woods is a farmhouse minutes from Devils Backbone with three queen bedrooms, pull-out sofa, screened patio, and access to nearby breweries, wineries, and Wintergreen. Inn at the Woods puts three queen suites, a sleeper sofa, and a breezy screened patio minutes from Devils Backbone, creating a farmhouse base for brewery tours and Wintergreen excursions.","","","https://ik.imagekit.io/OE/nelson-county/listings/inn-at-the-woods-image1_MQa9smdzT","White house surrounded by autumn trees, with mountains in the background.","","https://ik.imagekit.io/OE/nelson-county/listings/inn-at-the-woods-image2_U8RNeR8IC","White bathroom with dual sinks, round mirrors, wood accents, and glass shower.","","","","","","","Roseland, VA 22967","josh","","","https://www.google.com/maps/dir/?api=1&destination=Roseland%2C%20VA%2022967","","","","","","Outdoor Seating; Scenic Views; Cabins; Lodging; Farm; Tastings; Beer","false","https://www.google.com/maps/dir/?api=1&destination=Roseland%2C%20VA%2022967"
"377","Country Cottage","country-cottage","Cabins & Cottages","stay","Faber","Country Cottage is a stand-alone woodland hideout with full kitchen, laundry, and a sunny front deck, keeping you equidistant from Charlottesville and the Route 151 craft trail.","","","https://ik.imagekit.io/OE/nelson-county/listings/country-cottage-image1_CGfeKlhal","Small house with porch in forest setting, surrounded by trees and greenery.","","https://ik.imagekit.io/OE/nelson-county/listings/country-cottage-image2_Kj0DoaIrT","Cozy bedroom with colorful bedspread, open shelves, and sunlight through windows.","","","","","","","Afton, VA 22920","josh","","","https://www.google.com/maps/dir/?api=1&destination=Afton%2C%20VA%2022920","","","","","","Full Kitchen; Outdoor Seating; Beer; Wi-Fi; Cabins; Lodging","false","https://www.google.com/maps/dir/?api=1&destination=Afton%2C%20VA%2022920"
"378","The View at Crawfords Edge","the-view-at-crawfords-edge","Whole House Rentals","stay","Wintergreen Resort","Discover an enchanting retreat at Crawfords Edge, featuring four bedrooms, each with its own ensuite, perfect for families or groups. Enjoy the spacious, vaulted living areas and two inviting lounges, designed for relaxation and connection. Outside, tiered patios offer multiple levels of outdoor living, complete with a fire table and a pizza oven, ideal for evening gatherings. Experience breathtaking sunsets high above Wintergreen, where every moment is a chance to unwind and create lasting memories.","","","https://ik.imagekit.io/OE/nelson-county/listings/the-view-at-crawfords-edge-image1_TGpMMFwo_","House with lit porch, surrounded by trees, at dusk.","","https://ik.imagekit.io/OE/nelson-county/listings/the-view-at-crawfords-edge-image2_EtZamV93K","Spacious living room with stone fireplace, wooden ceiling, large windows, and cozy seating.","","","","","","","Wintergreen Resort, Roseland, VA 22967","josh","","","https://www.google.com/maps/dir/?api=1&destination=Wintergreen%20Resort%2C%20Roseland%2C%20VA%2022967","","","","","","Outdoor Seating; BBQ; Pizza; Pet Friendly; Lodging","false","https://www.google.com/maps/dir/?api=1&destination=Wintergreen%20Resort%2C%20Roseland%2C%20VA%2022967"
"379","Altitude Adjustment","altitude-adjustment","Whole House Rentals","stay","Nellysford","Altitude Adjustment is a five-bedroom, four-bath mountain retreat with large windows, multiple decks, high-flame fire pit, sauna, outdoor shower, game room, and EV charger. The whole group will love this spacious and unique space.","","","https://ik.imagekit.io/OE/nelson-county/listings/altitude-adjustment-image1_8Jxku4-8O","Modern house surrounded by trees, pickup truck parked on driveway.","","https://ik.imagekit.io/OE/nelson-county/listings/altitude-adjustment-image2_aQDSzS4Tb","Modern living room with large window, mountain view, wooden floor, and kitchen area.","","","","","","","Wintergreen Resort, Roseland, VA 22967","josh","","","https://www.google.com/maps/dir/?api=1&destination=Wintergreen%20Resort%2C%20Roseland%2C%20VA%2022967","","","","","","Fuel; Outdoor Seating; EV Charging; Lodging","false","https://www.google.com/maps/dir/?api=1&destination=Wintergreen%20Resort%2C%20Roseland%2C%20VA%2022967"
"380","Chateau Greenstone","chateau-greenstone","Whole House Rentals","stay","Wintergreen Resort","Chateau Greenstone is a six-bedroom, four-bath Wintergreen retreat sleeping 18 with multiple game zones, 'zen den,' heated TV porch, hot tub, sauna, and four outdoor gathering areas. We wanted to design a getaway that truly has something for everyone and we think Chateau Greenstone gets as close to this lofty goal as any Wintergreen Property.","","","https://ik.imagekit.io/OE/nelson-county/listings/chateau-greenstone-image1_4nRWeaflw","A-frame house with wooden deck surrounded by trees at dusk.","","https://ik.imagekit.io/OE/nelson-county/listings/chateau-greenstone-image2_VT5zUm2L7","Outdoor hot tub with bubbles on covered patio overlooking lush green trees.","","","","","","","Wintergreen Resort, Roseland, VA 22967","josh","","","https://www.google.com/maps/dir/?api=1&destination=Wintergreen%20Resort%2C%20Roseland%2C%20VA%2022967","","","","","","Pool; Spa; Outdoor Seating; Lodging","false","https://www.google.com/maps/dir/?api=1&destination=Wintergreen%20Resort%2C%20Roseland%2C%20VA%2022967"
"381","Blue Sky Retreat","blue-sky-retreat","Whole House Rentals","stay","Wintergreen Resort","Blue Sky Retreat is a stunning luxury home that offers over 4,100 square feet of designer living space, featuring six elegantly appointed bedrooms. Guests can enjoy a variety of entertainment options, including dedicated media and game rooms, as well as a rejuvenating sauna and cold plunge. Outside, unwind in the inviting hot tub while taking in breathtaking mountain views and direct access to the nearby golf course. Experience a perfect blend of relaxation and adventure at this exquisite retreat.","","","https://ik.imagekit.io/OE/nelson-county/listings/blue-sky-retreat-image1_9b5vAS6Ui","Cozy outdoor deck with fire pit, sofas, and scenic sunset view.","","https://ik.imagekit.io/OE/nelson-county/listings/blue-sky-retreat-image2_pHAwV0gTc","Modern kitchen with wooden island, black granite countertop, hanging lights, and staircase.","","","","","","","Wintergreen Resort, Roseland, VA 22967","josh","","","https://www.google.com/maps/dir/?api=1&destination=Wintergreen%20Resort%2C%20Roseland%2C%20VA%2022967","","","","","","Scenic Views; Golf; Pet Friendly","false","https://www.google.com/maps/dir/?api=1&destination=Wintergreen%20Resort%2C%20Roseland%2C%20VA%2022967"
"382","The Treehouse","thetreehouse","Whole House Rentals","stay","Afton","The Treehouse is a stunning 3,200 sq ft modern retreat nestled on ten serene acres, offering an ideal escape just minutes from Charlottesville's vibrant breweries. This award-winning home features heated floors, a spacious dining area for up to ten guests, and inviting outdoor spaces, including a hot tub and fire pit. Experience tranquility in the beautifully designed interiors and enjoy the convenience of nearby attractions, making it perfect for both relaxation and exploration.","","","https://ik.imagekit.io/OE/nelson-county/listings/the-treehouse-image1_XvJDexZqi","Modern house with large windows, patio furniture, and fire pit in the backyard.","","https://ik.imagekit.io/OE/nelson-county/listings/the-treehouse-image2_3vr40-VSg","Spacious modern living room with high ceiling, large windows, and wooden staircase.","","","","","","","Afton, VA 22920","WG","","","https://www.google.com/maps/dir/?api=1&destination=Afton%2C%20VA%2022920","","","","","","Outdoor Seating; Full Kitchen; Lodging; Beer","false","https://www.google.com/maps/dir/?api=1&destination=Afton%2C%20VA%2022920"
"162","Woodson's Mill","woodsons-mill","Museums & Heritage","culture","Roseland","Experience the charm of Woodson's Mill, a historic gem established in 1794, where Virginia-grown grains are still ground using traditional water-powered stones. Visitors can explore the fascinating heritage of milling through guided tours, uncovering the rich history behind this unique operation. Don't miss the chance to purchase freshly stone-milled flour, perfect for your culinary endeavors. Join us for a journey into the past and savor the taste of authentic, locally-sourced products.","","","https://ik.imagekit.io/OE/nelson-county/listings/woodson-s-mill-image1_ZE7ZqH35G","Wooden water mill with red wheel and surrounding greenery in sunlight.","","","","","","","","","(540) 430-0532","3211 Lowesville Road, Roseland, VA 22967","josh","","","https://www.google.com/maps/dir/?api=1&destination=3211%20Lowesville%20Road%2C%20Roseland%2C%20VA%2022967","","","","","","Museum; Retail; Seasonal Menu; Water Sports","false","https://www.google.com/maps/dir/?api=1&destination=3211%20Lowesville%20Road%2C%20Roseland%2C%20VA%2022967"
"168","Rockfish Valley Natural History Center","rockfish-valley-natural-history-center","Museums & Heritage","culture","Nellysford","Discover the Rockfish Valley Natural History Center, nestled in the charming old Wintergreen schoolhouse. This unique venue features captivating wildlife exhibits curated by the Virginia Museum of Natural History, offering visitors an insightful glimpse into the region's diverse ecosystems. Explore interactive displays and educational programs that highlight local flora and fauna, making it an ideal destination for nature enthusiasts and families alike. Join us to celebrate the beauty of natural history in a welcoming and engaging atmosphere.","","","https://ik.imagekit.io/OE/nelson-county/listings/rockfish-valley-natural-history-center-image1_aIErl8JZ0","White building with a porch and sign, surrounded by leafless trees and grass.","","","","","","","","","(434) 361-0271","1368 Rockfish Valley Highway, Nellysford, VA 22958","josh","","","https://www.google.com/maps/dir/?api=1&destination=1368%20Rockfish%20Valley%20Highway%2C%20Nellysford%2C%20VA%2022958","","","","","","Museum; Fishing","false","https://www.google.com/maps/dir/?api=1&destination=1368%20Rockfish%20Valley%20Highway%2C%20Nellysford%2C%20VA%2022958"
"385","The Goldfinch","the-goldfinch","Cabins & Cottages","stay","Afton","The Goldfinch is a two-bedroom, two-bath home with screened porch, garage, and central HVAC near Veritas Vineyards, Route 151, Blue Ridge Parkway, and Charlottesville. The Goldfinch gives two-bedroom convenience near Veritas with perks like a screened porch, garage parking, central HVAC, and quick access to Route 151 and the Parkway.","","","https://ik.imagekit.io/OE/nelson-county/listings/the-goldfinch-image1_w_8X4s7VT","Small house, autumn trees, driveway with red truck, evening light.","","https://ik.imagekit.io/OE/nelson-county/listings/the-goldfinch-image2__phpH4Uv-","Gray sofa with floral pillows, candles, and vase on wooden table.","","","","","","(757) 778-1160","Afton, VA 22920","josh","","","https://www.google.com/maps/dir/?api=1&destination=Afton%2C%20VA%2022920","","","","","","Outdoor Seating; Full Kitchen; Pet Friendly; Scenic Views; Cabins; Farm; Tastings","false","https://www.google.com/maps/dir/?api=1&destination=Afton%2C%20VA%2022920"
"118","Swimming","swimming","Swimming","experience","Montebello","Indoor and outdoor swimming across Wintergreen Resort, including year-round Aquatics Center pools and Lake Monocan's summer beach.","","","https://ik.imagekit.io/OE/nelson-county/listings/swimming-image1_K6MZpkrv3","Indoor pool, surrounded by potted plants and lounge seating inside a spacious room.","","","","","","","","","(434) 325-8280","Wintergreen Aquatics & Fitness Center, 39 Mountain Inn Loop, Wintergreen, VA 22967","josh","","","https://www.google.com/maps/dir/?api=1&destination=Wintergreen%20Aquatics%20%26%20Fitness%20Center%2C%2039%20Mountain%20Inn%20Loop%2C%20Wintergreen%2C%20VA%2022967","","","","","","Pool; Outdoor Seating; Seasonal Menu; Resort; Water Sports; Fishing","false","https://www.google.com/maps/dir/?api=1&destination=Wintergreen%20Aquatics%20%26%20Fitness%20Center%2C%2039%20Mountain%20Inn%20Loop%2C%20Wintergreen%2C%20VA%2022967"
"387","Rockwell Ridge Inn","rockwellridgeinn","Cabins & Cottages","stay","Afton","Nestled on 20 scenic acres in Afton, Rockwell Ridge Inn offers a pet-friendly escape where nature thrives. Guests can explore lush trails, seasonal gardens, and serene creeks, making it an ideal destination for outdoor enthusiasts. Choose from a charming three-bedroom inn or cozy cottages, each designed to provide a tranquil retreat and immerse you in the beauty of the surroundings. Experience the perfect blend of comfort and adventure at Rockwell Ridge Inn.","","","https://ik.imagekit.io/OE/nelson-county/listings/rockwell-ridge-inn-image1_7TKqEFWib","Blue cabin with wooden doors, decorated wreaths, surrounded by trees.","","https://ik.imagekit.io/OE/nelson-county/listings/rockwell-ridge-inn-image2_XBpXGhjEG","Blue wooden cabin with porch, surrounded by trees and shrubs.","","https://ik.imagekit.io/OE/nelson-county/listings/rockwell-ridge-inn-image3_AOrMTU8L0","Wooden kitchen with vaulted ceiling, island, and dining table under pendant lights.","","","","Afton, VA 22920","WG","","","https://www.google.com/maps/dir/?api=1&destination=Afton%2C%20VA%2022920","","","","","","Pet Friendly; Seasonal Menu; Lodging; Cabins","false","https://www.google.com/maps/dir/?api=1&destination=Afton%2C%20VA%2022920"
"388","Everett Estate","everettestate","Whole House Rentals","stay","Wintergreen Resort","Everett Estate (duplicate entry)—verify active listing details before enriching. Ethan's Den has been decorated to compliment the beautiful setting it is in.","","","https://ik.imagekit.io/OE/nelson-county/listings/everett-estate-image1_hDitKstLu","House with trees, stairs leading up, and stone wall in foreground.","","https://ik.imagekit.io/OE/nelson-county/listings/everett-estate-image2_y5dCp-_c7","White house with large tree, fountain, and green lawn under clear blue sky.","","https://ik.imagekit.io/OE/nelson-county/listings/everett-estate-image3_pntIHpCJ6","Floral wallpapered kitchen, stained glass window, wooden table with floral centerpiece.","","","","56 Rodes Farm Drive, Nellysford, VA 22958","WG","","","https://www.google.com/maps/dir/?api=1&destination=56%20Rodes%20Farm%20Drive%2C%20Nellysford%2C%20VA%2022958","","","","","","Coffee; Events; Scenic Views; Tea; Pet Friendly; Lodging","false","https://www.google.com/maps/dir/?api=1&destination=56%20Rodes%20Farm%20Drive%2C%20Nellysford%2C%20VA%2022958"
"389","Don Lupe Mexican Restaurant","donlupe","Restaurants","taste","Roseland","Don Lupe Mexican Restaurant serves authentic Mexican cuisine with high-quality ingredients and attentive service on Rockfish Valley Highway. At Don Lupe Restaurant, we take pride in offering the authentic taste of Mexican cuisine in each of our dishes.","","","https://ik.imagekit.io/OE/nelson-county/listings/don-lupe-mexican-restaurant-image1_CFnON7sma","Child playing guitar in sombrero and poncho near cactus.","","","","","","","","","(434) 218-1789","2815 Rockfish Valley Highway, Nellysford, VA 22958","WG","","","https://www.google.com/maps/dir/?api=1&destination=2815%20Rockfish%20Valley%20Highway%2C%20Nellysford%2C%20VA%2022958","","","","","","Local Ingredients; Fishing","false","https://www.google.com/maps/dir/?api=1&destination=2815%20Rockfish%20Valley%20Highway%2C%20Nellysford%2C%20VA%2022958"
"12-ridges-vineyard","12 Ridges Vineyard","12-ridges-vineyard","Vineyards & Wineries","taste","Vesuvius","A new vision has come to life at one of the most beautiful locations in all of Virginia. ​ 12 Ridges, a family-owned vineyard formerly known as Skylark Farm, now offers an intimate Tasting Room, over seven thousand five hundred square feet of outdoor patio space, and glorious 360 degree hilltop views.","","","https://ik.imagekit.io/OE/nelson-county/listings/12-ridges-vineyard-image1_2M-P87f-B","","","","","","","","","https://12ridges.com/","(434) 996-4252","24981 Blue Ridge Pkwy, Vesuvius, VA 24483","josh","","","https://www.google.com/maps/dir/?api=1&destination=24981%20Blue%20Ridge%20Pkwy%2C%20Vesuvius%2C%20VA%2024483","","","","","","Events; Farm; Outdoor Seating; Scenic Views; Tastings; Wine","false","https://www.google.com/maps/dir/?api=1&destination=24981%20Blue%20Ridge%20Pkwy%2C%20Vesuvius%2C%20VA%2024483"
