id,name,slug,type,category,area,description,detailedDescription,customHtml,image1,image1Desc,image1FileId,image2,image2Desc,image2FileId,image3,image3Desc,image3FileId,website,phone,address,authorName,publishedDate,modifiedDate,directionsLink,videoLink,document1,document1Name,document2,document2Name,accordionPanel1Title,accordionPanel1Content,accordionPanel2Title,accordionPanel2Content,accordionPanel3Title,accordionPanel3Content,accordionPanel4Title,accordionPanel4Content,amenities,featured,googleMapsUrl
3,Trager Brothers Coffee 1.0,trager-brothers-coffee-1-0,Coffee Shops,taste,Lovingston,"TBC is family-owned and operated, small-batch, and completely “a mano.” We sight roast to order and do not warehouse roasted coffee of any kind. The café pours fresh espresso, sells whole beans, and champions sustainable sourcing relationships with growers worldwide.",,,https://ik.imagekit.io/OE/nelson-county/listings/trager-brothers-coffee-1-0-image1_CD5zSPxJ7,"Two people smiling, one holding coffee logo sticker towards camera.",,,,,,,,https://www.tbcroasters.com/,(434) 996-3138,"486 Front Street, Lovingston, VA 22949",josh,,,https://www.google.com/maps/dir/?api=1&destination=486%20Front%20Street%2C%20Lovingston%2C%20VA%2022949,,,,,,,,,,,,,,Cafe; Coffee; Order Pickup; Organic; Tea,false,https://www.google.com/maps/dir/?api=1&destination=486%20Front%20Street%2C%20Lovingston%2C%20VA%2022949
4,Trager Brothers Coffee 2.0,trager-brothers-coffee-2-0,Coffee Shops,taste,Afton,"Organic coffeehouse at the Rockfish Valley School campus with freshly roasted beans, espresso drinks, and grab-and-go service from Trager Brothers Coffee. TBC is family-owned and operated, small-batch, and completely “a mano.” We sight roast to order and do not warehouse roasted coffee of any kind.",,,https://ik.imagekit.io/OE/nelson-county/listings/trager-brothers-coffee-2-0-image1_onAYYsQs0L,Barista decorating coffee foam with chocolate in a black cup.,,,,,,,,https://www.tbcroasters.com/,(434) 263-8916,"190 Rockfish Valley School Lane, Afton, VA 22920",josh,,,https://www.google.com/maps/dir/?api=1&destination=190%20Rockfish%20Valley%20School%20Lane%2C%20Afton%2C%20VA%2022920,,,,,,,,,,,,,,Coffee; Organic; Bar; Tea; Cafe; Fishing,false,https://www.google.com/maps/dir/?api=1&destination=190%20Rockfish%20Valley%20School%20Lane%2C%20Afton%2C%20VA%2022920
5,Afton Market,afton-market,Markets & Delis,taste,Afton,"Nestled in the heart of Afton, Afton Market is a beloved local gem that combines the convenience of a shop with the warmth of a community deli. As you step inside, you'll be greeted by the enticing aroma of freshly fried chicken and homemade biscuits, perfect for a hearty breakfast or lunch. Their hot lunch plates are a satisfying choice for travelers and locals alike, while the inviting aroma of freshly brewed coffee and the refreshing options from the fountain drink station provide the perfect pick-me-up. Whether you're fueling up for a long drive or simply stopping by to enjoy a delicious meal, Afton Market promises a friendly atmosphere and a taste of local flavor that keeps visitors coming back.",,,https://ik.imagekit.io/OE/nelson-county/listings/Screenshot_2025-11-14_at_6.38.31_PM_U31i9aoWc.png,"Gas station with cars, convenience store, and trees in the background.",,,,,,,,,(540) 456-6111,"10185 Rockfish Valley Highway, Afton, VA 22920",josh,,,https://www.google.com/maps/dir/?api=1&destination=10185%20Rockfish%20Valley%20Highway%2C%20Afton%2C%20VA%2022920,,,,,,,,,,,,,,Breakfast; Coffee; Deli; Fuel; Lunch; Market; Retail; Tea; Beer,false,https://www.google.com/maps/dir/?api=1&destination=10185%20Rockfish%20Valley%20Highway%2C%20Afton%2C%20VA%2022920
6,Ashley's Market,ashleys-market,Markets & Delis,taste,Afton,"Discover Ashley's Market, a charming family-run convenience store and gas stop that offers much more than fuel. Our delightful deli features made-to-order breakfast biscuits, hearty lunch sandwiches, and crispy fried chicken, alongside a variety of fresh deli salads. Whether you're on the go or looking for a satisfying meal, Ashley's Market provides a welcoming atmosphere and comfort food that feels like home. Stop by for a quick bite or refuel both your vehicle and your appetite!",,,https://ik.imagekit.io/OE/nelson-county/listings/ashley-s-market-image1_-O8C_lefS,Market storefront under clear blue sky with vending machines outside.,,https://ik.imagekit.io/OE/nelson-county/listings/ashley-s-market-image2_BHBW3b0b2,Market entrance with vending machines under a clear blue sky.,,,,,https://www.facebook.com/ashleysmaket151/,(434) 361-2087,"6445 Rockfish Valley Highway, Afton, VA 22920",josh,,,https://www.google.com/maps/dir/?api=1&destination=6445%20Rockfish%20Valley%20Highway%2C%20Afton%2C%20VA%2022920,,,,,,,,,,,,,,Fuel; Breakfast; Deli; Lunch; Market; Hiking,false,https://www.google.com/maps/dir/?api=1&destination=6445%20Rockfish%20Valley%20Highway%2C%20Afton%2C%20VA%2022920
7,Chicken Coop,chicken-coop,Markets & Delis,taste,Lovingston,"Nestled inside the Nelson Food Mart Exxon, Chicken Coop is a hidden gem for comfort food lovers, serving up a mouthwatering selection of crispy fried chicken, smoky barbecue, juicy burgers, and hearty sandwiches. Each dish is cooked to order, ensuring that every bite is fresh and flavorful. Don't miss their delicious sides, like creamy mac and cheese, perfect for complementing your meal. Whether you're stopping by for a quick lunch or grabbing dinner to go, Chicken Coop offers a warm, inviting atmosphere for both dine-in and carryout, making it a must-visit for anyone craving satisfying, home-style cooking on the go.",,,https://ik.imagekit.io/OE/nelson-county/listings/chicken-coop-image1_PIMkxTnKd,Cars parked in front of a brick food market.,,,,,,,,,(434) 263-7818,"40 Front Street, Lovingston, VA 22949",josh,,,https://www.google.com/maps/dir/?api=1&destination=40%20Front%20Street%2C%20Lovingston%2C%20VA%2022949,,,,,,,,,,,,,,BBQ; Retail; Full Kitchen; Market; Deli,false,https://www.google.com/maps/dir/?api=1&destination=40%20Front%20Street%2C%20Lovingston%2C%20VA%2022949
8,Colleen Deli,colleen-deli,Markets & Delis,taste,Arrington,"Welcome to Colleen Deli, your go-to spot for delicious meals at any time of the day. Indulge in a hearty all-day breakfast, savor our daily lunch specials, or choose from a variety of freshly made sandwiches and wraps. Don’t miss our delightful homemade baked goods, perfect for a sweet treat. During the summer months, enjoy our refreshing salad bar, offering a vibrant selection of seasonal ingredients. Whether you’re on the go or looking for a cozy meal, Colleen Deli has something for everyone!",,,https://ik.imagekit.io/OE/nelson-county/listings/colleen-deli-image1_Qm3EZKyhY,"Gas station with red canopy, two pumps, parked cars, and convenience store in background.",,,,,,,,,(434) 263-8300,"4071 Thomas Nelson Hwy, Arrington, VA 22922",josh,,,https://www.google.com/maps/dir/?api=1&destination=4071%20Thomas%20Nelson%20Hwy%2C%20Arrington%2C%20VA%2022922,,,,,,,,,,,,,,Breakfast; Lunch; Bar; Seasonal Menu; Bakery; Baked Goods; Deli; Market,false,https://www.google.com/maps/dir/?api=1&destination=4071%20Thomas%20Nelson%20Hwy%2C%20Arrington%2C%20VA%2022922
9,Corner Market,corner-market,Markets & Delis,taste,Schuyler,"Welcome to Corner Market, your friendly neighborhood convenience store and gas station where convenience meets comfort! Start your day with a delicious breakfast biscuit from our short-order deli, perfect for a quick bite on the go. For lunch, savor our hot, hearty options that are sure to satisfy even the hungriest of appetites. With its welcoming atmosphere and convenient location, Corner Market is not just a stop for gas—it's a local gem where you can refuel both your vehicle and your spirit. Whether you're in a rush or looking to unwind, Corner Market is here to serve you!",,,https://ik.imagekit.io/OE/nelson-county/listings/corner-market-image1_wiPXqe1ES,"Small convenience store with illuminated signs, parked car, and visible interior lights.",,,,,,,,,(434) 263-5500,"11309 James River Road, Shipman, VA 22971",josh,,,https://www.google.com/maps/dir/?api=1&destination=11309%20James%20River%20Road%2C%20Shipman%2C%20VA%2022971,,,,,,,,,,,,,,Retail; Fuel; Breakfast; Deli; Lunch; Market; Water Sports,false,https://www.google.com/maps/dir/?api=1&destination=11309%20James%20River%20Road%2C%20Shipman%2C%20VA%2022971
10,Graves Grocery & Deli,graves-grocery-deli,Markets & Delis,community,Nellysford,"Graves Grocery & Deli is a long-running Route 151 fixture where travelers top off the tank, grab breakfast sandwiches, and order made-to-order lunches before exploring the Rockfish Valley. Friendly counter service and quick deli classics make it a reliable daily stop.",,,https://ik.imagekit.io/OE/nelson-county/listings/graves-grocery-deli-image1_DBJko9s0a,"Storefront with red sign, vending machines, and newspaper stands outside.",,,,,,,,,(434) 361-2504,"1779 Rockfish Valley Highway, Nellysford, VA 22958",josh,,,https://www.google.com/maps/dir/?api=1&destination=1779%20Rockfish%20Valley%20Highway%2C%20Nellysford%2C%20VA%2022958,,,,,,,,,,,,,,Retail; Fuel; Breakfast; Lunch; Deli; Market; Fishing,false,https://www.google.com/maps/dir/?api=1&destination=1779%20Rockfish%20Valley%20Highway%2C%20Nellysford%2C%20VA%2022958
11,Hickman's Exxon Grocery,hickmans-exxon-grocery,Markets & Delis,community,Roseland,"Nestled conveniently near Beech Grove, Hickman's Exxon Grocery is a must-visit for anyone exploring the Wintergreen area. This charming stop not only provides essential fuel but also caters to outdoor enthusiasts with a selection of hunting gear tailored for the region. Don’t miss their popular hot breakfast and lunch deli, where you can savor hearty meals that fuel your adventures. As a certified game-checking station, Hickman's becomes a vital hub during deer, bear, and turkey seasons, making it an invaluable resource for hunters and nature lovers alike. Whether you’re gearing up for a day in the great outdoors or simply looking for a quick and delicious bite, Hickman's Exxon Grocery has you covered!",,,https://ik.imagekit.io/OE/nelson-county/listings/hickman-s-exxon-grocery-image1_s5gtjxUQJ,"Small shop with red roof, 'Open' sign, and outdoor seating under sunny sky.",,,,,,,,,(434) 361-1205,"1311 Beech Grove Road, Roseland, VA 22967",josh,,,https://www.google.com/maps/dir/?api=1&destination=1311%20Beech%20Grove%20Road%2C%20Roseland%2C%20VA%2022967,,,,,,,,,,,,,,Fuel; Breakfast; Lunch; Deli; Hunting; Market,false,https://www.google.com/maps/dir/?api=1&destination=1311%20Beech%20Grove%20Road%2C%20Roseland%2C%20VA%2022967
12,IGA Blue Ridge Grocery,iga-blue-ridge-grocery,Markets & Delis,community,Nellysford,"Nestled in the picturesque Rockfish Valley, IGA Blue Ridge Grocery is more than just a supermarket; it's a community hub where friendly service meets everyday convenience. Here, you'll discover a wide selection of fresh produce, quality meats, and essential groceries, all tailored to meet the needs of locals and visitors alike. Whether you're stocking up for a picnic in the valley or need a quick snack on the go, IGA Blue Ridge Grocery offers a warm, welcoming atmosphere that makes shopping a delight. Enjoy a taste of the local charm as you browse through aisles filled with both everyday essentials and unique local products, making it a must-visit stop on your journey through this scenic area.",,,https://ik.imagekit.io/OE/nelson-county/listings/iga-blue-ridge-grocery-image1_9UYmGsIn7,"Grocery store facade with shopping carts, icy machine, and open sign.",,,,,,,,,(434) 361-1105,"2797 Rockfish Valley Highway, Nellysford, VA 22958",josh,,,https://www.google.com/maps/dir/?api=1&destination=2797%20Rockfish%20Valley%20Highway%2C%20Nellysford%2C%20VA%2022958,,,,,,,,,,,,,,Market; Local Ingredients; Order Pickup; Parking; Deli; Fishing,false,https://www.google.com/maps/dir/?api=1&destination=2797%20Rockfish%20Valley%20Highway%2C%20Nellysford%2C%20VA%2022958
13,Ike's Market & Deli,ikes-market-deli,Markets & Delis,community,Schuyler,"Nestled along the scenic Rockfish River Road, Ike's Market & Deli is your one-stop destination for convenience and flavor. This charming riverside store offers a well-stocked selection of essentials and fishing supplies, perfect for both locals and visitors. Don’t miss the deli counter, where you’ll find delicious rotating daily specials and a variety of grab-and-go items that are perfect for a picnic or a quick meal. With a game checking station on-site, it’s an ideal stop for outdoor enthusiasts looking to enjoy the beautiful surroundings. Whether you’re stocking up for a day of adventure or just in need of a tasty bite, Ike's Market & Deli promises a warm welcome and a delightful experience.",,,https://ik.imagekit.io/OE/nelson-county/listings/ike-s-market-deli-image1_7BFICV0DZ,"Baked potato with cheese, baked beans, carrots, and saucy pulled pork on plate.",,,,,,,,,(434) 831-1185,"6597 Rockfish River Road, Schuyler, VA 22969",josh,,,https://www.google.com/maps/dir/?api=1&destination=6597%20Rockfish%20River%20Road%2C%20Schuyler%2C%20VA%2022969,,,,,,,,,,,,,,Deli; Fishing; Hunting; Market; Retail; Water Sports,false,https://www.google.com/maps/dir/?api=1&destination=6597%20Rockfish%20River%20Road%2C%20Schuyler%2C%20VA%2022969
14,Indian Oven,indian-oven,Restaurants,taste,Lovingston,"Nestled in a cozy corner of the neighborhood, Indian Oven is a family-run gem that invites you to indulge in the rich flavors of authentic Indian cuisine. With a menu brimming with aromatic curries, tender tandoori favorites, and delightful coconut-infused dishes, each meal is crafted from the freshest ingredients. The warm, welcoming atmosphere makes it the perfect spot for family gatherings or an intimate dinner. Experience the vibrant taste of India right here, where every bite tells a story!",,,https://ik.imagekit.io/OE/nelson-county/listings/indian-oven-image1_0QlheMSPI,Restaurant entrance with 'Indian Oven' sign on white brick exterior wall.,,,,,,,,,(434) 263-4080,"10749 Thomas Nelson Hwy, Lovingston, VA 22949",josh,,,https://www.google.com/maps/dir/?api=1&destination=10749%20Thomas%20Nelson%20Hwy%2C%20Lovingston%2C%20VA%2022949,,,,,,,,,,,,,,Takeout; Family Friendly; Market; Deli,false,https://www.google.com/maps/dir/?api=1&destination=10749%20Thomas%20Nelson%20Hwy%2C%20Lovingston%2C%20VA%2022949
15,Mac's Country Store,macs-country-store,Markets & Delis,community,Roseland,"Discover Mac's Country Store, a charming destination nestled at the intersection of Routes 151 and 56. Offering a delightful selection of breakfast, lunch, and dinner plates, our menu features the renowned fried chicken that keeps locals and travelers coming back for more. In addition to delicious meals, explore our unique collection of antiques that adds a touch of nostalgia to your visit. Stop by to experience the warmth of country hospitality and savor the flavors that make Mac's a beloved stop on your journey.",,,https://ik.imagekit.io/OE/nelson-county/listings/mac-s-country-store-image1_Gk_Ua_dFF,"White building with vending machines, parked car, and trees in the background.",,https://ik.imagekit.io/OE/nelson-county/listings/mac-s-country-store-image2_YzwsuX-Df,"White building with vending machines, parked car, and wooden porch surrounded by trees.",,https://ik.imagekit.io/OE/nelson-county/listings/mac-s-country-store-image3_SvqK4KDnb,Tie-dye background with bold white text in cursive font.,,,(434) 277-5305,"7023 Patrick Henry Highway, Roseland, VA 22967",josh,,,https://www.google.com/maps/dir/?api=1&destination=7023%20Patrick%20Henry%20Highway%2C%20Roseland%2C%20VA%2022967,,,,,,,,,,,,,,Breakfast; Lunch; Dinner; Takeout; Market; Deli,false,https://www.google.com/maps/dir/?api=1&destination=7023%20Patrick%20Henry%20Highway%2C%20Roseland%2C%20VA%2022967
16,Subway,subway,Markets & Delis,taste,Lovingston,"Nestled in the bustling Annie Land Plaza, Subway invites you to craft your own delicious meal seven days a week. Whether you're craving a hearty sandwich, a fresh salad, or a savory wrap, you'll find a multitude of customizable options to suit your taste. Enjoy the convenience of extended hours on Fridays for late-night cravings, while Sundays offer a cozy, early-closing vibe. With fresh ingredients and friendly service, Subway is the perfect spot for a quick lunch or a satisfying dinner on the go.",,,https://ik.imagekit.io/OE/nelson-county/listings/subway-image1_ASH5hYhT2,"Brick storefront with Subway and tobacco shop signs, under clear blue sky.",,https://ik.imagekit.io/OE/nelson-county/listings/subway-image2_FsH2B7eDE,"Brick building with Subway and vape shop, clear sky above.",,,,,https://restaurants.subway.com/united-states/va/lovingston/65-callohill-drive,(434) 263-6800,"65 Callohill Drive, Lovingston, VA 22949",josh,,,https://www.google.com/maps/dir/?api=1&destination=65%20Callohill%20Drive%2C%20Lovingston%2C%20VA%2022949,,,,,,,,,,,,,,Deli; Market,false,https://www.google.com/maps/dir/?api=1&destination=65%20Callohill%20Drive%2C%20Lovingston%2C%20VA%2022949
17,The Market at Wintergreen,the-market-at-wintergreen,Markets & Delis,community,Wintergreen Resort,"Nestled in the picturesque Sunrise Side of the Blue Ridge Mountains, The Market at Wintergreen serves as a convenient stop for both locals and visitors exploring the region. Just a short drive from Charlottesville, Staunton, Lynchburg, and Waynesboro, this charming market offers a delightful selection of groceries, fresh deli items, and essential convenience store products. Whether you're stocking up for a mountain adventure or grabbing a quick bite, you'll find friendly service and quality goods that make your visit memorable. Stop by and experience the warmth of this inviting community hub!",,,https://ik.imagekit.io/OE/nelson-county/listings/the-market-at-wintergreen-image1_mYJhz6AkM,"Customers at deli counter inside a market, browsing and buying packaged food items.",,,,,,,,,(434) 325-8224,"189 Mountain Inn Loop, Wintergreen, VA 22958",josh,,,https://www.google.com/maps/dir/?api=1&destination=189%20Mountain%20Inn%20Loop%2C%20Wintergreen%2C%20VA%2022958,,,,,,,,,,,,,,Deli; Resort; Fuel; Market,false,https://www.google.com/maps/dir/?api=1&destination=189%20Mountain%20Inn%20Loop%2C%20Wintergreen%2C%20VA%2022958
18,Williams Grocery,williams-grocery,Markets & Delis,community,Schuyler,"Nestled in the heart of the countryside, Williams Grocery is more than just a rural grocery store and gas station; it’s a charming stop for locals and travelers alike. Here, you’ll find a delightful selection of everyday essentials alongside unique offerings such as local honey, perfect for a sweet treat or a gift. For fishing enthusiasts, the store stocks bait and fishing supplies, making it an ideal pit stop before heading to nearby lakes. With its friendly atmosphere and commitment to supporting the community, Williams Grocery invites you to experience the charm of rural shopping while ensuring you have everything you need for your adventures.",,,https://ik.imagekit.io/OE/nelson-county/listings/williams-grocery-image1_7ZxBQDA49,Gas pumps and store building surrounded by trees and hills under blue sky.,,,,,,,,,(434) 263-4746,"439 Williamstown Road, Shipman, VA 22971",josh,,,https://www.google.com/maps/dir/?api=1&destination=439%20Williamstown%20Road%2C%20Shipman%2C%20VA%2022971,,,,,,,,,,,,,,Retail; Fuel; Local Ingredients; Market; Deli; Water Sports; Fishing; Hunting,false,https://www.google.com/maps/dir/?api=1&destination=439%20Williamstown%20Road%2C%20Shipman%2C%20VA%2022971
19,Ann's Family Restaurant,anns-family-restaurant,Restaurants,taste,Arrington,"Experience the warm hospitality and delicious Southern comfort food at Ann's Family Restaurant, a beloved homestyle eatery that keeps locals coming back for more. While we take a break on Saturdays, our dedicated team serves up hearty meals made from cherished family recipes throughout the week. Whether you're craving classic fried chicken, savory collard greens, or a slice of homemade pie, you’ll find a welcoming atmosphere and flavors that feel like home. Join us for a memorable dining experience that will keep you returning for seconds!",,,https://ik.imagekit.io/OE/nelson-county/listings/ann-s-family-restaurant-image1_wg1eO0bow,Red-roofed restaurant with parked cars and campaign signs on grass.,,,,,,,,,(434) 263-8110,"1170 Thomas Nelson Highway, Arrington, VA 22922",josh,,,https://www.google.com/maps/dir/?api=1&destination=1170%20Thomas%20Nelson%20Highway%2C%20Arrington%2C%20VA%2022922,,,,,,,,,,,,,,Family Friendly,false,https://www.google.com/maps/dir/?api=1&destination=1170%20Thomas%20Nelson%20Highway%2C%20Arrington%2C%20VA%2022922
20,Basic Necessities,basic-necessities,Restaurants,taste,Nellysford,"Nestled in the picturesque Rockfish Valley, Basic Necessities is a charming European-inspired café, wine, and cheese shop that delights the senses. Guests can savor a menu featuring hearty soups, fresh salads, and seasonal dinners complemented by live music, creating a delightful atmosphere for a leisurely meal. Don’t miss their popular Sunday brunch, where a talented harpist fills the air with enchanting melodies. The shop also boasts an impressive selection of imported cheeses, artisan breads, and affordable wines, making it the perfect spot to indulge or pick up gourmet provisions for your own gatherings. Whether you're looking for a cozy meal or a unique shopping experience, Basic Necessities is a must-visit destination.",,,https://ik.imagekit.io/OE/nelson-county/listings/basic-necessities-image1_xjB3aTYi6,Cozy house with glowing string lights on fence at dusk.,,,,,,,,,(434) 361-1776,"2226 Rockfish Valley Highway, Nellysford, VA 22958",josh,,,https://www.google.com/maps/dir/?api=1&destination=2226%20Rockfish%20Valley%20Highway%2C%20Nellysford%2C%20VA%2022958,,,,,,,,,,,,,,Wine; Retail; Dinner; Live Music; Brunch; Fishing,false,https://www.google.com/maps/dir/?api=1&destination=2226%20Rockfish%20Valley%20Highway%2C%20Nellysford%2C%20VA%2022958
21,Blue Mountain Brewery,blue-mountain-brewery,Breweries & Cideries,taste,Afton,"Located on Route 151, Blue Mountain Brewery caters to craft beer enthusiasts and food lovers. Enjoy a variety of flagship and seasonal ales brewed on-site, paired with fresh, made-from-scratch dishes. With breathtaking views of the Blue Ridge Mountains, it’s an ideal spot to relax and savor local flavors.",,,https://ik.imagekit.io/OE/nelson-county/listings/blue-mountain-brewery-image1_tGxjiiEoX,"Pizza, beer, and grapes on a wooden table in outdoor sunlight.",,,,,,,,https://www.bluemountainbrewery.com/,(540) 456-8020,"9519 Critzers Shop Road, Afton, VA 22920",josh,,,https://www.google.com/maps/dir/?api=1&destination=9519%20Critzers%20Shop%20Road%2C%20Afton%2C%20VA%2022920,,,,,,,,,,,,,,Beer; Cider; Events; Family Friendly; Full Kitchen; Meeting Planners; Outdoor Seating; Scenic Views; Tastings,false,https://www.google.com/maps/dir/?api=1&destination=9519%20Critzers%20Shop%20Road%2C%20Afton%2C%20VA%2022920
22,Blue Ridge Pig,blue-ridge-pig,Restaurants,taste,Nellysford,"Blue Ridge Pig is a roadside smokehouse famous for Strawberry Goodwin's on-site smoked meats. The menu features pulled pork sandwiches, turkey croissants with signature dill sauce, and a variety of other smoked options.",,,https://ik.imagekit.io/OE/nelson-county/listings/blue-ridge-pig-image1_yZZLDI6Ia,Cartoon pig with chef hat on weathered sign against trees and sky.,,,,,,,,,(434) 361-1170,"2198 Rockfish Valley Highway, Nellysford, VA 22958",josh,,,https://www.google.com/maps/dir/?api=1&destination=2198%20Rockfish%20Valley%20Highway%2C%20Nellysford%2C%20VA%2022958,,,,,,,,,,,,,,BBQ; Takeout; Scenic Views,false,https://www.google.com/maps/dir/?api=1&destination=2198%20Rockfish%20Valley%20Highway%2C%20Nellysford%2C%20VA%2022958
23,Bold Kitchen at Bold Rock,bold-kitchen-at-bold-rock,Restaurants,taste,Nellysford,"Nestled in the heart of the scenic Bold Rock, Bold Kitchen offers a delightful dining experience that embodies the essence of local flavors. Guests can savor a diverse menu featuring fresh, seasonal dishes crafted with care, all within a welcoming atmosphere that invites relaxation and conversation. With its rustic charm and stunning views, Bold Kitchen is not just a restaurant; it’s a culinary journey that perfectly complements your visit to the beautiful surroundings. Whether you're enjoying a leisurely brunch or an intimate dinner, you’ll find a warm ambiance and a commitment to quality that makes every meal memorable.",,,https://ik.imagekit.io/OE/nelson-county/listings/bold-kitchen-at-bold-rock-image1_XleEsXz-D,"Outdoor patio with tables, umbrellas, and mountain view under a clear blue sky.",,,,,,,,,,"1020 Rockfish Valley Highway, Nellysford, VA 22958",josh,,,https://www.google.com/maps/dir/?api=1&destination=1020%20Rockfish%20Valley%20Highway%2C%20Nellysford%2C%20VA%2022958,,,,,,,,,,,,,,Bar; Cider; Tastings; Full Kitchen,false,https://www.google.com/maps/dir/?api=1&destination=1020%20Rockfish%20Valley%20Highway%2C%20Nellysford%2C%20VA%2022958
24,Chen's Restaurant,chens-restaurant,Restaurants,taste,Lovingston,"Nestled in the charming town of Lovingston, Chen's Restaurant is a delightful destination for lovers of authentic Chinese cuisine. Here, you can savor a diverse menu brimming with mouthwatering dishes—from crispy fried chicken to vibrant stir-fries, alongside beloved traditional favorites. Whether you're dining in for lunch or opting for convenient takeout, you'll enjoy a warm, inviting atmosphere that makes every meal feel special. With its commitment to quality and flavor, Chen's is a must-visit for anyone craving a delicious culinary escape in the heart of Virginia.",,,https://ik.imagekit.io/OE/nelson-county/listings/chen-s-restaurant-image1_yGrDjUjGy,"Glazed fried chicken pieces with broccoli florets, arranged closely together.",,,,,,,,,(434) 263-8865,"73 Callohill Drive, Lovingston, VA 22949",josh,,,https://www.google.com/maps/dir/?api=1&destination=73%20Callohill%20Drive%2C%20Lovingston%2C%20VA%2022949,,,,,,,,,,,,,,Takeout; Lunch,false,https://www.google.com/maps/dir/?api=1&destination=73%20Callohill%20Drive%2C%20Lovingston%2C%20VA%2022949
25,Chirio's Pizza,chirios-pizza,Restaurants,taste,Nellysford,"Chirio's Pizza, the oldest pizzeria in Nelson County since 1989, offers a delightful taste of New York with its hand-tossed pizzas, subs, salads, and ice cream. Located in Valley Green Shopping Center, guests can enjoy dining in, take advantage of convenient takeout, or opt for delivery. Join us for a slice of tradition and flavor that has satisfied locals for decades.",,,https://ik.imagekit.io/OE/nelson-county/listings/chirio-s-pizza-image1_UVtpKdV9N,Pepperoni pizza with olives and broccoli on a golden crust.,,,,,,,,,(434) 361-9188,"2777 Rockfish Valley Highway, Nellysford, VA 22958",josh,,,https://www.google.com/maps/dir/?api=1&destination=2777%20Rockfish%20Valley%20Highway%2C%20Nellysford%2C%20VA%2022958,,,,,,,,,,,,,,Family Friendly; Takeout; Delivery; Desserts; Pizza,false,https://www.google.com/maps/dir/?api=1&destination=2777%20Rockfish%20Valley%20Highway%2C%20Nellysford%2C%20VA%2022958
26,Coquito Kitchen,coquito-kitchen,Restaurants,taste,Nellysford,"Nestled within the charming Rockfish Valley Community Center, Coquito Kitchen invites you to savor a delightful fusion of Argentine and Southern comfort food. Here, you can indulge in a rotating menu of mouthwatering empanadas, hearty sandwiches, and seasonal sides, crafted with fresh, local ingredients. Open for lunch from Thursday to Saturday, this unique eatery not only offers a culinary adventure but also a cozy atmosphere filled with community spirit. Whether you're a local or just passing through, Coquito Kitchen promises a memorable dining experience that celebrates the rich flavors of both cultures.",,,https://ik.imagekit.io/OE/nelson-county/listings/coquito-kitchen-image1_0G55fEaHh,"Cartoon bear and toucan with banjo, yellow circle background, 'Coquito' text.",,,,,,,,,,"190 Rockfish School Lane, Afton, VA 22920",josh,,,https://www.google.com/maps/dir/?api=1&destination=190%20Rockfish%20School%20Lane%2C%20Afton%2C%20VA%2022920,,,,,,,,,,,,,,Lunch; Full Kitchen; Fishing,false,https://www.google.com/maps/dir/?api=1&destination=190%20Rockfish%20School%20Lane%2C%20Afton%2C%20VA%2022920
27,Devils Backbone Brewing,devils-backbone-brewing,Restaurants,taste,Roseland,"Devils Backbone Brewing’s Basecamp offers a delightful culinary experience with a wood-fired kitchen that serves up delicious dishes, complemented by 16 taps featuring their signature house brews. Start your day with freshly brewed coffee, and enjoy a vibrant atmosphere perfect for concerts and events in the scenic meadow seating. Whether you're savoring a meal or relaxing with friends, Devils Backbone is the ideal destination for craft beer enthusiasts and food lovers alike.",,,https://ik.imagekit.io/OE/nelson-county/listings/devils-backbone-brewing-image1_fuU0b-q4C,"Rustic building with stone pillars, wooden roof, and red umbrella-covered tables outside.",,,,,,,,https://www.dbbrewingcompany.com/visit/basecamp/,(434) 361-1001,"200 Mosbys Run, Roseland, VA 22967",josh,,,https://www.google.com/maps/dir/?api=1&destination=200%20Mosbys%20Run%2C%20Roseland%2C%20VA%2022967,,,,,,,,,,,,,,Beer; Outdoor Seating; Live Music; Full Kitchen; Coffee; Tea; Biking; Hiking,false,https://www.google.com/maps/dir/?api=1&destination=200%20Mosbys%20Run%2C%20Roseland%2C%20VA%2022967
28,El Mariachi Mexican Food,el-mariachi-mexican-food,Restaurants,taste,Lovingston,"El Mariachi Mexican Food offers a vibrant taste of Mexico right in the heart of Lovingston. Open seven days a week until 10 PM, this lively restaurant is known for its mouthwatering fajitas, hearty burritos, and delicious combo platters. Guests can unwind with refreshing margaritas and even share the love with gift certificates. While savoring authentic Mexican flavors, visitors can also explore the charming Lovingston Historic District, home to sites listed on the National Register of Historic Places, making it the perfect destination for food lovers and history enthusiasts alike.",,,https://ik.imagekit.io/OE/nelson-county/listings/el-mariachi-mexican-food-image1_lrhnaZQny,"Two musicians in sombreros playing guitar and violin, 'El Mariachi' text beside them.",,,,,,,,,(434) 263-5999,"165 Front Street, Lovingston, VA 22949",josh,,,https://www.google.com/maps/dir/?api=1&destination=165%20Front%20Street%2C%20Lovingston%2C%20VA%2022949,,,,,,,,,,,,,,Retail; Local Ingredients,false,https://www.google.com/maps/dir/?api=1&destination=165%20Front%20Street%2C%20Lovingston%2C%20VA%2022949
29,Fire & Frost Wood Fired Bakehouse,fire-frost-wood-fired-bakehouse,Restaurants,taste,Nellysford,"Experience the warmth of Italy at Fire & Frost Wood Fired Bakehouse, nestled in the heart of Wintergreen Resort. Enjoy expertly crafted Neapolitan-style pizzas, delicious antipasti, and refreshing cocktails in a cozy alpine setting, perfect for skiers and autumn leaf peepers alike. Whether you're taking a break from the slopes or soaking in the stunning mountain views, indulge in a culinary escape that combines rustic charm with exceptional flavors.",,,https://ik.imagekit.io/OE/nelson-county/listings/fire-frost-wood-fired-bakehouse-image1_pWDMelTVX,"Mosaic pizza oven with open fire, wood stacked below, tools hanging nearby.",,,,,,,,,(434) 326-5639,"121 Blue Ridge Drive, Roseland, VA 22967",josh,,,https://www.google.com/maps/dir/?api=1&destination=121%20Blue%20Ridge%20Drive%2C%20Roseland%2C%20VA%2022967,,,,,,,,,,,,,,Scenic Views; Resort; Pizza,false,https://www.google.com/maps/dir/?api=1&destination=121%20Blue%20Ridge%20Drive%2C%20Roseland%2C%20VA%2022967
30,Iron and Ale,iron-and-ale,Restaurants,taste,Nellysford,"Iron & Ale is a chef-driven bistro in Stoney Creek offering rotating menus, patio dining, and curated wine and beer lists for date nights and gatherings. Iron & Ale is a Stoney Creek destination for date nights, pairing chef-driven seasonal menus and veranda dining with curated wines and rotating craft taps so every visit feels like a special occasion.",,,https://ik.imagekit.io/OE/nelson-county/listings/iron-and-ale-image1_Phj7hhJ9W,Illuminated sign reading 'Iron & Ale' on a building porch at night.,,,,,,,,,(540) 440-2140,"1354 Stoney Creek West, Nellysford, VA 22958",josh,,,https://www.google.com/maps/dir/?api=1&destination=1354%20Stoney%20Creek%20West%2C%20Nellysford%2C%20VA%2022958,,,,,,,,,,,,,,Seasonal Menu; Wine; Outdoor Seating; Beer,false,https://www.google.com/maps/dir/?api=1&destination=1354%20Stoney%20Creek%20West%2C%20Nellysford%2C%20VA%2022958
31,McDonald's,mcdonalds,Restaurants,taste,Lovingston,"Enjoy a late-night bite at McDonald's, conveniently located just steps away from local hotels and gas stations. Our drive-thru serves up all your favorite staples, including delicious McCafé drinks and a variety of satisfying snacks, ensuring you have everything you need to refuel any time of day. Join us for a quick meal or a cozy coffee break, and experience the iconic taste that keeps you coming back for more!",,,https://ik.imagekit.io/OE/nelson-county/listings/mcdonald-s-image1_xLvXtaYOs,Illuminated McDonald's sign with golden arches against a dark night sky.,,,,,,,,,(434) 263-8066,"44 Callohill Drive, Lovingston, VA 22949",josh,,,https://www.google.com/maps/dir/?api=1&destination=44%20Callohill%20Drive%2C%20Lovingston%2C%20VA%2022949,,,,,,,,,,,,,,Takeout; Breakfast; Lunch; Dinner,false,https://www.google.com/maps/dir/?api=1&destination=44%20Callohill%20Drive%2C%20Lovingston%2C%20VA%2022949
32,Montebello Country Store & Cafe,montebello-country-store-cafe,Restaurants,taste,Montebello,"Nestled near the scenic Crabtree Falls, Montebello Country Store & Cafe has proudly served the community for five generations. This charming general store offers a delightful mix of groceries and camping supplies, perfect for adventurers heading into the great outdoors. Take a break in the inviting cafe, where you can savor hearty chili and other comforting country fare, all made with love. With its rustic ambiance and friendly atmosphere, Montebello is more than just a stop; it’s a welcoming hub for locals and travelers alike, making it the perfect pitstop for your journey through Virginia's beautiful countryside.",,,https://ik.imagekit.io/OE/nelson-county/listings/montebello-country-store-cafe-image1_D_nYeoKbj,Wooden sign carved with 'Montebello Country Store' text on light wall.,,,,,,,,,(540) 377-2650,"15072 Crabtree Falls Highway, Montebello, VA 24464",josh,,,https://www.google.com/maps/dir/?api=1&destination=15072%20Crabtree%20Falls%20Highway%2C%20Montebello%2C%20VA%2024464,,,,,,,,,,,,,,Retail; Family Friendly; Water Sports; Fishing,false,https://www.google.com/maps/dir/?api=1&destination=15072%20Crabtree%20Falls%20Highway%2C%20Montebello%2C%20VA%2024464
33,Paulie's Pig Out,paulies-pig-out,Restaurants,taste,Afton,"Nestled along the scenic Nelson 151 route, Paulie's Pig Out is a must-visit for barbecue enthusiasts seeking a hearty meal. Known for its expertly smoked pork and chicken, this eatery serves up generously over-stuffed sandwiches that are bursting with flavor. Pair your main dish with homestyle sides like creamy mac 'n' cheese and indulge in delicious desserts that round out the experience. Whether you're on a road trip or just craving some comfort food, Paulie's Pig Out offers a warm, inviting atmosphere that's perfect for families and friends alike. After your meal, consider exploring nearby gems like Giuseppe’s Restaurant or Blue Mountain Brewery to make a full day out of your culinary adventure.",,,https://ik.imagekit.io/OE/nelson-county/listings/paulie-s-pig-out-image1_8dXrFbPav,"Pulled pork sandwich with coleslaw on a rustic bun, set on paper.",,,,,,,,,(434) 361-2001,"7376 Rockfish Valley Highway, Afton, VA 22920",josh,,,https://www.google.com/maps/dir/?api=1&destination=7376%20Rockfish%20Valley%20Highway%2C%20Afton%2C%20VA%2022920,,,,,,,,,,,,,,BBQ,false,https://www.google.com/maps/dir/?api=1&destination=7376%20Rockfish%20Valley%20Highway%2C%20Afton%2C%20VA%2022920
34,Smokin' Barrel Restaurant,smokin-barrel-restaurant,Restaurants,taste,Arrington,"Discover the flavors of Smokin' Barrel Restaurant, nestled within the vibrant Blue Mountain Barrel House. This welcoming eatery offers a delightful selection of pub fare, featuring mouthwatering BBQ plates, juicy burgers, hearty soups, and indulgent desserts, all crafted to satisfy your cravings. Whether you're enjoying a casual meal after a day of adventure or looking to unwind with friends over delicious food, Smokin' Barrel is the perfect destination for taproom guests seeking a memorable dining experience.",,,https://ik.imagekit.io/OE/nelson-county/listings/smokin-barrel-restaurant-image1_O6_IquE9r,"People relaxing on patio with chairs, umbrellas, sunset, and mountain view.",,,,,,,,,(434) 226-2450,"495 Cooperative Way, Arrington, VA 22922",josh,,,https://www.google.com/maps/dir/?api=1&destination=495%20Cooperative%20Way%2C%20Arrington%2C%20VA%2022922,,,,,,,,,,,,,,Beer; Scenic Views; BBQ; Bar; Family Friendly; Full Kitchen; Tastings,false,https://www.google.com/maps/dir/?api=1&destination=495%20Cooperative%20Way%2C%20Arrington%2C%20VA%2022922
35,The Copper Mine Bistro,the-copper-mine-bistro,Restaurants,taste,Roseland,"Nestled in the heart of Wintergreen's charming Blackrock Village, The Copper Mine Bistro offers a delightful culinary experience that caters to every palate. Start your day with a hearty traditional breakfast, perfect for fueling up before hitting the slopes. As the sun sets, indulge in Mediterranean-inspired dinners that showcase vibrant flavors and fresh ingredients. The bistro also serves inviting weekend lunches during ski season, making it a cozy retreat for skiers and locals alike. With its warm atmosphere and a menu that highlights both comfort and creativity, The Copper Mine Bistro is a must-visit for anyone looking to savor a memorable meal amidst the stunning backdrop of the Blue Ridge Mountains.",,,https://ik.imagekit.io/OE/nelson-county/listings/the-copper-mine-bistro-image1_3GowztWtV,"Cozy restaurant with diners, warm fireplace, and elegantly set tables.",,https://ik.imagekit.io/OE/nelson-county/listings/the-copper-mine-bistro-image2_QsKokoOVE,"People sitting at a rustic bar. Wooden walls, beer taps, and overhead chandelier.",,,,,,(434) 325-8090,"39 Wintergreen Drive, Roseland, VA 22967",josh,,,https://www.google.com/maps/dir/?api=1&destination=39%20Wintergreen%20Drive%2C%20Roseland%2C%20VA%2022967,,,,,,,,,,,,,,Breakfast; Lunch; Seasonal Menu; Dinner,false,https://www.google.com/maps/dir/?api=1&destination=39%20Wintergreen%20Drive%2C%20Roseland%2C%20VA%2022967
36,The Edge,the-edge,Restaurants,taste,Wintergreen Resort,"Nestled slopeside at Wintergreen, The Edge offers a vibrant dining experience with stunning mountain views that set the perfect backdrop for your meal. Indulge in hearty comfort food, featuring a delightful array of seasonal dishes crafted to satisfy after a day on the slopes. The lively bar is a focal point, serving up refreshing drinks and hosting seasonal live music, creating an inviting atmosphere for friends and family to gather. Whether you’re looking for a cozy dinner or a fun night out, The Edge is the ideal spot to unwind and enjoy the spirit of Wintergreen.",,,https://ik.imagekit.io/OE/nelson-county/listings/the-edge-image1_3m2oRzZrd,People seated at rustic bar with wooden walls and large chandelier.,,,,,,,,,(434) 325-8080,"11 Grassy Ridge Road, Wintergreen, VA 22958",josh,,,https://www.google.com/maps/dir/?api=1&destination=11%20Grassy%20Ridge%20Road%2C%20Wintergreen%2C%20VA%2022958,,,,,,,,,,,,,,Scenic Views; Snow Sports; Bar; Live Music; Seasonal Menu,false,https://www.google.com/maps/dir/?api=1&destination=11%20Grassy%20Ridge%20Road%2C%20Wintergreen%2C%20VA%2022958
37,The Farmhouse at Veritas,the-farmhouse-at-veritas,Restaurants,taste,Afton,"Experience the culinary delights at The Farmhouse at Veritas, where luxury meets the charm of wine country. Indulge in exquisite four-course, wine-paired farm-to-table dinners, available from Wednesday to Sunday, set against the stunning backdrop of Blue Ridge vineyards. Complement your dining experience with curated lodging options, ensuring a memorable stay amidst the beauty of the Veritas vineyard estate. Discover a unique blend of gourmet cuisine and serene surroundings that invites you to unwind and savor every moment.",,,https://ik.imagekit.io/OE/nelson-county/listings/the-farmhouse-at-veritas-image1_LBC9TWPstE,"Table with wine glasses, flowers, on outdoor patio with garden view.",,,,,,,,,(540) 456-8100,"72 Saddleback Farm, Afton, VA 22920",josh,,,https://www.google.com/maps/dir/?api=1&destination=72%20Saddleback%20Farm%2C%20Afton%2C%20VA%2022920,,,,,,,,,,,,,,Wine; Farm; Tastings; Golf; Beer,false,https://www.google.com/maps/dir/?api=1&destination=72%20Saddleback%20Farm%2C%20Afton%2C%20VA%2022920
38,Vito's Pizza & Italian Grill,vitos-pizza-italian-grill,Restaurants,taste,Lovingston,"Vito's Pizza & Italian Grill is a beloved family-owned Italian restaurant nestled in Lovingston, where the rich flavors of authentic Sicilian cuisine come to life. Led by chef Salvatore Mannino, this charming eatery offers a delectable selection of New York-style pizzas, hearty pasta dishes, and grill favorites, all crafted with care and a touch of tradition. As a staple in the community, Vito's invites you to savor the warmth of Italian-American hospitality in a welcoming atmosphere. After your meal, explore Lovingston's historic charm, including the Historic District and the courthouse, both proudly listed on the National Register of Historic Places.",,,https://ik.imagekit.io/OE/nelson-county/listings/vito-s-pizza-italian-grill-image1_qEDLQecPU,Three pizzas with various toppings surrounded by condiments and peppers on a table.,,,,,,,,,(434) 263-8688,"8181 Thomas Nelson Highway, Lovingston, VA 22949",josh,,,https://www.google.com/maps/dir/?api=1&destination=8181%20Thomas%20Nelson%20Highway%2C%20Lovingston%2C%20VA%2022949,,,,,,,,,,,,,,Family Friendly; Full Kitchen; Pizza,false,https://www.google.com/maps/dir/?api=1&destination=8181%20Thomas%20Nelson%20Highway%2C%20Lovingston%2C%20VA%2022949
39,Black Bear Creamery,black-bear-creamery,Restaurants,taste,Nellysford,"Nestled in the charming community of Nellysford, Black Bear Creamery is a delightful destination for ice cream lovers and families alike. Known for its homemade ice cream, visitors can indulge in a variety of flavors, rich shakes, and decadent sundaes that are crafted with care. After exploring local favorites like Smokin’ Barrel Restaurant and Blue Mountain Brewery, stop by to treat yourself to a sweet scoop. The cozy atmosphere and friendly staff make it a perfect spot to gather with friends or enjoy a post-dinner dessert. Whether you’re a local or just passing through, Black Bear Creamery is a must-visit for a taste of pure joy!",,,https://ik.imagekit.io/OE/nelson-county/listings/black-bear-creamery-image1_NoSYfCv22,"Café with string lights, colorful umbrellas, and outdoor seating at dusk.",,,,,,,,,(434) 263-8916,"18 Pheasant Run, Nellysford, VA 22958",josh,,,https://www.google.com/maps/dir/?api=1&destination=18%20Pheasant%20Run%2C%20Nellysford%2C%20VA%2022958,,,,,,,,,,,,,,Desserts; Family Friendly; Hiking; Beer,false,https://www.google.com/maps/dir/?api=1&destination=18%20Pheasant%20Run%2C%20Nellysford%2C%20VA%2022958
115,Soaring,soaring,Activities,experience,Lovingston,"Shenandoah Valley Soaring, based in Nellysford, offers weekend flights over the Blue Ridge Mountains. Visitors can watch or participate alongside a 50-member club flying both classic and modern sailplanes, utilizing natural elements to enhance their soaring experience.",,,https://ik.imagekit.io/OE/nelson-county/listings/soaring-image1_yNKVZurmi,Two aircraft on grassy field with mountains and cloudy sky background.,,,,,,,,,(434) 981-4359,"604 Dillard Hill Road, Lovingston, VA 22949",josh,,,https://www.google.com/maps/dir/?api=1&destination=604%20Dillard%20Hill%20Road%2C%20Lovingston%2C%20VA%2022949,,,,,,,,,,,,,,Scenic Views; Tastings,false,https://www.google.com/maps/dir/?api=1&destination=604%20Dillard%20Hill%20Road%2C%20Lovingston%2C%20VA%2022949
116,Skiing & Snowboarding,skiing-snowboarding,Activities,experience,Wintergreen Resort,"Experience the thrill of skiing and snowboarding at a renowned resort celebrated twice as the Best Ski Resort by Washington Post readers. Nestled in stunning mountain scenery, our slopes cater to all skill levels, ensuring an unforgettable adventure for everyone. After an exhilarating day on the snow, unwind at Blackrock Trail or enjoy a refreshing craft brew at Blue Mountain Brewery. Join us for an unforgettable winter getaway where adventure meets relaxation!",,,https://ik.imagekit.io/OE/nelson-county/listings/skiing-snowboarding-image1_AF2O5qfQA,"Two snowboarders in winter gear, smiling, holding snowboards, with mountain background.",,,,695d1d645c7cd75eb86268c4,,,695d1d7a5c7cd75eb862ddf4,,(434) 325-2100,"39 Mountain Inn Loop, Wintergreen, VA 22967",josh,,,https://www.google.com/maps/dir/?api=1&destination=39%20Mountain%20Inn%20Loop%2C%20Wintergreen%2C%20VA%2022967,,,,,,,,,,,,,,Scenic Views; Snow Sports; Water Sports,true,https://www.google.com/maps/dir/?api=1&destination=39%20Mountain%20Inn%20Loop%2C%20Wintergreen%2C%20VA%2022967
117,Tennis,tennis,Activities,experience,Wintergreen Resort,"At Wintergreen, tennis enthusiasts will find a vibrant hub of activity across 19 outdoor clay courts and three indoor Deco Turf courts, perfect for year-round play. Whether you're a seasoned player or a family looking to learn, the diverse clinics cater to all skill levels, fostering both competition and camaraderie. After a spirited match, unwind with a visit to nearby Blue Mountain Brewery for a refreshing beverage or explore the scenic Lower Shamokin Falls Trail. Experience the charm of Wintergreen, where tennis blends seamlessly with nature and community.",,,https://ik.imagekit.io/OE/nelson-county/listings/tennis-image1_vrYu1T-i9,"Tennis courts surrounded by trees, adjacent to green golf course, mountains in background.",,,,,,,,,(434) 325-2200,"Wintergreen Tennis Center, 581 Wintergreen Drive, Wintergreen, VA 22967",josh,,,https://www.google.com/maps/dir/?api=1&destination=Wintergreen%20Tennis%20Center%2C%20581%20Wintergreen%20Drive%2C%20Wintergreen%2C%20VA%2022967,,,,,,,,,,,,,,Tennis,false,https://www.google.com/maps/dir/?api=1&destination=Wintergreen%20Tennis%20Center%2C%20581%20Wintergreen%20Drive%2C%20Wintergreen%2C%20VA%2022967
43,Blue Mountain Barrel House,blue-mountain-barrel-house,Breweries & Cideries,taste,Arrington,"Nestled in the heart of Nelson County, Blue Mountain Barrel House boasts one of the East Coast's largest barrel-aging programs, producing exceptional craft beers that highlight the region's rich brewing heritage. Our inviting year-round tasting room offers visitors a chance to savor our unique creations while enjoying breathtaking views of the surrounding mountains. Join us for a memorable experience that celebrates the artistry of brewing in a picturesque setting.",,,https://ik.imagekit.io/OE/nelson-county/listings/blue-mountain-barrel-house-image1_aohVkuJqX,"Assorted beer flights on wooden table, two people in background enjoying.",,,,695d1d645c7cd75eb86268c4,,,695d1d7a5c7cd75eb862ddf4,https://www.bluemountainbarrel.com/,(434) 263-4002,"495 Cooperative Way, Arrington, VA 22922",josh,,,https://www.google.com/maps/dir/?api=1&destination=495%20Cooperative%20Way%2C%20Arrington%2C%20VA%2022922,,,,,,,,,,,,,,Beer; Cider; Seasonal Menu; Tastings,true,https://www.google.com/maps/dir/?api=1&destination=495%20Cooperative%20Way%2C%20Arrington%2C%20VA%2022922
44,Blue Toad Hard Cider,blue-toad-hard-cider,Breweries & Cideries,taste,Roseland,"Discover Blue Toad Hard Cider, a charming farm-based cidery nestled at the base of Wintergreen. Our inviting taproom offers a selection of approachable Blue Ridge blends, perfect for cider enthusiasts and newcomers alike. Enjoy sweeping views of our picturesque orchard from our spacious patio as you savor the unique flavors crafted from locally sourced apples. Join us for a refreshing experience that celebrates the essence of the Blue Ridge Mountains.",,,https://ik.imagekit.io/OE/nelson-county/listings/blue-toad-hard-cider-image1_sCenJqzoN7,Blue fish mural painted on gray wooden planks.,,,,,,,,https://www.bluetoadhardcider.com/,(434) 760-9200,"462 Winery Lane, Roseland, VA 22967",josh,,,https://www.google.com/maps/dir/?api=1&destination=462%20Winery%20Lane%2C%20Roseland%2C%20VA%2022967,,,,,,,,,,,,,,Beer; Cider; Farm; Meeting Planners; Outdoor Seating; Pet Friendly; Scenic Views; Tastings,false,https://www.google.com/maps/dir/?api=1&destination=462%20Winery%20Lane%2C%20Roseland%2C%20VA%2022967
45,Bold Rock Hard Cider,bold-rock-hard-cider,Breweries & Cideries,taste,Nellysford,"Nestled along the scenic banks of the Rockfish River in Nellysford, Bold Rock Hard Cider invites cider enthusiasts and casual visitors alike to immerse themselves in the art of cider-making. At this vibrant orchard-to-glass production campus, guests can enjoy guided tours that unveil the cider-making process, from the meticulous selection of apples to the final crisp pour. Savor a diverse array of tastings, featuring refreshing hard ciders crafted with locally sourced ingredients, and indulge in creative cider cocktails that elevate the tasting experience. With its picturesque views and welcoming atmosphere, Bold Rock is more than just a cidery—it's a delightful destination perfect for a relaxing afternoon or an adventurous outing in the heart of Virginia's cider country.",,,https://ik.imagekit.io/OE/nelson-county/listings/bold-rock-hard-cider-image1__h55RjVBl,"Wooden building with outdoor seating, blue umbrellas, people, and trees under blue sky.",,,,,,,,https://boldrock.com/visit/nellysford-cidery/,(434) 361-1030,"1020 Rockfish Valley Highway, Nellysford, VA 22958",josh,,,https://www.google.com/maps/dir/?api=1&destination=1020%20Rockfish%20Valley%20Highway%2C%20Nellysford%2C%20VA%2022958,,,,,,,,,,,,,,Bar; Beer; Cider; Cocktails; Farm; Live Music; Meeting Planners; Tastings; Water Sports,false,https://www.google.com/maps/dir/?api=1&destination=1020%20Rockfish%20Valley%20Highway%2C%20Nellysford%2C%20VA%2022958
46,Brewing Tree Beer Company,brewing-tree-beer-company,Breweries & Cideries,taste,Afton,"Brewing Tree Beer Company is a charming husband-and-wife-operated brewery nestled alongside a picturesque creek. Known for its rotating selection of small-batch Virginia ales, this brewery also features a scratch kitchen that offers delicious, locally-inspired dishes. Guests can unwind in the inviting beer garden, where the serene surroundings enhance the experience of savoring expertly crafted brews. Join us for a unique taste of Virginia's vibrant craft beer scene!",,,https://ik.imagekit.io/OE/nelson-county/listings/brewing-tree-beer-company-image1_e43JZexL6,People at outdoor brewery with food truck and green umbrellas.,,,,,,,,https://www.brewingtreebeerco.com/,(540) 381-0990,"9278 Rockfish Valley Highway, Afton, VA 22920",josh,,,https://www.google.com/maps/dir/?api=1&destination=9278%20Rockfish%20Valley%20Highway%2C%20Afton%2C%20VA%2022920,,,,,,,,,,,,,,Beer; Cider; Family Friendly; Full Kitchen; Tastings; Water Sports,false,https://www.google.com/maps/dir/?api=1&destination=9278%20Rockfish%20Valley%20Highway%2C%20Afton%2C%20VA%2022920
47,Bryant's Cider & Brewery,bryants-cider-brewery,Breweries & Cideries,taste,Roseland,"At Bryant's Cider & Brewery, indulge in a delightful selection of heritage apple ciders and farm-brewed beers crafted from the finest natural ingredients. Enjoy the vibrant atmosphere featuring outdoor lawn games and seasonal gatherings that create the perfect backdrop for memorable experiences. Join us for a taste of tradition and community, where every sip is a celebration of local craftsmanship and nature's bounty.",,,https://ik.imagekit.io/OE/nelson-county/listings/bryant-s-cider-brewery-image1_Pl3ykVMup,"White barn, large tree, picnic tables, string lights, people sitting outside.",,,,,,,,https://www.bryantscider.com/,(804) 420-9683,"3224 East Branch Loop, Roseland, VA 22967",josh,,,https://www.google.com/maps/dir/?api=1&destination=3224%20East%20Branch%20Loop%2C%20Roseland%2C%20VA%2022967,,,,,,,,,,,,,,Beer; Farm; Outdoor Seating; Seasonal Menu; Cider; Tastings,false,https://www.google.com/maps/dir/?api=1&destination=3224%20East%20Branch%20Loop%2C%20Roseland%2C%20VA%2022967
48,Devils Backbone Brewing Company,devils-backbone-brewing-company,Breweries & Cideries,taste,Roseland,"Nestled at the foot of the stunning Blue Ridge Mountains, Devils Backbone Brewing Company offers a vibrant mountain basecamp experience for beer enthusiasts and adventure seekers alike. Savor their award-winning lagers, expertly crafted cocktails, and exclusive distillery releases while soaking in the expansive meadows that surround the brewery. With a lively calendar of adventure-forward programming, including outdoor activities and events, visitors can enjoy the perfect blend of nature and relaxation. Whether you're gathering with friends or enjoying a quiet moment in a beautiful setting, this brewery promises a memorable experience that captures the spirit of the great outdoors.",,,https://ik.imagekit.io/OE/nelson-county/listings/devils-backbone-brewing-company-image1_xOCX-_l34,"Aerial view of colorful autumn landscape with mountains, road, and buildings.",,,,695d1d645c7cd75eb86268c4,,,695d1d7a5c7cd75eb862ddf4,https://www.dbbrewingcompany.com/,(434) 361-1001,"200 Crandall Run, Roseland, VA 22967",josh,,,https://www.google.com/maps/dir/?api=1&destination=200%20Crandall%20Run%2C%20Roseland%2C%20VA%2022967,,,,,,,,,,,,,,Adventure; Appalachian Trail; Beer; Biking; Cider; Meeting Planners; Spirits; Tastings,true,https://www.google.com/maps/dir/?api=1&destination=200%20Crandall%20Run%2C%20Roseland%2C%20VA%2022967
49,Outback Brew House,outback-brew-house,Breweries & Cideries,taste,Lovingston,"Discover Outback Brew House, a charming nano-brewery taproom located in Lovingston, where you can savor unique house-crafted beers straight from the tap. With plans for expanded outdoor seating, a lively music stage, and a delicious onsite food truck, this inviting destination promises a delightful experience for both locals and visitors alike. While you're in Lovingston, take a moment to explore the rich history of the area, including the Lovingston Historic District and the courthouse, both proudly listed on the National Register of Historic Places. Join us at Outback Brew House and be part of our journey as we grow and celebrate the art of brewing.",,,https://ik.imagekit.io/OE/nelson-county/listings/outback-brew-house-image1_3mAJkqmbA,"Beer glass with logo outdoors, blue sky, string lights in background.",,,,,,,,https://www.outbackhouselodging.com/outback-brew-house/,(434) 263-0007,"7995 Thomas Nelson Hwy, Lovingston, VA 22949",josh,,,https://www.google.com/maps/dir/?api=1&destination=7995%20Thomas%20Nelson%20Hwy%2C%20Lovingston%2C%20VA%2022949,,,,,,,,,,,,,,Outdoor Seating; Live Music; Beer; Cider; Tastings,false,https://www.google.com/maps/dir/?api=1&destination=7995%20Thomas%20Nelson%20Hwy%2C%20Lovingston%2C%20VA%2022949
50,"Three Notch'd Brewery, Distillery & Craft Kitchen",three-notchd-brewery-distillery-craft-kitchen-nelson-county,Breweries & Cideries,taste,Nellysford,"Nestled along the scenic Route 151, Three Notch'd Brewery, Distillery & Craft Kitchen offers a vibrant fusion of craft beer, artisanal spirits, and a delightful from-scratch kitchen. Guests can savor unique beer-infused dishes, alongside a selection of kid-friendly meals and gluten-free options, ensuring there's something for everyone. Enjoy your dining experience on the welcoming patio, where leashed dogs are invited to join the fun. Whether you're a local or just passing through, this charming spot promises a memorable experience that celebrates the best of local flavors and craftsmanship.",,,https://ik.imagekit.io/OE/nelson-county/listings/three-notch-d-brewery-distillery-craft-kitchen-image1_0-OUbAArR3,Assorted colorful beer cans displayed outdoors near a wooden building.,,,,,,,,https://threenotchdbrewing.com/location/nellysford/,(434) 226-0020,"2461 Rockfish Valley Hwy, Nellysford, VA 22958",josh,,,https://www.google.com/maps/dir/?api=1&destination=2461%20Rockfish%20Valley%20Hwy%2C%20Nellysford%2C%20VA%2022958,,,,,,,,,,,,,,Beer; Cider; Full Kitchen; Spirits; Tastings,false,https://www.google.com/maps/dir/?api=1&destination=2461%20Rockfish%20Valley%20Hwy%2C%20Nellysford%2C%20VA%2022958
51,Wild Man Dan Brewery,wild-man-dan-brewery,Breweries & Cideries,taste,Afton,"Barn brewery pouring award-winning micro batches and offering homebrew workshops with Dan and his mountain porch hospitality. Wild Man Dan Brewery is Virginia's tiniest production brewery, where Dan brews award-winning small batches in his barn and happily teaches visitors the art of ale making while they sample Chai-Laxin or Dark Matter IPA.",,,https://ik.imagekit.io/OE/nelson-county/listings/wild-man-dan-brewery-image1_k5KRI9nIU,"Brick house with white porch, surrounded by trees and blooming flowers.",,,,,,,,https://wildmandanbeer.com/,(540) 798-1781,"279 Avon Road, Afton, VA 22920",josh,,,https://www.google.com/maps/dir/?api=1&destination=279%20Avon%20Road%2C%20Afton%2C%20VA%2022920,,,,,,,,,,,,,,Beer; Cider; Meeting Planners; Outdoor Seating; Retail; Scenic Views; Tastings,false,https://www.google.com/maps/dir/?api=1&destination=279%20Avon%20Road%2C%20Afton%2C%20VA%2022920
52,Wood Ridge Farm Brewery,wood-ridge-farm-brewery,Breweries & Cideries,taste,Lovingston,"Nestled in the heart of Lovingston, Wood Ridge Farm Brewery is an estate brewery that embodies the essence of 'dirt-to-glass' brewing. With a commitment to sustainability, we grow and malt our own grains on-site, allowing visitors to savor distinctive local beers while enjoying breathtaking views of the surrounding countryside. In addition to our craft brews, Lovingston itself offers a rich tapestry of history, featuring the Lovingston Historic District and its courthouse, both proudly listed on the National Register of Historic Places. Join us for a unique tasting experience where every sip tells a story of the land.",,,https://ik.imagekit.io/OE/nelson-county/listings/wood-ridge-farm-brewery-image1_Bi7zpuZf1,"Wooden 'LOVE' sign with sunset backdrop, couple walking towards a garden.",,,,,,,,https://www.woodridgefarmbrewery.com/,(434) 531-7362,"165 Old Ridge Road, Lovingston, VA 22949",josh,,,https://www.google.com/maps/dir/?api=1&destination=165%20Old%20Ridge%20Road%2C%20Lovingston%2C%20VA%2022949,,,,,,,,,,,,,,Farm; Scenic Views; Seasonal Menu; Beer; Cider; Tastings,false,https://www.google.com/maps/dir/?api=1&destination=165%20Old%20Ridge%20Road%2C%20Lovingston%2C%20VA%2022949
53,Devils Backbone Distilling Co.,devils-backbone-distilling-co,Distilleries,taste,Roseland,"Nestled within the scenic Devils Backbone Basecamp, Devils Backbone Distilling Co. invites visitors to savor the art of craft distilling in a relaxed and inviting atmosphere. Here, you can indulge in expertly crafted small-batch gin, rum, and brandy cocktails, all while enjoying the stunning views from the lounge and covered patio. Whether you’re a spirits enthusiast or simply looking to unwind, this distillery offers a unique experience that showcases local flavors and craftsmanship, making it a must-visit destination for those exploring the area. Come for the drinks, stay for the ambiance, and discover what makes Devils Backbone truly special!",,,https://ik.imagekit.io/OE/nelson-county/listings/devils-backbone-distilling-co--image1_kkqc1tAn6,"People relax outdoors on wooden chairs under sunny skies, surrounded by trees.",,,,,,,,https://www.dbbrewingcompany.com/spirits/,(434) 361-1001,"35 Mosbys Run, Roseland, VA 22967",josh,,,https://www.google.com/maps/dir/?api=1&destination=35%20Mosbys%20Run%2C%20Roseland%2C%20VA%2022967,,,,,,,,,,,,,,Spirits; Cocktails; Outdoor Seating; Tastings; Beer,false,https://www.google.com/maps/dir/?api=1&destination=35%20Mosbys%20Run%2C%20Roseland%2C%20VA%2022967
54,Silverback Distillery,silverback-distillery,Distilleries,taste,Afton,"Nestled in the picturesque Blue Ridge Mountains, Silverback Distillery is a unique mother-daughter enterprise that brings a personal touch to craft distilling. Known as the nation’s only mother-daughter distilling duo, they create award-winning spirits, including gin, rye, bourbon, and a delightful honey liqueur, all sourced from local grains and pure mountain water. Visitors can savor a variety of tasting flights and indulge in innovative barrel-smoked cocktails at their charming Roseland stillhouse. Whether you’re a spirits connoisseur or a casual enthusiast, Silverback offers an engaging experience that celebrates the art of distillation in a stunning natural setting.",,,https://ik.imagekit.io/OE/nelson-county/listings/silverback-distillery-image1_RBNd85uTW,"Blue building with lit windows, dusk sky, parking lot, and surrounding trees.",,,,,,,,,(540) 456-7070,"9520 Rockfish Valley Highway, Afton, VA 22920",josh,,,https://www.google.com/maps/dir/?api=1&destination=9520%20Rockfish%20Valley%20Highway%2C%20Afton%2C%20VA%2022920,,,,,,,,,,,,,,Spirits; Cocktails; Tastings; Scenic Views; Water Sports,false,https://www.google.com/maps/dir/?api=1&destination=9520%20Rockfish%20Valley%20Highway%2C%20Afton%2C%20VA%2022920
55,Virginia Distillery Co.,virginia-distillery-co,Distilleries,taste,Lovingston,"Virginia Distillery Co. is a hidden gem nestled in the picturesque Blue Ridge Mountains, where visitors can experience the art of whiskey-making in a stunning setting. This 30-acre distillery, originally donated by Mr. W. B. D. Waller, offers guided tours that delve into the distillation process, showcasing their commitment to craftsmanship and local ingredients. Guests can enjoy tastings of their award-winning spirits, explore the scenic grounds, and even pair their whiskey with delicious offerings from the nearby Blue Mountain Brewery, making it a perfect destination for both connoisseurs and casual visitors alike.",,,https://ik.imagekit.io/OE/nelson-county/listings/virginia-distillery-co--image1_eCbxehNaH,"Stone gate entrance to a large white house, surrounded by trees and hills.",,,,,,,,https://vadistillery.com/,(434) 285-2900,"299 Eades Lane, Lovingston, VA 22949",josh,,,https://www.google.com/maps/dir/?api=1&destination=299%20Eades%20Lane%2C%20Lovingston%2C%20VA%2022949,,,,,,,,,,,,,,Spirits; Museum; Tastings,false,https://www.google.com/maps/dir/?api=1&destination=299%20Eades%20Lane%2C%20Lovingston%2C%20VA%2022949
131,Montebello Fish Hatchery,montebello-fish-hatchery,Activities,culture,Montebello,"Discover the enchanting Montebello Fish Hatchery, nestled near the breathtaking Crabtree Falls. This educational haven offers guided tours that delve into the fascinating world of fish rearing, perfect for families and nature lovers alike. Stroll along the scenic nature trail, where vibrant pollinator plots attract a variety of butterflies and bees, enhancing your outdoor experience. After your visit, explore nearby attractions like Veritas Vineyards & Winery and Blue Mountain Brewery, making Montebello the perfect stop for a day of adventure and relaxation in Virginia’s stunning mountain landscape.",,,https://ik.imagekit.io/OE/nelson-county/listings/montebello-fish-hatchery-image1_4Xa9lVMTCF,Sign for Montebello State Fish Hatchery amidst autumn trees by winding road.,,,,,,,,,(540) 377-2418,"359 Fish Hatchery Lane, Montebello, VA 24464",josh,,,https://www.google.com/maps/dir/?api=1&destination=359%20Fish%20Hatchery%20Lane%2C%20Montebello%2C%20VA%2024464,,,,,,,,,,,,,,Hiking; Biking; Fishing,false,https://www.google.com/maps/dir/?api=1&destination=359%20Fish%20Hatchery%20Lane%2C%20Montebello%2C%20VA%2024464
144,One Forest,one-forest,Activities,experience,Nellysford,"Nestled in the heart of Nellysford, One Forest is an innovative forest-based education and wellness space designed to immerse visitors in the beauty of nature. This unique destination emphasizes nature play and outdoor learning, offering enriching experiences for families and individuals alike. As you explore the surrounding area, don't miss nearby attractions like Inglewood Farm, Veritas Vineyards & Winery, and Blue Mountain Brewery, which add to the charm of this picturesque region. One Forest is currently in development, promising to be a haven for those seeking connection with nature and a deeper understanding of the environment. Whether you're looking to unwind in a serene setting or engage in hands-on learning, One Forest will soon be a must-visit spot for outdoor enthusiasts.",,,https://ik.imagekit.io/OE/nelson-county/listings/one-forest-image1_SsMvpz8Qy,Tall white flowering plant in garden with wooden house and trees behind.,,,,,,,,,,"Nellysford, VA 22958",josh,,,https://www.google.com/maps/dir/?api=1&destination=Nellysford%2C%20VA%2022958,,,,,,,,,,,,,,Outdoor Seating,false,https://www.google.com/maps/dir/?api=1&destination=Nellysford%2C%20VA%2022958
160,Oak Ridge Estate,oak-ridge-estate,Activities,culture,Arrington,"Nestled within a sprawling 5,000-acre plantation, Oak Ridge Estate is a captivating historical mansion that dates back to 1802. Acquired in the early 20th century by the influential Thomas Fortune Ryan, one of America's wealthiest men, the estate boasts stunning renovations including a formal Italian garden, a charming rotunda greenhouse, and a quaint railroad station. Visitors can explore the beautifully landscaped grounds while enjoying nearby attractions like the Montebello Fish Hatchery and Veritas Vineyards & Winery, making it a perfect destination for history enthusiasts and nature lovers alike. Experience the elegance of a bygone era and the serene beauty of Virginia’s countryside at Oak Ridge Estate.",,,https://ik.imagekit.io/OE/nelson-county/listings/oak-ridge-estate-image1_AoSf5sg8m,"Large white mansion with columns, surrounded by green lawn and trimmed shrubs.",,,,,,,,,(434) 263-8676,"2300 Oak Ridge Road, Arrington, VA 22922",josh,,,https://www.google.com/maps/dir/?api=1&destination=2300%20Oak%20Ridge%20Road%2C%20Arrington%2C%20VA%2022922,,,,,,,,,,,,,,Events,false,https://www.google.com/maps/dir/?api=1&destination=2300%20Oak%20Ridge%20Road%2C%20Arrington%2C%20VA%2022922
161,Swannanoa,swannanoa,Activities,culture,Afton,"Experience the elegance of Swannanoa, a stunning marble villa built in 1911, perched atop Afton Mountain. Open on select weekends for public tours, this architectural gem invites visitors to explore its exquisite Italianate design and beautifully landscaped gardens. Immerse yourself in the rich history and serene surroundings that make Swannanoa a captivating destination for architecture enthusiasts and nature lovers alike.",,,https://ik.imagekit.io/OE/nelson-county/listings/swannanoa-image1_RcVj2PVkX,Vintage black car parked outside a large white mansion.,6930547d5c7cd75eb880dc49,,,693061a05c7cd75eb8d793f6,,,,,(540) 942-5201,"497 Swannanoa Lane, Afton, VA 22920",josh,,,https://www.google.com/maps/dir/?api=1&destination=497%20Swannanoa%20Lane%2C%20Afton%2C%20VA%2022920,,,,,,,,,,,,,,Outdoor Seating; Scenic Views; Tours,false,https://www.google.com/maps/dir/?api=1&destination=497%20Swannanoa%20Lane%2C%20Afton%2C%20VA%2022920
166,Blue Ridge Fruit Loop,blue-ridge-fruit-loop,Activities,outdoor,Tyro,"Explore the Blue Ridge Fruit Loop, featuring 11 orchards and farms in Nelson and Amherst counties. From May to December, pick your own fruit while enjoying stunning views of the Blue Ridge Mountains. Visit highlights such as Inglewood Farm, Deer Creek Farm, and Montebello Fish Hatchery. Savor fine wines at Veritas Vineyards & Winery or Mountain and Vine Winery, and enjoy a craft brew from Blue Mountain Brewery. Don’t forget to stop by Basic Necessities for local treats. Experience a memorable day of exploration and flavor!",,,https://ik.imagekit.io/OE/nelson-county/listings/blue-ridge-fruit-loop-image1_xveXoCybQ,"Clusters of ripe blackberries on bush, hand reaching in sunlight.",,,,,,,,,(434) 263-7015,"Blue Ridge Fruit Loop Trailhead, 56 Cabell Road, Tyro, VA 22976",josh,,,https://www.google.com/maps/dir/?api=1&destination=Blue%20Ridge%20Fruit%20Loop%20Trailhead%2C%2056%20Cabell%20Road%2C%20Tyro%2C%20VA%2022976,,,,,,,,,,,,,,Cider; Farm; Seasonal Menu; Scenic Views; Biking; Tastings,false,https://www.google.com/maps/dir/?api=1&destination=Blue%20Ridge%20Fruit%20Loop%20Trailhead%2C%2056%20Cabell%20Road%2C%20Tyro%2C%20VA%2022976
386,Glass Hollow Studio & Gallery,glasshollow,Art & Artisans,culture,Afton,"Nestled in the scenic Rockfish Valley, Glass Hollow Studio & Gallery invites you to explore the captivating world of glass art. Experience live glassblowing demonstrations and discover exquisite handcrafted pieces that showcase the beauty of this unique medium. Join us every Saturday in September for our popular 'Make Your Own Glass Pumpkin' workshops, where you can create a personal masterpiece to take home. Whether you're an art enthusiast or a curious beginner, there's something for everyone at our vibrant studio.",,,https://ik.imagekit.io/OE/nelson-county/listings/glass-hollow-studio-gallery-image1_P9hwkSskV,Blue glass orb being shaped in bright orange flame.,,https://ik.imagekit.io/OE/nelson-county/listings/glass-hollow-studio-gallery-image2_xTwMG5Mnc,Circular logo with blue mountains and glassblowing tool. Text around edges.,695d1d645c7cd75eb86268c4,,,695d1d7a5c7cd75eb862ddf4,https://glasshollow.com,(434) 270-6104,"9080 Rockfish Valley Highway, Afton, VA 22920",Brittany Niemeyer,,,https://www.google.com/maps/dir/?api=1&destination=9080%20Rockfish%20Valley%20Highway%2C%20Afton%2C%20VA%2022920,,,,,,,,,,,,,,Museum; Retail,true,https://www.google.com/maps/dir/?api=1&destination=9080%20Rockfish%20Valley%20Highway%2C%20Afton%2C%20VA%2022920
95,Blue Ridge Parkway Loops,blue-ridge-parkway-loops,Biking,outdoor,Nelson County,"Embark on an unforgettable cycling adventure along the stunning Blue Ridge Parkway, where you can choose between scenic 22- or 40-mile loops starting near Love, Virginia. As you pedal through this picturesque landscape, be captivated by breathtaking overlooks of the Shenandoah Valley and the thrill of Parkway climbs that challenge and reward with panoramic views. Don’t miss the chance to explore the Lower Shamokin Falls Trail, a hidden gem that offers a refreshing nature break. After your ride, unwind at the nearby Blue Mountain Brewery, where you can savor local brews and delicious fare. This cycling experience combines natural beauty, physical challenge, and a taste of local culture, making it a must-do for outdoor enthusiasts.",,,https://ik.imagekit.io/OE/nelson-county/listings/blue-ridge-parkway-loops-image1_ned_KWOT2,Sun setting over mountains with road and railing in foreground.,,,,,,,,,(434) 263-7015,"Milepost 16, Blue Ridge Parkway, Love, VA 22952",josh,,,https://www.google.com/maps/dir/?api=1&destination=Milepost%2016%2C%20Blue%20Ridge%20Parkway%2C%20Love%2C%20VA%2022952,,,,,,,,,,,,,,Biking; Hiking; Scenic Views,false,https://www.google.com/maps/dir/?api=1&destination=Milepost%2016%2C%20Blue%20Ridge%20Parkway%2C%20Love%2C%20VA%2022952
96,Oak Ridge Loop,oak-ridge-loop,Biking,outdoor,Nelson County,"The 29-mile Oak Ridge Loop offers a scenic cycling experience through Route 56 and Rockfish Valley backroads. Riders enjoy low-traffic farm lanes, historic estate views, and stretches along Route 29, featuring rolling hills before returning to the Oak Ridge parking area.",,,https://ik.imagekit.io/OE/nelson-county/listings/oak-ridge-loop-image1_C_eilCHEx,Stone cottage with green roof surrounded by trees and iron fence.,,https://ik.imagekit.io/OE/nelson-county/listings/oak-ridge-loop-image2__dpCyljnt,"Old wooden mill with waterwheel by pond, surrounded by lush green trees.",,,,,,(434) 263-7015,"1010 Oak Ridge Road, Arrington, VA 22922",josh,,,https://www.google.com/maps/dir/?api=1&destination=1010%20Oak%20Ridge%20Road%2C%20Arrington%2C%20VA%2022922,,,,,,Overview,<p>The Oak Ridge Loop is a forested hiking trail that follows wooded ridgelines and slopes. The loop format allows hikers to experience varied terrain without retracing their steps.</p>,Trail Experience,"<p>The loop is considered <strong>moderate in length</strong> and <strong>moderate in difficulty</strong>, with gradual climbs, uneven footing, and natural trail surfaces.</p>",Planning Notes,<p>Trail conditions may vary after storms or seasonal weather. Visitors should remain on the marked route to avoid erosion and confusion at intersections.</p>,,,Biking; Retail; Farm; Fishing,false,https://www.google.com/maps/dir/?api=1&destination=1010%20Oak%20Ridge%20Road%2C%20Arrington%2C%20VA%2022922
97,Woodson's Mill Loop,woodsons-mill-loop,Biking,outdoor,Nelson County,"Embark on a scenic 24-mile biking adventure along the Woodson's Mill Loop, where history and nature intertwine. Starting at the charming historic gristmill in Lowesville, this route takes you through the picturesque countryside surrounding Massies Mill and along Route 680. Cyclists will be treated to stunning views of rolling hills, lush landscapes, and the tranquil sounds of the nearby Lower Shamokin Falls. After your ride, consider stopping by the Blue Mountain Brewery for a refreshing local brew, making this outing not just a ride, but a delightful experience that showcases the beauty and charm of the region.",,,https://ik.imagekit.io/OE/nelson-county/listings/woodson-s-mill-loop-image1_yiXWRoa0o,"Old wooden watermill surrounded by lush greenery, near a tranquil pond.",,,,,,,,,(434) 263-7015,"3211 Lowesville Road, Roseland, VA 22967",josh,,,https://www.google.com/maps/dir/?api=1&destination=3211%20Lowesville%20Road%2C%20Roseland%2C%20VA%2022967,,,,,,,,,,,,,,Biking; Scenic Views; Farm; Water Sports,false,https://www.google.com/maps/dir/?api=1&destination=3211%20Lowesville%20Road%2C%20Roseland%2C%20VA%2022967
98,Walton's Mountain Museum Loop,waltons-mountain-museum-loop,Biking,outdoor,Nelson County,"Embark on a scenic 31-mile biking adventure along the Walton's Mountain Museum Loop, where the charm of Schuyler's countryside unfolds before you. This picturesque route takes you past the serene James River and the lush Esmont farms, offering cyclists a chance to immerse themselves in the tranquil beauty of quiet ridge lines. As you pedal, be sure to soak in the natural splendor and, if time allows, consider stopping by the nearby Blue Mountain Brewery for a refreshing break. Whether you're a seasoned cyclist or a leisurely explorer, this loop promises a delightful blend of history, nature, and local culture.",,,https://ik.imagekit.io/OE/nelson-county/listings/walton-s-mountain-museum-loop-image1_anr51axUp,"Red brick building with American flag, labeled Schuyler Elementary School.",,,,,,,,,(434) 263-7015,"6484 Rockfish River Road, Schuyler, VA 22969",josh,,,https://www.google.com/maps/dir/?api=1&destination=6484%20Rockfish%20River%20Road%2C%20Schuyler%2C%20VA%2022969,,,,,,Overview,<p>The Walton’s Mountain Museum Loop is a short walking route that connects outdoor paths with the historic Walton’s Mountain Museum. It provides an easy way to combine light outdoor activity with a visit to the museum.</p>,Trail Experience,"<p>The loop is short and considered <strong>easy</strong>, with gentle terrain suitable for most visitors. The path passes through open areas and light woodland near the museum grounds.</p>",Planning Notes,<p>This loop works well as a casual walk before or after visiting the museum and does not require special preparation.</p>,,,Biking; Hiking; Scenic Views; Museum; Farm; Water Sports,false,https://www.google.com/maps/dir/?api=1&destination=6484%20Rockfish%20River%20Road%2C%20Schuyler%2C%20VA%2022969
99,Virginia Blue Ridge Railway Trail,virginia-blue-ridge-railway-trail,Biking,outdoor,Piney River,"Explore the scenic 7-mile Virginia Blue Ridge Railway Trail, a crushed-stone path that winds gracefully alongside the Piney and Tye rivers. With dual trailheads, this versatile route is ideal for biking, walking, and horseback riding, catering to all outdoor enthusiasts. As you journey through the trail, delight in seasonal wildflower displays that enhance the serene landscape, providing a perfect backdrop for both leisurely rides and invigorating outings. Experience the beauty of nature and enjoy an unforgettable adventure in this stunning setting.",,,https://ik.imagekit.io/OE/nelson-county/listings/virginia-blue-ridge-railway-trail-image1_gb6HkVrGb,Trailhead sign and small building surrounded by trees under clear blue sky.,,,,,,,,,(434) 263-7130,"3124 Patrick Henry Highway, Piney River, VA 22964",josh,,,https://www.google.com/maps/dir/?api=1&destination=3124%20Patrick%20Henry%20Highway%2C%20Piney%20River%2C%20VA%2022964,,,,,,,,,,,,,,Biking; Equestrian; Scenic Views; Hiking; Water Sports,false,https://www.google.com/maps/dir/?api=1&destination=3124%20Patrick%20Henry%20Highway%2C%20Piney%20River%2C%20VA%2022964
100,Nelson Scenic Loop,nelson-scenic-loop,Biking,outdoor,Tyro,"Discover the breathtaking 50-mile Nelson Scenic Loop, a perfect biking adventure that weaves through Routes 151 and 664, alongside the iconic Blue Ridge Parkway. Experience stunning mountain vistas, charming orchards, and delightful craft beverage stops as you traverse this scenic route. Enjoy picturesque waterfalls and sweeping views from the Piedmont foothills to the ridge-top summits, making every turn a new adventure. Embrace the beauty of nature and the thrill of exploration on this unforgettable journey.",,,https://ik.imagekit.io/OE/nelson-county/listings/nelson-scenic-loop-image1_RICn_P7cl8,Black butterfly on pale purple flowers with green leaves.,,,,,,,,,(434) 263-7015,"Route 151 & Route 664 Junction, Nellysford, VA 22958",josh,,,https://www.google.com/maps/dir/?api=1&destination=Route%20151%20%26%20Route%20664%20Junction%2C%20Nellysford%2C%20VA%2022958,,,,,,Overview,"<p>The Nelson Scenic Loop is a self-guided driving route that showcases the landscapes, rural communities, and mountain views of Nelson County.</p><p>The loop is designed for leisurely exploration rather than point-to-point travel.</p>",Driving Experience,"<p>The full route spans <strong>several dozen miles</strong> and travels through valleys, along ridgelines, and near rivers.</p><p>Road conditions range from gentle rural roads to winding mountain sections.</p>",Planning Your Drive,"<p>The scenic loop can be driven in sections or completed in one outing. Drivers should allow time for pull-offs, stops, and nearby points of interest.</p><p>Caution is advised on narrow or curving roads.</p>",,,Biking; Educational; Scenic Views; Farm; Water Sports,false,https://www.google.com/maps/dir/?api=1&destination=Route%20151%20%26%20Route%20664%20Junction%2C%20Nellysford%2C%20VA%2022958
101,Tye River,tye-river,Canoeing,outdoor,Tyro,"Nestled in the heart of the Blue Ridge Mountains, the Tye River stretches 34 miles and offers an exhilarating escape for experienced canoeists. With Class I–II+ whitewater, paddlers can expect an engaging adventure amidst stunning mountain views and vibrant seasonal scenery. Ideal for those seeking both thrill and tranquility, the river features seasonal paddling windows that enhance the experience. Don't miss the scenic Lower Shamokin Falls Trail nearby, and consider stopping by Blue Mountain Brewery afterward for a refreshing reward. Embrace the beauty and excitement of the Tye River for an unforgettable outdoor experience!",,,https://ik.imagekit.io/OE/nelson-county/listings/tye-river-image1_obd32khA6,Bridge over river surrounded by lush forest and distant hills.,,,,,,,,https://nelsoncounty.com/explore/tye-river/,(434) 263-7015,Tye River Main Access 2724 Patrick Henry Highway Piney River VA 22964,josh,,,https://www.google.com/maps/search/?api=1&query=Tye%20River%20Main%20Access%202724%20Patrick%20Henry%20Highway%20Piney%20River%20VA%2022964,,,,,,,,,,,,,,Water Sports,false,https://www.google.com/maps/search/?api=1&query=Tye%20River%20Main%20Access%202724%20Patrick%20Henry%20Highway%20Piney%20River%20VA%2022964
102,James River,james-river,Canoeing,outdoor,Wingina,"The James River, forming the southeastern border of Nelson County, is a haven for outdoor enthusiasts, offering a rich tapestry of experiences along Virginia's most storied waterway. Visitors can enjoy numerous canoe and kayak launches, as well as johnboat access, making it a prime spot for both serene paddles and exhilarating float trips. The river is teeming with diverse fish species, including smallmouth and largemouth bass, catfish, and sunfish, providing ample opportunities for anglers. Explore the scenic beauty of the 64-mile Upper James River Water Trail, where lush landscapes and captivating wildlife await. After a day on the water, unwind at nearby attractions like the Lower Shamokin Falls Trail or the local favorite, Blue Mountain Brewery, for a refreshing drink and a taste of the area's charm.",,,https://ik.imagekit.io/OE/nelson-county/listings/james-river-image1_FejU6BN18,Serene river surrounded by lush green trees and distant mountains under clear sky.,,,,,,,,https://nelsoncounty.com/explore/james-river/,(434) 933-4355,947 James River Road Wingina VA 24599,josh,,,https://www.google.com/maps/search/?api=1&query=947%20James%20River%20Road%20Wingina%20VA%2024599,,,,,,Overview,"<p>The James River is one of Virginia’s most significant waterways and offers a wide range of recreational opportunities in Nelson County, including paddling, fishing, and scenic river access.</p>",Paddling Experience,"<p>River conditions vary by section and season. Some stretches are suitable for <strong>easy, flatwater paddling</strong>, while others include moving water that requires experience and careful planning.</p>",Fishing Information,<p>The James River supports a variety of freshwater species and attracts anglers throughout the year. Access points range from easily reached riverbanks to more remote locations.</p>,Planning & Safety,<p>Visitors should check water levels and weather conditions before heading out and follow all safety guidance. Life jackets and appropriate gear are strongly recommended.</p>,Biking; Hiking; Water Sports; Fishing,false,https://www.google.com/maps/search/?api=1&query=947%20James%20River%20Road%20Wingina%20VA%2024599
103,Rockfish River,rockfish-river,Canoeing,outdoor,Afton,"Nestled in the heart of Nelson County, the Rockfish River offers a delightful paddling experience as it meanders southeast toward the James River. Paddlers can enjoy the gentle Class I–II waters, perfect for both beginners and seasoned adventurers. The scenic routes, framed by lush landscapes, feature thrilling Class I riffles and seasonal floats that come alive with winter flows. Take out at Route 6 or explore the peaceful stretches between Routes 600 and 6, where you can pause to soak in the serene beauty. After your adventure, unwind at the nearby Blue Mountain Brewery for a refreshing drink, making your visit to Rockfish River a memorable combination of nature and relaxation.",,,https://ik.imagekit.io/OE/nelson-county/listings/rockfish-river-image1_d1GnubdLD,Person kayaking with a dog in green kayak on a river.,,,,,,,,https://nelsoncounty.com/explore/rockfish-river/,(434) 263-7015,Rockfish River Access 5156 Rockfish Valley Highway Afton VA 22920,josh,,,https://www.google.com/maps/search/?api=1&query=Rockfish%20River%20Access%205156%20Rockfish%20Valley%20Highway%20Afton%20VA%2022920,,,,,,Overview,"<p>The Rockfish River is a smaller tributary of the James River that flows through Nelson County and provides opportunities for fishing, paddling, and quiet river exploration.</p>",River Experience,<p>The river includes calmer stretches suitable for casual recreation as well as sections where conditions change with rainfall. Water levels can fluctuate quickly.</p>,Fishing Information,<p>Anglers visit the Rockfish River for its scenic setting and seasonal fishing opportunities. Access points vary in ease and visibility.</p>,Planning Notes,<p>Visitors should be mindful of changing water conditions and respect private property along the river corridor.</p>,Water Sports; Fishing,false,https://www.google.com/maps/search/?api=1&query=Rockfish%20River%20Access%205156%20Rockfish%20Valley%20Highway%20Afton%20VA%2022920
104,Lake Nelson,lake-nelson,Canoeing,outdoor,Arrington,"Nestled just outside Arrington, Lake Nelson is a serene 40-acre DGIF reservoir ideal for outdoor enthusiasts seeking a peaceful escape. Accessible year-round, the lake features a well-maintained concrete boat ramp, perfect for launching your electric-motor boat to explore its tranquil waters. Anglers can enjoy bank fishing or set out on their boats to catch a variety of species, including largemouth bass, crappie, channel catfish, and sunfish. Seasonal restrooms add to the convenience, making it an excellent spot for a full day of fishing or picnicking. After your adventure, consider exploring the nearby Lower Shamokin Falls Trail or stopping by the Blue Mountain Brewery for a refreshing local brew. Lake Nelson offers not just fishing, but a chance to immerse yourself in the natural beauty of Virginia's landscape.",,,https://ik.imagekit.io/OE/nelson-county/listings/lake-nelson-image1_ntx7GII0I,"Calm lake reflecting cloudy sky, surrounded by dense forest, distant mountains visible.",,,,,,,,https://nelsoncounty.com/explore/lake-nelson/,(434) 263-7015,801 Lake Nelson LaneArrington VA 22922,josh,,,https://www.google.com/maps/search/?api=1&query=801%20Lake%20Nelson%20LaneArrington%20VA%2022922,,,,,,,,,,,,,,Water Sports; Fishing,false,https://www.google.com/maps/search/?api=1&query=801%20Lake%20Nelson%20LaneArrington%20VA%2022922
40,Dickie Brothers Orchard,dickie-brothers-orchard,Farms & Orchards,experience,Roseland,"Nestled in the heart of Virginia’s lush countryside, Dickie Brothers Orchard stands proud as one of the state’s Century Farms, inviting visitors to experience the joy of pick-your-own adventures. From June through November, guests can wander the picturesque fields, hand-picking juicy raspberries, apples, and vibrant pumpkins, all while enjoying the fresh air and stunning views. The orchard also offers freshly pressed cider and a variety of farm-made goods, perfect for taking home a taste of the season. After your harvest, explore nearby dining options like Smokin’ Barrel Restaurant or Blue Mountain Brewery to complete your farm-to-table experience. Discover the charm of this historic orchard and create wonderful memories with family and friends!",,,https://ik.imagekit.io/OE/nelson-county/listings/dickie-brothers-orchard-image1_mgGfsUOkW,"Child in dress standing by Dickie Bros Orchard sign, rustic background.",,https://ik.imagekit.io/OE/nelson-county/listings/dickie-brothers-orchard-image2_CzMZz9sVs,Pumpkins and colorful flowers displayed outside rustic wooden building with American flag.,,,,,https://dickiebrothers.com/,(434) 277-5516,"2685 Dickie Road, Roseland, VA 22967",josh,,,https://www.google.com/maps/dir/?api=1&destination=2685%20Dickie%20Road%2C%20Roseland%2C%20VA%2022967,,,,,,,,,,,,,,Farm; Cider; Local Ingredients; Tastings,false,https://www.google.com/maps/dir/?api=1&destination=2685%20Dickie%20Road%2C%20Roseland%2C%20VA%2022967
41,Drumheller's Orchard,drumhellers-orchard,Farms & Orchards,experience,Lovingston,"Discover the charm of Drumheller's Orchard, a family-owned gem in the heart of Virginia, where you can indulge in a selection of classic apple varieties and artisanal house-made cider. Embrace the spirit of fall during our vibrant festivals, featuring hayrides, freshly baked treats, and a welcoming environment for both pets and families. With scenic grounds perfect for leisurely afternoons and the joy of apple picking, this destination offers a delightful getaway for visitors of all ages.",,,https://ik.imagekit.io/OE/nelson-county/listings/drumheller-s-orchard-image1_lGFwTv4Vd,Pink and white blossoms on a branch against a clear blue sky.,,,,,,,,https://www.drumhellersorchard.com/,(434) 263-5036,"1130 Drumheller Orchard Lane, Lovingston, VA 22949",josh,,,https://www.google.com/maps/dir/?api=1&destination=1130%20Drumheller%20Orchard%20Lane%2C%20Lovingston%2C%20VA%2022949,,,,,,,,,,,,,,Bakery; Cider; Farm; Pet Friendly; Local Ingredients; Tastings,false,https://www.google.com/maps/dir/?api=1&destination=1130%20Drumheller%20Orchard%20Lane%2C%20Lovingston%2C%20VA%2022949
42,Saunders Brothers Farm Market,saunders-brothers-farm-market,Farms & Orchards,experience,Piney River,"Discover the charm of Saunders Brothers Farm Market, where you can savor the freshest homegrown peaches and apples, along with a delightful selection of nursery stock. Our inviting country shop offers an array of locally sourced meats, delicious baked goods, and our famous peach ice cream, making it a perfect stop for families and food lovers alike. Join us on weekends for special events that celebrate our agricultural heritage and community spirit. Experience the warmth of farm-fresh flavors and the joy of a true country market!",,,https://ik.imagekit.io/OE/nelson-county/listings/saunders-brothers-farm-market-image1_f1AEM7MxN,American flag waves outside rustic store with produce sign and wooden facade.,,,,,,,,https://www.saundersbrothers.com/,(434) 277-5455,"2717 Tye Brook Highway, Piney River, VA 22964",josh,,,https://www.google.com/maps/dir/?api=1&destination=2717%20Tye%20Brook%20Highway%2C%20Piney%20River%2C%20VA%2022964,,,,,,,,,,,,,,Farm; Market; Desserts; Bakery; Local Ingredients; Family Friendly; Museum; Water Sports,false,https://www.google.com/maps/dir/?api=1&destination=2717%20Tye%20Brook%20Highway%2C%20Piney%20River%2C%20VA%2022964
133,Big Arms Farm,big-arms-farm,Farms & Orchards,community,Lovingston,"Nestled in the heart of Virginia's picturesque landscape, Big Arms Farm is a vibrant market farm dedicated to educating visitors about sustainable agriculture and the joys of fresh, local produce. Known for its stunning cut flowers, heirloom vegetables, and premium grass-fed beef, the farm not only enriches the local economy but also supports global initiatives aimed at rebuilding war-torn communities. At the Nelson Farmers Market, guests can explore a delightful array of bouquets and specialty goods, making each visit a celebration of connection, community, and culinary adventure. Come discover the beauty and bounty of Big Arms Farm, where every purchase makes a difference!",,,https://ik.imagekit.io/OE/nelson-county/listings/big-arms-farm-image1_i2J6RcEih,Smiling couple under canopy surrounded by colorful flowers.,,,,,,,,,(434) 263-7015,"Nelson Farmers Market Cooperative, 868 Front Street, Lovingston, VA 22949",josh,,,https://www.google.com/maps/dir/?api=1&destination=Nelson%20Farmers%20Market%20Cooperative%2C%20868%20Front%20Street%2C%20Lovingston%2C%20VA%2022949,,,,,,,,,,,,,,Market; Farm; Local Ingredients,false,https://www.google.com/maps/dir/?api=1&destination=Nelson%20Farmers%20Market%20Cooperative%2C%20868%20Front%20Street%2C%20Lovingston%2C%20VA%2022949
134,Caldwell Farms,caldwell-farms,Farms & Orchards,experience,Lovingston,"Discover Caldwell Farms, a charming U-pick flower farm nestled in Stagebridge, where nature's beauty unfolds in curated seasonal blooms. By appointment only, our farm offers a unique experience with private design sessions, allowing you to create stunning floral arrangements while enjoying the serene countryside. Join us to celebrate the art of floral design and take home a piece of nature’s splendor.",,,https://ik.imagekit.io/OE/nelson-county/listings/caldwell-farms-image1_FWxJVDAqM,Colorful bouquet of flowers with green fields in the background.,,,,,,,,,(770) 401-0390,"394 Stagebridge Road, Lovingston, VA 24590",josh,,,https://www.google.com/maps/dir/?api=1&destination=394%20Stagebridge%20Road%2C%20Lovingston%2C%20VA%2024590,,,,,,,,,,,,,,Seasonal Menu; Retail; Farm; Local Ingredients,false,https://www.google.com/maps/dir/?api=1&destination=394%20Stagebridge%20Road%2C%20Lovingston%2C%20VA%2024590
135,Davis Creek Farm,davis-creek-farm,Farms & Orchards,experience,Lovingston,"Davis Creek Farm is a holistic, family-run operation situated on 60 acres in a pristine hollow of Virginia's Blue Ridge Mountains. The farm raises heritage livestock and offers farm stays, workshops, and by-appointment experiences.",,,https://ik.imagekit.io/OE/nelson-county/listings/davis-creek-farm-image1_lUORCOvoM,"Horses grazing in a lush, green pasture with a forest background.",,,,,,,,,(434) 249-4333,"4670 Davis Creek Lane, Lovingston, VA 22949",josh,,,https://www.google.com/maps/dir/?api=1&destination=4670%20Davis%20Creek%20Lane%2C%20Lovingston%2C%20VA%2022949,,,,,,,,,,,,,,Farm; Local Ingredients,false,https://www.google.com/maps/dir/?api=1&destination=4670%20Davis%20Creek%20Lane%2C%20Lovingston%2C%20VA%2022949
136,Deer Creek Farm,deer-creek-farm,Farms & Orchards,experience,Roseland,"Nestled in the serene countryside of Lowesville, Deer Creek Farm is a charming family-run cattle and lamb farm dedicated to providing high-quality, custom meat shares. Visitors can choose from whole, half, or quarter selections of premium beef and lamb, perfect for family gatherings or special occasions. The farm's picturesque surroundings offer a glimpse into traditional farming life, making it a delightful stop on your journey through the beautiful Montebello area. Enjoy nearby attractions like the Montebello Fish Hatchery, Veritas Vineyards & Winery, and Blue Mountain Brewery, creating a perfect day of exploration and tasting in Virginia's stunning landscape.",,,https://ik.imagekit.io/OE/nelson-county/listings/deer-creek-farm-image1_qTXfWgAfq,Grilled steak sizzling on open flame with rosemary garnish.,,,,,,,,,(434) 277-9104,"3764 Lowesville Road, Lowesville, VA 22967",josh,,,https://www.google.com/maps/dir/?api=1&destination=3764%20Lowesville%20Road%2C%20Lowesville%2C%20VA%2022967,,,,,,,,,,,,,,Order Pickup; Farm; Local Ingredients,false,https://www.google.com/maps/dir/?api=1&destination=3764%20Lowesville%20Road%2C%20Lowesville%2C%20VA%2022967
137,Edible Landscaping,edible-landscaping,Farms & Orchards,experience,Afton,"Nestled in the picturesque foothills of the Blue Ridge Mountains, Edible Landscaping offers a unique opportunity to immerse yourself in the world of sustainable gardening. Here, you’ll find a diverse selection of edible plants, including fruit trees, vibrant berries, climbing vines, and aromatic herbs—all cultivated without herbicides. Visitors can explore the nursery, learn about the art of edible landscaping, and discover how to bring these delicious, homegrown treasures to their own gardens. Beyond the nursery, enjoy the scenic beauty of nearby attractions like Deer Creek Farm and Veritas Vineyards, making it a perfect stop on a day of exploration in this stunning region. Whether you’re a gardening enthusiast or simply curious about sustainable practices, Edible Landscaping promises a delightful and informative experience.",,,https://ik.imagekit.io/OE/nelson-county/listings/edible-landscaping-image1_nVFTmhRf7,Hand picking ripe blackberries from bush with green leaves.,,,,,,,,,(434) 361-9134,"361 Spirit Ridge Lane, Afton, VA 22920",josh,,,https://www.google.com/maps/dir/?api=1&destination=361%20Spirit%20Ridge%20Lane%2C%20Afton%2C%20VA%2022920,,,,,,,,,,,,,,Organic; Order Pickup; Farm; Local Ingredients,false,https://www.google.com/maps/dir/?api=1&destination=361%20Spirit%20Ridge%20Lane%2C%20Afton%2C%20VA%2022920
138,Fitzgerald Farms,fitzgerald-farms,Farms & Orchards,experience,Arrington,"Fitzgerald Farms roadside stand offering summer sweet corn, fall pumpkin picking, and wholesale produce from the Rockfish Valley. Pick-Your-Own Pumpkins during the fall season and sweet corn during the summer.",,,https://ik.imagekit.io/OE/nelson-county/listings/fitzgerald-farms-image1_XtoAg2MWJ,"Child sitting among numerous bright orange pumpkins, wearing pink overalls.",,,,,,,,,(434) 277-8047,"4850 Tye Brook Highway, Arrington, VA 22922",josh,,,https://www.google.com/maps/dir/?api=1&destination=4850%20Tye%20Brook%20Highway%2C%20Arrington%2C%20VA%2022922,,,,,,,,,,,,,,Farm; Desserts; Fishing,false,https://www.google.com/maps/dir/?api=1&destination=4850%20Tye%20Brook%20Highway%2C%20Arrington%2C%20VA%2022922
139,Fitzgerald's Orchard,fitzgeralds-orchard,Farms & Orchards,experience,Tyro,"Discover Fitzgerald's Orchard, a charming family-run farm nestled near Tyro, Virginia. Each harvest season, we proudly offer a delightful selection of classic Virginia apples, including Fuji, Rome, and Pink Lady, all handpicked for quality and flavor. Join us for a memorable experience as you explore our orchard and enjoy the beauty of the countryside, perfect for family outings and apple picking adventures.",,,https://ik.imagekit.io/OE/nelson-county/listings/fitzgerald-s-orchard-image1_NO_6fucxa,Red and yellow apples on leafy tree branch under blue sky.,,,,,,,,,(434) 277-5798,"728 Harpers Creek Lane, Tyro, VA 22976",josh,,,https://www.google.com/maps/dir/?api=1&destination=728%20Harpers%20Creek%20Lane%2C%20Tyro%2C%20VA%2022976,,,,,,,,,,,,,,Seasonal Menu; Farm; Scenic Views; Local Ingredients,false,https://www.google.com/maps/dir/?api=1&destination=728%20Harpers%20Creek%20Lane%2C%20Tyro%2C%20VA%2022976
141,Hungry Hill Farm,hungry-hill-farm,Farms & Orchards,experience,Shipman,"Nestled in the heart of Virginia’s picturesque landscape, Hungry Hill Farm invites you to explore the enchanting world of beekeeping and sustainable farming. Open year-round, our farm offers a delightful range of experiences, including guided tours by appointment that reveal the fascinating life of bees. Discover our selection of raw honey and bee supplies, and join us for engaging mushroom workshops that connect you with nature. As you wander through our scenic property, take in the beauty of the surrounding area, which is dotted with local gems like Veritas Vineyards and Blue Mountain Brewery. Whether you’re a nature enthusiast or simply looking for a unique outing, Hungry Hill Farm is a sweet escape you won’t want to miss!",,,https://ik.imagekit.io/OE/nelson-county/listings/hungry-hill-farm-image1_N-4ZiI8f5,"Bee sipping liquid from glass rim, close-up, detailed, blurred background.",,,,,,,,,(434) 263-5336,"89 Williamstown Road, Shipman, VA 22971",josh,,,https://www.google.com/maps/dir/?api=1&destination=89%20Williamstown%20Road%2C%20Shipman%2C%20VA%2022971,,,,,,,,,,,,,,Farm; Retail,false,https://www.google.com/maps/dir/?api=1&destination=89%20Williamstown%20Road%2C%20Shipman%2C%20VA%2022971
143,Lost Point Farm,lost-point-farm,Farms & Orchards,community,Arrington,"Nestled above the serene Tye River, Lost Point Farm is a charming small herb and produce farm dedicated to providing the Arrington community with fresh, chemical-free harvests. Visitors can schedule appointments to explore the farm’s vibrant fields, where they can witness the careful cultivation of a variety of herbs and seasonal produce. Enjoy the peaceful surroundings and perhaps pair your visit with nearby attractions like Veritas Vineyards & Winery or Blue Mountain Brewery for a delightful day of local flavors and natural beauty. Whether you're stocking up on farm-fresh ingredients or simply soaking in the tranquil atmosphere, Lost Point Farm offers a unique glimpse into sustainable farming practices in the heart of Virginia's picturesque countryside.",,,https://ik.imagekit.io/OE/nelson-county/listings/lost-point-farm-image1_ysMce9Xxm,White flowers in front of wooden cabin surrounded by lush greenery.,,,,,,,,,(434) 263-7015,"Arrington, VA 22922",josh,,,https://www.google.com/maps/dir/?api=1&destination=Arrington%2C%20VA%2022922,,,,,,,,,,,,,,Order Pickup; Scenic Views; Farm; Local Ingredients; Water Sports,false,https://www.google.com/maps/dir/?api=1&destination=Arrington%2C%20VA%2022922
145,Pharsalia,pharsalia,Farms & Orchards,experience,Tyro,"Discover the historic Pharsalia estate, built in 1814 by William Massie, nestled in the picturesque landscape of Nelson County, Virginia. This stunning venue offers breathtaking views, charming gardens, and original outbuildings, making it an ideal setting for weddings, group tours, and floral workshops. Immerse yourself in the beauty of our working orchards while experiencing the rich heritage of this remarkable property.",,,https://ik.imagekit.io/OE/nelson-county/listings/pharsalia-image1_cVhWdTBSo,"White house surrounded by colorful trees, with mountains in the background.",,,,,,,,,(434) 277-5231,"2333 Pharsalia Road, Tyro, VA 22976",josh,,,https://www.google.com/maps/dir/?api=1&destination=2333%20Pharsalia%20Road%2C%20Tyro%2C%20VA%2022976,,,,,,Overview,"<p>Pharsalia is a historic hilltop estate overlooking the Rockfish Valley. The property is known for its architecture, long history, and expansive views of the surrounding countryside.</p>",Historic Context,"<p>The estate dates to the early 19th century and reflects the agricultural and social history of the region. Over time, the property has served a variety of cultural and community roles.</p>",Visiting Notes,<p>Public access to Pharsalia is limited and typically associated with scheduled events or special openings.</p>,,,Events; Farm; Scenic Views; Retail; Local Ingredients,false,https://www.google.com/maps/dir/?api=1&destination=2333%20Pharsalia%20Road%2C%20Tyro%2C%20VA%2022976
146,Robinia Institute,robinia-institute,Farms & Orchards,experience,Wingina,"Nestled within the breathtaking Timshel Wildland, the Robinia Institute invites visitors to explore the transformative world of regenerative agriculture on its expansive 400-acre conservation site. Here, guests can participate in hands-on grazing intensives and engage in educational workshops that highlight sustainable farming practices. Surrounded by the serene beauty of Inglewood Farm and the vibrant ecosystems of nearby Montebello Fish Hatchery, the institute serves as a vital hub for those passionate about environmental stewardship. Whether you're a novice or a seasoned farmer, Robinia Institute offers a unique opportunity to learn and connect with nature, making it a must-visit destination for eco-conscious travelers.",,,https://ik.imagekit.io/OE/nelson-county/listings/robinia-institute-image1_neYzCA4xW,Person in hat tending plants in a lush green field.,,,,,,,,,(330) 310-1475,"530 James River Road, Wingina, VA 24599",josh,,,https://www.google.com/maps/dir/?api=1&destination=530%20James%20River%20Road%2C%20Wingina%2C%20VA%2024599,,,,,,,,,,,,,,Educational; Retail; Farm; Local Ingredients,false,https://www.google.com/maps/dir/?api=1&destination=530%20James%20River%20Road%2C%20Wingina%2C%20VA%2024599
147,Rose Isle Farm,rose-isle-farm,Farms & Orchards,experience,Roseland,"Rose Isle Farm collaborates with a local brewery to produce premium 'beer-fed' beef, enhancing sustainable practices in animal husbandry. By utilizing spent mash from the brewery, the farm creates a unique and eco-friendly approach to cattle raising. Visitors can enjoy direct sales of this exceptional beef by appointment, showcasing the harmonious blend of local agriculture and craft brewing in Nelson County. Experience the taste of innovation and sustainability at Rose Isle Farm.",,,https://ik.imagekit.io/OE/nelson-county/listings/rose-isle-farm-image1_t283CgSR-,"Farm with silo, red roofs, green fields, and hazy mountains in the background.",,,,,,,,,(434) 277-8574,"329 Crabtree Falls Highway, Roseland, VA 22967",josh,,,https://www.google.com/maps/dir/?api=1&destination=329%20Crabtree%20Falls%20Highway%2C%20Roseland%2C%20VA%2022967,,,,,,,,,,,,,,Beer; Farm; Local Ingredients; Tastings,false,https://www.google.com/maps/dir/?api=1&destination=329%20Crabtree%20Falls%20Highway%2C%20Roseland%2C%20VA%2022967
148,Seamans' Orchard,seamans-orchard,Farms & Orchards,experience,Roseland,"Tucked away at the foot of the stunning Blue Ridge Mountains, Seamans' Orchard is a cherished fourth-generation family farm that promises a delightful experience for all visitors. Here, nature's bounty flourishes, with the farm offering a vibrant selection of apples, blueberries, cherries, and strawberries—all lovingly nurtured for the finest flavors. As you stroll through the picturesque orchards, take in the breathtaking mountain views and enjoy seasonal picking events that are perfect for families. After your visit, explore nearby culinary gems like Smokin’ Barrel Restaurant or indulge in artisan treats at Fire & Frost Wood Fired Bakehouse, making for a perfect day of local flavors and farm-fresh goodness.",,,https://ik.imagekit.io/OE/nelson-county/listings/seamans-orchard-image1__NNqdOH0h,"Cherries, blueberries, strawberries in clear containers on a wooden table.",,,,,,,,,(434) 277-8130,"415 Dark Hollow Road, Roseland, VA 22967",josh,,,https://www.google.com/maps/dir/?api=1&destination=415%20Dark%20Hollow%20Road%2C%20Roseland%2C%20VA%2022967,,,,,,,,,,,,,,Farm; Market; Scenic Views; Family Friendly,false,https://www.google.com/maps/dir/?api=1&destination=415%20Dark%20Hollow%20Road%2C%20Roseland%2C%20VA%2022967
149,Silver Creek and Seamans' Orchards,silver-creek-and-seamans-orchards,Farms & Orchards,experience,Roseland,"Nestled in the heart of the scenic countryside, Silver Creek and Seamans' Orchards invites visitors to indulge in a delightful array of heirloom apple varieties, including Empire, Gala, Jonathan, and Pink Lady. Their charming packing shed is not just a place to purchase fresh produce; it’s a hub for cider lovers, apple butter enthusiasts, and those looking for local honey and pumpkins. After exploring the orchards, enjoy a meal at the Smokin’ Barrel Restaurant or savor wood-fired specialties at Fire & Frost Bakehouse. Whether you're picking your own apples or simply enjoying the picturesque views, this family-friendly destination promises a memorable experience for all ages.",,,https://ik.imagekit.io/OE/nelson-county/listings/silver-creek-and-seamans-orchards-image1_pv2iDWEdx,Crates of colorful apples displayed inside a rustic market setting.,,,,,,,,,(434) 277-5824,"5529 Crabtree Falls Highway, Tyro, VA 22976",josh,,,https://www.google.com/maps/dir/?api=1&destination=5529%20Crabtree%20Falls%20Highway%2C%20Tyro%2C%20VA%2022976,,,,,,,,,,,,,,Cider; Local Ingredients; Events; Farm; Tastings,false,https://www.google.com/maps/dir/?api=1&destination=5529%20Crabtree%20Falls%20Highway%2C%20Tyro%2C%20VA%2022976
150,Silver Creek Orchards,silver-creek-orchards,Farms & Orchards,experience,Tyro,"Silver Creek Orchards is a seventh-generation family-owned farm that offers over 20 varieties of pick-your-own apples, along with wine grapes and beef cattle. Visitors can enjoy scenic mountain views on select weekends.",,,https://ik.imagekit.io/OE/nelson-county/listings/silver-creek-orchards-image1_jTNIexbgs,"Crates filled with red apples in sunlight, stacked outdoors.",,,,,,,,,(434) 277-5865,"3679 Pharsalia Road, Tyro, VA 22976",josh,,,https://www.google.com/maps/dir/?api=1&destination=3679%20Pharsalia%20Road%2C%20Tyro%2C%20VA%2022976,,,,,,,,,,,,,,Farm; Family Friendly; Scenic Views; Events,false,https://www.google.com/maps/dir/?api=1&destination=3679%20Pharsalia%20Road%2C%20Tyro%2C%20VA%2022976
151,Silver Fox Lavender Farm,silver-fox-lavender-farm,Farms & Orchards,experience,Nellysford,"Experience the enchanting charm of Silver Fox Lavender Farm, nestled amidst the scenic beauty of Silver Creek. Each June, the farm bursts into a vibrant tapestry of purple during our annual Lavender Festival. Visitors can immerse themselves in the fragrant fields, participate in engaging farm workshops, and unwind with rejuvenating yoga sessions. Our picturesque barn venue is perfect for intimate micro weddings and special events. After exploring, indulge in delightful culinary offerings nearby at Smokin’ Barrel Restaurant, Giuseppe’s, or Fire & Frost Wood Fired Bakehouse. Join us for a unique blend of nature, community, and celebration!",,,https://ik.imagekit.io/OE/nelson-county/listings/silver-fox-lavender-farm-image1_OhRtsVHYZ,Barn and field under cloudy sky with mountain in background.,,,,,,,,,(540) 903-2750,"877 Glenthorne Loop, Nellysford, VA 22958",josh,,,https://www.google.com/maps/dir/?api=1&destination=877%20Glenthorne%20Loop%2C%20Nellysford%2C%20VA%2022958,,,,,,,,,,,,,,Events; Farm; Retail,false,https://www.google.com/maps/dir/?api=1&destination=877%20Glenthorne%20Loop%2C%20Nellysford%2C%20VA%2022958
152,The Apple Shed,the-apple-shed,Farms & Orchards,experience,Lovingston,"Discover a delightful selection of fresh, locally grown apples and pumpkins at The Apple Shed. Our farm invites you to pick your own produce, ensuring a fun and memorable experience for families and friends alike. Enjoy seasonal activities, farm tours, and the chance to learn about sustainable farming practices. Join us for a taste of the harvest and create lasting memories in the heart of nature.",,,https://ik.imagekit.io/OE/nelson-county/listings/the-apple-shed-image1_qF6IcNkNQ,"Red sign with white apple design, text reads 'The Apple Shed.'",,,,,,,,,(434) 263-8843,"14815 Thomas Nelson Highway, Lovingston, VA 22949",josh,,,https://www.google.com/maps/dir/?api=1&destination=14815%20Thomas%20Nelson%20Highway%2C%20Lovingston%2C%20VA%2022949,,,,,,,,,,,,,,Market; Seasonal Menu; Local Ingredients; Farm,false,https://www.google.com/maps/dir/?api=1&destination=14815%20Thomas%20Nelson%20Highway%2C%20Lovingston%2C%20VA%2022949
153,Tinkerland Farm,tinkerland-farm,Farms & Orchards,experience,Roseland,"Tinkerland Farm is a charming family-owned farm nestled in the scenic landscape of Nelson County, Virginia, right across from Bryant Lane on Route 151. Visitors can immerse themselves in the serene beauty of the countryside while exploring the farm's diverse offerings, including seasonal fruits and vegetables. Just a stone's throw away from popular spots like Silver Fox Lavender Farm and Smokin’ Barrel Restaurant, Tinkerland Farm is the perfect stop for families and nature lovers seeking a delightful day out. Enjoy picking fresh produce, savoring the local flavors, and creating lasting memories in this idyllic rural setting.",,,https://ik.imagekit.io/OE/nelson-county/listings/tinkerland-farm-image1_GJCn3JIgk,Roasted chestnuts with golden interior on blue background.,,,,,,,,,(434) 277-3600,"Bryant Lane & Route 151, Roseland, VA 22967",josh,,,https://www.google.com/maps/dir/?api=1&destination=Bryant%20Lane%20%26%20Route%20151%2C%20Roseland%2C%20VA%2022967,,,,,,,,,,,,,,Farm; Seasonal Menu; Family Friendly; Local Ingredients,false,https://www.google.com/maps/dir/?api=1&destination=Bryant%20Lane%20%26%20Route%20151%2C%20Roseland%2C%20VA%2022967
154,Turnip the Beets Farm,turnip-the-beets-farm,Farms & Orchards,community,Gladstone,"Our small farm business is owned and operated by Shane and Beverly Spanninger. Turnip the Beets Farm grows chemical-free flowers and produce, offering CSA deliveries, farmers market booths, and event florals.",,,https://ik.imagekit.io/OE/nelson-county/listings/turnip-the-beets-farm-image1_V-DMMdF30q,Assorted colorful tomatoes in blue cartons at a market.,,,,,,,,,(434) 944-9467,"110 Boltons Place, Gladstone, VA 24553",josh,,,https://www.google.com/maps/dir/?api=1&destination=110%20Boltons%20Place%2C%20Gladstone%2C%20VA%2024553,,,,,,,,,,,,,,Market; Events; Farm; Local Ingredients,false,https://www.google.com/maps/dir/?api=1&destination=110%20Boltons%20Place%2C%20Gladstone%2C%20VA%2024553
155,Virginia Chestnuts,virginia-chestnuts,Farms & Orchards,experience,Shipman,"Nestled in the picturesque landscape of Nelson County, Virginia Chestnuts is your go-to destination for high-quality, locally-grown chestnuts. As our orchard matures, visitors can look forward to a bountiful harvest that showcases the rich flavors of this unique nut. Explore our scenic farm, breathe in the fresh country air, and immerse yourself in the beauty of the surrounding mountains. After your visit, consider indulging in delicious meals at nearby eateries like Giuseppe’s Restaurant or enjoying a craft brew at Blue Mountain Brewery. Join us for a flavorful experience that celebrates the heart of Virginia agriculture!",,,https://ik.imagekit.io/OE/nelson-county/listings/virginia-chestnuts-image1_ZMRjy4HK4,"Young trees in a grassy field, mountains in the background under blue sky.",,,,,,,,,(434) 277-3600,"5990 Wheeler Cove Road, Shipman, VA 22971",josh,,,https://www.google.com/maps/dir/?api=1&destination=5990%20Wheeler%20Cove%20Road%2C%20Shipman%2C%20VA%2022971,,,,,,,,,,,,,,Farm; Seasonal Menu; Family Friendly; Local Ingredients,false,https://www.google.com/maps/dir/?api=1&destination=5990%20Wheeler%20Cove%20Road%2C%20Shipman%2C%20VA%2022971
171,Mars Knob Farm,marsknob,Farms & Orchards,experience,Roseland,"Nestled within the historic Roseland homestead, Mars Knob Farm invites visitors to explore a delightful selection of small-batch, chemical-free pantry goods and apothecary items. This charming farm emphasizes sustainability and quality, offering everything from artisanal preserves to herbal remedies crafted with care. As you stroll through the scenic landscape, you'll appreciate the farm's commitment to natural practices. Don't miss the chance to sample local delights, making Mars Knob Farm a perfect stop for those seeking unique, wholesome products in a picturesque setting.",,,https://ik.imagekit.io/OE/nelson-county/listings/mars-knob-farm-image1_-aoc7JgX_,"Floral emblem with text 'MARS KNOB FARM, NATURE & BEAUTY' on beige background.",,,,,,,,,,"Roseland, VA 22967",WG,,,https://www.google.com/maps/dir/?api=1&destination=Roseland%2C%20VA%2022967,,,,,,,,,,,,,,Farm; Family Friendly; Local Ingredients,false,https://www.google.com/maps/dir/?api=1&destination=Roseland%2C%20VA%2022967
271,Eventide Farm,eventidefarm,Farms & Orchards,experience,Afton,"Discover the charm of Eventide Farm, a delightful farm stand located in Afton. Here, you'll find a vibrant selection of seasonal flowers, fresh produce, homemade baked goods, and farm-fresh eggs. In addition to these offerings, the farm also features aromatic herbs, handcrafted soaps, and beautifully scented candles, ensuring there's something for everyone. Visit Eventide Farm for a true taste of local bounty and an inviting atmosphere that celebrates the beauty of nature.",,,https://ik.imagekit.io/OE/nelson-county/listings/eventide-farm-image1_UJELFrlDR,Family at pumpkin stand with holiday candles under white tent.,,,,,,,,,(540) 705-3244,"11254 Rockfish Valley Highway, Afton, VA 22920",WG,,,https://www.google.com/maps/dir/?api=1&destination=11254%20Rockfish%20Valley%20Highway%2C%20Afton%2C%20VA%2022920,,,,,,,,,,,,,,Farm; Market; Seasonal Menu; Bakery; Baked Goods; Local Ingredients,false,https://www.google.com/maps/dir/?api=1&destination=11254%20Rockfish%20Valley%20Highway%2C%20Afton%2C%20VA%2022920
273,Deep Sea Pete's Creekside Farm,deep-sea-petes-creekside-farm,Farms & Orchards,experience,Roseland,"Schedule a farm visit with Deep Sea Pete to see how log inoculation, shade houses, and raised beds turn oak bolts into fresh culinary mushrooms. Orders can be picked up right on Perry Lane, making it easy to take chef-ready harvests back to your Nelson County kitchen.",,,https://ik.imagekit.io/OE/nelson-county/listings/deep-sea-pete-s-creekside-farm-image1_jdX269gOR,"Basket of mushrooms on wooden slats, stream in background.",,https://ik.imagekit.io/OE/nelson-county/listings/deep-sea-pete-s-creekside-farm-image2_L7RgwL-GO,Assorted mushrooms with herbs on woven basket and wooden surface.,,,,,,(757) 560-8996,"1219 Perry Lane, Lovingston, VA 22949",WG,,,https://www.google.com/maps/dir/?api=1&destination=1219%20Perry%20Lane%2C%20Lovingston%2C%20VA%2022949,,,,,,,,,,,,,,Farm; Local Ingredients,false,https://www.google.com/maps/dir/?api=1&destination=1219%20Perry%20Lane%2C%20Lovingston%2C%20VA%2022949
276,Gathered Threads,gathered,Farms & Orchards,experience,Roseland,"Gathered Threads is a charming six-acre family farm in Nelson County, Virginia, dedicated to sustainably growing a vibrant array of flowers and botanicals without the use of pesticides. We proudly supply local markets and host engaging workshops that connect the community with nature. Experience the beauty and bounty of our farm, where every bloom reflects our commitment to eco-friendly practices and quality craftsmanship. Join us in celebrating nature's artistry and discover the joy of gathered threads.",,,https://ik.imagekit.io/OE/nelson-county/listings/gathered-threads-image1_FeSRjOoNK,Vegetable garden with rows of greenery and two greenhouses in the background.,,,,,,,,,,"1127 Jennys Creek Road, Roseland, VA 22967",WG,,,https://www.google.com/maps/dir/?api=1&destination=1127%20Jennys%20Creek%20Road%2C%20Roseland%2C%20VA%2022967,,,,,,,,,,,,,,Market; Retail; Farm; Local Ingredients,false,https://www.google.com/maps/dir/?api=1&destination=1127%20Jennys%20Creek%20Road%2C%20Roseland%2C%20VA%2022967
283,Galleywinter Farm,galleywinter,Farms & Orchards,experience,Afton,"Nestled in the serene landscape of Afton, Galleywinter Farm offers a unique blend of wellness and equine experiences that promote personal growth and empowerment. Visitors can immerse themselves in health retreats that focus on nutrition, fitness, and stress management while enjoying the calming presence of horses. Engage in transformative horsemanship lessons and horse-wise sessions designed to enhance self-awareness and communication skills. Additionally, the farm hosts invigorating yoga classes and creative residencies, all set against the backdrop of a pastoral horse farm. Experience a nurturing environment that fosters alignment, sovereignty, and connection—both with yourself and these magnificent animals.",,,https://ik.imagekit.io/OE/nelson-county/listings/galleywinter-farm-image1_RGBNG08oV,"Farm sign on rustic wooden post, surrounded by pink flowers and greenery.",,https://ik.imagekit.io/OE/nelson-county/listings/galleywinter-farm-image2_r9qXWOU9ke,"Bathtub with rose petals in forest, surrounded by green trees.",,https://ik.imagekit.io/OE/nelson-county/listings/galleywinter-farm-image3_CyJ4_PP99,"Wooden room with bed, rocking chairs, table, and natural light through large windows.",,,,"Afton, VA 22920",WG,,,https://www.google.com/maps/dir/?api=1&destination=Afton%2C%20VA%2022920,,,,,,,,,,,,,,Farm; Equestrian; Local Ingredients,false,https://www.google.com/maps/dir/?api=1&destination=Afton%2C%20VA%2022920
383,Queen Oaks Farm,queenoaksfarm,Farms & Orchards,experience,Schuyler,"Owned and operated by Lauren Shifflett and her husband, L&B Farms is a small homestead offering sourdough baked goods and handmade goat milk soaps. Lauren is Food Handler certified and operates a home bakery featuring a variety of sourdough items. The farm is home to three Nigerian Dwarf goats—Mikko, Poppy, and Ellie Mae—who provide fresh milk used for soap making and household use.",,,https://ik.imagekit.io/OE/nelson-county/listings/queen-oaks-farm-image1_fuxgxACcR,"Pumpkin-shaped bread with a cinnamon stick stem, held in hand.",6930547d5c7cd75eb880dc49,,,695d1d645c7cd75eb86268c4,,,695d1d7a5c7cd75eb862ddf4,,,"Schuyler, VA 22969",WG,,,https://www.google.com/maps/dir/?api=1&destination=Schuyler%2C%20VA%2022969,,,,,,,,,,,,,,Baked Goods; Bakery; Farm; Local Ingredients; Market,false,https://www.google.com/maps/dir/?api=1&destination=Schuyler%2C%20VA%2022969
384,Three Trees Farm,threetreesfarm,Farms & Orchards,experience,Nelson 29,"Our story is deeply rooted in our love for nature and sustainable farming practices. The county is conveniently located between Lynchburg and Charlottesville, so every year thousands of people pass through Nelson to rest.",,,https://ik.imagekit.io/OE/nelson-county/listings/three-trees-farm-image1_fJWvUI8kJ,Silhouette of three trees and mountains on orange circular background.,,https://ik.imagekit.io/OE/nelson-county/listings/three-trees-farm-image2_O2cJxikgn,People sorting vegetables on tables against red wooden barn.,,,,,,(571) 268-0478,"Walkers Mountain, Arrington, VA",WG,,,https://www.google.com/maps/dir/?api=1&destination=Walkers%20Mountain%2C%20Arrington%2C%20VA,,,,,,,,,,,,,,Organic; Scenic Views; Local Ingredients; Farm,false,https://www.google.com/maps/dir/?api=1&destination=Walkers%20Mountain%2C%20Arrington%2C%20VA
105,Fishing the Tye River,fishing-the-tye-river,Fishing,outdoor,Tyro,"The Tye River, a 35-mile tributary fed by the Piney and Buffalo rivers, offers roadside access along Route 56 and scenic Blue Ridge views. Anglers can enjoy fishing for smallmouth bass, bluegill, and stocked trout from October to May. Bring waders for fly fishing and consult DWR trout schedules for optimal timing.",,,https://ik.imagekit.io/OE/nelson-county/listings/fishing-the-tye-river-image1_abPBDA5QU,"Person holding brown trout over water surface, visible scales and spots.",,,,,,,,,(434) 263-7015,"Route 56 River Access, Tyro, VA 22976",josh,,,https://www.google.com/maps/dir/?api=1&destination=Route%2056%20River%20Access%2C%20Tyro%2C%20VA%2022976,,,,,,,,,,,,,,Scenic Views; Water Sports; Fishing,false,https://www.google.com/maps/dir/?api=1&destination=Route%2056%20River%20Access%2C%20Tyro%2C%20VA%2022976
106,Fishing the James River,fishing-the-james-river,Fishing,outdoor,Wingina,"Fishing the James River means chasing smallmouth bass, flathead and channel catfish, and panfish from Botetourt County through Nelson's border, with both mountain and Piedmont stretches producing year-round action. Midway Concrete Ramp (In James River WMA off Rt.",,,https://ik.imagekit.io/OE/nelson-county/listings/fishing-the-james-river-image1_acFgJjgeQ,Hand holding largemouth bass with lake and trees in background.,,,,,,,,,(434) 933-4355,"Midway Boat Ramp, 106 Midway Lane, Wingina, VA 24599",josh,,,https://www.google.com/maps/dir/?api=1&destination=Midway%20Boat%20Ramp%2C%20106%20Midway%20Lane%2C%20Wingina%2C%20VA%2024599,,,,,,,,,,,,,,Boating; Fishing; Water Sports,false,https://www.google.com/maps/dir/?api=1&destination=Midway%20Boat%20Ramp%2C%20106%20Midway%20Lane%2C%20Wingina%2C%20VA%2024599
107,Fishing the Little Piney River,fishing-the-little-piney-river,Fishing,outdoor,Lowesville,"Discover the tranquility of fishing on the Little Piney River, accessible from the Midway Concrete Ramp in the James River Wildlife Management Area. This prime spot caters to both novice and experienced anglers, offering a rich aquatic ecosystem and beautiful scenery. Whether you're after a peaceful outing or a thrilling fishing challenge, the Little Piney River is the perfect destination for your next adventure.",,,https://ik.imagekit.io/OE/nelson-county/listings/fishing-the-little-piney-river-image1_r1x6cZxYB,Silhouette of person fishing against a sky backdrop with tall trees.,,,,,,,,,(434) 263-7015,"162 Woodson Road, Lowesville, VA 22967",josh,,,https://www.google.com/maps/dir/?api=1&destination=162%20Woodson%20Road%2C%20Lowesville%2C%20VA%2022967,,,,,,,,,,,,,,Scenic Views; Parking; Water Sports; Fishing,false,https://www.google.com/maps/dir/?api=1&destination=162%20Woodson%20Road%2C%20Lowesville%2C%20VA%2022967
108,Fishing the South Rockfish River,fishing-the-south-rockfish-river,Fishing,outdoor,Afton,"Nestled in the picturesque landscapes of Virginia, the South Fork Rockfish River offers an enticing fishing experience for enthusiasts of all levels. With a convenient put-in off Route 6 and a scenic take-out at Route 29, anglers can enjoy a leisurely day on the water, particularly during the prime fishing windows from fall through spring. This stocked trout water is not only perfect for casting your line but also allows you to soak in the beauty of the surrounding nature. After a successful day of fishing, consider exploring nearby attractions like the Lower Shamokin Falls Trail or unwinding at the local Blue Mountain Brewery for a refreshing post-fishing treat. The combination of excellent fishing and stunning scenery makes the South Fork Rockfish River a must-visit destination for outdoor lovers.",,,https://ik.imagekit.io/OE/nelson-county/listings/fishing-the-south-rockfish-river-image1_kGBkHHzo1,Hand holding fish in net with water and leaves.,,,,,,,,,(434) 263-7015,"Rockfish River Wayside, 6759 Rockfish Valley Highway, Afton, VA 22920",josh,,,https://www.google.com/maps/dir/?api=1&destination=Rockfish%20River%20Wayside%2C%206759%20Rockfish%20Valley%20Highway%2C%20Afton%2C%20VA%2022920,,,,,,,,,,,,,,Scenic Views; Water Sports; Fishing,false,https://www.google.com/maps/dir/?api=1&destination=Rockfish%20River%20Wayside%2C%206759%20Rockfish%20Valley%20Highway%2C%20Afton%2C%20VA%2022920
109,Fishing at Montebello,fishing-at-montebello,Fishing,outdoor,Montebello,"Experience fishing at the Midway Concrete Ramp, located in the scenic James River Wildlife Management Area along Route XX. This prime spot offers anglers a chance to cast their lines in a serene environment, surrounded by lush nature and abundant wildlife. Whether you're a seasoned fisherman or a beginner, the ramp provides easy access to the river, making it an ideal destination for a relaxing day on the water. Come enjoy the tranquility and the thrill of fishing in one of Virginia's beautiful natural settings.",,,https://ik.imagekit.io/OE/nelson-county/listings/fishing-at-montebello-image1_2qVcnapTN,"People fishing by a small pond, surrounded by green trees and hills.",,,,,,,,,(540) 377-2650,"15072 Crabtree Falls Highway, Montebello, VA 24464",josh,,,https://www.google.com/maps/dir/?api=1&destination=15072%20Crabtree%20Falls%20Highway%2C%20Montebello%2C%20VA%2024464,,,,,,,,,,,,,,Retail; Family Friendly; Water Sports; Fishing,false,https://www.google.com/maps/dir/?api=1&destination=15072%20Crabtree%20Falls%20Highway%2C%20Montebello%2C%20VA%2024464
110,Fishing at Lake Monocan Park,fishing-at-lake-monacan-park,Fishing,outdoor,Wintergreen Resort,"Nestled in the scenic Wintergreen Resort area, Lake Monocan Park offers a tranquil escape for fishing enthusiasts and nature lovers alike. This 20-acre lake features seasonal public access, allowing visitors to enjoy its serene waters and lush surroundings. Anglers can look forward to a well-stocked fishing experience, with a variety of fish waiting to be caught. The convenient Midway Concrete Ramp offers easy boat access, while the sandy beach amenities invite families to relax and soak up the sun. After a day of fishing, explore the nearby Lower Shamokin Falls Trail for a refreshing hike or unwind at the Blue Mountain Brewery for a well-deserved treat. Whether you're a seasoned angler or just looking for a peaceful day outdoors, Lake Monocan Park provides the perfect setting for a memorable adventure.",,,https://ik.imagekit.io/OE/nelson-county/listings/fishing-at-lake-monocan-park-image1_raTra86HT,"Aerial view of a lush green forest, lake, and rolling hills.",,,,,,,,,(434) 325-8180,"Lake Monocan Park, 239 Monocan Drive, Nellysford, VA 22958",josh,,,https://www.google.com/maps/dir/?api=1&destination=Lake%20Monocan%20Park%2C%20239%20Monocan%20Drive%2C%20Nellysford%2C%20VA%2022958,,,,,,,,,,,,,,Boating; Picnic Area; Seasonal Menu; Water Sports; Fishing,false,https://www.google.com/maps/dir/?api=1&destination=Lake%20Monocan%20Park%2C%20239%20Monocan%20Drive%2C%20Nellysford%2C%20VA%2022958
111,Fishing at Lake Nelson,fishing-at-lake-nelson,Fishing,outdoor,Arrington,"Nestled in a serene natural setting, Lake Nelson is a state-managed, 40-acre gem perfect for fishing enthusiasts. With a diverse array of species including largemouth bass, catfish, and crappie, anglers can cast their lines from the 24-hour shoreline or launch their electric-powered boats at the conveniently located ramp. Enjoy the tranquil surroundings, complete with ample parking and portable toilets available from March to September. After a day of fishing, explore nearby attractions like the Lower Shamokin Falls Trail or unwind with a refreshing drink at Blue Mountain Brewery, making your visit to Lake Nelson a delightful retreat for both relaxation and adventure.",,,https://ik.imagekit.io/OE/nelson-county/listings/fishing-at-lake-nelson-image1_np2rZtH6Z,Person holding live fish by the mouth over blurred outdoor background.,,,,695d1d645c7cd75eb86268c4,,,695d1d7a5c7cd75eb862ddf4,,(434) 263-7015,"801 Lake Nelson Lane, Arrington, VA 22922",josh,,,https://www.google.com/maps/dir/?api=1&destination=801%20Lake%20Nelson%20Lane%2C%20Arrington%2C%20VA%2022922,,,,,,,,,,,,,,Boating; Fishing; Water Sports,true,https://www.google.com/maps/dir/?api=1&destination=801%20Lake%20Nelson%20Lane%2C%20Arrington%2C%20VA%2022922
112,Wintergreen Resort Fishing,wintergreen-resort-fishing,Fishing,outdoor,Wintergreen Resort,"Discover the serene beauty of fishing at Wintergreen Resort, located near the Midway Concrete Ramp within the James River Wildlife Management Area. This prime fishing spot offers easy access to the river, where anglers can enjoy a variety of fish and picturesque surroundings. Whether you're a seasoned fisherman or a beginner, the tranquil environment and stunning views make for an unforgettable experience. Come and cast your line in this idyllic setting, where relaxation and adventure await.",,,https://ik.imagekit.io/OE/nelson-county/listings/wintergreen-resort-fishing-image1_p-qkftaFk,"Two men fishing by a river, one pointing ahead, surrounded by greenery.",,,,,,,,,(434) 325-8180,"Wintergreen Resort Outdoor Programs, 39 Mountain Inn Loop, Wintergreen, VA 22967",josh,,,https://www.google.com/maps/dir/?api=1&destination=Wintergreen%20Resort%20Outdoor%20Programs%2C%2039%20Mountain%20Inn%20Loop%2C%20Wintergreen%2C%20VA%2022967,,,,,,,,,,,,,,Scenic Views; Water Sports; Fishing,false,https://www.google.com/maps/dir/?api=1&destination=Wintergreen%20Resort%20Outdoor%20Programs%2C%2039%20Mountain%20Inn%20Loop%2C%20Wintergreen%2C%20VA%2022967
113,Devils Knob Golf Course,devils-knob-golf-course,Golf,experience,Wintergreen Resort,"Nestled at an impressive elevation of 3,800 feet, Devils Knob Golf Course is Virginia's highest golf course, offering a unique blend of challenge and breathtaking beauty. Crafted by renowned designer Ellis Maples, this 18-hole course features narrow mountain fairways and fast greens, ensuring an exhilarating round for golfers of all skill levels. As you navigate the course, be captivated by stunning vistas of the Blue Ridge Mountains, making each swing a memorable experience. After your game, consider exploring the nearby Lower Shamokin Falls Trail for a scenic hike or unwind at the Blue Mountain Brewery, where you can savor local brews and delicious food. Whether you're a seasoned pro or a casual player, a day at Devils Knob promises unforgettable moments amidst nature’s splendor.",,,https://ik.imagekit.io/OE/nelson-county/listings/devils-knob-golf-course-image1_-NwtvpV8L,Green golf course bordered by autumn-colored trees under clear blue sky.,,,,695d1d645c7cd75eb86268c4,,,695d1d7a5c7cd75eb862ddf4,,(434) 325-8520,"Route 664, Wintergreen, VA 22958",josh,,,https://www.google.com/maps/dir/?api=1&destination=Route%20664%2C%20Wintergreen%2C%20VA%2022958,,,,,,,,,,,,,,Golf; Resort; Scenic Views,true,https://www.google.com/maps/dir/?api=1&destination=Route%20664%2C%20Wintergreen%2C%20VA%2022958
114,Stoney Creek Golf Course,stoney-creek-golf-course,Golf,experience,Wintergreen Resort,"Experience the stunning 27-hole Stoney Creek Golf Course, designed by Rees Jones, nestled in the picturesque Rockfish Valley. This year-round golfing destination features a captivating landscape of flowing streams, diverse wetlands, and abundant wildlife. Enjoy a seamless day of adventure—ski Wintergreen in the morning and refine your swing amidst the scenic beauty in the afternoon. Perfect for golfers of all skill levels, Stoney Creek invites you to immerse yourself in nature while enjoying a challenging and rewarding round.",,,https://ik.imagekit.io/OE/nelson-county/listings/stoney-creek-golf-course-image1_4pzf3VTYQ,"Lush green golf course with autumn trees, mountain backdrop under cloudy sky.",,,,,,,,,(434) 325-8250,"135 Stoney Creek East, Nellysford, VA 22958",josh,,,https://www.google.com/maps/dir/?api=1&destination=135%20Stoney%20Creek%20East%2C%20Nellysford%2C%20VA%2022958,,,,,,,,,,,,,,Resort; Golf; Water Sports; Fishing,false,https://www.google.com/maps/dir/?api=1&destination=135%20Stoney%20Creek%20East%2C%20Nellysford%2C%20VA%2022958
169,Indian Summer Guide Service,indian-summer-guide-service,Horseback Riding,experience,Nelson County,"Experience the beauty of Virginia's vineyards with Indian Summer Guide Service, where we offer exclusive horseback riding excursions through picturesque landscapes. Enjoy a unique adventure that culminates in delightful tastings at Veritas Vineyards & Winery and other renowned wineries in the Charlottesville area. Whether you're an experienced rider or a beginner, our guided tours promise an unforgettable experience, combining the thrill of horseback riding with the charm of local wine culture. Join us for a memorable day in the heart of Virginia's wine country!",,,https://ik.imagekit.io/OE/nelson-county/listings/indian-summer-guide-service-image1_vrYc4oP7k,Three riders on horses overlooking green valley with mountains in background.,,,,,,,,,(434) 531-9679,"151 Veritas Lane, Afton, VA 22920",josh,,,https://www.google.com/maps/dir/?api=1&destination=151%20Veritas%20Lane%2C%20Afton%2C%20VA%2022920,,,,,,,,,,,,,,Equestrian; Farm; Hiking; Tastings; Wine,false,https://www.google.com/maps/dir/?api=1&destination=151%20Veritas%20Lane%2C%20Afton%2C%20VA%2022920
56,Allen Creek Nature Preserve,allen-creek-nature-preserve,Hikes & Trails,outdoor,Wintergreen Resort,"Allen Creek Nature Preserve offers a 0.7-mile loop in Wintergreen, showcasing a unique high-elevation wetland. Visitors can explore braided streams and northern plant species, supported by interpretive guides at the trailhead.",,,https://ik.imagekit.io/OE/nelson-county/listings/allen-creek-nature-preserve-image1_hUFD6CEWI,Purple violets amidst green leaves and grass on forest floor.,,,,,,,,,(434) 263-7015,"8519 Thomas Nelson Hwy, Lovingston, VA 22949",josh,,,https://www.google.com/maps/dir/?api=1&destination=8519%20Thomas%20Nelson%20Hwy%2C%20Lovingston%2C%20VA%2022949,,,,,,,,,,,,,,Tours; Family Friendly; Hiking; Biking,false,https://www.google.com/maps/dir/?api=1&destination=8519%20Thomas%20Nelson%20Hwy%2C%20Lovingston%2C%20VA%2022949
57,Appalachian Trail from Rt 56 to Harpers Creek,appalachian-trail-from-rt-56-to-harpers-creek,Hikes & Trails,outdoor,Tyro,"Embark on a scenic 2.6-mile journey along the Appalachian Trail, beginning at VA Route 56. This picturesque segment leads you across the Tye River via a charming swinging bridge, guiding you through lush laurel and rhododendron forests to the serene Harpers Creek Shelter. Along the way, you'll discover beautiful creekside campsites, perfect for a peaceful retreat in nature. Whether you're a seasoned hiker or a casual explorer, this trail offers a refreshing escape and stunning views that are sure to captivate your spirit of adventure.",,,https://ik.imagekit.io/OE/nelson-county/listings/appalachian-trail-from-rt-56-to-harpers-creek-image1_zH8UGdn8C,Wooden suspension bridge through colorful autumn forest with rocky foreground.,,,,,,,,,(434) 263-7015,"8519 Thomas Nelson Hwy, Lovingston, VA 22949",josh,,,https://www.google.com/maps/dir/?api=1&destination=8519%20Thomas%20Nelson%20Hwy%2C%20Lovingston%2C%20VA%2022949,,,,,,,,,,,,,,Scenic Views; Hiking; Biking; Appalachian Trail; Water Sports,false,https://www.google.com/maps/dir/?api=1&destination=8519%20Thomas%20Nelson%20Hwy%2C%20Lovingston%2C%20VA%2022949
58,Blackrock Trail,blackrock-trail,Hikes & Trails,outdoor,Wintergreen Resort,"The Blackrock Trail is a steep 0.8-mile red-blazed ascent on a south-facing slope, featuring pedlar gneiss outcrops and a variety of flora, including mountain laurel, rose azalea, chestnut oak, and table mountain pine. Hikers are rewarded with rugged views, especially during the June bloom season. The trail connects to Pedlars Edge Trail.",,,https://ik.imagekit.io/OE/nelson-county/listings/blackrock-trail-image1_icsrDn5Xh,Forest trail with rocks and dense green foliage surrounding trees.,,,,,,,,,(434) 263-7015,"8519 Thomas Nelson Hwy, Lovingston, VA 22949",josh,,,https://www.google.com/maps/dir/?api=1&destination=8519%20Thomas%20Nelson%20Hwy%2C%20Lovingston%2C%20VA%2022949,,,,,,,,,,,,,,Scenic Views; Biking; Hiking,false,https://www.google.com/maps/dir/?api=1&destination=8519%20Thomas%20Nelson%20Hwy%2C%20Lovingston%2C%20VA%2022949
59,Blue Ridge Tunnel,blue-ridge-tunnel,Hikes & Trails,outdoor,Afton,"Experience the restored Blue Ridge Tunnel, a 1850s engineering feat by Claudius Crozet. This 2.25-mile crushed-gravel path features dramatic stone portals that connect Afton and the Rockfish Valley, allowing hikers and cyclists to traverse nearly a mile through the historic rail tunnel beneath Rockfish Gap, linking Skyline Drive and the Blue Ridge Parkway.",,,https://ik.imagekit.io/OE/nelson-county/listings/blue-ridge-tunnel-image1_PrnI6PqE9,"Cyclist with headlight in dark tunnel, wet rocky walls.",6930547d5c7cd75eb880dc49,https://ik.imagekit.io/OE/nelson-county/listings/Blue-Ridge-Tunnel-Video-Preview_orwEUvRjO.jpg,"Person holding light inside dark, arched tunnel.",695d1d645c7cd75eb86268c4,https://ik.imagekit.io/OE/nelson-county/listings/Blue-Ridge-Tunnel-Opening_QtYh0xz0N.jpg,"Stone archway entrance to dark tunnel, surrounded by rocky landscape.",695d1d7a5c7cd75eb862ddf4,,(434) 263-7015,"215 Afton Depot Lane, Afton, VA 22920",josh,,,https://www.google.com/maps/dir/?api=1&destination=215%20Afton%20Depot%20Lane%2C%20Afton%2C%20VA%2022920,https://youtu.be/9TllH8bjlHQ,https://ik.imagekit.io/OE/nelson-county/listings/Blue_Ridge_Tunnel_Map_OxY941XXoL.pdf,Blue Ridge Tunnel Map,,,About the Tunnel,"<h4>History</h4>

<p>The Blue Ridge Tunnel was designed by French-born engineer Claudius Crozet (1789–1864), one of the most influential transportation engineers of the 19th century. A graduate of the École Polytechnique in Paris, Crozet later taught engineering at the U.S. Military Academy at West Point and helped found the Virginia Military Institute.</p>

<p>As chief engineer, Crozet surveyed a rail route through Rockfish Gap to connect eastern and western Virginia. His plan included several tunnels, extensive embankments, and the nearly one-mile-long Blue Ridge Tunnel between Nelson and Augusta counties.</p>

<p>Construction proved far more difficult than expected due to extremely hard rock, particularly greenstone. Despite these challenges, Irish immigrant laborers successfully bored through the mountain, meeting with remarkable precision in December 1856.</p>

<p>The tunnel opened to rail traffic on April 13, 1858, becoming the longest railroad tunnel in North America at the time. Although Crozet had resigned shortly before its completion, his engineering vision was essential to the project’s success.</p>

<p>Learn more about the tunnel’s history at the <a href=""https://www.blueridgetunnel.org"" target=""_blank"">Blue Ridge Tunnel Foundation</a>.</p>",Trail & Park Rules,"<h4>Trail & Park Rules</h4>

<p>The Blue Ridge Tunnel Trail is open daily from <strong>sunrise to sunset</strong>. Visitors should remain aware of other trail users, watch for uneven ground inside the tunnel, and <strong>bring flashlights or headlamps</strong> at all times.</p>

<p>Trailhead parking areas are small and limited. When parking areas are full, the trail is considered full. Visitors should park only in designated spaces and never along roadways. There is no overnight parking, RV parking, or camping at either trailhead.</p>

<p>For a less strenuous experience, including improved accessibility for wheelchair users, the <strong>east trailhead</strong> is recommended. Cyclists are also encouraged to use the east side and must always yield to pedestrians.</p>

<p>Help protect the natural environment by staying on designated trails and avoiding damage to plants, trees, and wildlife. Collecting plants or animals is prohibited, and visitors should pack out all trash. Feeding wildlife and releasing balloons are not allowed.</p>

<p>Mountain bikes are permitted only on designated roads. The use of motorized vehicles, drones, fireworks, and unmanned aircraft is prohibited. Alcohol use is not permitted, and smoking is not allowed inside the tunnel.</p>

<p>Overnight camping is prohibited and considered trespassing. All visitors are expected to follow Virginia law while using the trail.</p>
",Trail Conditions & What to Expect,"<h4>Trail Conditions & What to Expect</h4>

<h5>Distance & Time</h5>
<p>At a comfortable walking pace, a hike to the western portal and back typically takes about <strong>1.5 hours</strong>. The trail is approximately <strong>2.25 miles one way</strong> and <strong>4.5 miles round trip</strong> when walking from one trailhead to the other and returning.</p>

<h5>Trail Surface</h5>
<p>The trail is primarily crushed gravel with some steep inclines. Inside the tunnel, the surface may be uneven due to ruts and puddles caused by constant water drip.</p>

<h5>Lighting & Visibility</h5>
<p>The tunnel is not lit and is very dark. A <strong>high-powered flashlight or headlamp is strongly recommended</strong> for all visitors.</p>

<h5>Weather & Clothing</h5>
<p>The interior of the tunnel remains cool year-round, typically between <strong>55–65°F</strong>. Water drips continuously from the ceiling and walls, so visitors should wear appropriate clothing and sturdy, comfortable shoes.</p>

<h5>Wet Areas & Stream Crossing</h5>
<p>Puddles are common inside the tunnel. On the west side of the trail, a concrete stream crossing may have water flowing over it during or after rainstorms. Use caution in wet conditions.</p>

<h5>Facilities</h5>
<p>Portable restrooms are available at both the eastern and western parking areas but are not located along the trail. There are no water fountains on the trail, so visitors should bring drinking water.</p>
",Frequently Asked Questions,"<h4>Frequently Asked Questions</h4>

<h5>Is the trail suitable for wheelchairs?</h5>
<p>The trail surface is crushed gravel. The <strong>east trail</strong> has minimal elevation change and is generally the most accessible option. The tunnel is unlit and remains cool year-round (approximately <strong>55–65°F</strong>), with constant water dripping that can create puddles and ruts. Visitors should consider these conditions when planning their visit.</p>

<h5>Trail grades and accessibility details</h5>
<p><strong>East Trail to Tunnel Entrance:</strong> 0.63 miles with a gentle average grade of approximately 1.5%.</p>
<p><strong>Tunnel:</strong> Approximately 4,273 feet long with a gradual average grade of 1.3%.</p>
<p><strong>West Trail to Tunnel Entrance:</strong> Steeper terrain with sustained grades over 5% and a maximum grade of approximately 19%. This section is more challenging.</p>

<h5>Are dogs allowed?</h5>
<p>Yes. Dogs are permitted on the trail and in the tunnel but must be kept on a leash at all times. Owners are responsible for cleaning up after their pets.</p>

<h5>How long is the trail and tunnel?</h5>
<p>The full trail from one trailhead to the other is approximately <strong>2.25 miles</strong>. The tunnel itself is nearly one mile long.</p>
<p>From the east trailhead through the tunnel: approximately <strong>1.44 miles</strong>. From the west trailhead through the tunnel: approximately <strong>1.62 miles</strong>.</p>

<h5>Who manages the trail?</h5>
<p>The trail and tunnel are owned by Nelson County and maintained by the Nelson County Parks and Recreation Department.</p>

<h5>Are restrooms or amenities available?</h5>
<p>Portable restrooms are located at both the east and west trailheads. There are no restrooms or water fountains along the trail.</p>

<h5>What are the visiting hours?</h5>
<p>The trail and tunnel are open daily from <strong>sunrise to sunset</strong>.</p>

<h5>Is the tunnel lit?</h5>
<p>No. Visitors must bring <strong>high-powered flashlights or headlamps</strong> to safely travel through the tunnel.</p>

<h5>Can I ride a bike on the trail?</h5>
<p>Yes. Cyclists are encouraged to use the east trail, which has gentler grades. The west trail is steeper and best suited for experienced riders. Bicyclists must yield to pedestrians and be prepared for wet, uneven conditions inside the tunnel.</p>
",Biking; Educational; Hiking; Parking; Scenic Views,true,https://www.google.com/maps/dir/?api=1&destination=215%20Afton%20Depot%20Lane%2C%20Afton%2C%20VA%2022920
60,Brimstone Trail,brimstone-trail,Hikes & Trails,outdoor,Wintergreen Resort,"Brimstone Trail is a steep 0.8-mile ascent with red blazes, featuring rocky cliffs and stunning views of Three Ridges. The trail includes laurel thickets and fern-covered rock gardens, and it presents a challenging mix of elevation changes, especially during icy conditions.",,,https://ik.imagekit.io/OE/nelson-county/listings/brimstone-trail-image1_opRNVPbgI,"Rocky trail with hiker in distance, green leaves in foreground.",,https://ik.imagekit.io/OE/nelson-county/listings/brimstone-trail-image2_zX3Kal7WOD,"Wooden sign with red and yellow text, directions to trails, gravel road background.",,,,,,(434) 263-7015,"8519 Thomas Nelson Hwy, Lovingston, VA 22949",josh,,,https://www.google.com/maps/dir/?api=1&destination=8519%20Thomas%20Nelson%20Hwy%2C%20Lovingston%2C%20VA%2022949,,,,,,,,,,,,,,Scenic Views; Biking; Hiking; Fishing,false,https://www.google.com/maps/dir/?api=1&destination=8519%20Thomas%20Nelson%20Hwy%2C%20Lovingston%2C%20VA%2022949
61,Cedar Ciffs North Trail,cedar-ciffs-north-trail,Hikes & Trails,outdoor,Wintergreen Resort,"Explore Cedar Cliffs North Trail, a 0.7-mile path that meanders along the northern face of Cedar Cliffs. This scenic trail showcases moss-covered boulders and lush ferns, providing a peaceful retreat for hikers. It also connects to the main overlook trail, making it a perfect starting point for breathtaking views. Enjoy the refreshing ambiance of this natural haven.",,,https://ik.imagekit.io/OE/nelson-county/listings/cedar-ciffs-north-trail-image1_43xSez7xo,"Wooden trail sign with colored text and arrow, rocky background, and greenery.",,,,,,,,,(434) 263-7015,"8519 Thomas Nelson Hwy, Lovingston, VA 22949",josh,,,https://www.google.com/maps/dir/?api=1&destination=8519%20Thomas%20Nelson%20Hwy%2C%20Lovingston%2C%20VA%2022949,,,,,,,,,,,,,,Scenic Views; Seasonal Menu; Biking; Hiking,false,https://www.google.com/maps/dir/?api=1&destination=8519%20Thomas%20Nelson%20Hwy%2C%20Lovingston%2C%20VA%2022949
119,Afton Mountain Vineyards,afton-mountain-vineyards,Vineyards & Wineries,taste,Afton,"Afton Mountain Vineyards, established in 1978, is one of Virginia's pioneer farm wineries. Situated at 1,000 feet on the sunrise side of Afton Mountain, it cultivates 11 grape varieties across 26 acres, producing estate-grown wines enhanced by cooling ridge breezes. Guests can enjoy tastings in the scenic tasting room.",,,https://ik.imagekit.io/OE/nelson-county/listings/afton-mountain-vineyards-image1_N7bTUqyJGf,Rows of vines in vineyard with mountains and buildings in background.,,,,,,,,https://www.aftonmountainvineyards.com/,(540) 456-8667,"234 Vineyard Lane, Afton, VA 22920",josh,,,https://www.google.com/maps/dir/?api=1&destination=234%20Vineyard%20Lane%2C%20Afton%2C%20VA%2022920,,,,,,,,,,,,,,Farm; Meeting Planners; Outdoor Seating; Scenic Views; Tastings; Wine,false,https://www.google.com/maps/dir/?api=1&destination=234%20Vineyard%20Lane%2C%20Afton%2C%20VA%2022920
120,Brent Manor Vineyards,brent-manor-vineyards,Vineyards & Wineries,taste,Faber,"Nestled in the picturesque hills south of Charlottesville, Brent Manor Vineyards offers an enchanting escape for wine enthusiasts. This boutique winery specializes in crafting exquisite Virginia-grown wines, complemented by a rotating selection of fine Portuguese varietals. Visitors can enjoy a personalized tasting experience in a cozy and intimate setting, making it the perfect destination for those seeking a blend of local charm and international flair. Come savor the unique flavors and stunning views that Brent Manor has to offer.",,,https://ik.imagekit.io/OE/nelson-county/listings/brent-manor-vineyards-image1_el5haOFHc,"Modern house with stone columns, metal roof, and cloudy sky background.",,,,,,,,https://www.brentmanorvineyards.com/,(434) 826-0722,"100 Brent Manor Lane, Faber, VA 22938",josh,,,https://www.google.com/maps/dir/?api=1&destination=100%20Brent%20Manor%20Lane%2C%20Faber%2C%20VA%2022938,,,,,,,,,,,,,,Wine; Tastings; Retail; Events; Farm,false,https://www.google.com/maps/dir/?api=1&destination=100%20Brent%20Manor%20Lane%2C%20Faber%2C%20VA%2022938
121,Caihailian Vineyard,caihailian-vineyard,Vineyards & Wineries,taste,Roseland,"Nestled along the scenic route to Wintergreen, Caihailian Vineyard is a charming family-run micro-vineyard that spans 2.5 picturesque hillside acres. Committed to crafting exceptional Monticello AVA wines, this intimate vineyard invites you to explore its rich flavors and unique character. Experience the warmth of family hospitality as you savor the exquisite wines produced right here in the heart of Virginia’s wine country. Join us for a memorable tasting experience that celebrates the beauty of local viticulture.",,,https://ik.imagekit.io/OE/nelson-county/listings/caihailian-vineyard-image1_-u3-ITjD2,"Vineyard with green vines, trees, mountains under blue sky with clouds.",,,,,,,,,,"872 Beech Grove, Roseland, VA 22967",josh,,,https://www.google.com/maps/dir/?api=1&destination=872%20Beech%20Grove%2C%20Roseland%2C%20VA%2022967,,,,,,,,,,,,,,Wine; Retail; Family Friendly; Farm; Tastings,false,https://www.google.com/maps/dir/?api=1&destination=872%20Beech%20Grove%2C%20Roseland%2C%20VA%2022967
122,Cardinal Point Winery,cardinal-point-winery,Vineyards & Wineries,taste,Afton,"Welcoming tasting room offers tours, Blue Ridge views, and seasonal events alongside expressive wines. Family-owned winery in the foothills of Afton Mountain inspired by the founders' time in Germany.",,,https://ik.imagekit.io/OE/nelson-county/listings/cardinal-point-winery-image1_kGIpRRfXg,"Wine bottles and glass on barrel table, plant and book beside.",,,,,,,,https://www.cardinalpointwinery.com/,(540) 456-8400,"9423 Batesville Rd, Afton, VA 22920",josh,,,https://www.google.com/maps/dir/?api=1&destination=9423%20Batesville%20Rd%2C%20Afton%2C%20VA%2022920,,,,,,,,,,,,,,Family Friendly; Farm; Live Music; Meeting Planners; Scenic Views; Tastings; Wine,false,https://www.google.com/maps/dir/?api=1&destination=9423%20Batesville%20Rd%2C%20Afton%2C%20VA%2022920
123,Flying Fox Vineyards,flying-fox-vineyards,Vineyards & Wineries,taste,Afton,"Flying Fox Vineyards is a boutique winery celebrated for its innovative approach to winemaking. Specializing in small-lot production, we craft distinct varietals that truly express their unique character. Our renowned Sly Fox vermouth line complements our wine offerings, providing a delightful experience for enthusiasts and newcomers alike. Join us to explore our exceptional selection and savor the essence of our vineyard.",,,https://ik.imagekit.io/OE/nelson-county/listings/flying-fox-vineyards-image1_QyaP87PFD,Winery building facade with large mural and outdoor seating at night.,,,,,,,,https://www.flyingfoxvineyard.com/,(434) 361-1692,"10368 Critzer Shop Rd, Afton, VA 22920",josh,,,https://www.google.com/maps/dir/?api=1&destination=10368%20Critzer%20Shop%20Rd%2C%20Afton%2C%20VA%2022920,,,,,,,,,,,,,,Tastings; Seasonal Menu; Outdoor Seating; Wine; Farm,false,https://www.google.com/maps/dir/?api=1&destination=10368%20Critzer%20Shop%20Rd%2C%20Afton%2C%20VA%2022920
124,Hill Top Winery & Meadery,hill-top-winery-meadery,Vineyards & Wineries,taste,Nellysford,"Nestled in the picturesque hills, Hill Top Winery & Meadery has been a pioneer in non-grape wines since 1998. Our passion for crafting fruit-forward wines and traditional honey meads draws inspiration from ancient fermentation techniques found across various cultures. Join us for a tasting experience that highlights our unique offerings, and discover the rich flavors that set us apart in the world of artisanal beverages.",,,https://ik.imagekit.io/OE/nelson-county/listings/hill-top-winery-meadery-image1_ne-tv5TEE,"Wine bottle, strawberries, and wine glasses arranged on a wooden board with cheese knives.",,,,,,,,,(434) 361-1266,"2800 Berry Hill Road, Nellysford, VA 22958",josh,,,https://www.google.com/maps/dir/?api=1&destination=2800%20Berry%20Hill%20Road%2C%20Nellysford%2C%20VA%2022958,,,,,,,,,,,,,,Desserts; Farm; Local Ingredients; Scenic Views; Tastings; Wine,false,https://www.google.com/maps/dir/?api=1&destination=2800%20Berry%20Hill%20Road%2C%20Nellysford%2C%20VA%2022958
125,Lovingston Winery,lovingston-winery,Vineyards & Wineries,taste,Lovingston,"Nestled on the picturesque Josie's Knoll, Lovingston Winery is a charming, gravity-flow estate winery that specializes in crafting exquisite small-batch wines. With a focus on Bordeaux and South African varietals, our unique approach to winemaking allows us to bring out the rich flavors and character of each grape. Join us for a tasting experience that celebrates the artistry of wine in a serene and inviting setting, where every bottle tells a story of passion and dedication. Come discover your new favorite wine at Lovingston Winery.",,,https://ik.imagekit.io/OE/nelson-county/listings/lovingston-winery-image1_fP7hZ7487,Two wine bottles on wooden table with red flowers in background.,,,,,,,,https://www.lovingstonwinery.com/,(434) 263-8467,"885 Freshwater Cove, Lovingston, VA 22949",josh,,,https://www.google.com/maps/dir/?api=1&destination=885%20Freshwater%20Cove%2C%20Lovingston%2C%20VA%2022949,,,,,,,,,,,,,,Scenic Views; Wine; Farm; Tastings,false,https://www.google.com/maps/dir/?api=1&destination=885%20Freshwater%20Cove%2C%20Lovingston%2C%20VA%2022949
126,Mountain and Vine Winery,mountain-and-vine-winery,Vineyards & Wineries,taste,Faber,"Mountain and Vine Vineyards & Winery is located in the Monticello AVA wine region. The location is exquisite, hugged between the hills, but with the elevation to guarantee not only flavorful wine but also breathtaking views.",,,https://ik.imagekit.io/OE/nelson-county/listings/mountain-and-vine-winery-image1_YUi_3GXtY,"Lush green landscape with hills, house, pond, and cloudy sky backdrop.",,,,,,,,https://www.mountainandvine.com/,(434) 263-6100,"500 DelFosse Winery Lane, Faber, VA 22938",josh,,,https://www.google.com/maps/dir/?api=1&destination=500%20DelFosse%20Winery%20Lane%2C%20Faber%2C%20VA%2022938,,,,,,,,,,,,,,Family Friendly; Farm; Meeting Planners; Tastings; Wine,false,https://www.google.com/maps/dir/?api=1&destination=500%20DelFosse%20Winery%20Lane%2C%20Faber%2C%20VA%2022938
127,Mountain Cove Vineyards & Winery,mountain-cove-vineyards-winery,Vineyards & Wineries,taste,Lovingston,"Nestled in the serene Blue Ridge foothills, Mountain Cove Vineyards & Winery offers a charming escape for wine enthusiasts and nature lovers alike. Experience our inviting tasting areas, where you can savor exquisite local wines while soaking in the breathtaking mountain views. Enjoy a leisurely afternoon on our picturesque picnic grounds, perfect for unwinding with friends and family amidst the beauty of nature. Join us for a memorable day of wine tasting and relaxation in this idyllic setting.",,,https://ik.imagekit.io/OE/nelson-county/listings/mountain-cove-vineyards-winery-image1_nMIHMYkXF,"Wooden cabin with red roof, green vines, and empty chairs outside.",,,,,,,,https://www.facebook.com/MountainCoveVineyards/,(434) 263-5392,"1365 North Amherst Hwy, Lovingston, VA 22949",josh,,,https://www.google.com/maps/dir/?api=1&destination=1365%20North%20Amherst%20Hwy%2C%20Lovingston%2C%20VA%2022949,,,,,,,,,,,,,,Family Friendly; Farm; Local Ingredients; Meeting Planners; Picnic Area; Scenic Views; Tastings; Wine,false,https://www.google.com/maps/dir/?api=1&destination=1365%20North%20Amherst%20Hwy%2C%20Lovingston%2C%20VA%2022949
128,Valley Road Vineyards,valley-road-vineyards,Vineyards & Wineries,taste,Afton,"Nestled along the picturesque Route 151, Valley Road Vineyards invites you to indulge in the beauty of the Rockfish Valley while savoring exceptional wines crafted since 2015 by a passionate group of friends. Enjoy relaxing lawn seating with breathtaking mountain views, perfect for picnics or leisurely afternoons. The vineyard also features a charming events pavilion, ideal for gatherings and celebrations. Come explore this vibrant community of wine lovers and discover the unique flavors that reflect the serene landscape surrounding you.",,,https://ik.imagekit.io/OE/nelson-county/listings/valley-road-vineyards-image1_zzVQeEY7N,Green hills with scattered houses and red barns under a clear sky.,,,,695d1d645c7cd75eb86268c4,,,695d1d7a5c7cd75eb862ddf4,https://www.valleyroadwines.com/,(540) 456-6350,"9264 Critzers Shop Road, Afton, VA 22920",josh,,,https://www.google.com/maps/dir/?api=1&destination=9264%20Critzers%20Shop%20Road%2C%20Afton%2C%20VA%2022920,,,,,,,,,,,,,,Farm; Fishing; Tastings; Wine,true,https://www.google.com/maps/dir/?api=1&destination=9264%20Critzers%20Shop%20Road%2C%20Afton%2C%20VA%2022920
129,Veritas Vineyards & Winery,veritas-vineyards-winery,Vineyards & Wineries,taste,Afton,"Our philosophy is to make wine with the classic, old-world principles of viticulture and vinification, at the same time using state of the art technology to capture varietal and regional character. Our name derives from the Roman historian Pliny the Elder's observation 'In Vino Veritas' – 'In Wine there is Truth.' We believe that the truth in our wine comes straight from our vineyard as an expression of the land where we live and work.",,,https://ik.imagekit.io/OE/nelson-county/listings/veritas-vineyards-winery-image1_nHivj3-nt,"Lush vineyards with white houses, mountains in background, under a clear blue sky.",,,,,,,,https://veritaswines.com/,(540) 456-8000,"151 Veritas Lane, Afton, VA 22920",josh,,,https://www.google.com/maps/dir/?api=1&destination=151%20Veritas%20Lane%2C%20Afton%2C%20VA%2022920,,,,,,,,,,,,,,Farm; Meeting Planners; Outdoor Seating; Scenic Views; Tastings; Wine,false,https://www.google.com/maps/dir/?api=1&destination=151%20Veritas%20Lane%2C%20Afton%2C%20VA%2022920
62,Chestnut Springs Trail,chestnut-springs-trail,Hikes & Trails,outdoor,Wintergreen Resort,"Experience the beauty of Chestnut Springs Trail, a scenic 1.1-mile loop that begins at Shamokin Gorge. This enchanting trail weaves through oak-hickory ridges, showcasing vibrant spring wildflowers and offering delightful stream crossings along the way. Perfect for nature enthusiasts and hikers alike, Chestnut Springs Trail invites you to immerse yourself in the serene landscapes near Wintergreen and discover the tranquility of the great outdoors.",,,https://ik.imagekit.io/OE/nelson-county/listings/chestnut-springs-trail-image1_QehjN4ktm,Wooden trail sign with engraved text surrounded by lush green foliage.,,,,,,,,,(434) 263-7015,"8519 Thomas Nelson Hwy, Lovingston, VA 22949",josh,,,https://www.google.com/maps/dir/?api=1&destination=8519%20Thomas%20Nelson%20Hwy%2C%20Lovingston%2C%20VA%2022949,,,,,,,,,,,,,,Hiking; Biking,false,https://www.google.com/maps/dir/?api=1&destination=8519%20Thomas%20Nelson%20Hwy%2C%20Lovingston%2C%20VA%2022949
63,Crabtree Falls,crabtree-falls,Hikes & Trails,outdoor,Montebello,"Discover Crabtree Falls, home to the highest vertical-drop waterfall east of the Mississippi, cascading 1,200 feet across five stunning drops. The accessible lower overlook near the parking area offers breathtaking views, while a scenic 3-mile trail leads adventurous hikers to upper vistas showcasing the beauty of the Blue Ridge Mountains. Experience the tranquility of nature as you explore this remarkable landscape, perfect for outdoor enthusiasts and families alike.",,,https://ik.imagekit.io/OE/nelson-county/listings/crabtree-falls-image1_IXQ2lOEKu,Waterfall cascading over rocks surrounded by lush green foliage.,,,,,,,,,,"11581 Crabtree Falls Highway, Montebello, VA 24464",josh,,,https://www.google.com/maps/dir/?api=1&destination=11581%20Crabtree%20Falls%20Highway%2C%20Montebello%2C%20VA%2024464,,,,,,Overview,"<p>Crabtree Falls is one of the most well-known waterfall hikes in Virginia, featuring a series of cascading waterfalls that descend more than 1,200 feet along the eastern slope of the Blue Ridge Mountains. The trail follows Crabtree Creek through a steep, wooded gorge and offers multiple designated viewpoints of the falls.</p><p>The site is managed as a protected natural area and is valued for both its scenic beauty and its challenging terrain.</p>",Trail Experience,"<p>The main trail to Crabtree Falls is approximately <strong>3 miles round-trip</strong> and is considered <strong>strenuous</strong>. The route is steep and rocky, with uneven footing, exposed roots, and narrow sections along the gorge.</p><p>Elevation gain is significant, especially on the return hike uphill, and the trail requires good physical condition and sturdy footwear.</p>",Safety Information,"<p>Crabtree Falls has a history of serious accidents, often caused by visitors leaving the marked trail or climbing on wet rocks near the water. Staying on designated paths and observing posted warnings is essential.</p><p>Visitors should never attempt to climb the falls or cross barriers placed for safety.</p>",Planning Your Visit,"<p>Due to the difficulty of the trail, Crabtree Falls is best suited for experienced hikers. Visitors should allow adequate time for the hike, carry water, and be prepared for changing weather conditions.</p><p>Practicing Leave No Trace principles helps protect both visitors and the natural environment.</p>",Scenic Views; Parking; Biking; Hiking; Water Sports,false,https://www.google.com/maps/dir/?api=1&destination=11581%20Crabtree%20Falls%20Highway%2C%20Montebello%2C%20VA%2024464
64,Devils Knob Trail,devils-knob-trail,Hikes & Trails,outdoor,Wintergreen Resort,"Experience a delightful 0.6-mile hike from the Blue Ridge Overlook along the stunning Catoctin greenstone ledges. This scenic trail features unique rock gardens and offers excellent birdwatching opportunities, all while providing breathtaking views of Pond Hollow. Perfect for nature enthusiasts and casual walkers alike, Devils Knob Trail invites you to immerse yourself in the beauty of the outdoors.",,,https://ik.imagekit.io/OE/nelson-county/listings/devils-knob-trail-image1_9-WjX9SyQ,Rocky forest trail with scattered sunlight filtering through green foliage.,,,,,,,,,(434) 263-7015,"8519 Thomas Nelson Hwy, Lovingston, VA 22949",josh,,,https://www.google.com/maps/dir/?api=1&destination=8519%20Thomas%20Nelson%20Hwy%2C%20Lovingston%2C%20VA%2022949,,,,,,,,,,,,,,Scenic Views; Biking; Hiking,false,https://www.google.com/maps/dir/?api=1&destination=8519%20Thomas%20Nelson%20Hwy%2C%20Lovingston%2C%20VA%2022949
65,Fortune's Cove Nature Preserve,fortunes-cove-nature-preserve,Hikes & Trails,outdoor,Lovingston,"Fortune's Cove Nature Preserve challenges hikers with a 5.3-mile loop that gains 1,500 feet before rewarding them with rocky glade vistas, rare plant communities, and a shorter lower loop option for quicker outings. Strenuous 5.3-mile loop managed by The Nature Conservancy climbing 1,500 feet through rocky glades and intact forest to panoramic cove overlooks.",,,https://ik.imagekit.io/OE/nelson-county/listings/fortune-s-cove-nature-preserve-image1__i7ZniCv5,"Trail sign on curved tree, surrounded by dense green forest.",,,,,,,,,(434) 977-4837,"1920 Fortune's Cove Lane, Lovingston, VA 22949",josh,,,https://www.google.com/maps/dir/?api=1&destination=1920%20Fortune%E2%80%99s%20Cove%20Lane%2C%20Lovingston%2C%20VA%2022949,,,,,,Overview,<p>Fortune’s Cove Nature Preserve protects a rugged section of forested land along the Maury River and offers a network of hiking trails through diverse natural habitats.</p><p>The preserve is managed for conservation and low-impact recreation.</p>,Trail Experience,"<p>Trails within the preserve range from <strong>moderate to strenuous</strong> and include rocky terrain, elevation changes, and river views.</p><p>Routes vary in length and can be combined for longer hikes.</p>",Safety & Stewardship,"<p>Because of steep terrain and natural hazards, visitors should remain on designated trails and follow posted guidance.</p><p>Practicing Leave No Trace principles helps protect sensitive habitats.</p>",Planning Your Visit,"<p>The preserve is best suited for experienced hikers. Visitors should plan ahead, bring adequate supplies, and be prepared for limited facilities.</p>",Hiking; Biking,false,https://www.google.com/maps/dir/?api=1&destination=1920%20Fortune%E2%80%99s%20Cove%20Lane%2C%20Lovingston%2C%20VA%2022949
66,Fortune's Ridge Trail,fortunes-ridge-trail,Hikes & Trails,outdoor,Wintergreen Resort,"Explore the enchanting Fortune's Ridge Trail, a scenic 1.1-mile path adorned with vibrant red blazes. This picturesque trail meanders alongside the serene Fortunes Ridge stream, showcasing captivating cascades and seasonal laurel blooms. Accessible from both Fortunes Ridge and Wintergreen Drive, it's the perfect destination for nature lovers and outdoor enthusiasts seeking a peaceful retreat amidst stunning natural beauty. Whether you're hiking solo or with family, Fortune's Ridge Trail promises an unforgettable experience in the heart of the wilderness.",,,https://ik.imagekit.io/OE/nelson-county/listings/fortune-s-ridge-trail-image1_INFnASltm,Wooden trail sign reads 'Laurel Ridge Loop 3 Mile' in forest.,,,,,,,,,(434) 263-7015,"8519 Thomas Nelson Hwy, Lovingston, VA 22949",josh,,,https://www.google.com/maps/dir/?api=1&destination=8519%20Thomas%20Nelson%20Hwy%2C%20Lovingston%2C%20VA%2022949,,,,,,,,,,,,,,Scenic Views; Biking; Hiking; Water Sports,false,https://www.google.com/maps/dir/?api=1&destination=8519%20Thomas%20Nelson%20Hwy%2C%20Lovingston%2C%20VA%2022949
67,Hemlock Springs Loop,hemlock-springs-loop,Hikes & Trails,outdoor,Wintergreen Resort,"Hemlock Springs Loop is a 0.8-mile trail near Wintergreen, featuring pink and yellow lady's slippers and remnants of old-growth hemlocks affected by woolly adelgid. This yellow-red loop includes moderate climbs and requires careful navigation due to its sensitive habitat.",,,https://ik.imagekit.io/OE/nelson-county/listings/hemlock-springs-loop-image1_hX7dh-gSI,Person standing on large rock surrounded by green grass.,,,,,,,,,(434) 263-7015,"8519 Thomas Nelson Hwy, Lovingston, VA 22949",josh,,,https://www.google.com/maps/dir/?api=1&destination=8519%20Thomas%20Nelson%20Hwy%2C%20Lovingston%2C%20VA%2022949,,,,,,,,,,,,,,Hiking; Biking,false,https://www.google.com/maps/dir/?api=1&destination=8519%20Thomas%20Nelson%20Hwy%2C%20Lovingston%2C%20VA%2022949
68,Highlands Leisure Trail,highlands-leisure-trail,Hikes & Trails,outdoor,Wintergreen Resort,"Discover the Highlands Leisure Trail, a scenic 0.5-mile path that links Wintergreen's Blackrock Village to the Wintergarden. This enchanting trail meanders through a lush, older-growth forest and features a stunning overlook of the Highlands ski slopes. Ideal for hikers of all levels, it offers short climbs that reward you with breathtaking views and a serene natural atmosphere. Experience the beauty of the Virginia mountains as you explore this charming trail.",,,https://ik.imagekit.io/OE/nelson-county/listings/highlands-leisure-trail-image1_14-OGVdVb,Wooded trail with steps surrounded by lush green foliage and sunlight.,,,,,,,,,(434) 263-7015,"8519 Thomas Nelson Hwy, Lovingston, VA 22949",josh,,,https://www.google.com/maps/dir/?api=1&destination=8519%20Thomas%20Nelson%20Hwy%2C%20Lovingston%2C%20VA%2022949,,,,,,,,,,,,,,Scenic Views; Resort; Biking; Hiking,false,https://www.google.com/maps/dir/?api=1&destination=8519%20Thomas%20Nelson%20Hwy%2C%20Lovingston%2C%20VA%2022949
69,Humpback Rocks,humpback-rocks,Hikes & Trails,outdoor,Lyndhurst,"Humpback Rocks offers a rewarding 2-mile loop climb featuring 360-degree views of the Blue Ridge Mountains. Starting from the visitor center near Parkway milepost 5.8, expect a 45-minute ascent and a 20-minute descent, gaining 740 feet in elevation.",,,https://ik.imagekit.io/OE/nelson-county/listings/humpback-rocks-image1_f_nN7bZ7z,Sunrise over misty valley with rocky foreground and scattered clouds.,,,,,,,,,(540) 943-4716,"Humpback Gap Parking Area, Milepost 5.8 Blue Ridge Parkway, Lyndhurst, VA 22952",josh,,,https://www.google.com/maps/dir/?api=1&destination=Humpback%20Gap%20Parking%20Area%2C%20Milepost%205.8%20Blue%20Ridge%20Parkway%2C%20Lyndhurst%2C%20VA%2022952,,,,,,Overview,"<p>Humpback Rocks is one of the most popular hiking destinations in the Blue Ridge Mountains, known for its dramatic rock outcrop and sweeping views of the Shenandoah Valley and surrounding ridgelines.</p><p>The summit provides one of the most recognizable viewpoints along the Blue Ridge Parkway.</p>",Trail Experience,"<p>The primary trail to Humpback Rocks is approximately <strong>2 miles round-trip</strong> and is considered <strong>strenuous</strong> due to its steep climb and rocky steps.</p><p>Although the distance is short, the elevation gain is significant and requires good physical conditioning.</p>",Safety Information,"<p>The summit area includes exposed rock and steep drop-offs. Visitors should use caution near edges and be mindful of weather conditions, particularly high winds or wet surfaces.</p>",Planning Your Visit,"<p>Because of its popularity, Humpback Rocks can be busy during peak seasons. Arriving early and wearing sturdy footwear can help ensure a safer and more enjoyable hike.</p>",Scenic Views; Biking; Hiking,false,https://www.google.com/maps/dir/?api=1&destination=Humpback%20Gap%20Parking%20Area%2C%20Milepost%205.8%20Blue%20Ridge%20Parkway%2C%20Lyndhurst%2C%20VA%2022952
70,James River State Park,james-river-state-park,Hikes & Trails,outdoor,Gladstone,"Discover the natural beauty of James River State Park, where over 15 miles of multiuse trails wind through scenic landscapes. Enjoy breathtaking riverfront overlooks, perfect for picnicking or taking in the views. The park features convenient boat launches for kayaking and canoeing, along with cozy cabins for a relaxing stay. Experience a full-service canoe livery that caters to all your paddling needs, making this destination ideal for outdoor enthusiasts and families alike. Come explore the wonders of the James River!",,,https://ik.imagekit.io/OE/nelson-county/listings/james-river-state-park-image1_IdOJ0UXYE,Stone entrance sign reading 'James River Wildlife Management Area' among trees.,,,,,,,,,(434) 933-4355,"104 Green Hill Drive, Gladstone, VA 24553",josh,,,https://www.google.com/maps/dir/?api=1&destination=104%20Green%20Hill%20Drive%2C%20Gladstone%2C%20VA%2024553,,,,,,Overview,"<p>James River State Park is a large public park that offers access to the James River along with forests, open meadows, and scenic overlooks. The park protects a diverse landscape while providing space for outdoor recreation and quiet exploration.</p>",Trails & Recreation,"<p>The park includes a network of hiking and biking trails ranging from <strong>easy riverside walks</strong> to <strong>moderate upland routes</strong> with elevation changes. River access supports paddling and fishing, and open areas are suitable for picnicking and wildlife viewing.</p>",Visitor Experience,"<p>Because of the park’s size, visitors can choose from short outings or full-day adventures. Trails are well-marked, and different areas of the park offer distinct experiences depending on interest and ability.</p>",Planning Notes,"<p>Visitors should review maps and trail descriptions in advance and allow sufficient time to explore. Conditions can vary by season, particularly along river corridors.</p>",Boating; Cabins; Water Sports; Biking; Hiking,false,https://www.google.com/maps/dir/?api=1&destination=104%20Green%20Hill%20Drive%2C%20Gladstone%2C%20VA%2024553
71,Kids in Parks: Virginia Blue Ridge Railway Trail,kids-in-parks-virginia-blue-ridge-railway-trail,Hikes & Trails,outdoor,Piney River,"Embark on a delightful adventure at the Virginia Blue Ridge Railway Trail, a family-friendly TRACK Trail located at the scenic Piney River Depot. This flat, accessible rail-trail invites young explorers to engage with nature through self-guided activities that spark curiosity and learning. As you stroll along the picturesque path, keep an eye out for local wildlife and enjoy the stunning mountain views. Kids can earn exciting prizes through the Kids in Parks program, making each hike a rewarding experience. Perfect for families looking to connect with nature, this trail offers a wonderful way to create lasting memories together amidst the beauty of the Blue Ridge Mountains.",,,https://ik.imagekit.io/OE/nelson-county/listings/kids-in-parks-virginia-blue-ridge-railway-trail-image1_uPNIvt_fZ,Wooden covered bridge over forest path; red bicycle leaning nearby.,,,,,,,,,(434) 263-7130,"3124 Patrick Henry Highway, Piney River, VA 22964",josh,,,https://www.google.com/maps/dir/?api=1&destination=3124%20Patrick%20Henry%20Highway%2C%20Piney%20River%2C%20VA%2022964,,,,,,Overview,"<p>This Kids in Parks trail follows portions of the Virginia Blue Ridge Railway corridor, offering a gentle outdoor experience tied to local history.</p>",Trail Experience,"<p>The trail is considered <strong>easy</strong> and is well suited for children, families, and casual walkers.</p>",Program Information,<p>Families can participate in self-guided activities that encourage exploration and learning along the trail.</p>,,,Hiking; Adventure; Family Friendly; Parking; Biking; Water Sports; Hunting,false,https://www.google.com/maps/dir/?api=1&destination=3124%20Patrick%20Henry%20Highway%2C%20Piney%20River%2C%20VA%2022964
140,HeartRock Retreat & Homestead,heartrockretreat,Whole House Rentals,stay,Roseland,"Fifteen-acre Heart Rock homestead with lodging for up to 15, edible gardens, and retreat spaces minutes from breweries and river access. Located in Nelson County, Virginia, our fifteen acre homestead offers both rustic charm and modern comfort. Nelson County has something for everyone.",,,https://ik.imagekit.io/OE/nelson-county/listings/heartrock-retreat-homestead-image1_mAMJ2A-kN,Lush green garden with various plants and trees in a forest setting.,,https://ik.imagekit.io/OE/nelson-county/listings/heartrock-retreat-homestead-image2_-41zacroR,"Lush vegetable garden with rows, greenhouses, surrounded by trees under cloudy sky.",,https://ik.imagekit.io/OE/nelson-county/listings/heartrock-retreat-homestead-image3_IUAyZgjGJ,Bee collecting nectar from honey on shiny surface.,,,(434) 263-7015,"2808 Glad Road, Schuyler, VA 22969",josh,,,https://www.google.com/maps/dir/?api=1&destination=2808%20Glad%20Road%2C%20Schuyler%2C%20VA%2022969,,,,,,,,,,,,,,Outdoor Seating; Beer; Organic; Farm; Local Ingredients; Water Sports,false,https://www.google.com/maps/dir/?api=1&destination=2808%20Glad%20Road%2C%20Schuyler%2C%20VA%2022969
72,Laurel Ridge Loop,laurel-ridge-loop,Hikes & Trails,outdoor,Wintergreen Resort,"Discover the beauty of the Laurel Ridge Loop, a scenic 1.6-mile trail that meanders through a stunning landscape of mountain laurel, birch, and oak-hickory forests. With its rocky terrain, this yellow loop offers an invigorating hike for nature enthusiasts and outdoor explorers alike. Conveniently located with parking available at Wintergreen's Lot F, it’s the perfect spot to immerse yourself in the tranquility of nature and enjoy the vibrant flora that surrounds you. Experience the charm of the Blue Ridge Mountains on this captivating trail.",,,https://ik.imagekit.io/OE/nelson-county/listings/laurel-ridge-loop-image1_k_xUZ0XKg,Wooden trail sign with yellow and red text in forest setting.,,,,,,,,,(434) 263-7015,"8519 Thomas Nelson Hwy, Lovingston, VA 22949",josh,,,https://www.google.com/maps/dir/?api=1&destination=8519%20Thomas%20Nelson%20Hwy%2C%20Lovingston%2C%20VA%2022949,,,,,,Overview,"<p>The Laurel Ridge Loop is a wooded hiking trail that travels along ridgelines through dense mountain vegetation. It offers a longer, more immersive forest experience.</p>",Trail Experience,<p>The loop covers <strong>several miles</strong> and is generally considered <strong>moderate to strenuous</strong> due to elevation changes and uneven terrain.</p>,Planning Notes,"<p>Because the trail passes through remote forest, hikers should carry water, allow adequate time to complete the loop, and be prepared for limited cell service.</p>",,,Hiking; Parking; Biking,false,https://www.google.com/maps/dir/?api=1&destination=8519%20Thomas%20Nelson%20Hwy%2C%20Lovingston%2C%20VA%2022949
142,Inglewood Fine Meats,inglewood-fine-meats,Restaurants,taste,Arrington,"Experience the essence of farm-to-table at Inglewood Fine Meats, where we take pride in offering Verified All Natural beef and lamb sourced from animals that live a quality life in the picturesque foothills of the Blue Ridge Mountains. Nestled in the serene surroundings of Nelson County, our meats reflect the rich landscape and sustainable farming practices of the region. Visitors can expect a warm, inviting atmosphere and knowledgeable staff ready to share the story behind each cut. Pair your selections with local wines from Veritas Vineyards & Winery or a refreshing brew from Blue Mountain Brewery for the ultimate culinary journey in this enchanting area.",,,https://ik.imagekit.io/OE/nelson-county/listings/inglewood-fine-meats-image1_KBCogmzSHU,"Raw meat on wooden board with garlic, chili, peppercorns, and rosemary.",,,,,,,,,(434) 365-0028,"4638 Variety Mills Road, Arrington, VA 22922",josh,,,https://www.google.com/maps/dir/?api=1&destination=4638%20Variety%20Mills%20Road%2C%20Arrington%2C%20VA%2022922,,,,,,,,,,,,,,Farm; Local Ingredients,false,https://www.google.com/maps/dir/?api=1&destination=4638%20Variety%20Mills%20Road%2C%20Arrington%2C%20VA%2022922
73,Lower Shamokin Falls Trail,lower-shamokin-falls-trail,Hikes & Trails,outdoor,Wintergreen Resort,"Discover the Lower Shamokin Falls Trail, a 1.7-mile blue-blazed path that winds through a lush forest and ends at the beautiful Lower Shamokin Falls. Starting from Old Stoney Creek Road, this trail combines jeep-road access with natural scenery, making it suitable for hikers of all skill levels. Enjoy the tranquility of nature and the soothing sounds of cascading water on this picturesque route.",,,https://ik.imagekit.io/OE/nelson-county/listings/lower-shamokin-falls-trail-image1_BIy5ezGql,Trail sign on tree reads 'Lower Shamokin Falls Trail' in lush forest.,,,,,,,,,(434) 263-7015,"8519 Thomas Nelson Hwy, Lovingston, VA 22949",josh,,,https://www.google.com/maps/dir/?api=1&destination=8519%20Thomas%20Nelson%20Hwy%2C%20Lovingston%2C%20VA%2022949,,,,,,,,,,,,,,Hiking; Biking; Water Sports,false,https://www.google.com/maps/dir/?api=1&destination=8519%20Thomas%20Nelson%20Hwy%2C%20Lovingston%2C%20VA%2022949
74,Mau-Har Trail,mau-har-trail,Hikes & Trails,outdoor,Tyro,"Experience the breathtaking Mau-Har Trail, a scenic three-mile connector nestled within the stunning Three Ridges Wilderness. This captivating route links to the iconic Appalachian Trail, guiding you past cascading waterfalls, challenging rock scrambles, and cozy shelters. Perfect for outdoor enthusiasts, the trail offers an exhilarating adventure through nature’s beauty, making it a must-visit for hikers seeking a memorable journey.",,,https://ik.imagekit.io/OE/nelson-county/listings/mau-har-trail-image1_eNNMwbi1U,Small waterfall cascading over rocks surrounded by autumn foliage.,,,,,,,,,(434) 263-7015,"Blue Ridge Parkway Milepost 13.7, Roseland, VA 22967",josh,,,https://www.google.com/maps/dir/?api=1&destination=Blue%20Ridge%20Parkway%20Milepost%2013.7%2C%20Roseland%2C%20VA%2022967,,,,,,Overview,"<p>The Mau-Har Trail is a scenic backcountry hiking route in the George Washington National Forest, known for its waterfalls, stream crossings, and forested mountain terrain.</p><p>The trail is often used as part of a loop hike that includes the nearby Appalachian Trail.</p>",Trail Experience,"<p>The Mau-Har Trail is approximately <strong>3 miles one way</strong> and is considered <strong>moderate to strenuous</strong>. The route follows a creek corridor with multiple stream crossings and includes steady elevation change.</p><p>Footing can be rocky and uneven, particularly after rain.</p>",Safety Information,"<p>Stream crossings may be difficult during periods of high water. Visitors should use caution, especially after heavy rainfall.</p><p>Because this is a backcountry trail, preparation and navigation awareness are important.</p>",Planning Your Visit,"<p>Hikers should carry sufficient water, wear sturdy footwear, and allow adequate time for the hike. Checking weather conditions before starting is strongly recommended.</p>",Hiking; Biking; Appalachian Trail; Water Sports,false,https://www.google.com/maps/dir/?api=1&destination=Blue%20Ridge%20Parkway%20Milepost%2013.7%2C%20Roseland%2C%20VA%2022967
75,Montebello Nature Trail,montebello-nature-trail,Hikes & Trails,outdoor,Montebello,"Embark on a serene half-mile nature walk along the enchanting Montebello Nature Trail, nestled beside the remnants of a former fish hatchery stream. As you meander through this picturesque landscape, you'll be greeted by lush fern-lined banks and the melodic songs of various bird species, offering a delightful auditory backdrop. Along the trail, benches invite you to pause and soak in the tranquil surroundings. This easy stroll is perfect for families and nature enthusiasts alike, providing a peaceful escape into the heart of nature. Don’t forget your camera to capture the beauty of this hidden gem!",,,https://ik.imagekit.io/OE/nelson-county/listings/montebello-nature-trail-image1_Uvj7h3IC1,People walking on a sunny forest trail surrounded by green trees.,,,,,,,,,(540) 377-2650,"359 Fish Hatchery Lane, Montebello, VA 24464",josh,,,https://www.google.com/maps/dir/?api=1&destination=359%20Fish%20Hatchery%20Lane%2C%20Montebello%2C%20VA%2024464,,,,,,,,,,,,,,Biking; Hiking; Water Sports; Fishing,false,https://www.google.com/maps/dir/?api=1&destination=359%20Fish%20Hatchery%20Lane%2C%20Montebello%2C%20VA%2024464
76,Nelson County Wilderness Area,nelson-county-wilderness-area,Hikes & Trails,outdoor,Montebello,"Discover the breathtaking beauty of the Nelson County Wilderness Area, where the majestic Priest and Three Ridges offer an unforgettable hiking experience. Explore rugged trails along the Appalachian Trail, featuring dramatic elevation changes that reward adventurers with stunning vistas and a sense of solitude in nature. Whether you're seeking a challenging trek or a peaceful retreat, this protected wilderness area invites you to immerse yourself in the tranquility of the great outdoors.",,,https://ik.imagekit.io/OE/nelson-county/listings/nelson-county-wilderness-area-image1_kdVr3IMtp,Hiker with a green backpack walking through a forest.,,,,,,,,,(434) 263-7015,"George Washington National Forest, Montebello, VA 24464",josh,,,https://www.google.com/maps/dir/?api=1&destination=George%20Washington%20National%20Forest%2C%20Montebello%2C%20VA%2024464,,,,,,,,,,,,,,Hiking; Biking; Appalachian Trail; Water Sports,false,https://www.google.com/maps/dir/?api=1&destination=George%20Washington%20National%20Forest%2C%20Montebello%2C%20VA%2024464
77,North Fork of the Piney River,north-fork-of-the-piney-river,Hikes & Trails,outdoor,Piney River,"Explore the tranquil North Fork of the Piney River, where lush landscapes meet serene waters. Follow Route 666 past Dickie Brothers Orchard into George Washington National Forest. This picturesque area is ideal for picnics under towering trees and offers a peaceful retreat for nature lovers. Whether hiking or enjoying the scenery, the North Fork provides an unforgettable outdoor experience.",,,https://ik.imagekit.io/OE/nelson-county/listings/north-fork-of-the-piney-river-image1_-MuJGSrnG,Water cascading over mossy rocks surrounded by green leaves.,,,,,,,,,(434) 263-7015,"Piney River, VA 22964",josh,,,https://www.google.com/maps/dir/?api=1&destination=Piney%20River%2C%20VA%2022964,,,,,,,,,,,,,,Water Sports; Biking; Hiking; Farm; Fishing; Swimming Pool,false,https://www.google.com/maps/dir/?api=1&destination=Piney%20River%2C%20VA%2022964
78,Old Appalachian Trail,old-appalachian-trail,Hikes & Trails,outdoor,Wintergreen Resort,"Moderate-to-difficult grades reward hikers with Shenandoah Valley vistas and quiet, historic tread. 3.3-mile former Appalachian Trail alignment with greenstone ledges, Shenandoah Valley overlooks, and spring wildflowers across multiple access points.",,,https://ik.imagekit.io/OE/nelson-county/listings/old-appalachian-trail-image1_mjlB71z_w,"Narrow dirt path with yellow moss, surrounded by trees in a forest.",,,,,,,,,(434) 263-7015,"8519 Thomas Nelson Hwy, Lovingston, VA 22949",josh,,,https://www.google.com/maps/dir/?api=1&destination=8519%20Thomas%20Nelson%20Hwy%2C%20Lovingston%2C%20VA%2022949,,,,,,,,,,,,,,Hiking; Biking; Appalachian Trail,false,https://www.google.com/maps/dir/?api=1&destination=8519%20Thomas%20Nelson%20Hwy%2C%20Lovingston%2C%20VA%2022949
79,Paul's Creek Trail,pauls-creek-trail,Hikes & Trails,outdoor,Wintergreen Resort,Paul's Creek Trail is a 0.6-mile blue-blazed family favorite that follows a lush valley to smooth rock chutes and a series of cascading waterfalls near Crawford's Knob. Pack water shoes and a camera—the polished boulders and cool pools are irresistible on summer days.,,,https://ik.imagekit.io/OE/nelson-county/listings/paul-s-creek-trail-image1_MwER-wYqT,Forest stream flowing over rocks surrounded by trees and autumn leaves.,,,,,,,,,(434) 263-7015,"8519 Thomas Nelson Hwy, Lovingston, VA 22949",josh,,,https://www.google.com/maps/dir/?api=1&destination=8519%20Thomas%20Nelson%20Hwy%2C%20Lovingston%2C%20VA%2022949,,,,,,,,,,,,,,Family Friendly; Biking; Hiking; Water Sports; Swimming Pool,false,https://www.google.com/maps/dir/?api=1&destination=8519%20Thomas%20Nelson%20Hwy%2C%20Lovingston%2C%20VA%2022949
80,Pedlars Edge Trail,pedlars-edge-trail,Hikes & Trails,outdoor,Wintergreen Resort,"Discover the Pedlars Edge Trail, a challenging 1.6-mile red trail that winds alongside the stunning Blackrock formation. This captivating hike offers a unique blend of geology and biodiversity, showcasing the remarkable pedlar formation rocks. As you traverse the trail, enjoy expansive views of open powerline areas, perfect for birdwatching, while vibrant wildflower habitats add bursts of color to your journey. Ideal for adventurous nature enthusiasts, this trail promises an unforgettable outdoor experience.",,,https://ik.imagekit.io/OE/nelson-county/listings/pedlars-edge-trail-image1_vnTLjWNB-,"Bird perched on icy branch, blue sky background.",,,,,,,,,(434) 263-7015,"8519 Thomas Nelson Hwy, Lovingston, VA 22949",josh,,,https://www.google.com/maps/dir/?api=1&destination=8519%20Thomas%20Nelson%20Hwy%2C%20Lovingston%2C%20VA%2022949,,,,,,,,,,,,,,Biking; Hiking,false,https://www.google.com/maps/dir/?api=1&destination=8519%20Thomas%20Nelson%20Hwy%2C%20Lovingston%2C%20VA%2022949
81,Pond Hollow Trail,pond-hollow-trail,Hikes & Trails,outdoor,Wintergreen Resort,"Discover the captivating Pond Hollow Trail, a challenging one-mile trek that meanders through a stunning landscape of displaced boulders and diverse plant communities. This unique route offers an opportunity to explore prime bobcat habitat while enjoying the natural beauty of the surrounding area. Perfect for adventurous hikers, the trail's vibrant ecosystem and geological features create an unforgettable outdoor experience.",,,https://ik.imagekit.io/OE/nelson-county/listings/pond-hollow-trail-image1_Ej7WY6jiu,Group of people walking through lush green forest near rocky cliff.,,,,,,,,,(434) 263-7015,"8519 Thomas Nelson Hwy, Lovingston, VA 22949",josh,,,https://www.google.com/maps/dir/?api=1&destination=8519%20Thomas%20Nelson%20Hwy%2C%20Lovingston%2C%20VA%2022949,,,,,,,,,,,,,,Biking; Hiking,false,https://www.google.com/maps/dir/?api=1&destination=8519%20Thomas%20Nelson%20Hwy%2C%20Lovingston%2C%20VA%2022949
82,Ravens Roost Park,ravens-roost-park,Hikes & Trails,outdoor,Wintergreen Resort,"0.5-mile yellow loop through mixed forest with wildflower displays, solitude, and access from White Oak Drive or Wintergreen Drive. Ravens Roost Park offers a half-mile yellow-blazed wander through deep forest to a favorite Skyline Drive overlook for sunrise, sunset, and wildflower spotting.",,,https://ik.imagekit.io/OE/nelson-county/listings/ravens-roost-park-image1_1twDjr3Lr,Wooden deck overlooks vast green forest landscape and distant horizon.,,,,,,,,,(434) 263-7015,"8519 Thomas Nelson Hwy, Lovingston, VA 22949",josh,,,https://www.google.com/maps/dir/?api=1&destination=8519%20Thomas%20Nelson%20Hwy%2C%20Lovingston%2C%20VA%2022949,,,,,,,,,,,,,,Seasonal Menu; Hiking; Biking,false,https://www.google.com/maps/dir/?api=1&destination=8519%20Thomas%20Nelson%20Hwy%2C%20Lovingston%2C%20VA%2022949
83,Shamokin Springs Nature Preserve,shamokin-springs-nature-preserve,Hikes & Trails,outdoor,Lovingston,"Discover the serene beauty of Shamokin Springs Nature Preserve, a 0.3-mile loop that showcases pristine high-elevation wetlands and enchanting braided streams. This family-friendly trail is home to a diverse array of northern plant species, making it a perfect spot for nature enthusiasts and casual hikers alike. Enjoy easy access to breathtaking landscapes and immerse yourself in the tranquility of this protected environment. Whether you're seeking a leisurely stroll or a chance to connect with nature, Shamokin Springs invites you to explore its unique ecosystem.",,,https://ik.imagekit.io/OE/nelson-county/listings/shamokin-springs-nature-preserve-image1_06TPiH1-t,Small waterfall cascading over rocks in a forest stream.,,https://ik.imagekit.io/OE/nelson-county/listings/shamokin-springs-nature-preserve-image2_sDnCAzjbr,Mountain landscape with distant green hills and scattered clouds beneath blue sky.,,,,,,(434) 263-7015,"8519 Thomas Nelson Hwy, Lovingston, VA 22949",josh,,,https://www.google.com/maps/dir/?api=1&destination=8519%20Thomas%20Nelson%20Hwy%2C%20Lovingston%2C%20VA%2022949,,,,,,,,,,,,,,Educational; Family Friendly; Biking; Hiking,false,https://www.google.com/maps/dir/?api=1&destination=8519%20Thomas%20Nelson%20Hwy%2C%20Lovingston%2C%20VA%2022949
84,The Plunge,the-plunge,Hikes & Trails,outdoor,Wintergreen Resort,"Discover The Plunge, a scenic 0.2-mile connector to the Blackrock Trail that offers a thrilling adventure for nature lovers. This short but steep hike showcases stunning pedlar gneiss rock formations and breathtaking panoramic views, making it an ideal spot for capturing family memories. With its picturesque overlooks and unique geological features, The Plunge invites you to experience the beauty of the outdoors in a captivating way.",,,https://ik.imagekit.io/OE/nelson-county/listings/the-plunge-image1_RX1pJhwfh,"Rocky viewpoint overlooking lush, green mountains under clear blue sky.",,,,,,,,,(434) 263-7015,"8519 Thomas Nelson Hwy, Lovingston, VA 22949",josh,,,https://www.google.com/maps/dir/?api=1&destination=8519%20Thomas%20Nelson%20Hwy%2C%20Lovingston%2C%20VA%2022949,,,,,,,,,,,,,,Family Friendly; Biking; Hiking,false,https://www.google.com/maps/dir/?api=1&destination=8519%20Thomas%20Nelson%20Hwy%2C%20Lovingston%2C%20VA%2022949
85,Trillium Field,trillium-field,Hikes & Trails,outdoor,Wintergreen Resort,"Trillium Field offers a delightful 0.1-mile trail adorned with vibrant white and pink trillium blossoms each May. Located at the intersection of Wintergreen Drive and Devils Knob Loop, this scenic spot transforms into a wildflower haven throughout the summer months. Perfect for a leisurely walk, it's an inviting escape for nature lovers and photographers alike. Discover the beauty of this charming trail and immerse yourself in a seasonal spectacle.",,,https://ik.imagekit.io/OE/nelson-county/listings/trillium-field-image1_7pHAG-Gk3,Pink and white flowers with green leaves in a forest setting.,,,,,,,,,(434) 263-7015,"8519 Thomas Nelson Hwy, Lovingston, VA 22949",josh,,,https://www.google.com/maps/dir/?api=1&destination=8519%20Thomas%20Nelson%20Hwy%2C%20Lovingston%2C%20VA%2022949,,,,,,,,,,,,,,Seasonal Menu; Biking; Hiking,false,https://www.google.com/maps/dir/?api=1&destination=8519%20Thomas%20Nelson%20Hwy%2C%20Lovingston%2C%20VA%2022949
86,Upper Shamokin Falls Trail,upper-shamokin-falls-trail,Hikes & Trails,outdoor,Wintergreen Resort,"Upper Shamokin Falls Trail is a gentle 0.4-mile walk that follows the sound of tumbling water to fern-draped cascades—perfect for all ages. Stay on the marked path and off the slick rock edges, but don't forget the camera for this signature Wintergreen scene.",,,https://ik.imagekit.io/OE/nelson-county/listings/upper-shamokin-falls-trail-image1_ce-OXirm6,"Waterfall cascading over moss-covered rocks, surrounded by lush green forest.",,,,,,,,,(434) 263-7015,"8519 Thomas Nelson Hwy, Lovingston, VA 22949",josh,,,https://www.google.com/maps/dir/?api=1&destination=8519%20Thomas%20Nelson%20Hwy%2C%20Lovingston%2C%20VA%2022949,,,,,,,,,,,,,,Family Friendly; Hiking; Biking; Water Sports,false,https://www.google.com/maps/dir/?api=1&destination=8519%20Thomas%20Nelson%20Hwy%2C%20Lovingston%2C%20VA%2022949
87,Upper Shamokin Gorge Trail,upper-shamokin-gorge-trail,Hikes & Trails,outdoor,Wintergreen Resort,"Embark on an adventurous journey along the Upper Shamokin Gorge Trail, a challenging 0.8-mile red trail that promises an unforgettable hiking experience. As you navigate stream crossings and immerse yourself in the lush understory, you'll find yourself surrounded by the natural beauty of the gorge. This trail not only offers a thrilling hike but also connects to the iconic Appalachian Trail, making it a perfect spot for both seasoned hikers and nature enthusiasts. Discover the serenity and stunning landscapes that await you on this remarkable trail.",,,https://ik.imagekit.io/OE/nelson-county/listings/upper-shamokin-gorge-trail-image1_tKh9Zdsqi,Flowing stream through forest with rocks and autumn foliage.,,,,,,,,,(434) 263-7015,"8519 Thomas Nelson Hwy, Lovingston, VA 22949",josh,,,https://www.google.com/maps/dir/?api=1&destination=8519%20Thomas%20Nelson%20Hwy%2C%20Lovingston%2C%20VA%2022949,,,,,,,,,,,,,,Hiking; Biking; Appalachian Trail; Water Sports,false,https://www.google.com/maps/dir/?api=1&destination=8519%20Thomas%20Nelson%20Hwy%2C%20Lovingston%2C%20VA%2022949
88,White Oak Trail,white-oak-trail,Hikes & Trails,outdoor,Wintergreen Resort,"Immerse yourself in the serene beauty of the White Oak Trail, a charming half-mile loop nestled between White Oak Drive and Wintergreen Drive. This moderate yellow trail invites you to wander through shaded woods teeming with vibrant spring wildflowers and the soothing sounds of nature. As you explore, keep an eye out for a variety of bird species flitting among the trees—perfect for birdwatchers and nature enthusiasts alike. Whether you’re seeking a peaceful stroll or a quick escape into the wild, the White Oak Trail offers a delightful experience just a stone's throw away from the delightful offerings of nearby Blue Mountain Brewery.",,,https://ik.imagekit.io/OE/nelson-county/listings/white-oak-trail-image1_X40JzxeuX,Trail sign surrounded by lush green foliage in misty forest.,,,,,,,,,(434) 263-7015,"8519 Thomas Nelson Hwy, Lovingston, VA 22949",josh,,,https://www.google.com/maps/dir/?api=1&destination=8519%20Thomas%20Nelson%20Hwy%2C%20Lovingston%2C%20VA%2022949,,,,,,,,,,,,,,Seasonal Menu; Hiking; Biking,false,https://www.google.com/maps/dir/?api=1&destination=8519%20Thomas%20Nelson%20Hwy%2C%20Lovingston%2C%20VA%2022949
89,White Rock Falls,white-rock-falls,Hikes & Trails,outdoor,Montebello,"White Rock Falls is a 2.5-mile moderate hike along the Blue Ridge Parkway that showcases an impressive gorge, a wading-friendly waterfall, and northeast-facing mountain views on the climb out. 2.5-mile moderate waterfall hike with natural wading pools, gorge views, and options to extend via the Slacks Overlook loop on the Parkway.",,,https://ik.imagekit.io/OE/nelson-county/listings/white-rock-falls-image1_t3PUF_tMy,Small waterfall flowing down rocky terrain surrounded by trees.,,,,,,,,,(434) 263-7015,"Blue Ridge Parkway Milepost 19, Montebello, VA 24464",josh,,,https://www.google.com/maps/dir/?api=1&destination=Blue%20Ridge%20Parkway%20Milepost%2019%2C%20Montebello%2C%20VA%2024464,,,,,,Overview,"<p>White Rock Falls is a scenic waterfall located in the Blue Ridge Mountains, reached by a forested hiking trail. The falls cascade over exposed rock, creating a striking natural feature that varies with seasonal water flow.</p><p>The area is quieter and less developed than some nearby waterfall destinations.</p>",Trail Experience,"<p>The hike to White Rock Falls is relatively short but considered <strong>moderate to strenuous</strong> due to rocky footing, elevation changes, and stream crossings.</p><p>While the distance is manageable, hikers should expect uneven terrain and steady climbing.</p>",Safety & Planning,"<p>Trail conditions can change with weather and rainfall, making rocks and stream crossings slippery. Sturdy footwear is recommended.</p><p>Visitors should remain on the established trail to reduce risk and protect the surrounding environment.</p>",,,Pool; Biking; Hiking; Water Sports,false,https://www.google.com/maps/dir/?api=1&destination=Blue%20Ridge%20Parkway%20Milepost%2019%2C%20Montebello%2C%20VA%2024464
90,Three Ridges,three-ridges,Hikes & Trails,outdoor,Tyro,"The 13.3-mile Three Ridges loop is one of Virginia's premier backpacking routes, delivering waterfalls, rocky knife-edge climbs, and big Appalachian vistas south of Wintergreen. Expect strenuous terrain, overnight camping zones, and bragging rights after tackling this rugged circuit.",,,https://ik.imagekit.io/OE/nelson-county/listings/three-ridges-image1_FeDL-sZPk,"Small waterfall flowing over rocks, surrounded by autumn leaves and trees.",,,,,,,,,(434) 263-7015,"Reeds Gap Trailhead, Route 664, Roseland, VA 22967",josh,,,https://www.google.com/maps/dir/?api=1&destination=Reeds%20Gap%20Trailhead%2C%20Route%20664%2C%20Roseland%2C%20VA%2022967,,,,,,,,,,,,,,Hiking; Biking; Appalachian Trail; Water Sports,false,https://www.google.com/maps/dir/?api=1&destination=Reeds%20Gap%20Trailhead%2C%20Route%20664%2C%20Roseland%2C%20VA%2022967
91,Stoney Creek Park,stoney-creek-park,Hikes & Trails,outdoor,Wintergreen Resort,"Experience the serene beauty of Stoney Creek Park, a community linear park designed for families and nature lovers. Stroll along the picturesque creekside path that winds through lush landscapes, and take advantage of the newly established picnic areas and comfortable benches for relaxation. With gentle terrain and inviting surroundings, this park is perfect for leisurely walks and quality time spent outdoors. Embrace the tranquility and charm that await, making every visit a refreshing escape into nature.",,,https://ik.imagekit.io/OE/nelson-county/listings/stoney-creek-park-image1_Jb225aVyuc,White flowers blooming among lush green leaves in a forest setting.,,,,,,,,,(434) 263-7015,"Stoney Creek West Drive, Nellysford, VA 22958",josh,,,https://www.google.com/maps/dir/?api=1&destination=Stoney%20Creek%20West%20Drive%2C%20Nellysford%2C%20VA%2022958,,,,,,,,,,,,,,Picnic Area; Family Friendly; Parking; Biking; Hiking,false,https://www.google.com/maps/dir/?api=1&destination=Stoney%20Creek%20West%20Drive%2C%20Nellysford%2C%20VA%2022958
92,Spy Rock,spy-rock,Hikes & Trails,outdoor,Montebello,"Spy Rock's granite dome is accessible via a 6.5-mile round-trip hike from Meadows Lane (SR 826) following the closure of the fish hatchery lot. This route includes sustained climbs, rocky scrambles, and impressive summit views.",,,https://ik.imagekit.io/OE/nelson-county/listings/spy-rock-image1_1KwRYk5CN,"Hikers standing on rocky summit under cloudy blue sky, overlooking green mountains.",,,,,,,,,(540) 265-5100,"Meadows Lane (SR 826) Trailhead, Montebello, VA 24464",josh,,,https://www.google.com/maps/dir/?api=1&destination=Meadows%20Lane%20%28SR%20826%29%20Trailhead%2C%20Montebello%2C%20VA%2024464,,,,,,Overview,<p>Spy Rock is a popular hiking destination known for its expansive summit views of the Blue Ridge Mountains. The trail leads to a large rocky outcrop that provides panoramic vistas across Nelson County and surrounding areas.</p>,Trail Experience,"<p>The most commonly used route to Spy Rock is approximately <strong>5 miles round-trip</strong> and is considered <strong>moderate to strenuous</strong>. The trail includes steady elevation gain, rocky sections, and uneven footing.</p><p>The final approach to the summit requires scrambling over exposed rock.</p>",Safety Information,"<p>The summit area is exposed, and weather conditions can change quickly. Visitors should use caution near cliff edges and avoid hiking during storms or high winds.</p>",Planning Your Visit,"<p>Hikers should carry sufficient water, wear sturdy footwear, and allow adequate time for the hike. Staying on the established trail helps protect the landscape and ensures a safer experience.</p>",Biking; Fishing; Hiking; Scenic Views,false,https://www.google.com/maps/dir/?api=1&destination=Meadows%20Lane%20%28SR%20826%29%20Trailhead%2C%20Montebello%2C%20VA%2024464
93,Spruce Creek Park,spruce-creek-park,Hikes & Trails,outdoor,Nellysford,"Nestled along Route 151, Spruce Creek Park serves as the vibrant heart of the Rockfish Valley Loop Trail system, inviting outdoor enthusiasts to explore its scenic beauty from sunrise to sunset. Visitors can meander along TRACK trails, discover a lush native plant garden, and immerse themselves in the tranquility of the butterfly walk. For geology buffs, the park features an enlightening geology trail, while the Rockfish Valley Foundation Natural History Center offers fascinating insights into the area's natural heritage. Don't miss the nearby Lower Shamokin Falls Trail for an additional adventure, and consider stopping by Blue Mountain Brewery or Basic Necessities for a delightful meal after your exploration.",,,https://ik.imagekit.io/OE/nelson-county/listings/spruce-creek-park-image1_dQTxUZJOD,Tall green thistles with spiky leaves against dense forest backdrop.,,,,,,,,,(434) 361-0271,"1368 Rockfish Valley Highway, Nellysford, VA 22958",josh,,,https://www.google.com/maps/dir/?api=1&destination=1368%20Rockfish%20Valley%20Highway%2C%20Nellysford%2C%20VA%2022958,,,,,,Overview,<p>Spruce Creek Park is a small community park that provides access to open green space along Spruce Creek. It is designed for casual outdoor use and quiet recreation.</p>,Park Experience,<p>Walking paths and open areas make the park suitable for short strolls and relaxed outdoor activities. Terrain is generally <strong>easy</strong> and accessible.</p>,Use Notes,<p>Visitors are encouraged to respect the natural setting and follow posted guidelines to help maintain the park for community use.</p>,,,Hiking; Biking; Fishing,false,https://www.google.com/maps/dir/?api=1&destination=1368%20Rockfish%20Valley%20Highway%2C%20Nellysford%2C%20VA%2022958
94,Rockfish Valley Loop Trails,rockfish-valley-loop-trails,Hikes & Trails,outdoor,Nellysford,"Explore the scenic Rockfish Valley Loop Trails, a flat four-mile network offering picturesque views of the Blue Ridge Mountains. Wander along well-maintained paths that meander through lush landscapes, featuring birdwatching hotspots and informative interpretive signage. This serene route, tracing the peaceful banks of the Rockfish River and Reid's Creek, beautifully combines nature and history, making it an ideal destination for outdoor enthusiasts and families alike.",,,https://ik.imagekit.io/OE/nelson-county/listings/rockfish-valley-loop-trails-image1_pCdYf7Kn0,"Wooden footbridge crossing over rocky ground, surrounded by lush green trees.",,,,,,,,,(434) 361-0126,"Rockfish Valley Loop Trailhead, 1368 Rockfish Valley Highway, Nellysford, VA 22958",josh,,,https://www.google.com/maps/dir/?api=1&destination=Rockfish%20Valley%20Loop%20Trailhead%2C%201368%20Rockfish%20Valley%20Highway%2C%20Nellysford%2C%20VA%2022958,,,,,,Overview,"<p>The Rockfish Valley Loop Trails are a connected network of hiking paths that wind through forests, open fields, and stream corridors in the Rockfish Valley.</p><p>The system offers multiple loop options rather than a single out-and-back route.</p>",Trail Experience,"<p>Individual loops range from <strong>short walks under one mile</strong> to <strong>longer routes of several miles</strong>. Overall difficulty is generally <strong>easy to moderate</strong>, depending on the route selected.</p><p>Terrain includes gentle elevation changes and well-defined paths.</p>",Planning Notes,"<p>Because the trails interconnect, visitors are encouraged to review posted maps before starting.</p><p>Staying on marked paths helps protect surrounding land and ensures a safe experience.</p>",,,Hiking; Educational; Biking; Farm; Water Sports; Fishing,false,https://www.google.com/maps/dir/?api=1&destination=Rockfish%20Valley%20Loop%20Trailhead%2C%201368%20Rockfish%20Valley%20Highway%2C%20Nellysford%2C%20VA%2022958
130,Quarry Gardens at Schuyler,quarry-gardens-at-schuyler,Hikes & Trails,outdoor,Schuyler,"Discover the enchanting Quarry Gardens at Schuyler, a stunning 40-acre oasis where restored soapstone quarries have been transformed into vibrant native plant gardens. Explore two miles of scenic trails that wind through diverse habitat galleries, offering a unique opportunity to connect with nature. Join our guided ecology tours to learn about the rich biodiversity and the ecological significance of this remarkable landscape. Whether you're a nature enthusiast or simply seeking a peaceful escape, the Quarry Gardens promise an unforgettable experience.",,,https://ik.imagekit.io/OE/nelson-county/listings/quarry-gardens-at-schuyler-image1_jw6Y3UBV0,"Rocky cliffside and trees reflected in a calm, clear lake.",,,,,,,,,(434) 939-1005,"1643 Salem Road, Schuyler, VA 22969",josh,,,https://www.google.com/maps/dir/?api=1&destination=1643%20Salem%20Road%2C%20Schuyler%2C%20VA%2022969,,,,,,,,,,,,,,Biking; Hiking,false,https://www.google.com/maps/dir/?api=1&destination=1643%20Salem%20Road%2C%20Schuyler%2C%20VA%2022969
156,Kids in Parks: Rockfish River Trailhead,kids-in-parks-rockfish-river-trailhead,Hikes & Trails,outdoor,Nellysford,"Discover the Kids in Parks Rockfish River Trailhead, where a picturesque one-mile loop offers families a unique opportunity to explore nature together. This self-guided trail features engaging story walk signage and showcases diverse riparian habitats, making it perfect for young adventurers. Enjoy a flat, accessible route that invites children and parents alike to connect with the great outdoors along the scenic Blue Ridge Parkway.",,,https://ik.imagekit.io/OE/nelson-county/listings/kids-in-parks-rockfish-river-trailhead-image1_QtOY0MxuS,"Bare trees by a flowing stream, mountain and clear sky in background.",,,,,,,,,(434) 226-0446,"Rockfish River Trailhead, 1368 Rockfish Valley Highway, Nellysford, VA 22958",josh,,,https://www.google.com/maps/dir/?api=1&destination=Rockfish%20River%20Trailhead%2C%201368%20Rockfish%20Valley%20Highway%2C%20Nellysford%2C%20VA%2022958,,,,,,Overview,<p>The Kids in Parks Rockfish River Trailhead is part of a family-focused program designed to encourage children and families to explore nature together.</p>,Trail Experience,"<p>Routes accessed from this trailhead are <strong>easy</strong> and family-friendly, with relatively flat terrain and manageable distances.</p>",Program Information,<p>The Kids in Parks program uses guided activities and challenges to promote outdoor learning and exploration.</p>,,,Adventure; Hiking; Biking; Water Sports; Fishing,false,https://www.google.com/maps/dir/?api=1&destination=Rockfish%20River%20Trailhead%2C%201368%20Rockfish%20Valley%20Highway%2C%20Nellysford%2C%20VA%2022958
163,Brew Ridge Trail,brew-ridge-trail,Hikes & Trails,outdoor,Nelson County,"Embark on an unforgettable journey along the Brew Ridge Trail, a self-guided adventure that showcases six of the nation's finest craft breweries. Nestled in the picturesque landscape of Virginia's Blue Ridge Mountains, this trail offers a delightful variety of brews, from refreshing lagers to rich stouts, ensuring there's something for every palate. As you traverse the scenic route, you'll also encounter charming stops like Inglewood Farm and Montebello Fish Hatchery, as well as the renowned Veritas Vineyards & Winery. Enjoy breathtaking views, indulge in tastings, and discover the artistry behind each craft beer. Whether you're a seasoned connoisseur or a curious newcomer, the Brew Ridge Trail promises a memorable exploration of local flavors and stunning surroundings.",,,https://ik.imagekit.io/OE/nelson-county/listings/brew-ridge-trail-image1_Ok2KK-HVc,"Circular logo with beer glasses, text: 'Brew Ridge Trail, Virginia's Original Beer Trail.'",,,,,,,,,(434) 263-7015,"Route 151 Craft Beverage Corridor, Nelson County, VA 22958",josh,,,https://www.google.com/maps/dir/?api=1&destination=Route%20151%20Craft%20Beverage%20Corridor%2C%20Nelson%20County%2C%20VA%2022958,,,,,,,,,,,,,,Beer; Hiking; Tastings; Scenic Views; Biking,false,https://www.google.com/maps/dir/?api=1&destination=Route%20151%20Craft%20Beverage%20Corridor%2C%20Nelson%20County%2C%20VA%2022958
164,Nelson 151,nelson-151,Hikes & Trails,outdoor,Nellysford,"Nestled in the scenic northern part of Nelson County, Nelson 151 is a delightful escape for outdoor enthusiasts and wine lovers alike. Here, visitors can explore five charming wineries, including the renowned Veritas Vineyards & Winery and Mountain and Vine Winery, each offering tastings with breathtaking views of the Blue Ridge Mountains. For those seeking a refreshing brew, three local breweries, such as Blue Mountain Brewery, and a delightful cidery provide ample options. After a day of exploration, unwind at one of the cozy Bed & Breakfasts or connect with friendly farmers at local markets. With its stunning landscapes and vibrant local culture, Nelson 151 promises a memorable experience for all who venture here.",,,https://ik.imagekit.io/OE/nelson-county/listings/nelson-151-image1_pBBP3u1qZ,Mountain silhouette with text 'NELSON 151' on dark blue shield.,,,,,,,,,(434) 263-7015,"Route 151, Nellysford, VA 22958",josh,,,https://www.google.com/maps/dir/?api=1&destination=Route%20151%2C%20Nellysford%2C%20VA%2022958,,,,,,,,,,,,,,Beer; Cider; Spirits; Hiking; Scenic Views; Biking; Farm; Tastings; Fishing,false,https://www.google.com/maps/dir/?api=1&destination=Route%20151%2C%20Nellysford%2C%20VA%2022958
165,Nelson 29,nelson-29,Hikes & Trails,outdoor,Lovingston,"Embark on a delightful journey along the Nelson 29 craft beverage route, a scenic pathway that connects 29 unique breweries, wineries, and distilleries between Arrington and Faber. This charming route invites you to savor local flavors, from the exquisite wines at Veritas Vineyards & Winery to the refreshing brews at Blue Mountain Brewery. Explore the picturesque landscapes surrounding Inglewood Farm and Deer Creek Farm, and don't miss the serene views at the Montebello Fish Hatchery. With each stop, you'll discover the rich heritage and craftsmanship behind Virginia's finest beverages, making it a perfect outing for enthusiasts and casual visitors alike. Whether you're tasting artisanal spirits or enjoying a picnic at one of the scenic venues, Nelson 29 promises a memorable experience filled with natural beauty and local culture.",,,https://ik.imagekit.io/OE/nelson-county/listings/nelson-29-image1_U00mTb8Bmc,Green shield with 'Nelson 29 Craft Beverage Trail' text and mountain silhouette.,,,,,,,,,(434) 263-7015,"Route 29 Corridor, Lovingston, VA 22949",josh,,,https://www.google.com/maps/dir/?api=1&destination=Route%2029%20Corridor%2C%20Lovingston%2C%20VA%2022949,,,,,,,,,,,,,,Wine; Spirits; Hiking; Scenic Views; Biking; Beer,false,https://www.google.com/maps/dir/?api=1&destination=Route%2029%20Corridor%2C%20Lovingston%2C%20VA%2022949
170,Nelson Scoops,nelsonscoops,Restaurants,taste,Lovingston,"As a family-founded establishment, we have a passion for creating delectable treats that bring joy to our local community. At Nelson Scoops, we offer much more than just your average ice cream parlor experience.",,,https://ik.imagekit.io/OE/nelson-county/listings/nelson-scoops-image1_uomigoG-v,"Three ice cream cones on dark surface, different flavors, garnished with chocolate shavings.",,,,695d1d645c7cd75eb86268c4,,,695d1d7a5c7cd75eb862ddf4,,(434) 263-0003,"8203 Thomas Nelson Highway, Lovingston, VA 22949",WG,,,https://www.google.com/maps/dir/?api=1&destination=8203%20Thomas%20Nelson%20Highway%2C%20Lovingston%2C%20VA%2022949,,,,,,,,,,,,,,Desserts; Family Friendly,true,https://www.google.com/maps/dir/?api=1&destination=8203%20Thomas%20Nelson%20Highway%2C%20Lovingston%2C%20VA%2022949
167,Virginia Spirits Trail,virginia-spirits-trail,Hikes & Trails,outdoor,Commonwealth of Virginia,"Discover the Virginia Spirits Trail, a captivating journey through the heart of Virginia’s artisanal distilling scene. This trail celebrates the pride and craftsmanship behind each small-batch spirit, emphasizing the farm-to-bottle ethos that enriches every sip. As you explore, visit charming locales like Inglewood Farm and Deer Creek Farm, where local ingredients shine. Don’t miss the chance to unwind at scenic spots like Veritas Vineyards & Winery and Blue Mountain Brewery, where you can savor delightful pairings of spirits and local brews. Experience the soul of Virginia in every bottle, and immerse yourself in the rich flavors and traditions that define this unique trail.",,,https://ik.imagekit.io/OE/nelson-county/listings/virginia-spirits-trail-image1_dZvNEofPr,White cursive text 'Virginia Spirits' on dark blue background.' (8 words),,,,,,,,,(804) 786-5120,"Virginia Spirits Trail, Commonwealth of Virginia",josh,,,https://www.google.com/maps/dir/?api=1&destination=Virginia%20Spirits%20Trail%2C%20Commonwealth%20of%20Virginia,,,,,,,,,,,,,,Spirits; Tastings; Hiking; Farm; Scenic Views; Biking,false,https://www.google.com/maps/dir/?api=1&destination=Virginia%20Spirits%20Trail%2C%20Commonwealth%20of%20Virginia
172,Crestvue Cottage,crestvue-cottage,Cabins & Cottages,stay,Arrington,"Nestled in the heart of the countryside, Crestvue Cottage is a charmingly renovated 340 sq ft farm guest house that offers a serene escape just minutes from the renowned Route 29 wineries. Enjoy breathtaking rolling pasture views as you wake up to the sounds of nature. Spend your days exploring the farm's private hiking loops, where scenic trails lead you through picturesque landscapes. In the evening, unwind on the dedicated stargazing deck, sipping a vintage from nearby wineries or a refreshing brew from Blue Mountain Brewery. With modern amenities, including a full kitchenette, Crestvue Cottage is the perfect retreat for those seeking relaxation and adventure in a beautiful setting.",,,https://ik.imagekit.io/OE/nelson-county/listings/crestvue-cottage-image1_Mm7x0OQyf,"White house with balcony, surrounded by green lawn and trees under blue sky.",,https://ik.imagekit.io/OE/nelson-county/listings/crestvue-cottage-image2_yyVLXAeNY,"Cozy living room with kitchenette, TV, rug, and wooden stairs.",,,,,,,"Arrington, VA 22922",josh,,,https://www.google.com/maps/dir/?api=1&destination=Arrington%2C%20VA%2022922,,,,,,,,,,,,,,Farm; Outdoor Seating; Full Kitchen; Cabins; Lodging,false,https://www.google.com/maps/dir/?api=1&destination=Arrington%2C%20VA%2022922
173,Sentosa Cabin,sentosa-cabin,Cabins & Cottages,stay,Schuyler,"Sentosa Cabin is a one-bedroom woodland retreat featuring mountain views, Wi-Fi, and a full kitchen. It offers two miles of private trails leading to the Rockfish River, perfect for hiking to swimming holes before enjoying dinner.",,,https://ik.imagekit.io/OE/nelson-county/listings/sentosa-cabin-image1_ffHRrfeUG-,"Wooden cabin with green metal roof, surrounded by lush trees and sunlight.",,https://ik.imagekit.io/OE/nelson-county/listings/sentosa-cabin-image2_tXL4mojV8,"Cozy wooden kitchen with white appliances, circular table, and sunlight through windows.",,,,,,,"Nellysford, VA 22958",josh,,,https://www.google.com/maps/dir/?api=1&destination=Nellysford%2C%20VA%2022958,,,,,,,,,,,,,,Scenic Views; Cabins; Outdoor Seating; Wi-Fi; Full Kitchen; Lodging; Water Sports; Fishing,false,https://www.google.com/maps/dir/?api=1&destination=Nellysford%2C%20VA%2022958
174,Roudy's Retreat,roudys-retreat,Whole House Rentals,stay,Montebello,"Inside, the open kitchen and multiple sleep spaces comfortably host up to ten guests for winery weekends or fishing-focused family reunions. Escape to this spacious retreat with a hot tub and everything else you need to get away.",,,https://ik.imagekit.io/OE/nelson-county/listings/roudy-s-retreat-image1_1WMwk-J25,"Cabin with green roof near a pond, surrounded by trees.",,https://ik.imagekit.io/OE/nelson-county/listings/roudy-s-retreat-image2_RMFc_3AWu,"Rustic living room with wood walls, cozy seating, and a red wood stove.",,,,,,,"Roseland, VA 22967",josh,,,https://www.google.com/maps/dir/?api=1&destination=Roseland%2C%20VA%2022967,,,,,,,,,,,,,,Outdoor Seating; Full Kitchen; Pet Friendly; Cabins; Lodging; Tastings; Fishing,false,https://www.google.com/maps/dir/?api=1&destination=Roseland%2C%20VA%2022967
175,Pachi's Ridge,pachis-ridge,Cabins & Cottages,stay,Nellysford,"Pachi's Ridge is a modern three-bedroom cabin set on 40 acres with stunning Blue Ridge views. It features an upgraded kitchen and provides access to hiking trails and the Rockfish River, ideal for paddling or enjoying nature.",,,https://ik.imagekit.io/OE/nelson-county/listings/pachi-s-ridge-image1_DxNkYbmjVP,"Blue house with wraparound porch, surrounded by trees, overcast sky.",,https://ik.imagekit.io/OE/nelson-county/listings/pachi-s-ridge-image2_axMVH5UU0,"Cozy dining area with round table, chairs, and nearby stone fireplace in living room.",,,,,,,"Nellysford, VA 22958",josh,,,https://www.google.com/maps/dir/?api=1&destination=Nellysford%2C%20VA%2022958,,,,,,,,,,,,,,Scenic Views; Seasonal Menu; Cabins; Full Kitchen; Lodging; Water Sports; Fishing,false,https://www.google.com/maps/dir/?api=1&destination=Nellysford%2C%20VA%2022958
176,Boogie Nights Manor,boogie-nights-manor,Cabins & Cottages,stay,Afton,"Sleeping twelve with pet-friendly policies, the home lets your group hop between tasting rooms by day and host vinyl-listening parties or hot tub hangs by night. A custom home designed and built by the inventor of the hot dog conveyer machine.",,,https://ik.imagekit.io/OE/nelson-county/listings/boogie-nights-manor-image1_CDb_i8QRg,"Modern two-story building with red frames, large windows, surrounded by greenery.",,https://ik.imagekit.io/OE/nelson-county/listings/boogie-nights-manor-image2_G1ZiQ4uBE,"Spacious living room with stone fireplace, elephant decor, and large windows.",,,,,,,"Afton, VA 22920",josh,,,https://www.google.com/maps/dir/?api=1&destination=Afton%2C%20VA%2022920,,,,,,,,,,,,,,Pet Friendly; Cabins; Lodging; Tastings,false,https://www.google.com/maps/dir/?api=1&destination=Afton%2C%20VA%2022920
177,The Big Tiny House,the-big-tiny-house,Cabins & Cottages,stay,Afton,"Escape to The Big Tiny House, a luxurious getaway featuring the innovative Escape Traveler XL design. Enjoy a fully equipped kitchen, unwind in the indulgent soaking tub, and relax in the cozy sleeping loft. Conveniently located with access to the scenic Brew Ridge Trail, this tiny home combines modern elegance with outdoor adventure, making it the perfect retreat for your next vacation.",,,https://ik.imagekit.io/OE/nelson-county/listings/the-big-tiny-house-image1_NJ-bDVgrT,Wooden tiny house at night with string lights and colorful outdoor chairs.,,https://ik.imagekit.io/OE/nelson-county/listings/the-big-tiny-house-image2_4wefjR0NbD,"Wooden tiny home interior with large windows, sofa, table, and ceiling fan.",,,,,,,"Afton, VA 22920",josh,,,https://www.google.com/maps/dir/?api=1&destination=Afton%2C%20VA%2022920,,,,,,,,,,,,,,Full Kitchen; Pet Friendly; Cabins; Lodging,false,https://www.google.com/maps/dir/?api=1&destination=Afton%2C%20VA%2022920
178,Rusty's Retreat,rustys-retreat,Cabins & Cottages,stay,Afton,"Rusty's Retreat offers a cozy escape along the scenic Brew Ridge Trail, featuring a charming micro-cabin equipped with a queen bed and a convenient kitchenette. Enjoy your own private fire pit, perfect for evenings under the stars. Additionally, your stay supports local animal rescue efforts, making your getaway not only relaxing but also meaningful. Experience the tranquility of nature while indulging in the comforts of home at Rusty's Retreat.",,,https://ik.imagekit.io/OE/nelson-county/listings/rusty-s-retreat-image1_lpTky49pW,"Tiny wooden house with garden, surrounded by trees and plants.",,https://ik.imagekit.io/OE/nelson-county/listings/rusty-s-retreat-image2_HT9XZp_S6,"Cozy wooden tiny house interior with kitchenette, bed, and large windows.",,,,,,,"Afton, VA 22920",josh,,,https://www.google.com/maps/dir/?api=1&destination=Afton%2C%20VA%2022920,,,,,,,,,,,,,,Cabins; Outdoor Seating; Coffee; Bar; Tea; Full Kitchen; Lodging,false,https://www.google.com/maps/dir/?api=1&destination=Afton%2C%20VA%2022920
179,Village Inn,village-inn,Motels & Inns,stay,Lovingston,"Nestled along U.S. Highway, Village Inn offers 23 comfortable rooms designed for a relaxing stay. Our convenient location makes it easy for guests to explore nearby attractions while enjoying modern amenities and warm hospitality. Whether you’re traveling for business or leisure, Village Inn is your ideal home away from home. Experience comfort and convenience in a charming setting that welcomes all visitors.",,,https://ik.imagekit.io/OE/nelson-county/listings/village-inn-image1_65Nlj2gB-,Sign reads 'VILLAGE INN' against a wooded background.,,https://ik.imagekit.io/OE/nelson-county/listings/village-inn-image2_cCjQ-qI7m,Two double beds with patterned covers in a hotel room.,,,,,,(434) 295-2161,"79 Tanbark Plaza, Lovingston, VA 22949",josh,,,https://www.google.com/maps/dir/?api=1&destination=79%20Tanbark%20Plaza%2C%20Lovingston%2C%20VA%2022949,,,,,,,,,,,,,,Lodging,false,https://www.google.com/maps/dir/?api=1&destination=79%20Tanbark%20Plaza%2C%20Lovingston%2C%20VA%2022949
180,Cozy Mountain Cottage,cozy-mountain-cottage,Cabins & Cottages,stay,Nellysford,"Cozy Mountain Cottage is a family-friendly rental near Route 151, offering wraparound views of the Blue Ridge Mountains. With inviting porch seating, it serves as a perfect home base between Wintergreen Resort and local breweries.",,,https://ik.imagekit.io/OE/nelson-county/listings/cozy-mountain-cottage-image1_rghxtSZT6,Firepit with wooden chairs surrounded by trees and cabin.,,https://ik.imagekit.io/OE/nelson-county/listings/cozy-mountain-cottage-image2_xB5E2f_w3,"Cozy living room with brown recliners, stairs, and a patterned rug.",,,,,,,"Roseland, VA 22967",josh,,,https://www.google.com/maps/dir/?api=1&destination=Roseland%2C%20VA%2022967,,,,,,,,,,,,,,Scenic Views; Wi-Fi; Full Kitchen; Outdoor Seating; Family Friendly; Cabins; Lodging,false,https://www.google.com/maps/dir/?api=1&destination=Roseland%2C%20VA%2022967
181,Piedmont Grove Lodging,piedmont-grove-lodging,Motels & Inns,stay,Roseland,"Nestled conveniently near Route 151, Piedmont Grove Lodging offers a cozy retreat with ten thoughtfully designed hotel-style suites, perfect for both short getaways and longer stays. Guests can indulge in the comfort of Dream Cloud mattresses, ensuring a restful night's sleep. With a commitment to exceptional cleanliness, each suite is professionally cleaned after every stay, featuring fresh linens and duvets for a pristine environment. Whether you’re exploring the scenic surroundings or seeking a peaceful respite, Piedmont Grove Lodging is your ideal home away from home.",,,https://ik.imagekit.io/OE/nelson-county/listings/piedmont-grove-lodging-image1_Pwo1n1wDJ,Children playing with autumn leaves near treehouses in a forest.,,https://ik.imagekit.io/OE/nelson-county/listings/piedmont-grove-lodging-image2_IR18dHCQ4,"Bed with white sheets, abstract wall art, and small bedside table.",,,,,,(434) 361-1100,"76 Rodes Farm Drive, Nellysford, VA 22958",josh,,,https://www.google.com/maps/dir/?api=1&destination=76%20Rodes%20Farm%20Drive%2C%20Nellysford%2C%20VA%2022958,,,,,,,,,,,,,,Lodging,false,https://www.google.com/maps/dir/?api=1&destination=76%20Rodes%20Farm%20Drive%2C%20Nellysford%2C%20VA%2022958
182,Beech Grove Farmhouse,beech-grove-farmhouse,Cabins & Cottages,stay,Roseland,"Nestled in the foothills of the Blue Ridge Mountains, Beech Grove Farmhouse is a charming three-bedroom, two-bathroom home that beautifully blends historic character with modern comforts. Located directly across from Devils Backbone, this early-century farmhouse offers stunning mountain views and a cozy fire pit, perfect for unwinding after a day of adventures. Experience the tranquility and natural beauty of the area while enjoying all the amenities needed for a memorable getaway.",,,https://ik.imagekit.io/OE/nelson-county/listings/beech-grove-farmhouse-image1_-tmmYsyRbM,"White house with porch, green lawn, trees, and blue sky in background.",,https://ik.imagekit.io/OE/nelson-county/listings/beech-grove-farmhouse-image2_NDEvWcXii,"Cozy living room with sofas, TV, and stairs. Neutral tones and natural light.",,,,,,,"9519 Critzers Shop Road, Afton, VA 22920",josh,,,https://www.google.com/maps/dir/?api=1&destination=9519%20Critzers%20Shop%20Road%2C%20Afton%2C%20VA%2022920,,,,,,,,,,,,,,Wi-Fi; Full Kitchen; Scenic Views; Cabins; Lodging,false,https://www.google.com/maps/dir/?api=1&destination=9519%20Critzers%20Shop%20Road%2C%20Afton%2C%20VA%2022920
183,Straw Bale House,straw-bale-house,Whole House Rentals,stay,Afton,"The Straw Bale House is an eco-friendly custom home situated on 70 acres, featuring fields, woods, and access to local breweries. This hand-built residence offers a comfortable environment year-round, staying cool in summer and cozy in winter. Enjoy farm animals, fresh eggs, and private hiking trails nearby.",,,https://ik.imagekit.io/OE/nelson-county/listings/straw-bale-house-image1_uKxQeVydj,"Lush green valley with scattered houses, surrounded by blue mountains under clear sky.",,https://ik.imagekit.io/OE/nelson-county/listings/straw-bale-house-image2_EdnL-Ys70,"Cozy bedroom with iron bed, red bedding, wooden beams, and lit lamp.",,,,,,,"Nellysford, VA 22958",josh,,,https://www.google.com/maps/dir/?api=1&destination=Nellysford%2C%20VA%2022958,,,,,,,,,,,,,,Farm; Breakfast; Lodging,false,https://www.google.com/maps/dir/?api=1&destination=Nellysford%2C%20VA%2022958
184,Blue Ridge Bliss,blue-ridge-bliss,Whole House Rentals,stay,Roseland,"Discover ""Blue Ridge Bliss,"" a stunning whole house rental that has garnered consistent five-star ratings from delighted guests. Nestled in the breathtaking Blue Ridge Mountains, this updated and well-appointed retreat offers a perfect blend of comfort and style. Expect spacious living areas, modern amenities, and serene outdoor spaces where you can unwind and soak in nature's beauty. Whether you’re seeking adventure on nearby hiking trails or a peaceful escape, Blue Ridge Bliss is your ideal getaway. Experience the charm and tranquility that makes this destination truly special.",,,https://ik.imagekit.io/OE/nelson-county/listings/blue-ridge-bliss-image1_zEMtyl2hT,"Gray apartment building with balconies, surrounded by trees and stone landscaping.",,https://ik.imagekit.io/OE/nelson-county/listings/blue-ridge-bliss-image2_4y2T5WBnE,"Cozy living room with beige sofa, colorful cushions, and nature wall art.",,,,,,,"46 Ledges Lane, Wintergreen, VA 22958",josh,,,https://www.google.com/maps/dir/?api=1&destination=46%20Ledges%20Lane%2C%20Wintergreen%2C%20VA%2022958,,,,,,,,,,,,,,Cabins; Full Kitchen; Lodging; Pet Friendly; Resort; Scenic Views; Tastings,false,https://www.google.com/maps/dir/?api=1&destination=46%20Ledges%20Lane%2C%20Wintergreen%2C%20VA%2022958
185,Stays at Lovingston Winery,stays-at-lovingston-winery,Cabins & Cottages,stay,Lovingston,"Experience the enchanting charm of Stays at Lovingston Winery, where your overnight getaway transforms into a captivating wine-country adventure. Indulge in breathtaking vineyard sunsets, explore the intricacies of our barrel room on guided tours, and savor exquisite catered pairings that elevate your palate. Discover the perfect blend of relaxation and exploration, making your stay truly unforgettable.",,,https://ik.imagekit.io/OE/nelson-county/listings/stays-at-lovingston-winery-image1_B_V5brmYB,"White house with red door, surrounded by large green trees.",,https://ik.imagekit.io/OE/nelson-county/listings/stays-at-lovingston-winery-image2_VLF1AqscC,"Log cabin surrounded by lush trees, gravel path leading to porch.",,,,,,(434) 263-8467,"885 Freshwater Cove Lane, Lovingston, VA 22949",josh,,,https://www.google.com/maps/dir/?api=1&destination=885%20Freshwater%20Cove%20Lane%2C%20Lovingston%2C%20VA%2022949,,,,,,,,,,,,,,Wine; Cabins; Lodging; Dinner; Tastings; Farm,false,https://www.google.com/maps/dir/?api=1&destination=885%20Freshwater%20Cove%20Lane%2C%20Lovingston%2C%20VA%2022949
186,The Cottage at Pines End,the-cottage-at-pines-end,Cabins & Cottages,stay,Arrington,"Discover The Cottage at Pines End, a charming retreat featuring an inviting hot tub and a spacious wraparound deck perfect for soaking in the stunning mountain views. Inside, a cozy gas fireplace adds warmth and ambiance, making it an ideal getaway year-round. Explore scenic trails that lead you to the serene Tye River and the picturesque Blue Ridge Railway Trail, offering endless opportunities for outdoor adventure. Experience the perfect blend of comfort and nature at this tranquil cottage.",,,https://ik.imagekit.io/OE/nelson-county/listings/the-cottage-at-pines-end-image1_IAgIW2t47,"House with solar panels, front porch, rocking chairs, surrounded by trees.",,https://ik.imagekit.io/OE/nelson-county/listings/the-cottage-at-pines-end-image2_cm3rgz8Vk,"Cozy living room with stone fireplace, leather sofas, wooden floors, and large windows.",,,,,,,"Arrington, VA 22922",josh,,,https://www.google.com/maps/dir/?api=1&destination=Arrington%2C%20VA%2022922,,,,,,,,,,,,,,Outdoor Seating; Pet Friendly; Scenic Views; Water Sports,false,https://www.google.com/maps/dir/?api=1&destination=Arrington%2C%20VA%2022922
187,Woodson's Mill House,woodsons-mill-house,Whole House Rentals,stay,Roseland,"Woodson's Mill House is a craftsman retreat located next to the historic Woodson's Mill, featuring lake access and wooded acreage. The property offers a picturesque setting with a backdrop of the historic gristmill and a spring-fed lake, all conveniently situated near Charlottesville and Wintergreen.",,,https://ik.imagekit.io/OE/nelson-county/listings/woodson-s-mill-house-image1_4Inlp4G5X,Stone house with green roof surrounded by trees in autumn.,,https://ik.imagekit.io/OE/nelson-county/listings/woodson-s-mill-house-image2_vZTKxv4MMY,"Large wooden dining table, patterned rug, stone fireplace, chandelier, framed art on walls.",,,,,,,"3211 Lowesville Road, Roseland, VA 22967",josh,,,https://www.google.com/maps/dir/?api=1&destination=3211%20Lowesville%20Road%2C%20Roseland%2C%20VA%2022967,,,,,,,,,,,,,,Scenic Views; Pet Friendly; Cabins; Lodging; Farm; Tastings,false,https://www.google.com/maps/dir/?api=1&destination=3211%20Lowesville%20Road%2C%20Roseland%2C%20VA%2022967
188,Harmony Hill Bed & Breakfast,harmony-hill-bed-and-breakfast,Bed and Breakfast,stay,Arrington,"Experience a peaceful retreat at Harmony Hill Bed & Breakfast, where six uniquely themed guest rooms invite you to unwind in comfort, each featuring a private bath and many with cozy fireplaces. Start your day with a hearty country breakfast, then relax on the porch swings while taking in stunning views of the picturesque Route 29 wine country. Whether you're exploring nearby wineries or seeking a serene getaway, our welcoming atmosphere ensures an unforgettable stay.",,,https://ik.imagekit.io/OE/nelson-county/listings/harmony-hill-bed-breakfast-image1_RKNENpGmn,"Brown wooden house with dormer windows, surrounded by trees and grassy lawn.",,https://ik.imagekit.io/OE/nelson-county/listings/harmony-hill-bed-breakfast-image2_3XvmHXiWy,"Cozy cabin living room with brown sofa, stone fireplace, and wooden accents.",,,,,,(434) 263-7750,"929 Wilson Hill Road, Arrington, VA 22922",josh,,,https://www.google.com/maps/dir/?api=1&destination=929%20Wilson%20Hill%20Road%2C%20Arrington%2C%20VA%2022922,,,,,,,,,,,,,,Breakfast; Scenic Views; Lodging; Hiking; Tastings; Water Sports,false,https://www.google.com/maps/dir/?api=1&destination=929%20Wilson%20Hill%20Road%2C%20Arrington%2C%20VA%2022922
189,Spyrock Lodge,spyrock-lodge,Cabins & Cottages,stay,Montebello,"Spyrock Lodge is a secluded two-bedroom cabin on 11 acres adjacent to the Appalachian Trail and George Washington National Forest. It features Wi-Fi, heating and air conditioning, and an optional micro cabin.",,,https://ik.imagekit.io/OE/nelson-county/listings/spyrock-lodge-image1_UEWaQhSJm,"Modern small cabin with gray walls, red door, and white railing, surrounded by trees.",,https://ik.imagekit.io/OE/nelson-county/listings/spyrock-lodge-image2_gdCdtVVjL,"Living room with wooden furniture, large windows, and vaulted ceiling.",,,,,,,"Montebello, VA 24464",josh,,,https://www.google.com/maps/dir/?api=1&destination=Montebello%2C%20VA%2024464,,,,,,,,,,,,,,Cabins; Wi-Fi; Lodging; Appalachian Trail,false,https://www.google.com/maps/dir/?api=1&destination=Montebello%2C%20VA%2024464
190,The Retreat at Crabtree Falls,the-retreat-at-crabtree-falls,Cabins & Cottages,stay,Tyro,"Nestled in the heart of the stunning Blue Ridge Mountains, The Retreat at Crabtree Falls offers a perfect blend of comfort and adventure for families and groups. Each spacious cabin features cozy bedrooms, fully equipped kitchens, and inviting living areas, ideal for gathering after a day of exploration. Guests can easily access scenic onsite trails that lead directly to the breathtaking Crabtree Falls and panoramic mountain viewpoints. Our dedicated hospitality team ensures your stay is seamless, assisting with everything from arranging invigorating hikes and serene fishing trips to unique winery excursions. Experience a secluded yet fully supported escape, where nature's beauty meets personalized service.",,,https://ik.imagekit.io/OE/nelson-county/listings/the-retreat-at-crabtree-falls-image1_0h8Rx4Mea,Rustic cabin with stone chimney surrounded by colorful autumn trees on hillside.,,https://ik.imagekit.io/OE/nelson-county/listings/the-retreat-at-crabtree-falls-image2_8JC6n6CHHy,"Cozy log cabin living room with stone fireplace, bookshelf, and rustic decor.",,,,,,(434) 207-2230,"10777 Crabtree Falls Highway, Tyro, VA 22976",josh,,,https://www.google.com/maps/dir/?api=1&destination=10777%20Crabtree%20Falls%20Highway%2C%20Tyro%2C%20VA%2022976,,,,,,,,,,,,,,Lodging; Cabins; Scenic Views; Water Sports; Tastings; Fishing,false,https://www.google.com/maps/dir/?api=1&destination=10777%20Crabtree%20Falls%20Highway%2C%20Tyro%2C%20VA%2022976
191,Point of View,point-of-view,Cabins & Cottages,stay,Roseland,"Nestled in the heart of the Wintergreen resort, Point of View is a stunning five-bedroom, 5.5-bath retreat that promises an unforgettable getaway. Guests are greeted by breathtaking panoramic mountain views, perfect for morning coffee or evening sunsets on the spacious decks. With dual entertaining levels, a hot tub for relaxation, and a game room for fun-filled nights, this cabin is designed for both relaxation and recreation. The chef's kitchen invites culinary creativity, making it easy to gather for memorable meals. Whether you’re hitting the slopes or exploring nearby hiking trails, Point of View offers a perfect blend of comfort and adventure in a picturesque setting.",,,https://ik.imagekit.io/OE/nelson-county/listings/point-of-view-image1_xsk3WSAG3,"Snow-covered landscape with bare trees, mountains, and blue sky with clouds.",,https://ik.imagekit.io/OE/nelson-county/listings/point-of-view-image2_F7HbHWOzm,"Spacious living room with high wooden ceiling and stone fireplace, cozy seating area.",,,,,,,"Wintergreen Resort, Roseland, VA 22967",josh,,,https://www.google.com/maps/dir/?api=1&destination=Wintergreen%20Resort%2C%20Roseland%2C%20VA%2022967,,,,,,,,,,,,,,Scenic Views; Full Kitchen; Cabins; Lodging,false,https://www.google.com/maps/dir/?api=1&destination=Wintergreen%20Resort%2C%20Roseland%2C%20VA%2022967
192,The Inn at Blue Mountain Brewery,the-inn-at-blue-mountain-brewery,Cabins & Cottages,stay,Afton,"Nestled beside the renowned Blue Mountain Brewery, The Inn at Blue Mountain Brewery is a charming 4,000 sq ft Cape Cod-style home that invites visitors to unwind in a serene setting. Enjoy the expansive wraparound porch, perfect for savoring your morning coffee or evening sunsets. After a day of adventure, relax in the hot tub or gather around the fire pit for cozy conversations. With a private path leading directly to the brewery's taproom, you'll have easy access to craft beers and delicious bites, making this inn an ideal retreat for those seeking both relaxation and a taste of local flavor.",,,https://ik.imagekit.io/OE/nelson-county/listings/the-inn-at-blue-mountain-brewery-image1_iQ5F3SfRK,"White house with porch, surrounded by trees and manicured lawn under blue sky.",,https://ik.imagekit.io/OE/nelson-county/listings/the-inn-at-blue-mountain-brewery-image2_cvp8LorNA,"Living room with beige sofas, red rug, fireplace, and large windows.",,,,,,,"9519 Critzers Shop Road, Afton, VA 22920",josh,,,https://www.google.com/maps/dir/?api=1&destination=9519%20Critzers%20Shop%20Road%2C%20Afton%2C%20VA%2022920,,,,,,,,,,,,,,Pool; Beer; Outdoor Seating; Cabins; Lodging; Tastings,false,https://www.google.com/maps/dir/?api=1&destination=9519%20Critzers%20Shop%20Road%2C%20Afton%2C%20VA%2022920
193,Gracewood,gracewood,Cabins & Cottages,stay,Afton,"Gracewood is a charming modern cottage nestled just off Route 151, offering a serene escape surrounded by nature. Enjoy two miles of private trails that lead you directly into the heart of the local wine and beer scene, perfect for adventurous tastings. With its peaceful setting and convenient access to nearby wineries and breweries, Gracewood is the ideal retreat for relaxation and exploration.",,,https://ik.imagekit.io/OE/nelson-county/listings/gracewood-image1_M-DOchOiM,Lush garden with green shrubs and small building in background.,,https://ik.imagekit.io/OE/nelson-county/listings/gracewood-image2_xJfVn-RK6k,"Modern kitchen with white cabinets, black countertops, and island with place settings.",,,,,,,"Nellysford, VA 22958",josh,,,https://www.google.com/maps/dir/?api=1&destination=Nellysford%2C%20VA%2022958,,,,,,,,,,,,,,Cabins; Lodging,false,https://www.google.com/maps/dir/?api=1&destination=Nellysford%2C%20VA%2022958
194,The Chimneys,the-chimneys,Cabins & Cottages,stay,Montebello,"Nestled in the heart of Nelson County, The Chimneys is a beautifully preserved hand-hewn log cabin dating back to the 1800s, offering an authentic rustic retreat. Embrace an off-grid experience surrounded by the stunning natural beauty of the area, where the sounds of nature replace the noise of daily life. Guests can unwind with hiking, birdwatching, or simply soaking in the serene atmosphere. Perfect for those seeking solitude and a deeper connection with nature, The Chimneys invites you to step back in time while enjoying modern comforts in a truly unique setting.",,,https://ik.imagekit.io/OE/nelson-county/listings/the-chimneys-image1_u5cR87lJ9,Log cabin with stone chimney surrounded by lush green forest.,,https://ik.imagekit.io/OE/nelson-county/listings/the-chimneys-image2_sNFxu8Fy4p,"Modern kitchen with blue island, pendant light, and stainless appliances.",,,,,,,"Roseland, VA 22967",josh,,,https://www.google.com/maps/dir/?api=1&destination=Roseland%2C%20VA%2022967,,,,,,,,,,,,,,Cabins; Adventure; Lodging,false,https://www.google.com/maps/dir/?api=1&destination=Roseland%2C%20VA%2022967
195,The Carriage House at Stagebridge Farm,the-carriage-house-at-stagebridge-farm,Bed and Breakfast,stay,Lovingston,"Escape to The Carriage House at Stagebridge Farm, a charming bed and breakfast nestled above the farm's workshop. This inviting studio loft features a luxurious king bed, an EV charging station, and a private balcony where you can soak in breathtaking sunrise views while enjoying the crisp mountain air. With fast Wi-Fi to keep you connected, you can easily explore the rich history of Lovingston, home to the Lovingston Historic District and the courthouse, both recognized on the National Register of Historic Places. Experience a perfect blend of comfort and adventure at The Carriage House.",,,https://ik.imagekit.io/OE/nelson-county/listings/the-carriage-house-at-stagebridge-farm-image1_X0jZ1Dz6N,"Vineyard with rows of grapevines, house, mountain, under clear blue sky.",,https://ik.imagekit.io/OE/nelson-county/listings/the-carriage-house-at-stagebridge-farm-image2_ocUi_5vRa,"Spacious bedroom with large windows, wooden beams, and stylish furnishings.",,,,,,,"Stagebridge Farm, Lovingston, VA 22949",josh,,,https://www.google.com/maps/dir/?api=1&destination=Stagebridge%20Farm%2C%20Lovingston%2C%20VA%2022949,,,,,,,,,,,,,,Lodging; Wine; Farm; EV Charging; Breakfast; Wi-Fi,false,https://www.google.com/maps/dir/?api=1&destination=Stagebridge%20Farm%2C%20Lovingston%2C%20VA%2022949
196,Indigo House Bed & Breakfast,indigo-house-bed-and-breakfast,Bed and Breakfast,stay,Afton,"Nestled in a picturesque setting, Indigo House Bed & Breakfast invites you to unwind in one of its four beautifully curated, dog-friendly rooms, each designed with comfort and charm in mind. Start your day with a delightful, chef-prepared breakfast that fuels your adventures. Located just moments away from the breathtaking Skyline Drive, Shenandoah National Park, and the renowned Nelson 151 beverage trail, this cozy retreat is perfect for nature lovers and food enthusiasts alike. Experience warm hospitality and a tranquil escape in this enchanting haven.",,,https://ik.imagekit.io/OE/nelson-county/listings/indigo-house-bed-breakfast-image1_Vw7sPK22H,"Cozy house with stone facade, surrounded by trees and mountain views.",,https://ik.imagekit.io/OE/nelson-county/listings/indigo-house-bed-breakfast-image2_-xbLE1vcJ,"Bedroom with blue wall, white bed, large window showcasing scenic outdoor view.",,,,,,(434) 989-6766,"451 Indigo Lane, Afton, VA 22920",josh,,,https://www.google.com/maps/dir/?api=1&destination=451%20Indigo%20Lane%2C%20Afton%2C%20VA%2022920,,,,,,,,,,,,,,Pet Friendly; Breakfast; Scenic Views; Lodging,false,https://www.google.com/maps/dir/?api=1&destination=451%20Indigo%20Lane%2C%20Afton%2C%20VA%2022920
197,Papa's Cottage,papas-cottage,Cabins & Cottages,stay,Afton,"Discover Papa's Cottage, a charming mid-century bungalow featuring two cozy bedrooms and a private hot tub. With stylish interiors and stunning valley views, this retreat offers the perfect blend of comfort and elegance. Located just minutes from Route 151 wine country, it's an ideal base for exploring local vineyards and enjoying the scenic beauty of the area. Experience a delightful getaway where modern amenities meet timeless charm.",,,https://ik.imagekit.io/OE/nelson-county/listings/papa-s-cottage-image1_iLmu3PQJn,"Covered patio with seating, hot tub, string lights, and decorative plants.",,https://ik.imagekit.io/OE/nelson-county/listings/papa-s-cottage-image2_c3F3XIbhl,"Cozy living room with brown sofa, pillows, and open kitchen in background.",,,,,,,"Afton, VA 22920",josh,,,https://www.google.com/maps/dir/?api=1&destination=Afton%2C%20VA%2022920,,,,,,,,,,,,,,Scenic Views; Cabins; Lodging,false,https://www.google.com/maps/dir/?api=1&destination=Afton%2C%20VA%2022920
198,Meme's Cottage,memes-cottage,Cabins & Cottages,stay,Afton,"Meme's Cottage is a modernized mid-century retreat for two couples or a small family, nestled in the woods near Route 151. It features contemporary finishes, a serene deck, and easy access to nearby tasting rooms.",,,https://ik.imagekit.io/OE/nelson-county/listings/meme-s-cottage-image1_WpucqZ33l,"White house with blue door, surrounded by green trees and grass, outdoor game nearby.",,https://ik.imagekit.io/OE/nelson-county/listings/meme-s-cottage-image2_VGkuXlmBC,Bright kitchen and dining area with white cabinets and wooden floor.,,,,,,,"Afton, VA 22920",josh,,,https://www.google.com/maps/dir/?api=1&destination=Afton%2C%20VA%2022920,,,,,,,,,,,,,,Beer; Full Kitchen; Outdoor Seating; Cabins; Lodging; Tastings,false,https://www.google.com/maps/dir/?api=1&destination=Afton%2C%20VA%2022920
199,Cheval Circle,cheval-circle,Cabins & Cottages,stay,Afton,"Cheval Circle is a rustic three-bedroom home on a meadow beside a horse farm, offering mountain views and easy drives to Afton attractions. The house feels remote and rural, yet is close to so much of what Nelson County has to offer.",,,https://ik.imagekit.io/OE/nelson-county/listings/cheval-circle-image1_fOJj41ghsQ,"Hot tub under wooden gazebo, surrounded by trees and clear blue sky.",,https://ik.imagekit.io/OE/nelson-county/listings/cheval-circle-image2_lfF_LxYpL,"Cozy living room with gray sofa, fireplace, and large windows, wood floor.",,,,,,,"Afton, VA 22920",josh,,,https://www.google.com/maps/dir/?api=1&destination=Afton%2C%20VA%2022920,,,,,,,,,,,,,,Scenic Views; Cabins; Lodging,false,https://www.google.com/maps/dir/?api=1&destination=Afton%2C%20VA%2022920
200,The Wine Cottage,the-wine-cottage,Cabins & Cottages,stay,Afton,"Nestled in the scenic heart of Virginia's wine country, The Wine Cottage is a charming mid-century ranch that blends vintage character with modern comforts. Guests will enjoy beautifully updated interiors that create a cozy atmosphere, perfect for relaxation after a day of exploration. With breathtaking mountain views and a private fire pit, this idyllic retreat invites you to unwind under the stars. Located just minutes from the renowned Nelson 151 tasting rooms, it's the perfect base for wine enthusiasts looking to savor the local flavors while enjoying a tranquil escape.",,,https://ik.imagekit.io/OE/nelson-county/listings/the-wine-cottage-image1_XiGtHjWQI,Brick house with triangular roof and six blue chairs on lawn.,,https://ik.imagekit.io/OE/nelson-county/listings/the-wine-cottage-image2_CYT2yfryX,"Modern kitchen with island, bar stools, stainless appliances, wooden floor, warm lighting.",,,,,,,"Afton, VA 22920",josh,,,https://www.google.com/maps/dir/?api=1&destination=Afton%2C%20VA%2022920,,,,,,,,,,,,,,Scenic Views; Tastings; Wine; Cabins; Lodging,false,https://www.google.com/maps/dir/?api=1&destination=Afton%2C%20VA%2022920
201,Carter's Cottage,carters-cottage,Cabins & Cottages,stay,Afton,"Also just a short drive from many of Nelson County’s most popular destinations, including Devil’s Backbone, Bold Rock Cidery, and Wintergreen Visitors can walk to Three Notch'd. Then go home and sit in your own hot tub.",,,https://ik.imagekit.io/OE/nelson-county/listings/carter-s-cottage-image1_ydn0TnyDb,Wooden chairs in circle around fire pit on gravel patio.,,https://ik.imagekit.io/OE/nelson-county/listings/carter-s-cottage-image2_VB2OzoF4k,"Modern kitchen with island, barstools, stainless steel appliances, and 'Gather' sign above.",,,,,,,"Nellysford, VA 22958",josh,,,https://www.google.com/maps/dir/?api=1&destination=Nellysford%2C%20VA%2022958,,,,,,,,,,,,,,Cabins; Lodging; Farm,false,https://www.google.com/maps/dir/?api=1&destination=Nellysford%2C%20VA%2022958
202,Beech Grove Cottage,beech-grove-cottage,Cabins & Cottages,stay,Roseland,"Discover Beech Grove Cottage, a charmingly renovated bungalow from the 1920s situated conveniently across from Devils Backbone. This inviting retreat features high-speed fiber internet, a spacious yard perfect for outdoor activities, and a cozy fire pit designed for memorable evenings under the stars. Ideal for up to six guests, it’s the perfect getaway for families and friends seeking both comfort and adventure. Experience a blend of historic charm and modern amenities at Beech Grove Cottage.",,,https://ik.imagekit.io/OE/nelson-county/listings/beech-grove-cottage-image1_jL7Nd6cfH,Yellow daffodils in grassy yard before small house with blue roof.,,https://ik.imagekit.io/OE/nelson-county/listings/beech-grove-cottage-image2_C2qlV-tLb,"Spacious living room with large green sofa, colorful pillows, and wood accents.",,,,,,,"200 Mosbys Run, Roseland, VA 22967",josh,,,https://www.google.com/maps/dir/?api=1&destination=200%20Mosbys%20Run%2C%20Roseland%2C%20VA%2022967,,,,,,,,,,,,,,Cabins; Lodging,false,https://www.google.com/maps/dir/?api=1&destination=200%20Mosbys%20Run%2C%20Roseland%2C%20VA%2022967
203,Montebello Resort,montebello-resort,Cabins & Cottages,stay,Montebello,"Nestled in a serene landscape, Montebello Resort offers a perfect retreat for nature enthusiasts and those seeking tranquility. Enjoy the picturesque lake and a tranquil trout pond, ideal for fishing and relaxation. Explore the unique country store on-site, where you can find local crafts and treats. With historical sites and scenic hiking trails just a stone's throw away, Montebello invites you to relax, unplug, and unwind in a truly captivating setting. Experience the perfect blend of adventure and relaxation at this charming getaway.",,,https://ik.imagekit.io/OE/nelson-county/listings/montebello-resort-image1_ghrMpW_B3,"Small wooden cabin with a porch, surrounded by green trees and sunlight.",,https://ik.imagekit.io/OE/nelson-county/listings/montebello-resort-image2_5p3CUVkbm,"Rustic wooden cabin interior with leather chairs, stone fireplace, and large windows.",,,,,,(540) 377-2650,"15090 Crabtree Falls Highway, Montebello, VA 24464",josh,,,https://www.google.com/maps/dir/?api=1&destination=15090%20Crabtree%20Falls%20Highway%2C%20Montebello%2C%20VA%2024464,,,,,,,,,,,,,,Cafe; Retail; Cabins; Pet Friendly; Lodging,false,https://www.google.com/maps/dir/?api=1&destination=15090%20Crabtree%20Falls%20Highway%2C%20Montebello%2C%20VA%2024464
204,Freshwater Field Cabin,freshwater-field-cabin,Cabins & Cottages,stay,Lovingston,"Nestled in a serene hollow on a private farm near Lovingston, the Freshwater Field Cabin offers a tranquil retreat for nature lovers and adventurers alike. Surrounded by picturesque hiking trails and lush horse pastures, guests can explore the stunning landscapes at their leisure. Just a short drive away, you'll find charming attractions in Nelson County, making it the perfect base for your outdoor escapades and local discoveries. Experience the beauty and peace of rural Virginia at this inviting cabin escape.",,,https://ik.imagekit.io/OE/nelson-county/listings/freshwater-field-cabin-image1_GaffeUlSd,"Red two-story house with patio furniture, umbrella, and trees in background.",,https://ik.imagekit.io/OE/nelson-county/listings/freshwater-field-cabin-image2_Vvm1QAsB9,"Blue sofa in cozy room with fireplace, decorative rug, and wooden elements.",,,,,,,"Lovingston, VA 22949",josh,,,https://www.google.com/maps/dir/?api=1&destination=Lovingston%2C%20VA%2022949,,,,,,,,,,,,,,Farm; Cabins; Equestrian; Lodging,false,https://www.google.com/maps/dir/?api=1&destination=Lovingston%2C%20VA%2022949
205,Four Elements Farm,four-elements-farm,Whole House Rentals,stay,Roseland,"Four Elements Farm is a stunning 116-acre retreat featuring a charming farmhouse, a hot tub, and a serene pond, perfect for relaxation. Guests can enjoy the company of friendly goats while exploring the lush pastures and woodlands that surround the property. Ideally located near Devils Backbone and Wintergreen, this idyllic getaway offers a blend of nature and comfort for an unforgettable experience.",,,https://ik.imagekit.io/OE/nelson-county/listings/four-elements-farm-image1_wcYZqjjij,Pond surrounded by trees with house in the background under blue sky.,,https://ik.imagekit.io/OE/nelson-county/listings/four-elements-farm-image2_bzJusRdqT,"Cozy living room with sofas, patterned rug, stone fireplace, and wood-paneled ceiling.",,,,,,,"Roseland, VA 22967",josh,,,https://www.google.com/maps/dir/?api=1&destination=Roseland%2C%20VA%2022967,,,,,,,,,,,,,,Lodging; Farm; Pet Friendly; Cabins,false,https://www.google.com/maps/dir/?api=1&destination=Roseland%2C%20VA%2022967
206,Time to Wine Down,time-to-wine-down,Whole House Rentals,stay,Afton,"Time to Wine Down is a five-bedroom retreat in Afton, set on two acres near the Route 151 beverage trail. It features dual living rooms, a basement game space with air hockey, an expansive fire pit, and string-lit outdoor dining. This property uniquely combines vintage charm with modern amenities in the heart of Virginia's wine country.",,,https://ik.imagekit.io/OE/nelson-county/listings/time-to-wine-down-image1_fT10VW1Dd,"White house with black roof, driveway, surrounded by green trees and lawn.",,https://ik.imagekit.io/OE/nelson-county/listings/time-to-wine-down-image2_bBVJXZfT0,"Cozy living room with gray sofa, armchairs, fluffy ottoman, and ceiling fan.",,,,,,,"Afton, VA 22920",josh,,,https://www.google.com/maps/dir/?api=1&destination=Afton%2C%20VA%2022920,,,,,,,,,,,,,,Outdoor Seating; Wine; Cabins; Lodging,false,https://www.google.com/maps/dir/?api=1&destination=Afton%2C%20VA%2022920
207,Love Afton Cabin,love-afton-cabin,Cabins & Cottages,stay,Afton,"Love Afton Cabin sits on 11.5 private acres, featuring multiple decks, a stocked pond, and spacious common areas perfect for fishing, grilling, and stargazing. This unique mountain retreat combines comfort, adventure, and relaxation.",,,https://ik.imagekit.io/OE/nelson-county/listings/love-afton-cabin-image1_IwkNAdICu,Hot tub with bubbling water overlooking lush green forest and mountains.,,https://ik.imagekit.io/OE/nelson-county/listings/love-afton-cabin-image2_P9fzatXa5-,Spacious wooden living room with large windows and cozy furniture.,,,,,,,"5495 Mountain Road, Afton, VA 22920",josh,,,https://www.google.com/maps/dir/?api=1&destination=5495%20Mountain%20Road%2C%20Afton%2C%20VA%2022920,,,,,,,,,,,,,,Outdoor Seating; Scenic Views; Cabins; Lodging; Water Sports; Fishing,false,https://www.google.com/maps/dir/?api=1&destination=5495%20Mountain%20Road%2C%20Afton%2C%20VA%2022920
208,Meili Mountain,meili-mountain,Whole House Rentals,stay,Nelson County,"Nestled along a serene creek, Meili Mountain invites you to immerse yourself in nature with its rustic camping experience on private land. Here, you can enjoy tranquil, leave-no-trace stays that honor the beauty of the surrounding wilderness. Perfectly situated near the stunning trails of Nelson County, this peaceful retreat is ideal for hikers, nature lovers, and those seeking a quiet escape. Experience the joys of outdoor living while reconnecting with the great outdoors at Meili Mountain, where adventure and serenity await.",,,https://ik.imagekit.io/OE/nelson-county/listings/meili-mountain-image1_n3-A_-AKC,Small cabin in lush forest with sunlight filtering through trees.,,https://ik.imagekit.io/OE/nelson-county/listings/meili-mountain-image2_HMlw7x_vw,Blue cabin in lush green forest clearing with firepit and wooden deck.,,,,,,,"Nelson County, VA",josh,,,https://www.google.com/maps/dir/?api=1&destination=Nelson%20County%2C%20VA,,,,,,,,,,,,,,Scenic Views; Pet Friendly,false,https://www.google.com/maps/dir/?api=1&destination=Nelson%20County%2C%20VA
209,Adventure Awaits,adventure-awaits,Whole House Rentals,stay,Roseland,"Adventure Awaits is a charming, pet-friendly retreat nestled in the picturesque Wintergreen area, just two minutes from the exhilarating slopes. This spacious home is perfect for families and groups, featuring multiple cozy living areas where you can relax after a day of outdoor fun. Unwind in the inviting hot tub under the stars or gather around the fire pit for s'mores and storytelling. With five smart TVs, entertainment is at your fingertips, making it easy to enjoy movie nights or catch up on your favorite shows. Experience the perfect blend of adventure and comfort at Adventure Awaits, your home base for unforgettable mountain memories!",,,https://ik.imagekit.io/OE/nelson-county/listings/adventure-awaits-image1_OIGAS5SOy,"Dark house with warm lights, surrounded by trees, gravel driveway in foreground.",,https://ik.imagekit.io/OE/nelson-county/listings/adventure-awaits-image2_S-y5X3SnV,"Living room with staircase, colorful chairs, patterned furniture, large windows, wooden floor.",,,,,,,"Wintergreen Resort, Roseland, VA 22967",josh,,,https://www.google.com/maps/dir/?api=1&destination=Wintergreen%20Resort%2C%20Roseland%2C%20VA%2022967,,,,,,,,,,,,,,Pet Friendly; Scenic Views; Skiing,false,https://www.google.com/maps/dir/?api=1&destination=Wintergreen%20Resort%2C%20Roseland%2C%20VA%2022967
210,Wintergreen Ridge Retreat,wintergreen-ridge-retreat,Whole House Rentals,stay,Wintergreen Resort,"Wintergreen Ridge Retreat is a charming four-bedroom mountain home that accommodates up to ten guests, perfect for families or groups seeking adventure. Enjoy expansive wraparound decks and a relaxing hot tub, ideal for unwinding after a day on the slopes. With convenient access to Wintergreen's lifts and trails, this retreat offers the perfect base for outdoor enthusiasts and those looking to immerse themselves in nature. Experience comfort and convenience in a stunning mountain setting.",,,https://ik.imagekit.io/OE/nelson-county/listings/wintergreen-ridge-retreat-image1_Po9HDslHo,"Spacious living room with brown leather sofas, large windows, and wooden ceiling.",,https://ik.imagekit.io/OE/nelson-county/listings/wintergreen-ridge-retreat-image2_CN_I0Hhgb,"Rustic house with peaked roof, surrounded by bare trees and autumn leaves.",,,,,,,"Wintergreen Resort, Nellysford, VA 22958",josh,,,https://www.google.com/maps/dir/?api=1&destination=Wintergreen%20Resort%2C%20Nellysford%2C%20VA%2022958,,,,,,,,,,,,,,Outdoor Seating; Scenic Views; Pet Friendly,false,https://www.google.com/maps/dir/?api=1&destination=Wintergreen%20Resort%2C%20Nellysford%2C%20VA%2022958
211,Maren Estate,maren-estate,Cabins & Cottages,stay,Afton,"Maren Estate is a stunning luxury retreat nestled on a sprawling 50-acre farm, offering breathtaking mountain views. This expansive 7,200-square-foot home features an inviting seasonal pool, a year-round hot tub, and a charming bocce court, perfect for leisurely afternoons. Guests can unwind in the cozy beer garden while enjoying the serene surroundings. Experience an unforgettable getaway at Maren Estate, where luxury meets nature.",,,https://ik.imagekit.io/OE/nelson-county/listings/maren-estate-image1_XH7pGtdID,"Rolling hills with autumn trees, house, and small pond under clear sky.",,https://ik.imagekit.io/OE/nelson-county/listings/maren-estate-image2_pMkBseFcr,"Spacious living room with large windows, wooden beams, and elegant furniture.",,,,,,,"Afton, VA 22920",josh,,,https://www.google.com/maps/dir/?api=1&destination=Afton%2C%20VA%2022920,,,,,,,,,,,,,,Pool; Seasonal Menu; Beer; Pet Friendly; Cabins; Lodging; Farm,false,https://www.google.com/maps/dir/?api=1&destination=Afton%2C%20VA%2022920
212,The Blue Ridge Farm and Wedding Venue,the-blue-ridge-farm-and-wedding-venue,Cabins & Cottages,stay,Afton,"The Blue Ridge Farm and Wedding Venue offers a captivating blend of rustic charm and modern elegance on six picturesque acres. With stunning vineyard views and a beautifully renovated farmhouse, guests can enjoy a comfortable stay near the scenic Brew Ridge Trail. Perfect for weddings or relaxing getaways, The Blue Ridge Farm guarantees an unforgettable experience.",,,https://ik.imagekit.io/OE/nelson-county/listings/the-blue-ridge-farm-and-wedding-venue-image1_0AvR3Ceow,"Ornate design with text: 'The Blue Ridge Farm, Historic Afton, Virginia.'",,https://ik.imagekit.io/OE/nelson-county/listings/the-blue-ridge-farm-and-wedding-venue-image2_CfQ2xHiVQ,"Gray living room with sectional sofa, colorful pillows, and patterned rug.",,,,,,,"Afton, VA 22920",josh,,,https://www.google.com/maps/dir/?api=1&destination=Afton%2C%20VA%2022920,,,,,,,,,,,,,,Lodging; Wine; Scenic Views; Events; Pet Friendly; Cabins,false,https://www.google.com/maps/dir/?api=1&destination=Afton%2C%20VA%2022920
213,"Acorn Inn, Inc (Cottage, B&B and Group Retreat)",acorn-inn-inc-cottage-bb-and-group-retreat,Bed and Breakfast,stay,Faber,"Nestled in the scenic beauty of Nelson County, Acorn Inn, Inc. offers a charming retreat for cyclists and groups alike. Choose from cozy inn rooms, a quaint cottage, or a spacious farmhouse, all designed for comfort and relaxation. Enjoy communal kitchens and flexible gathering spaces that foster connection, while wraparound porches invite you to unwind with stunning views. Ideal for group retreats, this welcoming haven provides easy access to picturesque backroads, making it the perfect base for your adventures. Experience the warmth of Acorn Inn, where every detail is crafted for your enjoyment.",,,https://ik.imagekit.io/OE/nelson-county/listings/acorn-inn-inc-cottage-b-b-and-group-retreat--image1_sxiLMGTZT,Double rainbow over red house on grassy hill with trees.,,https://ik.imagekit.io/OE/nelson-county/listings/acorn-inn-inc-cottage-b-b-and-group-retreat--image2_IvbaTRLO3,"Cozy living room with colorful seating, fireplace, and decorative wall art.",,,,,,,"2131 Stagebridge Road, Lovingston, VA 22949",josh,,,https://www.google.com/maps/dir/?api=1&destination=2131%20Stagebridge%20Road%2C%20Lovingston%2C%20VA%2022949,,,,,,,,,,,,,,Lodging; Outdoor Seating; Breakfast; Pet Friendly; Farm,false,https://www.google.com/maps/dir/?api=1&destination=2131%20Stagebridge%20Road%2C%20Lovingston%2C%20VA%2022949
214,Cottage at Old Stoney Creek,cottage-at-old-stoney-creek,Cabins & Cottages,stay,Nellysford,"Cottage at Old Stoney Creek blends hot tub soaks, creekside vistas, and deck-side fire pits into a two-bedroom retreat perfectly positioned for Route 151 tasting tours. This 2-bedroom, 1-bathroom vacation rental is the ideal home base for anything on your itinerary.",,,https://ik.imagekit.io/OE/nelson-county/listings/cottage-at-old-stoney-creek-image1_-cveHGW-G,Stone archway leading to cottage surrounded by trees.,,https://ik.imagekit.io/OE/nelson-county/listings/cottage-at-old-stoney-creek-image2_L5kBeLggY,"Rustic dining area with wooden walls, table setting, and wicker light fixture.",,,,,,,"Nellysford, VA 22958",josh,,,https://www.google.com/maps/dir/?api=1&destination=Nellysford%2C%20VA%2022958,,,,,,,,,,,,,,Outdoor Seating; Cabins; Lodging; Tastings; Beer,false,https://www.google.com/maps/dir/?api=1&destination=Nellysford%2C%20VA%2022958
215,Blue Ridge Heaven,blue-ridge-heaven,Cabins & Cottages,stay,Roseland,"Discover Blue Ridge Heaven, a stunning 3,200-square-foot retreat perched at 3,800 feet in Wintergreen. This beautifully renovated home features three expansive decks that offer breathtaking southern vistas, perfect for soaking in the serene mountain atmosphere. With modern interiors and ample space for relaxation, Blue Ridge Heaven invites you to unwind and experience the beauty of nature in comfort.",,,https://ik.imagekit.io/OE/nelson-county/listings/blue-ridge-heaven-image1_nnjCOh4aN,"Two-story house with large windows, wooden decks, surrounded by autumn trees.",,https://ik.imagekit.io/OE/nelson-county/listings/blue-ridge-heaven-image2_ssf3n-xI5,"Pink armchair by large windows, overlooking mountains and trees, stone fireplace nearby.",,,,,,,"Wintergreen Resort, Roseland, VA 22967",josh,,,https://www.google.com/maps/dir/?api=1&destination=Wintergreen%20Resort%2C%20Roseland%2C%20VA%2022967,,,,,,,,,,,,,,Outdoor Seating; Full Kitchen; Scenic Views; Cabins; Lodging,false,https://www.google.com/maps/dir/?api=1&destination=Wintergreen%20Resort%2C%20Roseland%2C%20VA%2022967
216,Dancing Bear Lodge,dancing-bear-lodge,Cabins & Cottages,stay,Roseland,"Dancing Bear Lodge is a 2,000-square-foot cabin set on 38 hilltop acres, featuring wall-to-wall windows and a large stone fireplace. It accommodates up to ten guests and offers stunning mountain vistas and beautiful sunrise views.",,,https://ik.imagekit.io/OE/nelson-county/listings/dancing-bear-lodge-image1_WfWOItua8,Wooden chairs around fire pit with mountain view and string lights overhead.,,https://ik.imagekit.io/OE/nelson-county/listings/dancing-bear-lodge-image2_4I1Ptj2TAz,"Cozy living room with stone fireplace, wooden beams, and large windows with mountain view.",,,,,,,"Roseland, VA 22967",josh,,,https://www.google.com/maps/dir/?api=1&destination=Roseland%2C%20VA%2022967,,,,,,,,,,,,,,Scenic Views; Outdoor Seating; Cabins; Pet Friendly; Lodging,false,https://www.google.com/maps/dir/?api=1&destination=Roseland%2C%20VA%2022967
217,Windy Knoll,windy-knoll,Cabins & Cottages,stay,Afton,"Windy Knoll is a light-filled mountain home on 3.5 acres with large decks, full kitchen, and loft suite overlooking Afton greenery. Windy Knoll's light-filled living spaces spill onto broad decks overlooking 3.5 private acres, giving families a tranquil base camp close to Afton attractions.",,,https://ik.imagekit.io/OE/nelson-county/listings/windy-knoll-image1_YMhCRi9RI,"A-frame house on grassy hill, surrounded by trees, with red chairs.",,https://ik.imagekit.io/OE/nelson-county/listings/windy-knoll-image2_ekh9xyCUA,"Cozy living room with fireplace, rustic decor, abstract table, and patterned armchairs.",,,,,,,"Afton, VA 22920",josh,,,https://www.google.com/maps/dir/?api=1&destination=Afton%2C%20VA%2022920,,,,,,,,,,,,,,Lodging; Outdoor Seating; Full Kitchen; Wi-Fi; Pet Friendly; Cabins,false,https://www.google.com/maps/dir/?api=1&destination=Afton%2C%20VA%2022920
218,Creekside,creekside,Cabins & Cottages,stay,Afton,"Escape to Creekside, a modern cabin nestled in the serene woods near Route 151, perfect for your Blue Ridge getaway. This inviting retreat features a private hot tub for soaking under the stars, an EV charger for eco-conscious travelers, and a cozy fire pit to gather around after a day of adventure. Rest easy on memory-foam beds for a rejuvenating night's sleep. With local breweries and scenic hiking trails just moments away, Creekside offers a blend of comfort and exploration, making it an ideal destination for nature lovers and craft beer enthusiasts alike.",,,https://ik.imagekit.io/OE/nelson-county/listings/creekside-image1_aYCukyO2u,"Living room with gray sectional sofa, foosball table, and ceiling fan.",,https://ik.imagekit.io/OE/nelson-county/listings/creekside-image2_OqaqMlT4e,House beside large tree under clear blue sky with scattered clouds.,,,,,,,"Afton, VA 22920",josh,,,https://www.google.com/maps/dir/?api=1&destination=Afton%2C%20VA%2022920,,,,,,,,,,,,,,EV Charging; Wi-Fi; Full Kitchen; Scenic Views; Cabins; Lodging,false,https://www.google.com/maps/dir/?api=1&destination=Afton%2C%20VA%2022920
219,Cottage on Route 151,cottage-on-route-151,Cabins & Cottages,stay,Afton,"Escape to the serene charm of Cottage on Route 151, also lovingly known as Towler Cottage. This cozy one-bedroom retreat offers stunning mountain views and a perfect blend of relaxation and adventure. Unwind in the inviting hot tub or gather around the fire pit under a starlit sky. Ideally located just minutes from Afton’s renowned wineries and breweries, as well as scenic hiking trails and the breathtaking Blue Ridge Parkway, this cottage is your gateway to year-round exploration. Whether you’re seeking a romantic getaway or an outdoor adventure, Towler Cottage is the perfect home base for your journey.",,,https://ik.imagekit.io/OE/nelson-county/listings/cottage-on-route-151-image1_0fxNlKP6n,Two black rocking chairs on porch with white door and welcome mat.,,https://ik.imagekit.io/OE/nelson-county/listings/cottage-on-route-151-image2_33SDRIRPn,"Modern living room with gray sofa, green chairs, large windows, and abstract artwork.",,,,,,,"Afton, VA 22920",josh,,,https://www.google.com/maps/dir/?api=1&destination=Afton%2C%20VA%2022920,,,,,,,,,,,,,,Scenic Views; Cabins; Lodging; Beer,false,https://www.google.com/maps/dir/?api=1&destination=Afton%2C%20VA%2022920
220,Farmhouse on Route 151,farmhouse-on-route-151,Cabins & Cottages,stay,Afton,"Discover the charm of this historic 1904 farmhouse, offering a cozy retreat with three bedrooms and modern amenities. Enjoy high-speed Wi-Fi and a gas fireplace, perfect for relaxing evenings. The expansive two-acre yard features a stone fire pit, ideal for gathering after a day of exploring nearby wineries along the picturesque wine trail. Experience comfort and tranquility in a setting rich with history.",,,https://ik.imagekit.io/OE/nelson-county/listings/farmhouse-on-route-151-image1_tMNu0xtEQ,"White two-story house with dark shutters, porch, surrounded by trees.",,https://ik.imagekit.io/OE/nelson-county/listings/farmhouse-on-route-151-image2_fbyPbAxy3,"Cozy living room with wooden walls, fireplace, large windows, and gray sectional sofa.",,,,,,,"Afton, VA 22920",josh,,,https://www.google.com/maps/dir/?api=1&destination=Afton%2C%20VA%2022920,,,,,,,,,,,,,,Wi-Fi; Scenic Views; Farm,false,https://www.google.com/maps/dir/?api=1&destination=Afton%2C%20VA%2022920
221,The Castor Cabin,the-castor-cabin,Cabins & Cottages,stay,Wintergreen Resort,"The Castor Cabin is a newly renovated, dog-friendly mountain retreat featuring modern amenities and a fire pit. It offers easy access to Nelson County trails, making it perfect for hikers and their furry companions.",,,https://ik.imagekit.io/OE/nelson-county/listings/the-castor-cabin-image1_cqIt5sAan,"Modern grey house with wooden porch among trees, sunlight peeking through.",,https://ik.imagekit.io/OE/nelson-county/listings/the-castor-cabin-image2_4CZruqXbt,"Cozy living room with stone fireplace, large windows, and brown leather sofas.",,,,,,,"Roseland, VA 22967",josh,,,https://www.google.com/maps/dir/?api=1&destination=Roseland%2C%20VA%2022967,,,,,,,,,,,,,,Scenic Views; Cabins; Family Friendly; Pet Friendly; Outdoor Seating; Full Kitchen; Lodging,false,https://www.google.com/maps/dir/?api=1&destination=Roseland%2C%20VA%2022967
222,Rocky Run Landing,rocky-run-landing,Cabins & Cottages,stay,Arrington,"Nestled along the picturesque banks of the Tye River, Rocky Run Landing offers a charming cabin escape for nature lovers and adventure seekers alike. With private access to the sparkling waters, guests can enjoy serene fishing spots or embark on a leisurely paddle. The cabin boasts stunning river views, perfect for unwinding after a day of outdoor fun. Immerse yourself in the tranquil beauty of this riverside retreat, where relaxation and adventure come together in perfect harmony.",,,https://ik.imagekit.io/OE/nelson-county/listings/rocky-run-landing-image1_gINRNtOFt,Wooden cabin with chimney in snowy forested area under clear sky.,,https://ik.imagekit.io/OE/nelson-county/listings/rocky-run-landing-image2_7i02_HymO,"Cozy room with wood stove, patterned sofas, and dreamcatcher on wall.",,,,,,,"Tyro, VA 22976",josh,,,https://www.google.com/maps/dir/?api=1&destination=Tyro%2C%20VA%2022976,,,,,,,,,,,,,,Cabins; Scenic Views; Pet Friendly; Lodging; Water Sports; Fishing,false,https://www.google.com/maps/dir/?api=1&destination=Tyro%2C%20VA%2022976
223,Cottage on the Knoll,cottage-on-the-knoll,Cabins & Cottages,stay,Lovingston,"Cottage on the Knoll is a three-bedroom, two-bath home centrally located between Nelson 29 and 151 with updated kitchen and spacious living area. Whole house centrally located with private hot tub and pool.",,,https://ik.imagekit.io/OE/nelson-county/listings/cottage-on-the-knoll-image1_mv6ZTLPw7,House with wooden porch surrounded by lush green trees and grass.,,https://ik.imagekit.io/OE/nelson-county/listings/cottage-on-the-knoll-image2_DoS1nsCEV,"Living room with red ceiling, leather sofa, large windows, and wooden floors.",,,,,,,"Lovingston, VA 22949",josh,,,https://www.google.com/maps/dir/?api=1&destination=Lovingston%2C%20VA%2022949,,,,,,,,,,,,,,Full Kitchen; Outdoor Seating; Cabins; Lodging,false,https://www.google.com/maps/dir/?api=1&destination=Lovingston%2C%20VA%2022949
224,High Lonesome Cabin,high-lonesome-cabin,Cabins & Cottages,stay,Tyro,"Nestled high on the rugged slopes of Priest Mountain near the Appalachian Trail, High Lonesome Cabin offers a tranquil retreat on 20 acres of pristine wilderness. This charming getaway features a wraparound porch, a cozy woodstove, and a unique spiral staircase leading to a loft sleeping area. With Crabtree Falls just a stone's throw away, outdoor enthusiasts will find endless opportunities for hiking and exploration. Experience the perfect blend of rustic charm and modern comfort in this idyllic escape.",,,https://ik.imagekit.io/OE/nelson-county/listings/high-lonesome-cabin-image1_djDBX9367,"Rustic wooden cabin with antlers, surrounded by lush green forest.",,https://ik.imagekit.io/OE/nelson-county/listings/high-lonesome-cabin-image2_DLPUy876p,"Cozy wooden cabin with stone fireplace, TV, and rustic kitchen area.",,,,,,,"Tyro, VA 22976",josh,,,https://www.google.com/maps/dir/?api=1&destination=Tyro%2C%20VA%2022976,,,,,,,,,,,,,,Scenic Views; Outdoor Seating; Pet Friendly; Cabins; Lodging,false,https://www.google.com/maps/dir/?api=1&destination=Tyro%2C%20VA%2022976
225,The Lewis Catherine House,the-lewis-catherine-house,Cabins & Cottages,stay,Afton,"Nestled in the heart of Afton, The Lewis Catherine House offers a cozy retreat where every season brings its own charm. Experience the vibrant colors of autumn, the peaceful snowfalls of winter, the blossoming beauty of spring, and the warm, sunny days of summer. With comfortable accommodations and easy access to local attractions, this cabin is perfect for adventurers and relaxation seekers alike. Whether you’re hiking scenic trails, exploring quaint shops, or enjoying seasonal festivals, The Lewis Catherine House is your ideal home base for unforgettable Afton experiences year-round.",,,https://ik.imagekit.io/OE/nelson-county/listings/the-lewis-catherine-house-image1_S3LH8LdUZ,"White farmhouse with porch, surrounded by green grass and yellow flowers.",,https://ik.imagekit.io/OE/nelson-county/listings/the-lewis-catherine-house-image2_TXEGOJTqV,"Long wooden dining table with chandelier, chairs, and bright kitchen in background.",,,,,,,"1470 Afton Mountain Road, Afton, VA 22920",josh,,,https://www.google.com/maps/dir/?api=1&destination=1470%20Afton%20Mountain%20Road%2C%20Afton%2C%20VA%2022920,,,,,,,,,,,,,,Full Kitchen; Pet Friendly; Cabins; Lodging; Farm,false,https://www.google.com/maps/dir/?api=1&destination=1470%20Afton%20Mountain%20Road%2C%20Afton%2C%20VA%2022920
226,Glenbrae,glenbrae,Cabins & Cottages,stay,Afton,"Nestled just off Route 151, Glenbrae is a beautifully designed five-bedroom retreat that combines modern comfort with stunning natural surroundings. Perfect for families or groups, this home features a spacious Peloton-equipped office for those who want to stay active and productive during their stay. Enjoy the serene mountain views from the fenced yard, where you can unwind by the cozy fire pit under a starry sky. Whether you’re seeking adventure or relaxation, Glenbrae offers a perfect escape into nature's embrace.",,,https://ik.imagekit.io/OE/nelson-county/listings/glenbrae-image1_6naMnjgzL,"Two-story house with porch, green lawn, and gravel driveway under blue sky.",,https://ik.imagekit.io/OE/nelson-county/listings/glenbrae-image2_TmxackGj9,"Modern living room with blue sofa, large windows, and monochrome decor.",,,,,,,"Afton, VA 22920",josh,,,https://www.google.com/maps/dir/?api=1&destination=Afton%2C%20VA%2022920,,,,,,,,,,,,,,Scenic Views; Pet Friendly; Cabins; Lodging,false,https://www.google.com/maps/dir/?api=1&destination=Afton%2C%20VA%2022920
227,Elk Mountain Overlook,elk-mountain-overlook,Whole House Rentals,stay,Afton,"Elk Mountain Overlook is a boutique chalet perched off the Blue Ridge Parkway with two king suites, soaker tub, dual-head shower, and expansive deck views. Mountaintop overlook with jaw dropping views and camp themed interior design.",,,https://ik.imagekit.io/OE/nelson-county/listings/elk-mountain-overlook-image1_1DrelJ3ot,"House with mountains in background, surrounded by greenery under clear blue sky.",,https://ik.imagekit.io/OE/nelson-county/listings/elk-mountain-overlook-image2_rFVPHxnYR,"Spacious living room with leather sofa, armchair, and modern decor.",,,,,,,"Afton, VA 22920",josh,,,https://www.google.com/maps/dir/?api=1&destination=Afton%2C%20VA%2022920,,,,,,,,,,,,,,Outdoor Seating; Scenic Views; Full Kitchen; Pet Friendly; Cabins; Lodging,false,https://www.google.com/maps/dir/?api=1&destination=Afton%2C%20VA%2022920
228,Ethan's Den,ethans-den,Whole House Rentals,stay,Wintergreen Resort,"Ethan's Den is a stylish one-bedroom suite with live-edge breakfast bar, heated floors, fireplace, and luxe finishes for couples getaways. Ethan's Den has been decorated to compliment the beautiful setting it is in.",,,https://ik.imagekit.io/OE/nelson-county/listings/ethan-s-den-image1_HVu8A1W40,"House surrounded by trees, stone stairs lead to entrance, overcast sky.",,https://ik.imagekit.io/OE/nelson-county/listings/ethan-s-den-image2_cmXPqoYQ1,"Two brown leather sofas, black ottoman, fireplace in cozy living room.",,,,,,,"Roseland, VA 22967",josh,,,https://www.google.com/maps/dir/?api=1&destination=Roseland%2C%20VA%2022967,,,,,,,,,,,,,,Breakfast; Bar; Pet Friendly,false,https://www.google.com/maps/dir/?api=1&destination=Roseland%2C%20VA%2022967
229,The Mountain House INN,the-mountain-house-inn,Whole House Rentals,stay,Montebello,"Nestled on an expansive 18-acre sun-drenched mountain property, The Mountain House Inn is a beautifully remodeled two-story retreat perfect for those seeking tranquility near the scenic wonders of Montebello and Crabtree Falls. Guests can unwind in the cozy, thoughtfully designed interiors while enjoying breathtaking views of the surrounding landscape. Whether you’re hiking nearby trails, exploring the falls, or simply soaking in the peaceful atmosphere, this charming getaway offers a rejuvenating escape from the everyday hustle and bustle. Enjoy a memorable stay in nature’s embrace!",,,https://ik.imagekit.io/OE/nelson-county/listings/the-mountain-house-inn-image1_14xY4wm22,"White house with black shutters, front porch, surrounded by trees and bushes.",,https://ik.imagekit.io/OE/nelson-county/listings/the-mountain-house-inn-image2_sFnHTrV_p,"Glass doors with outside view; plaid chair, paintings, lamp, and water bottle inside.",,,,,,,"Montebello, VA 24464",josh,,,https://www.google.com/maps/dir/?api=1&destination=Montebello%2C%20VA%2024464,,,,,,,,,,,,,,Scenic Views; Pet Friendly; Cabins; Lodging,false,https://www.google.com/maps/dir/?api=1&destination=Montebello%2C%20VA%2024464
230,Sweet Afton,sweet-afton,Cabins & Cottages,stay,Afton,"Nestled on 1.55 acres of serene, fenced property, Sweet Afton is a charming historic two-bedroom cottage that invites you to unwind and reconnect with nature. Enjoy stunning mountain views while sipping your morning coffee on the porch or gather around the cozy fire pit for evening storytelling under the stars. With 1-gig fiber internet, you can easily blend relaxation with remote work. Located near Veritas Winery, this delightful retreat offers a perfect balance of tranquility and adventure, making it an ideal getaway for couples or families seeking a memorable escape.",,,https://ik.imagekit.io/OE/nelson-county/listings/sweet-afton-image1_m_yOnzFcR,"White house with metal roof, surrounded by green trees and landscaped garden.",,https://ik.imagekit.io/OE/nelson-county/listings/sweet-afton-image2_9785_Norw,"Bright living room with sofa, chairs, TV, plants, wooden floor.",,,,,,,"Afton, VA 22920",josh,,,https://www.google.com/maps/dir/?api=1&destination=Afton%2C%20VA%2022920,,,,,,,,,,,,,,Scenic Views; Pet Friendly; Cabins; Lodging,false,https://www.google.com/maps/dir/?api=1&destination=Afton%2C%20VA%2022920
231,Three Sisters Pre-Civil War Log Cabin,three-sisters-pre-civil-war-log-cabin,Cabins & Cottages,stay,Montebello,"Nestled in the serene landscapes of the Blue Ridge Mountains, the Three Sisters Pre-Civil War Log Cabin invites you to step back in time to 1840. This charming two-story log home features a cozy queen loft adorned with a skylight, twin beds for extra guests, and modern comforts like a private sauna and hot tub—perfect for unwinding after a day of exploration. Surrounded by nature, this secluded retreat offers a unique blend of history and tranquility, making it an ideal getaway for those seeking relaxation or adventure amidst stunning mountain views. Experience the rich heritage and serene beauty that make this cabin truly special.",,,https://ik.imagekit.io/OE/nelson-county/listings/three-sisters-pre-civil-war-log-cabin-image1_nzuSv7NvJ,Log cabin with blooming flowers and lush green surroundings in sunlight.,,https://ik.imagekit.io/OE/nelson-county/listings/three-sisters-pre-civil-war-log-cabin-image2_7KHbMqFRu,Cozy log cabin living room with rustic furniture and wood stove.,,,,,,,"Roseland, VA 22967",josh,,,https://www.google.com/maps/dir/?api=1&destination=Roseland%2C%20VA%2022967,,,,,,,,,,,,,,Cabins; Lodging; Scenic Views,false,https://www.google.com/maps/dir/?api=1&destination=Roseland%2C%20VA%2022967
232,Nine Ridges Retreat,nine-ridges-retreat,Whole House Rentals,stay,Montebello,"Nestled on 20 acres of serene mountain landscape, Nine Ridges Retreat offers a picturesque escape for up to six guests. This charming home features artisan furnishings that blend comfort with rustic elegance, creating a warm and inviting atmosphere. Enjoy breathtaking views of the majestic Three Ridges and take advantage of nearby outdoor adventures, including hiking at Crabtree Falls and exploring the beautiful Blue Ridge Parkway. Whether you're seeking relaxation or adventure, Nine Ridges Retreat is the perfect backdrop for an unforgettable getaway.",,,https://ik.imagekit.io/OE/nelson-county/listings/nine-ridges-retreat-image1_ARsa0BTWa,"Wooden deck with wicker furniture, brick wall, and decorative metal gate.",,https://ik.imagekit.io/OE/nelson-county/listings/nine-ridges-retreat-image2_hw7Y6NpIq,"Spacious living room with leather couch, telescope, large windows, and high ceiling.",,,,,,,"Montebello, VA 24464",josh,,,https://www.google.com/maps/dir/?api=1&destination=Montebello%2C%20VA%2024464,,,,,,,,,,,,,,Outdoor Seating; Scenic Views; Cabins; Lodging,false,https://www.google.com/maps/dir/?api=1&destination=Montebello%2C%20VA%2024464
233,Grace's Place Petite Retreats,graces-place-petite-retreats,Whole House Rentals,stay,Roseland,"Grace's Place Petite Retreats offers four well-appointed tiny homes exclusively for registered guests, each with curated amenities for a boutique stay. We offer 4 well appointed tiny homes listed on Airbnb.",,,https://ik.imagekit.io/OE/nelson-county/listings/grace-s-place-petite-retreats-image1_fQcv5Afd28,Three tiny white houses on green lawn with trees and mountains.,,https://ik.imagekit.io/OE/nelson-county/listings/grace-s-place-petite-retreats-image2_3X3Me3-iY,"Cozy living room with blue couch, kitchen, and wooden dining table, well-lit space.",,,,,,,"Wintergreen, VA 22958",josh,,,https://www.google.com/maps/dir/?api=1&destination=Wintergreen%2C%20VA%2022958,,,,,,,,,,,,,,Retail; Cabins; Lodging,false,https://www.google.com/maps/dir/?api=1&destination=Wintergreen%2C%20VA%2022958
234,Cottage on the Trail,cottage-on-the-trail,Cabins & Cottages,stay,Afton,"Cottage on the Trail is a poolside suite on a private estate along the Rockfish River, featuring pergola seating, a fire pit, and convenient access to Route 151. Enjoy stunning mountain views and lush meadows that enhance your stay.",,,https://ik.imagekit.io/OE/nelson-county/listings/cottage-on-the-trail-image1_h7NQP2nxe,"Patio with white furniture, umbrella, plants, beside red brick house, surrounded by trees.",,https://ik.imagekit.io/OE/nelson-county/listings/cottage-on-the-trail-image2_t0vpxlZDh,"Cozy living room with sofas, TV, wooden floor, and decorative plants.",,,,,,,"Nellysford, VA 22958",josh,,,https://www.google.com/maps/dir/?api=1&destination=Nellysford%2C%20VA%2022958,,,,,,,,,,,,,,Outdoor Seating; Pool; Seasonal Menu; Scenic Views; Pet Friendly; Cabins; Water Sports; Fishing,false,https://www.google.com/maps/dir/?api=1&destination=Nellysford%2C%20VA%2022958
235,Rockfish Farmhouse,rockfish-farmhouse,Cabins & Cottages,stay,Afton,"Nestled in a picturesque setting, Rockfish Farmhouse offers a charming retreat for those looking to unwind and explore the vibrant local beverage scene. Just a stone's throw away, you'll find a delightful selection of wineries, breweries, cideries, and distilleries, perfect for tastings and tours. After a day of adventure, return to the farmhouse to relax by the cozy fire pit in the backyard, where stunning views of the surrounding landscape provide the ideal backdrop for evening gatherings. Experience the perfect blend of relaxation and exploration at Rockfish Farmhouse.",,,https://ik.imagekit.io/OE/nelson-county/listings/rockfish-farmhouse-image1_wzu_Rq50n,"White two-story house with porch, surrounded by trees and green lawn.",,https://ik.imagekit.io/OE/nelson-county/listings/rockfish-farmhouse-image2_PVq4ctzq3,"Spacious kitchen with wooden beams, dining table, and large windows overlooking scenery.",,,,,,,"Afton, VA 22920",josh,,,https://www.google.com/maps/dir/?api=1&destination=Afton%2C%20VA%2022920,,,,,,,,,,,,,,Scenic Views; Cabins; Lodging; Farm; Fishing; Beer,false,https://www.google.com/maps/dir/?api=1&destination=Afton%2C%20VA%2022920
236,Fulton Belle Vue,fulton-belle-vue,Cabins & Cottages,stay,Afton,"Nestled amidst the stunning landscapes of the Blue Ridge Mountains, Fulton Belle Vue offers a tranquil retreat for nature lovers and relaxation seekers alike. Enjoy your morning coffee on the spacious screened-in porch, where you can soak in the serene surroundings, or unwind in the charming rockers on the front porch as you breathe in the fresh mountain air. As evening falls, gather around the inviting fire pit to share stories under a blanket of stars, all while taking in the breathtaking views that make this destination truly special. Whether you're seeking adventure or simply a peaceful getaway, Fulton Belle Vue promises a memorable experience in nature's embrace.",,,https://ik.imagekit.io/OE/nelson-county/listings/fulton-belle-vue-image1_0k1CSckNN,"White house with red door, black windows, front porch, and rocking chairs.",,https://ik.imagekit.io/OE/nelson-county/listings/fulton-belle-vue-image2_nV9yBSaDG,"Modern kitchen with white cabinets, wood accents, stainless appliances, and central island.",,,,,,,"Afton, VA 22920",josh,,,https://www.google.com/maps/dir/?api=1&destination=Afton%2C%20VA%2022920,,,,,,,,,,,,,,Scenic Views; Outdoor Seating; Cabins; Lodging; Farm,false,https://www.google.com/maps/dir/?api=1&destination=Afton%2C%20VA%2022920
237,Spindle Hill Farm,spindle-hill-farm,Bed and Breakfast,stay,Nellysford,Spindle Hill Farm features a handcrafted cedar hot tub cottage and restored 1932 schoolhouse on a 50-acre family farm with private trails and ponds. Two extraordinary homes on one 50 acre family farm.,,,https://ik.imagekit.io/OE/nelson-county/listings/spindle-hill-farm-image1_bR7IuBIDF,Red house surrounded by autumn trees and colorful leaves.,,https://ik.imagekit.io/OE/nelson-county/listings/spindle-hill-farm-image2_A3BcpVovb,"Bright living room with beige sofa, colorful pillows, and large sunny windows.",,,,,,,"Nellysford, VA 22958",josh,,,https://www.google.com/maps/dir/?api=1&destination=Nellysford%2C%20VA%2022958,,,,,,,,,,,,,,Breakfast; Pet Friendly; Lodging; Farm,false,https://www.google.com/maps/dir/?api=1&destination=Nellysford%2C%20VA%2022958
238,Beech Grove Cabins,beech-grove-cabins,Cabins & Cottages,stay,Roseland,"Nestled in the serene landscape near Wintergreen, Beech Grove Cabins offers a cozy retreat in four charming log cabins, each featuring two bedrooms and a full bath. With fully equipped kitchens and inviting gas fireplaces, guests will feel right at home. Unwind on the spacious Adirondack porches, perfect for sipping morning coffee or stargazing at night. Gather around the communal fire pit for stories and s'mores, making memories in a picturesque setting that embraces the beauty of nature. Your tranquil getaway awaits!",,,https://ik.imagekit.io/OE/nelson-county/listings/beech-grove-cabins-image1_A2-avjhQ3,Log cabin with porch surrounded by colorful autumn trees.,,https://ik.imagekit.io/OE/nelson-county/listings/beech-grove-cabins-image2_2BR_h4hG2,"Cozy log cabin interior with red sofa, wooden walls, and kitchen area.",,,,,,,"Roseland, VA 22967",josh,,,https://www.google.com/maps/dir/?api=1&destination=Roseland%2C%20VA%2022967,,,,,,,,,,,,,,Fuel; Cabins; Pet Friendly; Lodging,false,https://www.google.com/maps/dir/?api=1&destination=Roseland%2C%20VA%2022967
239,Slipper Slope,slipper-slope,Vacation Rentals,stay,Wintergreen Resort,"Slipper Slope is a four-bedroom ski-in/ski-out condo on Upper Diamond Hill with spacious layout and true ground-level slope access. Hard to find a bottom floor ski in ski out, especially with 4 bedroom, very spacious.",,,https://ik.imagekit.io/OE/nelson-county/listings/slipper-slope-image1_KnYfEnts_,"Chairs and table in snow, skis standing nearby under clear blue sky.",,https://ik.imagekit.io/OE/nelson-county/listings/slipper-slope-image2_OZItoe3rJ,"Spacious living room with beige sofa, dining area, modern decor, and soft lighting.",,,,,,,"Wintergreen Resort, Roseland, VA 22967",josh,,,https://www.google.com/maps/dir/?api=1&destination=Wintergreen%20Resort%2C%20Roseland%2C%20VA%2022967,,,,,,,,,,,,,,Scenic Views; Snow Sports; Pet Friendly,false,https://www.google.com/maps/dir/?api=1&destination=Wintergreen%20Resort%2C%20Roseland%2C%20VA%2022967
240,Wintergreen Resort,wintergreen-resort-2,Whole House Rentals,stay,Wintergreen Resort,"Discover the charm of Wintergreen Resort, where you can choose from a variety of professionally managed studios, condos, and private homes, each designed for comfort and relaxation. Nestled in the scenic Blue Ridge Mountains, this resort provides guests with exclusive access to a range of amenities, including the Aquatics Center for year-round swimming fun, the challenging Devils Knob golf course, and racquet sports facilities. Plus, enjoy convenient on-mountain shuttles that make exploring the area a breeze. Whether you're here for a romantic getaway or a family adventure, Wintergreen Resort promises a memorable experience in a stunning natural setting.",,,https://ik.imagekit.io/OE/nelson-county/listings/wintergreen-resort-image1_DTQTx2-_k,"Hillside resort with lit buildings, surrounded by dense green forest under cloudy sky.",,https://ik.imagekit.io/OE/nelson-county/listings/wintergreen-resort-image2_f2LK270xS,"Modern living room with gray sofa, armchairs, and large window.",,,,,,(855) 699-1858,"39 Mountain Inn Loop, Wintergreen, VA 22967",josh,,,https://www.google.com/maps/dir/?api=1&destination=39%20Mountain%20Inn%20Loop%2C%20Wintergreen%2C%20VA%2022967,,,,,,,,,,,,,,Full Service Resort; Golf; Lodging; Meeting Planners; Pet Friendly; Resort; Scenic Views,false,https://www.google.com/maps/dir/?api=1&destination=39%20Mountain%20Inn%20Loop%2C%20Wintergreen%2C%20VA%2022967
241,Camp Blue Ridge,camp-blue-ridge,Campgrounds & Glamping,stay,Montebello,"Nestled in the breathtaking Blue Ridge Mountains, Camp Blue Ridge offers a perfect getaway for families and groups seeking adventure and relaxation. With 22 cozy two-bedroom cabins and comfortable motel rooms, guests can enjoy a peaceful retreat surrounded by nature. The pet-friendly grounds are ideal for furry companions, while spacious meeting areas make it easy to connect with loved ones or host gatherings. Immerse yourself in the stunning mountain landscape, where outdoor activities abound, and create unforgettable memories at this charming campground.",,,https://ik.imagekit.io/OE/nelson-county/listings/camp-blue-ridge-image1_8a87ApjMt,Wooden cabins surrounded by trees with a gravel path in sunlight.,,https://ik.imagekit.io/OE/nelson-county/listings/camp-blue-ridge-image2_xMgxhhVvt,Rustic wooden bed with white pillows and folded towels in cozy room.,,,,,,(434) 760-0818,"355 Camp Blue Ridge Road, Montebello, VA 24464",josh,,,https://www.google.com/maps/dir/?api=1&destination=355%20Camp%20Blue%20Ridge%20Road%2C%20Montebello%2C%20VA%2024464,,,,,,,,,,,,,,Events; Family Friendly; Pet Friendly; Cabins; Scenic Views,false,https://www.google.com/maps/dir/?api=1&destination=355%20Camp%20Blue%20Ridge%20Road%2C%20Montebello%2C%20VA%2024464
242,Devils Backbone Camp,devils-backbone-camp,Campgrounds & Glamping,stay,Roseland,"Nestled in the scenic heart of Virginia, Devils Backbone Camp offers a unique blend of outdoor adventure and relaxation. With a variety of RV and tent sites, this campground is perfect for families and solo travelers alike. Guests can unwind with on-site craft beverages, enjoy live music under the stars, and explore nearby hiking trails. Located just off the Blue Ridge Parkway and close to the attractions of Nelson 151, this destination invites you to experience the beauty of the Blue Ridge Mountains while savoring local flavors.",,,https://ik.imagekit.io/OE/nelson-county/listings/devils-backbone-camp-image1_pHe83b4NS,"Lush green landscape with mountains, clouds, and scattered buildings under blue sky.",,https://ik.imagekit.io/OE/nelson-county/listings/devils-backbone-camp-image2_KO8HGz9jI,"Wooden camper check-in booth with brochures and person inside, sunny day.",,,,,,(434) 361-1001,"200 Mosbys Run, Roseland, VA 22967",josh,,,https://www.google.com/maps/dir/?api=1&destination=200%20Mosbys%20Run%2C%20Roseland%2C%20VA%2022967,,,,,,,,,,,,,,Beer; Live Music; Pet Friendly; Scenic Views; Hiking,false,https://www.google.com/maps/dir/?api=1&destination=200%20Mosbys%20Run%2C%20Roseland%2C%20VA%2022967
243,The Haven at Devils Backbone Camp,the-haven-at-devils-backbone-camp,Cabins & Cottages,stay,Roseland,"Nestled amid the stunning landscape of the Virginia Blue Ridge Mountains, The Haven at Devils Backbone is a luxurious 3,750-square-foot Lindal Cedar home that offers a perfect blend of comfort and style. With five beautifully appointed bedrooms, it provides ample space for family gatherings or a serene getaway with friends. Guests will appreciate the easy walkable access to Devils Backbone Basecamp, where craft beer, outdoor activities, and picturesque views await. Experience the tranquility of nature while indulging in high-end finishes that make this retreat truly special. Whether you’re relaxing on the spacious deck or exploring nearby trails, The Haven promises an unforgettable escape.",,,https://ik.imagekit.io/OE/nelson-county/listings/the-haven-at-devils-backbone-camp-image1_sTmmYqLUn,"Modern house with large windows, surrounded by green lawn and trees.",,https://ik.imagekit.io/OE/nelson-county/listings/the-haven-at-devils-backbone-camp-image2_oepz3JJge,"Spacious living room with large windows, wooden floors, and comfortable seating arrangement.",,,,,,,"200 Mosbys Run, Roseland, VA 22967",josh,,,https://www.google.com/maps/dir/?api=1&destination=200%20Mosbys%20Run%2C%20Roseland%2C%20VA%2022967,,,,,,,,,,,,,,Beer; Scenic Views; Pet Friendly; Cabins; Lodging,false,https://www.google.com/maps/dir/?api=1&destination=200%20Mosbys%20Run%2C%20Roseland%2C%20VA%2022967
244,Relaxing 3 bedroom Mountain Cabin,relaxing-3-bedroom-mountain-cabin,Cabins & Cottages,stay,Roseland,"Escape to the Relaxing 3 Bedroom Mountain Cabin, a charming tri-level retreat nestled in the heart of Wintergreen. With its expansive wraparound decks and an observation platform, you'll be treated to breathtaking views of the surrounding mountains, perfect for morning coffee or sunset gazing. Inside, the cozy wood fireplace invites you to unwind after a day of outdoor adventures, and complimentary firewood adds to the warmth of your stay. Ideal for families or groups, this cabin blends comfort and nature, ensuring a tranquil getaway where you can reconnect and relax.",,,https://ik.imagekit.io/OE/nelson-county/listings/relaxing-3-bedroom-mountain-cabin-image1_VkgnJV9cW,"Beige house with wooden accents, surrounded by leafless trees and stone steps.",,https://ik.imagekit.io/OE/nelson-county/listings/relaxing-3-bedroom-mountain-cabin-image2_tTW_FmdOS,"Cozy living room with stone fireplace, leather chairs, and a mounted TV.",,,,,,,"Wintergreen Resort, Roseland, VA 22967",josh,,,https://www.google.com/maps/dir/?api=1&destination=Wintergreen%20Resort%2C%20Roseland%2C%20VA%2022967,,,,,,,,,,,,,,Outdoor Seating; Cabins; Lodging,false,https://www.google.com/maps/dir/?api=1&destination=Wintergreen%20Resort%2C%20Roseland%2C%20VA%2022967
245,Mountain Dacha,mountain-dacha,Whole House Rentals,stay,Roseland,"Escape to Mountain Dacha, a charming four-bedroom, three-bathroom retreat nestled adjacent to the scenic Wintergreen golf course. With its inviting interiors, this home provides the perfect sanctuary for families and friends seeking year-round adventure. Enjoy leisurely mornings on the patio, play a round of golf, or explore the nearby hiking trails. Whether you're here for winter sports or summer relaxation, Mountain Dacha offers a cozy haven to unwind after a day of exploring the breathtaking Blue Ridge Mountains. Experience comfort and convenience in one unforgettable destination!",,,https://ik.imagekit.io/OE/nelson-county/listings/mountain-dacha-image1_qFTjg3emv,Elevated gray house with wooden stilts and staircase against blue sky.,,https://ik.imagekit.io/OE/nelson-county/listings/mountain-dacha-image2_5omwzRo6V,"Modern living room with island, pendant lights, dining table, and cozy seating area.",,,,,,,"Wintergreen Resort, Roseland, VA 22967",josh,,,https://www.google.com/maps/dir/?api=1&destination=Wintergreen%20Resort%2C%20Roseland%2C%20VA%2022967,,,,,,,,,,,,,,Golf; Scenic Views; Family Friendly; Pet Friendly,false,https://www.google.com/maps/dir/?api=1&destination=Wintergreen%20Resort%2C%20Roseland%2C%20VA%2022967
246,"Panoramic Peak - Vistas 1559, Wintergreen",panoramic-peak-vistas-1559-wintergreen,Whole House Rentals,stay,Wintergreen Resort,"Welcome to Panoramic Peak, a beautifully renovated one-bedroom, two-bath condo nestled in the heart of Wintergreen Resort. Enjoy breathtaking, sweeping valley views from your private retreat, perfect for unwinding after a day of adventure. The condo features a cozy sleeper sofa, making it ideal for small families or friends. In the summer, take advantage of exclusive access to the resort pools, where you can soak up the sun and relax in style. With its prime location, Panoramic Peak offers the perfect blend of comfort and convenience, making it an ideal getaway for outdoor enthusiasts and relaxation seekers alike. Experience the beauty of Wintergreen from this charming home away from home!",,,https://ik.imagekit.io/OE/nelson-county/listings/panoramic-peak-vistas-1559-wintergreen-image1_0yAxafh3B,Snow-covered hills and trees under bright sun and clear blue sky.,,https://ik.imagekit.io/OE/nelson-county/listings/panoramic-peak-vistas-1559-wintergreen-image2_3dbe2CCc_,"Living room with large windows, balcony view of ocean and sky.",,,,,,,"Wintergreen Resort, Roseland, VA 22967",josh,,,https://www.google.com/maps/dir/?api=1&destination=Wintergreen%20Resort%2C%20Roseland%2C%20VA%2022967,,,,,,,,,,,,,,Scenic Views; Pool; Seasonal Menu; Cabins; Lodging,false,https://www.google.com/maps/dir/?api=1&destination=Wintergreen%20Resort%2C%20Roseland%2C%20VA%2022967
247,Skis and Trees,skis-and-trees,Whole House Rentals,stay,Roseland,"Nestled right on the Lower Tyro slope, Skis and Trees is a beautifully renovated ski-in/ski-out chalet that promises an unforgettable alpine getaway. With two luxurious king master suites and a cozy kids' loft, this 3-bedroom, 2-bathroom retreat comfortably accommodates families and groups. Unwind in the six-person hot tub after a day on the slopes, or whip up culinary delights in the gourmet kitchen, thoughtfully designed for both casual meals and festive gatherings. Just a stone's throw from the slopes and conveniently located near Tequila, Skis and Trees offers the perfect blend of comfort, adventure, and relaxation for your next ski vacation.",,,https://ik.imagekit.io/OE/nelson-county/listings/skis-and-trees-image1_uQ5JEwsyD,Elevated cabin in snowy forest surrounded by leafless trees under clear blue sky.,,https://ik.imagekit.io/OE/nelson-county/listings/skis-and-trees-image2_XL_YPnQw4,"Wooden kitchen with island, bar stools, pendant lights, stainless appliances, and vaulted ceiling.",,,,,,,"Wintergreen Resort, Roseland, VA 22967",josh,,,https://www.google.com/maps/dir/?api=1&destination=Wintergreen%20Resort%2C%20Roseland%2C%20VA%2022967,,,,,,,,,,,,,,Skiing; Full Kitchen; Cabins; Lodging,false,https://www.google.com/maps/dir/?api=1&destination=Wintergreen%20Resort%2C%20Roseland%2C%20VA%2022967
248,Mountain Dreams Condo,mountain-dreams-condo,Whole House Rentals,stay,Roseland,"Mountain Dreams Condo at The Ledges offers two-story living with two bedrooms, dual fireplaces, redesigned king suite, and expansive views over the Rockfish Valley. A brand new Dream Cloud King size bed is in the lower suite with a queen and bunks in the guest room.",,,https://ik.imagekit.io/OE/nelson-county/listings/mountain-dreams-condo-image1_5ySBVIX4i,"Sunset over mountains, vibrant sky, lush green trees in foreground.",,https://ik.imagekit.io/OE/nelson-county/listings/mountain-dreams-condo-image2_Eba2At3G7,"Cozy living room with fireplace, ocean view, and blue sofa.",,,,,,,"Wintergreen Resort, Nellysford, VA 22958",josh,,,https://www.google.com/maps/dir/?api=1&destination=Wintergreen%20Resort%2C%20Nellysford%2C%20VA%2022958,,,,,,,,,,,,,,Lodging; Pet Friendly; Cabins; Fishing,false,https://www.google.com/maps/dir/?api=1&destination=Wintergreen%20Resort%2C%20Nellysford%2C%20VA%2022958
249,Wintergreen Vistas,wintergreen-vistas,Whole House Rentals,stay,Roseland,"Nestled in the breathtaking Sunrise Side of the Blue Ridge Mountains, Wintergreen Vistas offers two stunning ridge-line condos designed for a memorable getaway. Choose from a spacious two-bedroom, two-bath unit or a luxurious three-bedroom, three-bath option, each featuring full kitchens and inviting decks where you can savor panoramic mountain views. Perfectly located near charming towns like Charlottesville, Staunton, Lynchburg, and Waynesboro, Wintergreen Vistas is an ideal retreat for families and groups seeking outdoor adventure, relaxation, and the beauty of nature just outside their door. Experience the best of mountain living in this serene and welcoming haven.",,,https://ik.imagekit.io/OE/nelson-county/listings/wintergreen-vistas-image1_eY_qdT5Qf,Buildings nestled in lush green hills with distant mountain view.,,https://ik.imagekit.io/OE/nelson-county/listings/wintergreen-vistas-image2_mWjjYi8o7,"Cozy living room with brown sofa, stone fireplace, and open kitchen area.",,,,,,,"Wintergreen Resort, Roseland, VA 22967",josh,,,https://www.google.com/maps/dir/?api=1&destination=Wintergreen%20Resort%2C%20Roseland%2C%20VA%2022967,,,,,,,,,,,,,,Scenic Views; Cabins; Lodging,false,https://www.google.com/maps/dir/?api=1&destination=Wintergreen%20Resort%2C%20Roseland%2C%20VA%2022967
250,Clonmel Acres,clonmel-acres,Cabins & Cottages,stay,Afton,"Nestled in the picturesque countryside, Clonmel Acres offers a serene escape ideal for family reunions, wine enthusiasts, and close-knit friends seeking tranquility. Surrounded by lush vineyards and rolling hills, guests can explore local wineries or unwind in cozy cabins equipped with modern comforts. Enjoy shared meals on spacious porches, engage in outdoor activities, or simply relax by the fire under a starlit sky. Experience the perfect blend of nature and camaraderie at Clonmel Acres, where lasting memories are made.",,,https://ik.imagekit.io/OE/nelson-county/listings/clonmel-acres-image1_jGAgaj2cN,Two-story white house with green shutters and neat garden in sunlight.,,https://ik.imagekit.io/OE/nelson-county/listings/clonmel-acres-image2_Ca4p35kQ5,"Wooden staircase beside living room with fireplace, TV, and armchair.",,,,,,,"Afton, VA 22920",josh,,,https://www.google.com/maps/dir/?api=1&destination=Afton%2C%20VA%2022920,,,,,,,,,,,,,,Scenic Views; Cabins; Lodging; Farm,false,https://www.google.com/maps/dir/?api=1&destination=Afton%2C%20VA%2022920
251,Cabin at Clonmel,cabin-at-clonmel,Cabins & Cottages,stay,Afton,"The Cabin at Clonmel is a restored 1700s log cabin offering 31+ day stays. It features a loft bedroom, modern amenities, and stunning mountain views, all set in a tranquil area with a fire pit on the Clonmel estate.",,,https://ik.imagekit.io/OE/nelson-county/listings/cabin-at-clonmel-image1_xyO4Zu1Ot,"Log cabin with metal roof, surrounded by trees and gravel path.",,https://ik.imagekit.io/OE/nelson-county/listings/cabin-at-clonmel-image2_LOG93baRB,"Rustic living room with exposed beams, wooden door, and patterned armchair.",,,,,,,"Afton, VA 22920",josh,,,https://www.google.com/maps/dir/?api=1&destination=Afton%2C%20VA%2022920,,,,,,,,,,,,,,Scenic Views; Cabins; Lodging,false,https://www.google.com/maps/dir/?api=1&destination=Afton%2C%20VA%2022920
252,Sleepy Hollow Retreat Enjoy Your Stay,sleepy-hollow-retreat-enjoy-your-stay,Whole House Rentals,stay,Roseland,"Welcome to Sleepy Hollow Retreat, a charming whole house rental nestled in the picturesque rural landscape of Nelson County, Virginia. Surrounded by rolling hills and serene nature, this cozy getaway offers a perfect blend of relaxation and adventure. Guests can enjoy spacious living areas, a fully equipped kitchen, and inviting outdoor spaces ideal for stargazing or morning coffee. Explore nearby hiking trails, vineyards, and local attractions, or simply unwind in the tranquil surroundings. Experience the magic of Sleepy Hollow, where comfort meets the beauty of Virginia's countryside.",,,https://ik.imagekit.io/OE/nelson-county/listings/sleepy-hollow-retreat-enjoy-your-stay-image1_8mU5M7k8W,"House entrance with white columns, surrounded by blooming red flowers and green bushes.",,https://ik.imagekit.io/OE/nelson-county/listings/sleepy-hollow-retreat-enjoy-your-stay-image2_UEKG4vFSjT,"Cozy bedroom with twin beds, fireplace, floral chairs, and braided rug.",,,,,,,"Roseland, VA 22967",josh,,,https://www.google.com/maps/dir/?api=1&destination=Roseland%2C%20VA%2022967,,,,,,,,,,,,,,Outdoor Seating; Wi-Fi; Pet Friendly; Cabins; Lodging; Farm; Water Sports,false,https://www.google.com/maps/dir/?api=1&destination=Roseland%2C%20VA%2022967
253,Eagles Court Ski In/Ski Out Condo,eagles-court-ski-in-ski-out-condo,Vacation Rentals,stay,Wintergreen Resort,"Experience the ultimate mountain getaway at Eagles Court Ski In/Ski Out Condo, perfectly situated on Eagle's Swoop. This inviting condo features a renovated kitchen equipped for all your culinary needs, a convenient ski closet for your gear, and designated parking for easy access. Plus, it's dog-friendly, ensuring that your furry friend can join in on the adventure. Whether you're hitting the slopes or relaxing after a day of skiing, this cozy retreat is the ideal home base for your winter escape.",,,https://ik.imagekit.io/OE/nelson-county/listings/eagles-court-ski-in-ski-out-condo-image1_IK6m9Pd6O,Covered patio with blue-cushioned chairs overlooking a forest and distant hills.,,https://ik.imagekit.io/OE/nelson-county/listings/eagles-court-ski-in-ski-out-condo-image2_kwfGDMJtE,Gray sectional sofa in living room with large window and patterned rug.,,,,,,,"Wintergreen Resort, Roseland, VA 22967",josh,,,https://www.google.com/maps/dir/?api=1&destination=Wintergreen%20Resort%2C%20Roseland%2C%20VA%2022967,,,,,,,,,,,,,,Skiing; Parking; Pet Friendly; Full Kitchen,false,https://www.google.com/maps/dir/?api=1&destination=Wintergreen%20Resort%2C%20Roseland%2C%20VA%2022967
254,Wren House,wren-house,Cabins & Cottages,stay,Afton,"Nestled on nearly five acres of serene countryside, Wren House is a charming five-bedroom retreat that offers the perfect blend of comfort and nature. Guests can unwind in the luxurious hot tub under a blanket of stars or gather around the cozy fire pit to share stories as the sun sets over sweeping pastures. The remodeled kitchen invites culinary creativity, making it easy to prepare meals for family and friends. With ample space for relaxation and exploration, Wren House is an idyllic escape for those seeking tranquility and unforgettable moments in nature.",,,https://ik.imagekit.io/OE/nelson-county/listings/wren-house-image1_mfElcPQPJ,"Wooden deck house with star, surrounded by trees and grassy yard.",,https://ik.imagekit.io/OE/nelson-county/listings/wren-house-image2_8C5DMqnZS,"Bedroom with teal walls, large windows, bed, bedside tables, and red rug.",,,,,,,"Afton, VA 22920",josh,,,https://www.google.com/maps/dir/?api=1&destination=Afton%2C%20VA%2022920,,,,,,,,,,,,,,Outdoor Seating; Pet Friendly; Full Kitchen; Cabins; Lodging,false,https://www.google.com/maps/dir/?api=1&destination=Afton%2C%20VA%2022920
255,WildManDan B&B (Beer centric),wildmandan-bb-beer-centric,Bed and Breakfast,stay,Afton,"Wild Man Dan B&B, an 1870 farmhouse on the Wild Man Dan Brewery property, accommodates twelve guests and features a wraparound porch, gazebo, and fire pit swings. Guests can enjoy optional beer classes. The brewery also offers event space for 50-100 people after business hours, with on-site chef Terri available for catering.",,,https://ik.imagekit.io/OE/nelson-county/listings/wildmandan-b-b-beer-centric--image1_JoNLwgtDjW,Brick house with white porch amidst lush greenery and blooming flowers.,6930547d5c7cd75eb880dc49,https://ik.imagekit.io/OE/nelson-county/listings/wildmandan-b-b-beer-centric--image2_HP9XWfGqVo,"White shampoo bottles, labeled 'WildManDan,' next to beer glass and soap.",693061a05c7cd75eb8d793f6,,,,,(540) 649-2233,"279 Avon Road, Afton, VA 22920",josh,,,https://www.google.com/maps/dir/?api=1&destination=279%20Avon%20Road%2C%20Afton%2C%20VA%2022920,,,,,,,,,,,,,,Beer; Breakfast; Farm; Lodging; Outdoor Seating; Tastings,false,https://www.google.com/maps/dir/?api=1&destination=279%20Avon%20Road%2C%20Afton%2C%20VA%2022920
256,Fenton Inn,fenton-inn,Bed and Breakfast,stay,Roseland,"Fenton Inn is a handcrafted European-style village inn with artisan architecture, bakery breakfast buffet, and direct access to Blue Ridge Parkway adventures. And works of art that it requires a return visit to take it all in.",,,https://ik.imagekit.io/OE/nelson-county/listings/fenton-inn-image1_QKOLmh9ddN,"Colorful European-style buildings with lit windows, cobblestone path, and trees.",,https://ik.imagekit.io/OE/nelson-county/listings/fenton-inn-image2_Gihyn3fDA,"Spacious living room with wooden beams, fireplace, sofas, and chandelier.",695d1d645c7cd75eb86268c4,,,695d1d7a5c7cd75eb862ddf4,,(434) 361-3539,"29 Shelton Laurel Trail, Nellysford, VA 22958",josh,,,https://www.google.com/maps/dir/?api=1&destination=29%20Shelton%20Laurel%20Trail%2C%20Nellysford%2C%20VA%2022958,,,,,,,,,,,,,,Bakery; Breakfast; Lodging; Scenic Views,true,https://www.google.com/maps/dir/?api=1&destination=29%20Shelton%20Laurel%20Trail%2C%20Nellysford%2C%20VA%2022958
257,Marley's Cabin,marleys-cabin,Cabins & Cottages,stay,Wintergreen Resort,"Nestled in the heart of the Wintergreen mountains, Marley's Cabin offers a serene retreat with breathtaking 180-degree sunrise views that will take your breath away each morning. This beautifully renovated home features designer interiors that blend modern comfort with rustic charm, making it the perfect getaway for families or couples. Expansive decks invite year-round relaxation, allowing you to enjoy the crisp mountain air or bask in the sun while surrounded by nature. With easy access to hiking trails and ski slopes, Marley's Cabin is not just a place to stay—it's an experience that connects you to the stunning beauty of the mountains.",,,https://ik.imagekit.io/OE/nelson-county/listings/marley-s-cabin-image1_WNjFUweoL,"Wooden porch with stone pillars, leading to brown door, under clear sky.",,https://ik.imagekit.io/OE/nelson-county/listings/marley-s-cabin-image2_gNrnT-xGf,Mountain view from bright room with large windows and outdoor deck chairs.,,,,,,,"Wintergreen Resort, Roseland, VA 22967",josh,,,https://www.google.com/maps/dir/?api=1&destination=Wintergreen%20Resort%2C%20Roseland%2C%20VA%2022967,,,,,,,,,,,,,,Scenic Views; Cabins; Lodging,false,https://www.google.com/maps/dir/?api=1&destination=Wintergreen%20Resort%2C%20Roseland%2C%20VA%2022967
258,Cozy & Clean Wintergreen Condo (Tanners Ridge),cozy-clean-wintergreen-condo-tanners-ridge,Vacation Rentals,stay,Roseland,"Escape to the Cozy & Clean Wintergreen Condo, your perfect retreat just a mile from the heart of the resort. Unwind in the inviting space featuring a brand new king bed adorned with plush linens, ideal for restful nights after a day of adventure. Enjoy cozy evenings by the fireplace while watching your favorite shows on the smart TVs. With a dog-friendly patio, you can bring your well-behaved furry friend along for the adventure. This non-smoking condo offers a tranquil and welcoming atmosphere, ensuring a delightful stay in the beautiful Wintergreen area. Whether you're here for skiing, hiking, or simply relaxing, this charming condo is the perfect home base for your mountain getaway.",,,https://ik.imagekit.io/OE/nelson-county/listings/cozy-clean-wintergreen-condo-tanners-ridge--image1_ueMPwPu27,"Gray patio with glass doors, table, chairs, and a small grassy area.",,https://ik.imagekit.io/OE/nelson-county/listings/cozy-clean-wintergreen-condo-tanners-ridge--image2_y1P7Ednde,"Cozy living room with gray sofa, fireplace, ski decor, and wall-mounted snowshoes.",,,,,,,"Wintergreen Resort, Roseland, VA 22967",josh,,,https://www.google.com/maps/dir/?api=1&destination=Wintergreen%20Resort%2C%20Roseland%2C%20VA%2022967,,,,,,,,,,,,,,Pet Friendly; Outdoor Seating,false,https://www.google.com/maps/dir/?api=1&destination=Wintergreen%20Resort%2C%20Roseland%2C%20VA%2022967
259,Remodeled 3BR/2BA Ski Chalet off Tyro Slope,remodeled-3br-2ba-ski-chalet-off-tyro-slope,Whole House Rentals,stay,Wintergreen Resort,"Nestled just off the Tyro Slope, this beautifully remodeled 3BR/2BA ski chalet offers a delightful blend of modern comfort and charming Austrian-inspired design. With ski-in/ski-out access, you can hit the slopes at a moment's notice. The gourmet kitchen invites culinary adventures, while heated bathroom floors provide a cozy retreat after a day of outdoor fun. Step outside to the expansive wraparound deck, perfect for soaking in stunning mountain views or enjoying après-ski gatherings. With parking for three vehicles, this chalet is your ideal home base for an unforgettable ski getaway.",,,https://ik.imagekit.io/OE/nelson-county/listings/remodeled-3br-2ba-ski-chalet-off-tyro-slope-image1_LCLwq3hm9,Snow-covered houses and trees under clear blue sky seen from wooden balcony.,,https://ik.imagekit.io/OE/nelson-county/listings/remodeled-3br-2ba-ski-chalet-off-tyro-slope-image2_QCtdVvK3L,Blue sectional sofa with patterned cushions in a cozy living room.,,,,,,,"Wintergreen Resort, Roseland, VA 22967",josh,,,https://www.google.com/maps/dir/?api=1&destination=Wintergreen%20Resort%2C%20Roseland%2C%20VA%2022967,,,,,,,,,,,,,,Skiing; Outdoor Seating; Scenic Views; Full Kitchen; Pet Friendly; Parking; Cabins; Lodging,false,https://www.google.com/maps/dir/?api=1&destination=Wintergreen%20Resort%2C%20Roseland%2C%20VA%2022967
260,Three Springs Myndus,three-springs-myndus,Cabins & Cottages,stay,Lovingston,"Nestled on a stunning 100-acre property, Three Springs Myndus is a charming three-bedroom mountain home that offers a perfect retreat for nature lovers and adventure seekers alike. Enjoy high-speed internet for seamless connectivity, unwind in the luxurious whirlpool tub, and soak in breathtaking views while observing local wildlife. Conveniently located along the Nelson craft beverage trail, this cozy escape is ideal for exploring nearby wineries and breweries. For larger gatherings, consider the Three Springs Plus listing to accommodate your whole group. Experience a blend of relaxation and adventure at this enchanting getaway.",,,https://ik.imagekit.io/OE/nelson-county/listings/three-springs-myndus-image1_iRtwAxful,"House with gray siding, surrounded by trees, gravel driveway, and green hills.",,https://ik.imagekit.io/OE/nelson-county/listings/three-springs-myndus-image2_L3FPHzVZW,"Cozy living room with sofas, fireplace, TV, and round coffee table.",,,,,,,"Arrington, VA 22922",josh,,,https://www.google.com/maps/dir/?api=1&destination=Arrington%2C%20VA%2022922,,,,,,,,,,,,,,Outdoor Seating; Parking; EV Charging; Breakfast; Cabins; Lodging; Swimming Pool,false,https://www.google.com/maps/dir/?api=1&destination=Arrington%2C%20VA%2022922
261,Lovingston Get-Away,lovingston-get-away,Cabins & Cottages,stay,Lovingston,"Discover the charm of Lovingston Get-Away, a two-bedroom home nestled in the historic district of Lovingston, VA. With a fully equipped kitchen and a cozy living room, this inviting retreat is just steps from Front Street, where you can explore local shops, dining, and a self-guided village tour. Perfectly positioned near renowned wineries, breweries, and the Wintergreen Ski Resort, Lovingston is a haven for outdoor enthusiasts and history lovers alike, featuring attractions like Crabtree Falls and the scenic Blue Ridge Parkway. Experience the beauty of each season, from vibrant fall foliage to winter wonderlands, making Lovingston Get-Away your ideal destination for relaxation and adventure.",,,https://ik.imagekit.io/OE/nelson-county/listings/lovingston-get-away-image1_S53B0Y9fZ,"Red umbrella on wooden deck, surrounded by leafy green trees, sunny day.",,https://ik.imagekit.io/OE/nelson-county/listings/lovingston-get-away-image2_j5M7fMRLj,"Blue couch with striped pillows, brown chair, lamp, and potted plant nearby.",,,,,,,"Lovingston, VA 22949",josh,,,https://www.google.com/maps/dir/?api=1&destination=Lovingston%2C%20VA%2022949,,,,,,,,,,,,,,Tours; Full Kitchen; Scenic Views; Cabins; Lodging,false,https://www.google.com/maps/dir/?api=1&destination=Lovingston%2C%20VA%2022949
262,Rock-n-Creek Cabin,rock-n-creek-cabin,Cabins & Cottages,stay,Montebello,"Rock-n-Creek Cabin is a spacious log lodge atop Whetstone Ridge with multiple porches, stone fire pit, three bedrooms plus loft, and scenic river branches on-site. Rock-n-Creek Cabin offers the comforts of country living with all modern amenities.",,,https://ik.imagekit.io/OE/nelson-county/listings/rock-n-creek-cabin-image1_wg6J4o7KB,"Wooden cabin porch with blue chairs, small plants, and log pile.",,https://ik.imagekit.io/OE/nelson-county/listings/rock-n-creek-cabin-image2_Kf2NxFyXJ,"Cozy living room with floral chair, armchair, and patterned rug.",,,,,,(434) 299-6143,"2307 Whetstone Ridge Road, Roseland, VA 22967",josh,,,https://www.google.com/maps/dir/?api=1&destination=2307%20Whetstone%20Ridge%20Road%2C%20Roseland%2C%20VA%2022967,,,,,,,,,,,,,,Cabins; Scenic Views; Breakfast; Pet Friendly; Lodging; Water Sports,false,https://www.google.com/maps/dir/?api=1&destination=2307%20Whetstone%20Ridge%20Road%2C%20Roseland%2C%20VA%2022967
263,The Branch at Afton Mountain Retreat,the-branch-at-afton-mountain-retreat,Whole House Rentals,stay,Afton,"Nestled in the heart of Virginia’s picturesque wine country, The Branch at Afton Mountain Retreat is a beautifully remodeled three-bedroom home perfect for families and friends seeking relaxation. Enjoy evenings on the spacious screened porch beside the cozy fireplace, and rest easy knowing your hypoallergenic canine companions are welcome too. Located just across from Veritas Vineyard, this retreat offers easy access to wine tastings and breathtaking mountain views, making it an ideal getaway for nature lovers and wine enthusiasts alike.",,,https://ik.imagekit.io/OE/nelson-county/listings/the-branch-at-afton-mountain-retreat-image1_2evspjhBj,"White house with porch, brown roof, green lawn, beside trees under clear sky.",,https://ik.imagekit.io/OE/nelson-county/listings/the-branch-at-afton-mountain-retreat-image2_rEDPzVQfA,"Modern living room with gray sofas, round wooden table, and patterned rug.",,,,,,,"1220 Fox Ridge Lane, Afton, VA 22920",josh,,,https://www.google.com/maps/dir/?api=1&destination=1220%20Fox%20Ridge%20Lane%2C%20Afton%2C%20VA%2022920,,,,,,,,,,,,,,Wine; Outdoor Seating; Pet Friendly; Cabins; Lodging,false,https://www.google.com/maps/dir/?api=1&destination=1220%20Fox%20Ridge%20Lane%2C%20Afton%2C%20VA%2022920
264,The Bungalow at Afton Mountain Retreat,the-bungalow-at-afton-mountain-retreat,Whole House Rentals,stay,Afton,"Nestled in the picturesque landscape of Afton Mountain, The Bungalow at Afton Mountain Retreat is a charming, renovated 1930s Sears Roebuck home that seamlessly blends vintage character with modern comfort. With its open-concept living space, guests can enjoy the cozy ambiance while soaking in breathtaking mountain views over Veritas Vineyard. Families will appreciate the dedicated kid playroom, perfect for keeping little ones entertained. The luxurious marble bath invites relaxation after a day of exploring the stunning surroundings, making this retreat a perfect home base for your mountain getaway. Experience the serenity and beauty of the Blue Ridge Mountains right from your doorstep.",,,https://ik.imagekit.io/OE/nelson-county/listings/the-bungalow-at-afton-mountain-retreat-image1_KbFZ0ogMN,"House with blue siding, front porch, grassy yard, and surrounding trees.",,https://ik.imagekit.io/OE/nelson-county/listings/the-bungalow-at-afton-mountain-retreat-image2_Cx7Zyne7u,"Modern kitchen with island, pendant lights, and dining area in natural light.",,,,,,,"1230 Fox Ridge Lane, Afton, VA 22920",josh,,,https://www.google.com/maps/dir/?api=1&destination=1230%20Fox%20Ridge%20Lane%2C%20Afton%2C%20VA%2022920,,,,,,,,,,,,,,Wine; Scenic Views; Full Kitchen; Cabins; Lodging,false,https://www.google.com/maps/dir/?api=1&destination=1230%20Fox%20Ridge%20Lane%2C%20Afton%2C%20VA%2022920
265,Avon Hill,avon-hill,Whole House Rentals,stay,Howardsville,"Avon Hill is a 100-acre Rockfish River estate with multiple lodging buildings, boxwood gardens, pool, and Bruce's Barn event venue for weddings and retreats. For 150 and makes the perfect setting for your destination wedding.",,,https://ik.imagekit.io/OE/nelson-county/listings/avon-hill-image1_rNbvnZUhM,"White house with brick chimney, black roof, garden, and blue sky backdrop.",,https://ik.imagekit.io/OE/nelson-county/listings/avon-hill-image2_Evb2hT3rc,"Living room with black sofas, brick fireplace, and dining area in background.",,,,,,(434) 361-2519,"289 Avon Road, Howardsville, VA 24562",josh,,,https://www.google.com/maps/dir/?api=1&destination=289%20Avon%20Road%2C%20Howardsville%2C%20VA%2024562,,,,,,,,,,,,,,Lodging; Pool; Events; Pet Friendly; Cabins; Water Sports; Fishing,false,https://www.google.com/maps/dir/?api=1&destination=289%20Avon%20Road%2C%20Howardsville%2C%20VA%2024562
266,A Nellysford Nest,a-nellysford-nest,Cabins & Cottages,stay,Nellysford,"Nestled in the serene landscapes of Nellysford, A Nellysford Nest offers a charming retreat for families and friends. This inviting cabin features three thoughtfully designed upstairs bedrooms: a spacious master with a luxurious king bed, a second room perfect for larger groups with two cozy queen beds, and a third room equipped with a twin-over-full bunk bed, ideal for kids. Guests can unwind in the natural beauty surrounding the property, making it a perfect base for exploring the nearby Blue Ridge Mountains or enjoying local wineries. Experience comfort and tranquility in this delightful getaway.",,,https://ik.imagekit.io/OE/nelson-county/listings/a-nellysford-nest-image1_YuP0qNW9W,"Blue house surrounded by forest, with gravel path and garden.",,https://ik.imagekit.io/OE/nelson-county/listings/a-nellysford-nest-image2_DsD58414v,"Spacious living room with leather sectional, wooden floor, and large wall-mounted TV.",,,,,,,"Nellysford, VA 22958",josh,,,https://www.google.com/maps/dir/?api=1&destination=Nellysford%2C%20VA%2022958,,,,,,,,,,,,,,Outdoor Seating; Cabins; Lodging,false,https://www.google.com/maps/dir/?api=1&destination=Nellysford%2C%20VA%2022958
267,Love Ridge Mountain Lodging,love-ridge-mountain-lodging,Cabins & Cottages,stay,Lyndhurst,"Nestled at an elevation of 2,800 feet in the breathtaking Blue Ridge Mountains, Love Ridge Mountain Lodging offers a serene escape with charming mountain cabins and forested campsites. Guests can explore scenic birding trails, unwind in the inviting hot tub, or enjoy friendly competition in the game shed. With convenient access to the iconic Blue Ridge Parkway, this retreat is perfect for nature lovers seeking tranquility and adventure amid Virginia's stunning landscapes. Experience the perfect blend of relaxation and outdoor exploration at Love Ridge.",,,https://ik.imagekit.io/OE/nelson-county/listings/love-ridge-mountain-lodging-image1_aUavRAzUY,Two illuminated cabins on stilts surrounded by trees in twilight.,,https://ik.imagekit.io/OE/nelson-county/listings/love-ridge-mountain-lodging-image2_iYHKvRRV9,"Cozy living room with brown leather couch, wooden furniture, and kitchen area.",,https://ik.imagekit.io/OE/nelson-county/listings/love-ridge-mountain-lodging-image3_fVzOXzzh8,"Spacious living room with sunlight, large windows, and cozy beige sectional sofa.",,,(434) 299-5228,"31 Woodridge Trail, Lyndhurst, VA 22952",josh,,,https://www.google.com/maps/dir/?api=1&destination=31%20Woodridge%20Trail%2C%20Lyndhurst%2C%20VA%2022952,,,,,,,,,,,,,,Cabins; Full Service Resort; Lodging; Meeting Planners; Pet Friendly; Scenic Views,false,https://www.google.com/maps/dir/?api=1&destination=31%20Woodridge%20Trail%2C%20Lyndhurst%2C%20VA%2022952
268,Open Heart Inn,open-heart-inn,Cabins & Cottages,stay,Roseland,"Nestled on ten picturesque acres, the Open Heart Inn is a charming historic farmhouse dating back to 1840, offering a unique retreat for those seeking tranquility and adventure. Guests can choose from boutique whole-house and suite rentals, each designed for comfort and style. Enjoy rejuvenating amenities including a serene yoga studio, inviting decks for relaxation, and a scenic nature path that meanders through the stunning grounds. Conveniently located just minutes from the attractions along Route 151, this idyllic inn is the perfect base for exploring the local culture, wineries, and outdoor activities, ensuring a memorable getaway.",,,https://ik.imagekit.io/OE/nelson-county/listings/open-heart-inn-image1_vbafle-Vg,"White farmhouse with red roof, surrounded by trees and bushes, gravel driveway.",,https://ik.imagekit.io/OE/nelson-county/listings/open-heart-inn-image2_Nw9TYm2NAw,"Yellow bathroom with white vanity, mirror, flowers, leading into bedroom.",,,,,,,"9731 Rockfish Valley Highway, Afton, VA 22920",josh,,,https://www.google.com/maps/dir/?api=1&destination=9731%20Rockfish%20Valley%20Highway%2C%20Afton%2C%20VA%2022920,,,,,,,,,,,,,,Cabins; Lodging; Farm,false,https://www.google.com/maps/dir/?api=1&destination=9731%20Rockfish%20Valley%20Highway%2C%20Afton%2C%20VA%2022920
269,Hillside Hideaway,hillside-hideaway,Cabins & Cottages,stay,Wintergreen Resort,"Nestled in the serene heart of Wintergreen, Hillside Hideaway invites you to unwind in its charming three-bedroom, two-bath cabin, just a short stroll from the ski lifts. This cozy retreat features a stunning wraparound deck where you can soak in breathtaking mountain views, perfect for morning coffee or evening sunsets. Gather around the fire pit for s'mores under the starry sky, or fire up the gas grill for a delightful barbecue. With its welcoming ambiance and proximity to Wintergreen's outdoor adventures, this cabin offers an idyllic escape for families and friends seeking both relaxation and adventure in the mountains.",,,https://ik.imagekit.io/OE/nelson-county/listings/hillside-hideaway-image1_FLMr9ko8O,"Wooden cabin with wrap-around deck, nestled amid tall green trees.",,https://ik.imagekit.io/OE/nelson-county/listings/hillside-hideaway-image2__cvRZ2F-5,"Modern living room with spiral staircase, large windows, and wooden beams.",,,,,,,"Wintergreen Resort, Roseland, VA 22967",josh,,,https://www.google.com/maps/dir/?api=1&destination=Wintergreen%20Resort%2C%20Roseland%2C%20VA%2022967,,,,,,,,,,,,,,Outdoor Seating; Fuel; Lodging; Skiing; Cabins; Pet Friendly,false,https://www.google.com/maps/dir/?api=1&destination=Wintergreen%20Resort%2C%20Roseland%2C%20VA%2022967
270,Saddleback Sanctuary,saddleback-sanctuary,Cabins & Cottages,stay,Afton,"Saddleback Sanctuary is an architect-designed luxury home overlooking Veritas with indoor pool, three en-suite primary bedrooms, and panoramic Blue Ridge views. The convenience of premium toiletries provided for your pampering.",,,https://ik.imagekit.io/OE/nelson-county/listings/saddleback-sanctuary-image1_SmI98BWB5,"Modern white house with black roofs, surrounded by trees and vineyard fields.",,https://ik.imagekit.io/OE/nelson-county/listings/saddleback-sanctuary-image2_O8Hp1u6xe,"Bright living room with white sofas, skylights, large windows, and scenic views.",,,,,,,"Afton, VA 22920",josh,,,https://www.google.com/maps/dir/?api=1&destination=Afton%2C%20VA%2022920,,,,,,,,,,,,,,Cabins; Lodging; Pool; Scenic Views; Wine,false,https://www.google.com/maps/dir/?api=1&destination=Afton%2C%20VA%2022920
157,Appalachian Horse Adventures,appalachian-horse-adventures,Horseback Riding,experience,Nelson County,"Embark on an unforgettable journey with Appalachian Horse Adventures in Montebello, where breathtaking views of the Blue Ridge Mountains await you. Suitable for riders ages six and up, this equestrian experience offers guided trail rides that weave through scenic landscapes and exhilarating river crossings. As you ride, soak in the natural beauty surrounding you and discover nearby attractions like the Montebello Fish Hatchery, Veritas Vineyards & Winery, and Blue Mountain Brewery. Whether you're a seasoned rider or a beginner, this adventure promises a unique connection with nature and an opportunity to create lasting memories.",,,https://ik.imagekit.io/OE/nelson-county/listings/appalachian-horse-adventures-image1_B6_FpaVfT,Three people horseback riding near a rustic cabin in the forest.,,,,,,,,,(540) 487-9235,"396 Fork Mountain Lane, Montebello, VA 24464",josh,,,https://www.google.com/maps/dir/?api=1&destination=396%20Fork%20Mountain%20Lane%2C%20Montebello%2C%20VA%2024464,,,,,,,,,,,,,,Scenic Views; Family Friendly; Hiking; Equestrian; Biking; Water Sports,false,https://www.google.com/maps/dir/?api=1&destination=396%20Fork%20Mountain%20Lane%2C%20Montebello%2C%20VA%2024464
272,Nonny Cottage,nonny-cottage,Cabins & Cottages,stay,Vesuvius,"Nestled in the serene embrace of the Blue Ridge Parkway, Nonny Cottage offers a charming two-bedroom retreat for those seeking tranquility amidst nature. This cozy getaway features a fully equipped kitchen, ideal for preparing home-cooked meals, and a comfortable living space with a washer and dryer for your convenience. Enjoy evenings around the fire pit under a blanket of stars or grill up a feast on the outdoor grill. With its remote location, Nonny Cottage is perfect for escaping the hustle and bustle, allowing you to immerse yourself in the breathtaking mountain views and explore the nearby hiking trails. Experience the perfect blend of comfort and adventure in this idyllic mountain hideaway.",,,https://ik.imagekit.io/OE/nelson-county/listings/nonny-cottage-image1__YMAk87uO,"Single-story house with wooden deck, surrounded by trees and lush greenery.",,https://ik.imagekit.io/OE/nelson-county/listings/nonny-cottage-image2_T1hIUertm,"Cozy living room with sofa, lamp, and wooden floor leading to dining area.",,,,,,,"Love, VA 22920",josh,,,https://www.google.com/maps/dir/?api=1&destination=Love%2C%20VA%2022920,,,,,,,,,,,,,,Full Kitchen; Outdoor Seating; Pet Friendly; Scenic Views; Cabins; Lodging,false,https://www.google.com/maps/dir/?api=1&destination=Love%2C%20VA%2022920
158,Rebel's Run at Afton Mountain,rebels-run-at-afton-mountain,Horseback Riding,experience,Afton,"Experience the thrill of horseback riding at Rebel's Run at Afton Mountain, where you can explore scenic vineyards and breathtaking mountain trails. We offer a variety of riding options, including guided trail rides and personalized lessons tailored to all skill levels. Our engaging summer camps provide a fun and educational environment for children to connect with horses and nature. Join us for an unforgettable adventure in the heart of Virginia's beautiful landscape.",,,https://ik.imagekit.io/OE/nelson-county/listings/rebel-s-run-at-afton-mountain-image1_A6RPb2V4_,"Two people horseback riding on forest trail, wearing helmets, smiling back.",,,,,,,,,(703) 623-5243,"1020 Rockfish Valley Highway, Nellysford, VA 22958",josh,,,https://www.google.com/maps/dir/?api=1&destination=1020%20Rockfish%20Valley%20Highway%2C%20Nellysford%2C%20VA%2022958,,,,,,,,,,,,,,Wine; Classes; Hiking; Equestrian; Biking; Farm; Tastings,false,https://www.google.com/maps/dir/?api=1&destination=1020%20Rockfish%20Valley%20Highway%2C%20Nellysford%2C%20VA%2022958
274,Basecamp 151,basecamp-151,Motels & Inns,stay,Afton,"Nestled along the scenic Route 151, Basecamp 151 is a charming boutique motel that offers a unique retreat for travelers seeking comfort and convenience. Featuring seven thoughtfully designed individual suites, each equipped with luxurious memory foam beds, smart TVs, and high-speed Wi-Fi, you'll find everything you need to unwind after a day of adventure. For larger groups or families, the cozy two-bedroom cottage comes complete with a full kitchen, one bathroom, and a washer/dryer, making it an ideal home away from home. Enjoy evenings gathered around the grill or sharing stories by the firepit under the stars. Whether you’re exploring the nearby attractions or simply looking to relax, Basecamp 151 is the perfect base for your getaway.",,,https://ik.imagekit.io/OE/nelson-county/listings/basecamp-151-image1_ikQA2XFDb,"Building with gray siding, bright yellow door, and 'BASECAMP 151' sign.",,https://ik.imagekit.io/OE/nelson-county/listings/basecamp-151-image2_luooTicGU,"Modern living room with dark sofa, wooden walls, and geometric rug design.",,,,,,(434) 422-0015,"2904 Rockfish Valley Highway, Nellysford, VA 22958",josh,,,https://www.google.com/maps/dir/?api=1&destination=2904%20Rockfish%20Valley%20Highway%2C%20Nellysford%2C%20VA%2022958,,,,,,,,,,,,,,Wi-Fi; Pet Friendly; Lodging,false,https://www.google.com/maps/dir/?api=1&destination=2904%20Rockfish%20Valley%20Highway%2C%20Nellysford%2C%20VA%2022958
275,Oak Ledge,oak-ledge,Cabins & Cottages,stay,Wintergreen Resort,"Nestled in the serene Wintergreen area, Oak Ledge is a beautifully renovated three-bedroom cabin that perfectly blends modern comfort with rustic charm. Enjoy high-speed fiber Wi-Fi and smart TVs for entertainment, while the fully equipped kitchen invites you to whip up delicious meals. Step outside onto the sunset deck for breathtaking views, or gather around the firepit for cozy evenings under the stars. Just moments away, you'll find scenic trails and the delightful attractions of Nelson 151, making Oak Ledge an ideal retreat for nature lovers and adventure seekers alike.",,,https://ik.imagekit.io/OE/nelson-county/listings/oak-ledge-image1_z8yIdbe06,Cabin surrounded by vibrant autumn trees on sunny day.,,https://ik.imagekit.io/OE/nelson-county/listings/oak-ledge-image2_sA6TYYAI-,"Spacious living room with brown furniture, large windows, and a fireplace.",,,,,,,"Wintergreen Resort, Roseland, VA 22967",josh,,,https://www.google.com/maps/dir/?api=1&destination=Wintergreen%20Resort%2C%20Roseland%2C%20VA%2022967,,,,,,,,,,,,,,Wi-Fi; Full Kitchen; Outdoor Seating; Cabins; Pet Friendly; Lodging,false,https://www.google.com/maps/dir/?api=1&destination=Wintergreen%20Resort%2C%20Roseland%2C%20VA%2022967
132,Walton's Mountain Museum,waltons-mountain-museum,Museums & Heritage,culture,Schuyler,"The Walton’s Mountain Museum showcases the television show of the 1960s, “The Waltons”. Earl Hamner, Jr., creator of The Walton’s, grew up in Schuyler and many of the scripts were based on life as a boy in Schuyler, VA. The museum displays replicas of rooms on the TV show, such as John-Boy’s Bedroom, Ike Godsey’s Store, the kitchen and living room.",,,https://ik.imagekit.io/OE/nelson-county/listings/walton-s-mountain-museum-image1_ENJGZOEIs,"Brick building labeled 'Walton's Mountain Museum' with nearby sign, trees, and sunlight.",,,,,,,,,(434) 831-2000,"6484 Rockfish River Road, Schuyler, VA 22969",josh,,,https://www.google.com/maps/dir/?api=1&destination=6484%20Rockfish%20River%20Road%2C%20Schuyler%2C%20VA%2022969,,,,,,Overview,"<p>Walton’s Mountain Museum preserves the history and cultural heritage of Nelson County. Exhibits focus on local life, craftsmanship, music traditions, and notable residents who shaped the region.</p>",Museum Experience,<p>Visitors can explore indoor exhibits as well as outdoor features that reflect rural mountain life. Displays are designed to provide context and storytelling rather than formal gallery interpretation.</p>,Planning Your Visit,<p>The museum is well suited for visitors interested in local history and community heritage. Time spent here can be easily combined with nearby walking routes or other historic sites.</p>,,,Retail; Seasonal Menu; Museum,false,https://www.google.com/maps/dir/?api=1&destination=6484%20Rockfish%20River%20Road%2C%20Schuyler%2C%20VA%2022969
277,Wintergreen Getaway for Families,wintergreen-getaway-for-families,Whole House Rentals,stay,Wintergreen Resort,"Escape to the Wintergreen Getaway for Families, a charming two-bedroom cottage nestled in the heart of the breathtaking Blue Ridge Mountains. This pet-friendly retreat features a cozy indoor fireplace, perfect for warming up after a day on the nearby Wintergreen slopes, just minutes away. Enjoy quality family time in the two outdoor seating areas, or gather around the firepit for evening storytelling under the stars. With a full kitchen, washer/dryer, and access to resort amenities like a pool and tennis courts, you’ll find everything you need for a memorable stay. Located conveniently close to Charlottesville, Staunton, Lynchburg, and Waynesboro, this hidden gem offers a perfect blend of adventure and relaxation for families seeking a mountain escape.",,,https://ik.imagekit.io/OE/nelson-county/listings/wintergreen-getaway-for-families-image1_xRak2O25W,"Yellow house with snow-covered roof, surrounded by snow and evergreen trees.",,https://ik.imagekit.io/OE/nelson-county/listings/wintergreen-getaway-for-families-image2_eLXm2rYc6,"Spacious living room with colorful sofas, adjacent kitchen, and wooden flooring.",,,,,,,"Wintergreen Resort, Roseland, VA 22967",josh,,,https://www.google.com/maps/dir/?api=1&destination=Wintergreen%20Resort%2C%20Roseland%2C%20VA%2022967,,,,,,,,,,,,,,Family Friendly; Pet Friendly; Outdoor Seating; Pool; Tennis; Seasonal Menu,false,https://www.google.com/maps/dir/?api=1&destination=Wintergreen%20Resort%2C%20Roseland%2C%20VA%2022967
278,Wintergreen Resort Cabin,wintergreen-resort-cabin,Cabins & Cottages,stay,Wintergreen Resort,"Escape to the Wintergreen Resort Cabin, a charming retreat nestled in the serene woods. This spacious cabin features five beautifully appointed bathrooms and offers a perfect blend of comfort and nature. Ideally located, you'll find yourself just moments away from the Shamokin Springs Trailhead and the inviting Chestnut Springs Pool, making it an excellent choice for both adventure seekers and relaxation enthusiasts. Experience the tranquility and beauty of the mountains while enjoying all the amenities of resort living.",,,https://ik.imagekit.io/OE/nelson-county/listings/wintergreen-resort-cabin-image1_usN-BJKnP,"Two-story house with deck, surrounded by autumn trees, overcast sky.",,https://ik.imagekit.io/OE/nelson-county/listings/wintergreen-resort-cabin-image2_pTyogduKY,"Cozy living room with gray sectional sofa, wooden ceiling, stairs, and wall art.",,,,,,,"Wintergreen Resort, Roseland, VA 22967",josh,,,https://www.google.com/maps/dir/?api=1&destination=Wintergreen%20Resort%2C%20Roseland%2C%20VA%2022967,,,,,,,,,,,,,,Fuel; Outdoor Seating; Adventure; Resort; Cabins; Scenic Views; Lodging; Appalachian Trail,false,https://www.google.com/maps/dir/?api=1&destination=Wintergreen%20Resort%2C%20Roseland%2C%20VA%2022967
279,Bluebird Cottage,bluebird-cottage,Cabins & Cottages,stay,Roseland,"Bluebird Cottage is a charming retreat nestled at the base of Wintergreen Resort, just a short drive from the popular Devil's Backbone Brewery. This cozy home offers convenient access to the scenic Route 151 wineries and a variety of hiking trails, making it an ideal getaway for nature lovers and wine enthusiasts alike. Experience the perfect blend of relaxation and adventure in this inviting setting.",,,https://ik.imagekit.io/OE/nelson-county/listings/bluebird-cottage-image1_oyrVGESN2,Blue house with red chimney surrounded by large green trees and mountains.,,https://ik.imagekit.io/OE/nelson-county/listings/bluebird-cottage-image2_f4Gyyn1fq,"Cozy living room with sofas, wooden table, ceiling fan, and brick fireplace.",,,,,,,"Roseland, VA 22967",josh,,,https://www.google.com/maps/dir/?api=1&destination=Roseland%2C%20VA%2022967,,,,,,,,,,,,,,Scenic Views; Beer; Breakfast; Pet Friendly; Cabins; Lodging,false,https://www.google.com/maps/dir/?api=1&destination=Roseland%2C%20VA%2022967
280,Bear Tracks Cottage,bear-tracks-cottage,Cabins & Cottages,stay,Nellysford,"Nestled in the serene beauty of the Virginia countryside, Bear Tracks Cottage is a charming three-story retreat perfect for nature lovers and wine enthusiasts alike. With a spacious deck ideal for morning coffee or evening stargazing, a cozy fire pit for toasting marshmallows, and a relaxing hot tub to unwind after a day of exploration, this cottage promises a memorable stay. Located near the scenic Nelson 151 Trail, guests enjoy easy access to a variety of renowned wineries and picturesque hiking trails, making Bear Tracks Cottage a perfect blend of relaxation and adventure. Experience the tranquility and charm of this hidden gem!",,,https://ik.imagekit.io/OE/nelson-county/listings/bear-tracks-cottage-image1_ao9s_vNaj,"Wooden cabin surrounded by lush green forest, with blue chairs outside.",,https://ik.imagekit.io/OE/nelson-county/listings/bear-tracks-cottage-image2_93gHVwAsE,"Rustic cabin interior with wooden walls, loft, and cozy seating area.",,,,,,,"Roseland, VA 22967",josh,,,https://www.google.com/maps/dir/?api=1&destination=Roseland%2C%20VA%2022967,,,,,,,,,,,,,,Cabins; Outdoor Seating; Breakfast; Pet Friendly,false,https://www.google.com/maps/dir/?api=1&destination=Roseland%2C%20VA%2022967
281,Faber Farmhouse,faber-farmhouse,Cabins & Cottages,stay,Faber,"Nestled in a picturesque setting across from the charming Rock Spring Mountain Farm wedding venue, Faber Farmhouse invites you to unwind in its spacious four-bedroom layout. With dual living rooms, a large deck perfect for savoring morning coffee or evening sunsets, and an open kitchen that inspires culinary creativity, this home is designed for comfort and connection. Whether you're gathering with family or friends, Faber Farmhouse offers a serene retreat, ideal for creating lasting memories in a tranquil countryside atmosphere.",,,https://ik.imagekit.io/OE/nelson-county/listings/faber-farmhouse-image1_ijDX83k94,"White two-story house with black roof, deck, surrounded by bare trees.",,https://ik.imagekit.io/OE/nelson-county/listings/faber-farmhouse-image2_IEnn8lZNO,"Living room with brown sofa, striped chairs, wooden table, ceiling fan.",,,,,,,"Faber, VA 22938",josh,,,https://www.google.com/maps/dir/?api=1&destination=Faber%2C%20VA%2022938,,,,,,,,,,,,,,Outdoor Seating; Full Kitchen; Events; Breakfast; Pet Friendly; Cabins; Lodging; Farm,false,https://www.google.com/maps/dir/?api=1&destination=Faber%2C%20VA%2022938
282,Wintergreen - Fairway Woods,wintergreen-fairway-woods,Vacation Rentals,stay,Wintergreen Resort,"Nestled in the breathtaking Sunrise Side of the Blue Ridge Mountains, Wintergreen – Fairway Woods offers a delightful retreat for nature lovers and adventure seekers alike. This charming two-bedroom resort condo features a cozy fireplace, perfect for warming up after a day on the slopes, and a private balcony where you can savor stunning views of the rolling mountains while enjoying a meal on the electric grill. Conveniently located near vibrant cities such as Charlottesville, Staunton, Lynchburg, and Waynesboro, guests can easily explore local attractions, dining, and outdoor activities. Experience the perfect blend of comfort and adventure at Wintergreen – Fairway Woods, your gateway to an unforgettable mountain getaway.",,,https://ik.imagekit.io/OE/nelson-county/listings/wintergreen-fairway-woods-image1_M5rehxu4c,"Wooden deck with tables, surrounded by trees, adjacent to house with large windows.",,https://ik.imagekit.io/OE/nelson-county/listings/wintergreen-fairway-woods-image2_UFqwGpLGY,Cozy living room and dining area with large windows and wooden furniture.,,,,,,,"Wintergreen Resort, Roseland, VA 22967",josh,,,https://www.google.com/maps/dir/?api=1&destination=Wintergreen%20Resort%2C%20Roseland%2C%20VA%2022967,,,,,,,,,,,,,,Scenic Views; Pet Friendly; Golf,false,https://www.google.com/maps/dir/?api=1&destination=Wintergreen%20Resort%2C%20Roseland%2C%20VA%2022967
159,Oakland Museum,oakland-museum,Museums & Heritage,culture,Arrington,"Discover the Oakland Museum, housed in a charming 1800s tavern, which brings to life the rich history of Nelson County. Through engaging exhibits, visitors can explore pivotal events such as rural electrification and Hurricane Camille, while gaining insights into the county's role in the broader narratives of Virginia and the nation. Join us for an enlightening journey that connects past and present, celebrating the unique heritage of this vibrant community.",,,https://ik.imagekit.io/OE/nelson-county/listings/oakland-museum-image1_yQz44DJPF,Red brick house with green roof and white stairs in sunlight.,,,,,,,,,(434) 263-8400,"5365 Thomas Nelson Highway, Arrington, VA 22922",josh,,,https://www.google.com/maps/dir/?api=1&destination=5365%20Thomas%20Nelson%20Highway%2C%20Arrington%2C%20VA%2022922,,,,,,,,,,,,,,Seasonal Menu; Museum,false,https://www.google.com/maps/dir/?api=1&destination=5365%20Thomas%20Nelson%20Highway%2C%20Arrington%2C%20VA%2022922
284,Peaktime,peaktime,Whole House Rentals,stay,Roseland,"Peaktime is a charming one-bedroom apartment featuring a cozy kitchenette, perfect for couples looking for a peaceful retreat. Nestled conveniently near the scenic Nelson 151 and Wintergreen, this inviting space offers a simple yet comfortable base for your adventures. Enjoy easy access to outdoor activities, stunning mountain views, and local attractions, making it an ideal spot for both relaxation and exploration. Whether you're here for a romantic getaway or a weekend of hiking, Peaktime provides the perfect blend of comfort and convenience.",,,https://ik.imagekit.io/OE/nelson-county/listings/peaktime-image1_Bo91oWibu,"Wooden house with solar panels, surrounded by greenery, under clear blue sky.",,https://ik.imagekit.io/OE/nelson-county/listings/peaktime-image2_iELPAfFAd,"Living room with couches, colorful bear painting, and wooden wall.",,,,,,,"Afton, VA 22920",josh,,,https://www.google.com/maps/dir/?api=1&destination=Afton%2C%20VA%2022920,,,,,,,,,,,,,,Scenic Views; Full Kitchen; Cabins; Lodging,false,https://www.google.com/maps/dir/?api=1&destination=Afton%2C%20VA%2022920
285,Hawthorne,hawthorne,Cabins & Cottages,stay,Nellysford,"Escape to Hawthorne, a charming private guest cabin nestled in the serene woods near Afton wineries. This cozy log cabin features a welcoming wood-burning fireplace, perfect for warming up on chilly evenings. Step outside to enjoy the outdoor hearth and deck, where you can soak in the tranquil views of the surrounding wooded acreage. Whether you’re savoring a glass of local wine or enjoying a peaceful retreat, Hawthorne offers a unique getaway that blends rustic charm with modern comfort. Experience the perfect blend of relaxation and adventure in this idyllic setting.",,,https://ik.imagekit.io/OE/nelson-county/listings/hawthorne-image1_ZabwDQhh2,Rustic cabin with stone chimney surrounded by lush trees and greenery.,,https://ik.imagekit.io/OE/nelson-county/listings/hawthorne-image2_ru72cyv12,"Cozy rustic cabin interior with kitchenette, fireplace, wooden shelves, and wicker baskets.",,,,,,,"Afton, VA 22920",josh,,,https://www.google.com/maps/dir/?api=1&destination=Afton%2C%20VA%2022920,,,,,,,,,,,,,,Cabins; Outdoor Seating; Lodging,false,https://www.google.com/maps/dir/?api=1&destination=Afton%2C%20VA%2022920
286,Rockfish Tiny Home,rockfish-tiny-home,Whole House Rentals,stay,Schuyler,"Discover the charm of Rockfish Tiny Home, a modern retreat designed for relaxation and adventure. Nestled in the heart of Nelson County, this cozy haven features a soothing hot tub, a fire pit for stargazing evenings, and a delightful hanging swing to enjoy your surroundings. With its spacious interior, it’s perfect for unwinding after a day of exploring the nearby Nelson 151 wineries, where you can savor exquisite local wines. Whether you're seeking a romantic getaway or a peaceful escape, Rockfish Tiny Home offers a unique experience that captures the essence of this beautiful region.",,,https://ik.imagekit.io/OE/nelson-county/listings/rockfish-tiny-home-image1_fBeoUJWL3,"Modern cabin with black trim, hot tub, and snow-covered yard under sunlight.",,https://ik.imagekit.io/OE/nelson-county/listings/rockfish-tiny-home-image2_ieLcxH-yFI,"Modern living room with loft, ladder, sofa, and nature view through glass doors.",,,,,,,"Schuyler, VA 22969",josh,,,https://www.google.com/maps/dir/?api=1&destination=Schuyler%2C%20VA%2022969,,,,,,,,,,,,,,Outdoor Seating; Cabins; Lodging; Fishing,false,https://www.google.com/maps/dir/?api=1&destination=Schuyler%2C%20VA%2022969
287,Tupelo,tupelo,Whole House Rentals,stay,Roseland,"Tupelo is a charming 1900 square foot Blue Ridge Bungalow nestled on one acre in the enchanting Rockfish River Valley. Tupelo is newly remodeled, featuring fresh carpets, recycled glass and concrete countertops and new appliances while maintaining it's rustic charm.",,,https://ik.imagekit.io/OE/nelson-county/listings/tupelo-image1_UQyvDRap6,"Small blue house with red door, surrounded by green grass and trees.",,https://ik.imagekit.io/OE/nelson-county/listings/tupelo-image2_YEMlCkGfY,"Cozy bedroom with white bedding, artwork, lamps, and a large window view.",,,,,,,"Nellysford, VA 22958",josh,,,https://www.google.com/maps/dir/?api=1&destination=Nellysford%2C%20VA%2022958,,,,,,,,,,,,,,Fuel; Pet Friendly; Scenic Views,false,https://www.google.com/maps/dir/?api=1&destination=Nellysford%2C%20VA%2022958
288,"The Vu, Afton",the-vu-afton,Cabins & Cottages,stay,Afton,"This spacious bright and airy home was just renovated to take full advantage of the jaw-dropping 360º views surrounding the property. Perched atop a grassy knoll of peaceful meadows with 360º views of the Blue Ridge Mountains, this newly renovated Afton home is the perfect retreat.",,,https://ik.imagekit.io/OE/nelson-county/listings/the-vu-afton-image1_S5BCcnudC,Fire pit with chairs in front of illuminated house at night.,,https://ik.imagekit.io/OE/nelson-county/listings/the-vu-afton-image2_tWSkRspw9,"Cozy living room with armchairs, fireplace, large windows, and antler chandelier.",,,,,,,"Afton, VA 22920",josh,,,https://www.google.com/maps/dir/?api=1&destination=Afton%2C%20VA%2022920,,,,,,,,,,,,,,Lodging; Scenic Views; Full Kitchen; Cabins,false,https://www.google.com/maps/dir/?api=1&destination=Afton%2C%20VA%2022920
289,Serenity Summit,serenity-summit,Whole House Rentals,stay,Wintergreen Resort,"Welcome to Serenity Summit, a charming three-bedroom, 3.5-bathroom retreat nestled in the heart of Wintergreen, perfect for families or groups of up to eight. This thoughtfully designed home offers modern amenities and a spacious, family-friendly layout, making it an ideal getaway for relaxation and adventure. Surrounded by tranquil wooded landscapes, guests can enjoy the beauty of nature right at their doorstep, with opportunities for hiking, skiing, and exploring nearby attractions. Experience the perfect blend of comfort and serenity at Serenity Summit, where memorable moments await.",,,https://ik.imagekit.io/OE/nelson-county/listings/serenity-summit-image1_cNQynxSjz,Brown house surrounded by vibrant autumn trees and foliage.,,https://ik.imagekit.io/OE/nelson-county/listings/serenity-summit-image2_RAnt8nyEV,"Spacious living room with fireplace, large windows, brown sofa, and wooden floor.",,,,,,,"Wintergreen Resort, Roseland, VA 22967",josh,,,https://www.google.com/maps/dir/?api=1&destination=Wintergreen%20Resort%2C%20Roseland%2C%20VA%2022967,,,,,,,,,,,,,,Family Friendly; Lodging,false,https://www.google.com/maps/dir/?api=1&destination=Wintergreen%20Resort%2C%20Roseland%2C%20VA%2022967
290,The Wooder House,the-wooder-house,Cabins & Cottages,stay,Nellysford,"Nestled within a sprawling 38-acre forest, The Wooder House offers a serene escape in its spacious 1,900-square-foot layout, featuring four inviting bedrooms. With large windows that frame breathtaking views of the surrounding nature, this pet-friendly retreat is perfect for families and furry friends alike. Unwind by the fire pit under a starlit sky, or gather on the outdoor patio to enjoy the sounds of the forest. Experience the perfect blend of comfort and tranquility in this enchanting woodland getaway.",,,https://ik.imagekit.io/OE/nelson-county/listings/the-wooder-house-image1_d3RyCyPHT,Wooden house surrounded by lush green forest and trees.,,https://ik.imagekit.io/OE/nelson-county/listings/the-wooder-house-image2_aqCMSRELO,"Cozy living room with large windows, green trees outside, and comfy sofa.",,,,,,,"Roseland, VA 22967",josh,,,https://www.google.com/maps/dir/?api=1&destination=Roseland%2C%20VA%2022967,,,,,,,,,,,,,,Scenic Views; Outdoor Seating; Pet Friendly; Cabins; Lodging,false,https://www.google.com/maps/dir/?api=1&destination=Roseland%2C%20VA%2022967
291,The Ash House at Holland Hill,the-ash-house-at-holland-hill,Cabins & Cottages,stay,Faber,"Nestled in the heart of the Blue Ridge Mountains, The Ash House at Holland Hill offers a serene retreat for those seeking relaxation and adventure. This modern cabin features a cozy fireplace and a luxurious hot tub, perfect for unwinding after a day of exploration. With stunning mountain views that invite stargazing at night, guests can immerse themselves in nature's beauty. Ideal for stylish escapes, The Ash House seamlessly blends comfort and elegance, making it a perfect getaway for couples or families looking to create lasting memories in a picturesque setting.",,,https://ik.imagekit.io/OE/nelson-county/listings/the-ash-house-at-holland-hill-image1_uMIyEQ7ty,Black wooden cabin surrounded by autumn foliage and sunlight on sloping hill.,,https://ik.imagekit.io/OE/nelson-county/listings/the-ash-house-at-holland-hill-image2_WEdUSCUn_,"Spacious living room with wooden beams, black accents, modern furniture, large windows.",,,,,,,"Nellysford, VA 22958",josh,,,https://www.google.com/maps/dir/?api=1&destination=Nellysford%2C%20VA%2022958,,,,,,,,,,,,,,Cabins; Scenic Views; Lodging,false,https://www.google.com/maps/dir/?api=1&destination=Nellysford%2C%20VA%2022958
292,D & D's Mountain Home,d-ds-mountain-home,Whole House Rentals,stay,Wintergreen Resort,"Welcome to D & D's Mountain Home, a beautifully renovated two-bedroom condo nestled in the heart of Stone Ridge. This cozy retreat offers a warm ambiance with its inviting gas fireplace, perfect for unwinding after a day of outdoor adventures. Step out onto the patio to soak in stunning views of the Devils Knob Golf Course, where you can sip your morning coffee or enjoy an evening sunset. Whether you’re here for hiking, golfing, or simply relaxing in nature, D & D's Mountain Home is your ideal getaway, combining comfort and breathtaking scenery for an unforgettable experience.",,,https://ik.imagekit.io/OE/nelson-county/listings/d-d-s-mountain-home-image1_PzXkSUD2Q,Wooden railing and stairway beside house with sloped roof surrounded by trees.,,https://ik.imagekit.io/OE/nelson-county/listings/d-d-s-mountain-home-image2_NTKDLMan4,"Cozy living room with sofa, lamps, and table by large glass doors.",,,,,,,"Wintergreen Resort, Roseland, VA 22967",josh,,,https://www.google.com/maps/dir/?api=1&destination=Wintergreen%20Resort%2C%20Roseland%2C%20VA%2022967,,,,,,,,,,,,,,Fuel; Outdoor Seating; Scenic Views; Cabins; Lodging; Golf,false,https://www.google.com/maps/dir/?api=1&destination=Wintergreen%20Resort%2C%20Roseland%2C%20VA%2022967
293,Bear Creek Inn,bear-creek-inn,Cabins & Cottages,stay,Tyro,"Nestled in a serene setting, the Bear Creek Inn offers a charming 2-3 bedroom cottage, perfect for families or groups seeking a peaceful getaway. Enjoy the large, fenced-in yard, ideal for your furry friends to roam freely. With cozy interiors and proximity to scenic trails, this cottage is a wonderful base for outdoor adventures. Experience the tranquility of nature while having all the comforts of home at your fingertips.",,,https://ik.imagekit.io/OE/nelson-county/listings/bear-creek-inn-image1_Z8eqXrcOM,Creek flowing past tree and brick house with red roof.,,https://ik.imagekit.io/OE/nelson-county/listings/bear-creek-inn-image2_xQtRkgnIL,"Cozy sunroom with green walls, vintage rug, sofa, large windows, and hanging light.",,,,,,(434) 277-5305,"Tyro, VA 22976",josh,,,https://www.google.com/maps/dir/?api=1&destination=Tyro%2C%20VA%2022976,,,,,,,,,,,,,,Pet Friendly; Outdoor Seating; Cabins; Lodging,false,https://www.google.com/maps/dir/?api=1&destination=Tyro%2C%20VA%2022976
294,"Cookie's Place, LLC",cookies-place-llc,Cabins & Cottages,stay,Afton,"Nestled in a serene setting, Cookie's Place, LLC is a charming three-bedroom, two-bath home that offers the perfect retreat for families or groups seeking relaxation and adventure. Dive into your private pool while soaking in breathtaking mountain views, or explore the nearby hiking and skiing trails that cater to outdoor enthusiasts of all levels. Located conveniently between Waynesboro and Charlottesville, you’ll have easy access to delightful local attractions, including tantalizing restaurants, renowned wineries, and craft breweries. Escape to a place where comfort meets adventure, making unforgettable memories at Cookie's Place.",,,https://ik.imagekit.io/OE/nelson-county/listings/cookie-s-place-llc-image1_YqXSl7cuY,Black patio furniture set on wooden deck near grassy lawn and tennis court.,,https://ik.imagekit.io/OE/nelson-county/listings/cookie-s-place-llc-image2_ipVqKBcc4,"Modern living room with gray sectional sofa, wood table, and ceiling fan.",,,,,,,"Afton, VA 22920",josh,,,https://www.google.com/maps/dir/?api=1&destination=Afton%2C%20VA%2022920,,,,,,,,,,,,,,Scenic Views; Pool; Pet Friendly; Cabins; Lodging; Hiking,false,https://www.google.com/maps/dir/?api=1&destination=Afton%2C%20VA%2022920
295,Bearfeet Retreat,bearfeet-retreat,Cabins & Cottages,stay,Wintergreen Resort,"Cozy family cabin that sleeps 8 (K, Q, 2x twin bunks) tucked away in a quiet cul-de-sac. It’s the ideal mountain getaway offering the best of seasonal activities like hiking, fishing, swimming, skiing, brewery and orchard tours. 1/4 mile from Wintergreen Resort & Ski Slopes, yet also close to the “Valley” where there are many restaurants, wineries, breweries and cideries.",,,https://ik.imagekit.io/OE/nelson-county/listings/bearfeet-retreat-image1_Bi1vj6inZ,Rustic cabin surrounded by trees and wooden fence in a green landscape.,,https://ik.imagekit.io/OE/nelson-county/listings/bearfeet-retreat-image2_a1pK4Hztg,"Fire pit on wooden table, surrounded by chairs on porch, with forest view.",,,,,,,"Wintergreen Resort, Roseland, VA 22967",josh,,,https://www.google.com/maps/dir/?api=1&destination=Wintergreen%20Resort%2C%20Roseland%2C%20VA%2022967,,,,,,,,,,,,,,Outdoor Seating; Wi-Fi; Parking; Cabins; Lodging; Farm,false,https://www.google.com/maps/dir/?api=1&destination=Wintergreen%20Resort%2C%20Roseland%2C%20VA%2022967
296,Peaceful Mountain Getaway,peaceful-mountain-getaway,Whole House Rentals,stay,Nellysford,"Escape to the serene ""Peaceful Mountain Getaway,"" a charming pet-friendly retreat nestled in the picturesque Rodes Valley of Wintergreen. This cozy one-story home features calming décor, creating a tranquil atmosphere perfect for families looking to unwind. With three spacious bedrooms and two well-appointed baths, the house comfortably accommodates your group. Enjoy the convenience of a fully stocked kitchen and the hospitality of attentive hosts who are eager to assist with your needs. Surrounded by the breathtaking beauty of the mountains, this getaway promises a rejuvenating experience in nature’s embrace.",,,https://ik.imagekit.io/OE/nelson-county/listings/peaceful-mountain-getaway-image1_Ww7fTws2q,"Rustic wooden house surrounded by trees, with person sitting on front porch.",,https://ik.imagekit.io/OE/nelson-county/listings/peaceful-mountain-getaway-image2_TEA5EbfCs,"Wooden dining table with chairs, floral centerpiece, adjacent large windows.",,,,,,,"Wintergreen Resort, Nellysford, VA 22958",josh,,,https://www.google.com/maps/dir/?api=1&destination=Wintergreen%20Resort%2C%20Nellysford%2C%20VA%2022958,,,,,,,,,,,,,,Scenic Views; Pet Friendly; Family Friendly,false,https://www.google.com/maps/dir/?api=1&destination=Wintergreen%20Resort%2C%20Nellysford%2C%20VA%2022958
297,The Afton House,the-afton-house,Whole House Rentals,stay,Afton,"Nestled in the heart of the mountains, The Afton House offers a luxurious escape with breathtaking panoramic views that will leave you in awe. This expansive home features multiple inviting gathering spaces, perfect for creating lasting memories with family and friends. Accommodating up to sixteen guests, it’s an ideal retreat for reunions or celebrations. Enjoy the serene natural surroundings or explore nearby outdoor adventures. Experience the perfect blend of comfort and elegance at The Afton House, where every detail enhances your stay.",,,https://ik.imagekit.io/OE/nelson-county/listings/the-afton-house-image1_BWCet3f9Y,"Modern house with large windows, lit interior, against sunset sky and bare trees.",,https://ik.imagekit.io/OE/nelson-county/listings/the-afton-house-image2_sGu2sep1w,"Cozy room with wooden table, chairs, blue shelves, and checkered curtains.",695d1d645c7cd75eb86268c4,,,695d1d7a5c7cd75eb862ddf4,,,"Afton, VA 22920",josh,,,https://www.google.com/maps/dir/?api=1&destination=Afton%2C%20VA%2022920,,,,,,,,,,,,,,Lodging; Scenic Views,true,https://www.google.com/maps/dir/?api=1&destination=Afton%2C%20VA%2022920
298,THE LITTLE FARMHOUSE,thelittlefarmhouse,Cabins & Cottages,stay,Afton,"Welcome to The Little Farmhouse, affectionately known as Cheval Circle, where rustic charm meets modern comfort. Nestled amidst picturesque horse farm views, this inviting home features multiple cozy seating areas and a spacious dining table that accommodates up to 10 guests, perfect for family gatherings or friendly get-togethers. Enjoy the expansive porch, ideal for sipping morning coffee while soaking in the serene landscape. Experience the tranquility of rural life while being just a short drive from local attractions and adventures. The Little Farmhouse is your perfect escape into nature!",,,https://ik.imagekit.io/OE/nelson-county/listings/the-little-farmhouse-image1_HWH41F4Vf,"White house with front porch, green lawn, surrounded by trees in sunlight.",,https://ik.imagekit.io/OE/nelson-county/listings/the-little-farmhouse-image2_kht6S_C_a,"Modern living room with spiral staircase, large windows, brown sofa, green plants.",,,,,,,"Afton, VA 22920",josh,,,https://www.google.com/maps/dir/?api=1&destination=Afton%2C%20VA%2022920,,,,,,,,,,,,,,Farm; Outdoor Seating; Cabins; Lodging,false,https://www.google.com/maps/dir/?api=1&destination=Afton%2C%20VA%2022920
299,Mountaintop Overlook,mountaintop-overlook,Whole House Rentals,stay,Wintergreen Resort,"Welcome to Mountaintop Overlook, a charming 1,237-square-foot condo nestled in the heart of Wintergreen. With convenient ground-level access, this inviting retreat boasts stunning panoramic views of the valley, making it an ideal spot to relax and unwind. The newly renovated interiors feature a cozy wood-burning fireplace, perfect for chilly evenings. Enjoy the serenity of nature from your own private oasis while being just moments away from hiking trails, skiing, and local attractions. Experience the perfect blend of comfort and adventure at Mountaintop Overlook!",,,https://ik.imagekit.io/OE/nelson-county/listings/mountaintop-overlook-image1_h0B_F2eNe,"Veranda with metal chairs, overlooking hills and colorful sunset sky.",,https://ik.imagekit.io/OE/nelson-county/listings/mountaintop-overlook-image2_ITYn_sBZb,"Cozy living room with fireplace, wooden table, and large windows overlooking landscape.",,,,,,,"Wintergreen Resort, Roseland, VA 22967",josh,,,https://www.google.com/maps/dir/?api=1&destination=Wintergreen%20Resort%2C%20Roseland%2C%20VA%2022967,,,,,,,,,,,,,,Scenic Views; Cabins; Lodging,false,https://www.google.com/maps/dir/?api=1&destination=Wintergreen%20Resort%2C%20Roseland%2C%20VA%2022967
300,Blue Ridge Mountain Retreat,blue-ridge-mountain-retreat,Whole House Rentals,stay,Wintergreen Resort,"Escape to the Blue Ridge Mountain Retreat, a stunning 4,800-square-foot luxury home that comfortably accommodates up to 20 guests. This exquisite property features four inviting wood-burning fireplaces, perfect for cozy evenings, and a gourmet kitchen ideal for culinary adventures. Enjoy friendly competition in the game room or unwind on the expansive deck while soaking in breathtaking mountain views. Just minutes from the Wintergreen Mountain Inn, ski areas, and the scenic Founders Vision Overlook, this retreat offers easy access to outdoor activities like skiing, golfing at Devil’s Knob, and rejuvenating spa services. Experience the perfect blend of adventure and relaxation in this remarkable mountain getaway!",,,https://ik.imagekit.io/OE/nelson-county/listings/blue-ridge-mountain-retreat-image1_XiqNB2L3J,"Large house with deck, stone wall, surrounded by bare trees, under blue sky.",,https://ik.imagekit.io/OE/nelson-county/listings/blue-ridge-mountain-retreat-image2_fZnRkW9qP,"Wooden house porch with triangular roof, surrounded by windows.",,,,,,,"Wintergreen Resort, Roseland, VA 22967",josh,,,https://www.google.com/maps/dir/?api=1&destination=Wintergreen%20Resort%2C%20Roseland%2C%20VA%2022967,,,,,,,,,,,,,,Full Kitchen; Scenic Views; Lodging,false,https://www.google.com/maps/dir/?api=1&destination=Wintergreen%20Resort%2C%20Roseland%2C%20VA%2022967
301,Mountain & Vine Farmhouse,mountain-vine-farmhouse,Whole House Rentals,stay,Faber,"Mountain & Vine Farmhouse is a 2,700-square-foot retreat with four queen bedrooms and five bathrooms, overlooking Delfosse Vineyards. Featuring a deck and gas grill, this vacation rental is ideal for gatherings and offers a serene escape in Faber, perfect for a weekend getaway with friends. Enjoy complimentary Wi-Fi during your stay.",,,https://ik.imagekit.io/OE/nelson-county/listings/mountain-vine-farmhouse-image1_nJkRWBHN5,"Sunny backyard with stone path, trees, and distant rolling hills.",,https://ik.imagekit.io/OE/nelson-county/listings/mountain-vine-farmhouse-image2_z0leCk8sr,"Cozy living room with leather sofas, glass coffee table, and wooden chairs.",,,,,,,"Faber, VA 22938",josh,,,https://www.google.com/maps/dir/?api=1&destination=Faber%2C%20VA%2022938,,,,,,,,,,,,,,Outdoor Seating; Fuel; Wi-Fi; Wine; Cabins; Lodging; Farm; Tastings,false,https://www.google.com/maps/dir/?api=1&destination=Faber%2C%20VA%2022938
302,Mountain & Vine Vineyards Log Cabin,mountain-vine-vineyards-log-cabin,Cabins & Cottages,stay,Faber,"Mountain & Vine Vineyards Log Cabin is a historic hilltop cabin with loft bedroom, panoramic vineyard vistas, and private tastings available nearby. This 1-bed, 1-bath vacation rental is calling - your next couple's retreat awaits.",,,https://ik.imagekit.io/OE/nelson-county/listings/mountain-vine-vineyards-log-cabin-image1_YZLXDugsN,Rustic wooden cabin with porch surrounded by trees and outdoor seating.,,https://ik.imagekit.io/OE/nelson-county/listings/mountain-vine-vineyards-log-cabin-image2_N2UPizOy_,"Rustic living room with stone fireplace, leather sofa, and wooden ceiling beams.",,,,,,,"Faber, VA 22938",josh,,,https://www.google.com/maps/dir/?api=1&destination=Faber%2C%20VA%2022938,,,,,,,,,,,,,,Cabins; Wine; Tastings; Lodging; Farm,false,https://www.google.com/maps/dir/?api=1&destination=Faber%2C%20VA%2022938
303,The Fairway Chalet,the-fairway-chalet,Whole House Rentals,stay,Wintergreen Resort,"Escape to The Fairway Chalet, a spacious 3,000-square-foot retreat nestled in the heart of Wintergreen. Perfect for families or groups, this inviting home features a fun-filled arcade game room, a ping pong table for friendly competitions, and a cozy fire pit for starlit evenings. Located just moments away from world-class skiing, refreshing pools, and scenic hiking trails, The Fairway Chalet offers a blend of adventure and relaxation. Experience the perfect getaway where memories are made amidst nature's beauty!",,,https://ik.imagekit.io/OE/nelson-county/listings/the-fairway-chalet-image1_OR_6iWhNB,Wooden patio set with two mugs and gray blanket in forest setting.,,https://ik.imagekit.io/OE/nelson-county/listings/the-fairway-chalet-image2_3oLQdDE_F,"Cozy living room with stone fireplace, brown sectional, and plaid red carpet.",,,,,,,"Wintergreen Resort, Roseland, VA 22967",josh,,,https://www.google.com/maps/dir/?api=1&destination=Wintergreen%20Resort%2C%20Roseland%2C%20VA%2022967,,,,,,,,,,,,,,Cabins; Lodging; Golf; Swimming Pool,false,https://www.google.com/maps/dir/?api=1&destination=Wintergreen%20Resort%2C%20Roseland%2C%20VA%2022967
304,Spruce Creek Garden Cottage,spruce-creek-garden-cottage,Cabins & Cottages,stay,Nellysford,"Welcome to Spruce Creek Garden Cottage, a charming retreat perfect for up to four guests. Nestled just 1-3 miles from renowned breweries and cideries like Bold Rock, Three Notch'd, Devils Backbone, and Blue Toad, this cozy 950-square-foot home offers the ideal base for exploring the local craft beverage scene. With two inviting bedrooms and a well-appointed bathroom, you'll find everything you need for a relaxing stay. Enjoy the serene garden surroundings and ample parking for two cars, making this delightful cottage the perfect choice for a memorable getaway.",,,https://ik.imagekit.io/OE/nelson-county/listings/spruce-creek-garden-cottage-image1_DH3_z_VOl,"White house with metal roof, lush garden, and gravel path under clear sky.",,https://ik.imagekit.io/OE/nelson-county/listings/spruce-creek-garden-cottage-image2_SNYOLwX-E,"Cozy living room with wood floors, armchair, ceiling fan, and large windows.",,,,,,,"Nellysford, VA 22958",josh,,,https://www.google.com/maps/dir/?api=1&destination=Nellysford%2C%20VA%2022958,,,,,,,,,,,,,,Outdoor Seating; Beer; Parking; Cabins; Lodging,false,https://www.google.com/maps/dir/?api=1&destination=Nellysford%2C%20VA%2022958
305,"Parrs Camp, Mountain Hollow",parrs-camp-mountain-hollow,Cabins & Cottages,stay,Wintergreen Resort,"Nestled on a stunning 70-acre Tye River property, Parrs Camp, Mountain Hollow offers a charming craftsman-built ADU above a garage, perfect for a serene getaway. Enjoy the comfort of a king bedroom and a cozy double bedroom, alongside unique amenities like an outdoor shower, a foosball table, and access to relaxing hammocks and a fire pit. Explore the nearby trails of the George Washington National Forest, where adventure awaits in the form of hiking and wildlife viewing. Your attentive host is dedicated to ensuring your stay is enjoyable, providing helpful tips and assistance whenever needed. Experience the perfect blend of comfort and nature at Parrs Camp!",,,https://ik.imagekit.io/OE/nelson-county/listings/parrs-camp-mountain-hollow-image1_hE64II8eE,Wooden house surrounded by lush green trees and plants under sunlight.,,https://ik.imagekit.io/OE/nelson-county/listings/parrs-camp-mountain-hollow-image2_a18PmQIOk,"Cozy living room with armchairs, couch, and sunlight streaming through windows.",,,,,,,"Tyro, VA 22976",josh,,,https://www.google.com/maps/dir/?api=1&destination=Tyro%2C%20VA%2022976,,,,,,,,,,,,,,Outdoor Seating; Cabins; Lodging; Water Sports,false,https://www.google.com/maps/dir/?api=1&destination=Tyro%2C%20VA%2022976
306,Parr's Camp,parrs-camp,Cabins & Cottages,stay,Wintergreen Resort,"Nestled on a sprawling 70-acre riverfront estate bordering the breathtaking George Washington National Forest, Parr's Camp is a charming 1940s fishing cabin that seamlessly blends rustic charm with modern comforts. Accommodating up to seven guests, this delightful retreat features original wood paneling and a serene screened porch, perfect for sipping morning coffee or enjoying evening sunsets. Explore the picturesque surroundings, including a tranquil pond, or embark on outdoor adventures in the nearby forest. Your attentive host is eager to ensure your stay is memorable, offering personalized tips and assistance to enhance your experience. Discover the perfect getaway at Parr's Camp, where history meets nature in a truly special setting.",,,https://ik.imagekit.io/OE/nelson-county/listings/parr-s-camp-image1_wvauSKQj6,"Wooden house surrounded by trees and grass, black fence in foreground.",,https://ik.imagekit.io/OE/nelson-county/listings/parr-s-camp-image2_jeiLu3graS,"Cozy living room with stone fireplace, sofas, and wooden floor.",,,,,,,"Tyro, VA 22976",josh,,,https://www.google.com/maps/dir/?api=1&destination=Tyro%2C%20VA%2022976,,,,,,,,,,,,,,Cabins; Outdoor Seating; Lodging; Water Sports; Fishing,false,https://www.google.com/maps/dir/?api=1&destination=Tyro%2C%20VA%2022976
307,Bella Vista,bella-vista,Cabins & Cottages,stay,Wintergreen Resort,"Bella Vista is a pet-friendly Wintergreen getaway with expansive deck, mountain views, and accommodations for couples seeking a quiet resort stay. 5 Bathroom home 7 Minutes walk or 4 minute drive to the slopes Spectacular views off of back deck.",,,https://ik.imagekit.io/OE/nelson-county/listings/bella-vista-image1_O0YjaMWRU,Large beige house surrounded by trees and gravel driveway in sunlight.,,https://ik.imagekit.io/OE/nelson-county/listings/bella-vista-image2_P7prXtAdC,"Spacious living room with large windows, wooden ceiling, and cozy furniture.",,,,,,,"Wintergreen Resort, Roseland, VA 22967",josh,,,https://www.google.com/maps/dir/?api=1&destination=Wintergreen%20Resort%2C%20Roseland%2C%20VA%2022967,,,,,,,,,,,,,,Scenic Views; Pet Friendly; Outdoor Seating; Cabins; Lodging,false,https://www.google.com/maps/dir/?api=1&destination=Wintergreen%20Resort%2C%20Roseland%2C%20VA%2022967
308,"Red, White and Wintergreen",red-white-and-wintergreen,Whole House Rentals,stay,Wintergreen Resort,"Nestled in the heart of Wintergreen, ""Red, White and Wintergreen"" is a spacious five-bedroom retreat designed for families and large groups seeking comfort and adventure. Featuring expansive living areas that invite relaxation, the property boasts a large deck perfect for stargazing and a cozy porch hot tub where you can unwind after a day of exploring. Enjoy breathtaking valley views and modern office space for remote-friendly stays, making it an ideal choice for both leisure and work. Create unforgettable memories in this delightful mountain getaway!",,,https://ik.imagekit.io/OE/nelson-county/listings/red-white-and-wintergreen-image1_k_S21orXm,Houses with warm lights nestled in wooded area at dusk.,,https://ik.imagekit.io/OE/nelson-county/listings/red-white-and-wintergreen-image2_9z7tXGR3K,"Cozy living room with red sofas, fireplace, large TV, and natural lighting.",,,,,,,"Wintergreen Resort, Roseland, VA 22967",josh,,,https://www.google.com/maps/dir/?api=1&destination=Wintergreen%20Resort%2C%20Roseland%2C%20VA%2022967,,,,,,,,,,,,,,Scenic Views; Outdoor Seating; Family Friendly; Lodging,false,https://www.google.com/maps/dir/?api=1&destination=Wintergreen%20Resort%2C%20Roseland%2C%20VA%2022967
309,Mountain View Vista,mountain-view-vista,Whole House Rentals,stay,Wintergreen Resort,"Nestled in the heart of Wintergreen, Mountain View Vista is a charming one-bedroom, two-bath condo that promises an unforgettable escape. Ideal for couples seeking romance and relaxation, this inviting retreat features a spacious kitchen perfect for whipping up gourmet meals together. Step outside onto the expansive deck, where you'll be treated to breathtaking mountain views that change with the seasons. Enjoy tranquil mornings with a cup of coffee or unwind under a starlit sky in the evenings. With the stunning Blue Ridge Mountains as your backdrop, your stay at Mountain View Vista will be both rejuvenating and picturesque.",,,https://ik.imagekit.io/OE/nelson-county/listings/mountain-view-vista-image1_lHpoH-D2H,Deck with wooden chairs overlooking scenic mountain landscape under cloudy sky.,,https://ik.imagekit.io/OE/nelson-county/listings/mountain-view-vista-image2_mlKIvbY7B,"Modern living room, large windows, ocean view, gray sofa, fireplace, television.",,,,,,,"Wintergreen Resort, Roseland, VA 22967",josh,,,https://www.google.com/maps/dir/?api=1&destination=Wintergreen%20Resort%2C%20Roseland%2C%20VA%2022967,,,,,,,,,,,,,,Full Kitchen; Outdoor Seating; Scenic Views; Cabins; Lodging,false,https://www.google.com/maps/dir/?api=1&destination=Wintergreen%20Resort%2C%20Roseland%2C%20VA%2022967
310,Art & Soul Guesthouse,art-soul-guesthouse,Whole House Rentals,stay,Roseland,"Nestled just steps away from the thrilling adventures of Nelson 151, Art & Soul Guesthouse is a stylish one-bedroom retreat featuring a cozy loft and a rejuvenating sauna. Enjoy breathtaking sunset views from the comfort of your private space, complete with modern amenities like an electric vehicle charger. This design-forward haven is perfect for couples or small families seeking a unique blend of relaxation and adventure in a stunning natural setting. Experience the perfect getaway where art and comfort meet!",,,https://ik.imagekit.io/OE/nelson-county/listings/art-soul-guesthouse-image1_-uTzD7Lq4,Modern wooden house with large windows surrounded by trees at dusk.,,https://ik.imagekit.io/OE/nelson-county/listings/art-soul-guesthouse-image2_1H122tsdB,"Spacious room with triangular windows, round table, easel, and modern light fixture.",,,,,,,"Roseland, VA 22967",josh,,,https://www.google.com/maps/dir/?api=1&destination=Roseland%2C%20VA%2022967,,,,,,,,,,,,,,EV Charging; Cabins; Lodging,false,https://www.google.com/maps/dir/?api=1&destination=Roseland%2C%20VA%2022967
311,Art & Soul Main House,art-soul-main-house,Whole House Rentals,stay,Wintergreen Resort,"Welcome to Art & Soul Main House, your perfect retreat for up to ten guests. This spacious haven features three luxurious en-suite bedrooms and a cozy loft, ideal for families or friends gathering together. Unleash your culinary creativity in the gourmet kitchen, unwind in the soothing saltwater hot tub, or rejuvenate in the dry sauna. With extensive decks that offer breathtaking views of stunning landscapes and skies, this property is designed for relaxation and connection. Experience the beauty of nature while enjoying the comforts of home in this memorable getaway.",,,https://ik.imagekit.io/OE/nelson-county/listings/art-soul-main-house-image1_uQK2zI80u,"Cozy house with lit windows, surrounded by stone walls, steps, and trees.",,https://ik.imagekit.io/OE/nelson-county/listings/art-soul-main-house-image2_6BsnLLMKw,"Modern kitchen with large island, wooden cabinets, and stainless steel appliances.",,,,,,,"Roseland, VA 22967",josh,,,https://www.google.com/maps/dir/?api=1&destination=Roseland%2C%20VA%2022967,,,,,,,,,,,,,,Scenic Views; Full Kitchen; Lodging; Water Sports,false,https://www.google.com/maps/dir/?api=1&destination=Roseland%2C%20VA%2022967
312,The Cottage at River Circle Farm,the-cottage-at-river-circle-farm,Cabins & Cottages,stay,Wintergreen Resort,"Nestled along the serene banks of the James River, The Cottage at River Circle Farm offers a tranquil one-bedroom retreat perfect for couples or solo travelers seeking a peaceful getaway. Guests can unwind in their own private pool, surrounded by lush greenery, or explore the scenic on-site nature trails that meander through the picturesque grounds. With the gentle sounds of the river as your backdrop, this charming cottage provides a unique blend of relaxation and natural beauty, making it an ideal escape from the hustle and bustle of everyday life.",,,https://ik.imagekit.io/OE/nelson-county/listings/the-cottage-at-river-circle-farm-image1_kI4pcscYm,Blue swimming pool in backyard with trees and house under clear sky.,,https://ik.imagekit.io/OE/nelson-county/listings/the-cottage-at-river-circle-farm-image2_KlDXHx3yF,"Cozy living room with a sofa, ceiling fan, and paintings, lit by sunlight.",,,,,,,"Scottsville, VA 24590",josh,,,https://www.google.com/maps/dir/?api=1&destination=Scottsville%2C%20VA%2024590,,,,,,,,,,,,,,Pool; Cabins; Lodging; Water Sports,false,https://www.google.com/maps/dir/?api=1&destination=Scottsville%2C%20VA%2024590
313,Berry Hill Lake,berry-hill-lake,Cabins & Cottages,stay,Nellysford,"Nestled on 250 acres of serene woodlands, Berry Hill Lake offers a unique blend of modern comfort and rustic charm. This spacious four-bedroom, 3.5-bath retreat boasts stunning views of a private two-acre lake, perfect for peaceful mornings or evening gatherings. Enjoy cozy nights by the indoor and outdoor fireplaces, unwind in the inviting bunk rooms, or have fun in the dedicated movie room. Whether you're seeking adventure or relaxation, Berry Hill Lake promises a memorable escape into nature’s embrace.",,,https://ik.imagekit.io/OE/nelson-county/listings/berry-hill-lake-image1_2Z8GdFy77,Rustic cottage with chimney surrounded by trees under a clear sky.,,https://ik.imagekit.io/OE/nelson-county/listings/berry-hill-lake-image2_8f_09seUw,"Cozy living room with stone fireplace, leather sofas, large windows, and rustic decor.",,,,,,,"Roseland, VA 22967",josh,,,https://www.google.com/maps/dir/?api=1&destination=Roseland%2C%20VA%2022967,,,,,,,,,,,,,,Outdoor Seating; Pet Friendly; Cabins; Lodging,false,https://www.google.com/maps/dir/?api=1&destination=Roseland%2C%20VA%2022967
314,Afton Awaits,afton-awaits,Cabins & Cottages,stay,Afton,"Discover ""Afton Awaits,"" a luxurious modern farmhouse nestled in the serene hills of Afton, Virginia. This stunning retreat beautifully combines rustic charm with contemporary elegance, offering guests a tranquil escape from the everyday. Immerse yourself in nature as you explore nearby hiking trails, sip wine at local vineyards, or unwind on the spacious deck while soaking in breathtaking mountain views. With thoughtfully designed interiors and cozy amenities, ""Afton Awaits"" promises a memorable getaway for couples, families, or anyone seeking a peaceful haven.",,,https://ik.imagekit.io/OE/nelson-county/listings/afton-awaits-image1_cw5wL1FDQ,"Countryside house with green lawn, mountains, and colorful sunset sky.",,https://ik.imagekit.io/OE/nelson-county/listings/afton-awaits-image2_ZDpe6Zg-a,Open-concept living room and kitchen with wooden floors and modern decor.,695d1d645c7cd75eb86268c4,,,695d1d7a5c7cd75eb862ddf4,,,"Afton, VA 22920",josh,,,https://www.google.com/maps/dir/?api=1&destination=Afton%2C%20VA%2022920,,,,,,,,,,,,,,Cabins; Farm; Lodging; Outdoor Seating; Pool; Scenic Views,true,https://www.google.com/maps/dir/?api=1&destination=Afton%2C%20VA%2022920
315,Pilotview Hollow,pilotview-hollow,Whole House Rentals,stay,Nellysford,"Pilotview Hollow is a five-bedroom, 4.5-bath estate on 42 acres with hot tub, dual primary suites, game room, outdoor fire pit, and proximity to Route 151 and Wintergreen. Private space on 42 acres, game room, hot tub, 2 primary bedrooms with ensuite bathrooms.",,,https://ik.imagekit.io/OE/nelson-county/listings/pilotview-hollow-image1_4hZKeDrC7,"Modern cabin with large windows, stone chimney, and wooden deck in forest setting.",,https://ik.imagekit.io/OE/nelson-county/listings/pilotview-hollow-image2_6Cs4l6yWl,"Modern living room with beige sofa, wooden ceiling, and black staircase.",,,,,,,"Nellysford, VA 22958",josh,,,https://www.google.com/maps/dir/?api=1&destination=Nellysford%2C%20VA%2022958,,,,,,,,,,,,,,Parking; Lodging,false,https://www.google.com/maps/dir/?api=1&destination=Nellysford%2C%20VA%2022958
316,Nelson Cozy Cabin,nelson-cozy-cabin,Cabins & Cottages,stay,Nellysford,"Nestled on four serene acres, Nelson Cozy Cabin offers a charming retreat in Stoney Creek. This beautifully renovated three-bedroom, two-bath cabin features a spacious deck and a fire pit, perfect for gathering after a day of outdoor adventures. Guests enjoy access to Wintergreen POA pools and fishing, making it an ideal destination for relaxation and recreation. Experience the perfect blend of comfort and nature at this inviting getaway.",,,https://ik.imagekit.io/OE/nelson-county/listings/nelson-cozy-cabin-image1_Ill0EU3Eo,Gray cabin in a forest with bare trees and wooden deck.,,https://ik.imagekit.io/OE/nelson-county/listings/nelson-cozy-cabin-image2_9xPS2w_t4,"Cozy living room with stone fireplace, wooden furniture, and large windows.",,,,,,,"Nellysford, VA 22958",josh,,,https://www.google.com/maps/dir/?api=1&destination=Nellysford%2C%20VA%2022958,,,,,,,,,,,,,,Outdoor Seating; Cabins; Pet Friendly; Lodging; Water Sports; Fishing; Swimming Pool,false,https://www.google.com/maps/dir/?api=1&destination=Nellysford%2C%20VA%2022958
317,Kneeling Shepherd,kneeling-shepherd,Cabins & Cottages,stay,Roseland,"Escape to Kneeling Shepherd, a charming new-construction farmhouse nestled on 12 serene acres, where relaxation meets adventure. Enjoy stunning mountain views while unwinding in the hot tub or gathering around the fire pit under a starlit sky. With easy access to the Tye River, Wintergreen Resort, and the Appalachian Trail, this peaceful retreat is perfect for families seeking both tranquility and outdoor exploration. Create lasting memories in this idyllic setting, where every moment feels like a breath of fresh air.",,,https://ik.imagekit.io/OE/nelson-county/listings/kneeling-shepherd-image1_Uw6uGu8lr,"White farmhouse with porch, evening lighting, cloudy sky, surrounded by trees.",,https://ik.imagekit.io/OE/nelson-county/listings/kneeling-shepherd-image2_kQtAmT1tE,"Living room with brown leather sofas, fireplace, and large windows.",,,,,,,"Roseland, VA 22967",josh,,,https://www.google.com/maps/dir/?api=1&destination=Roseland%2C%20VA%2022967,,,,,,,,,,,,,,Scenic Views; Cabins; Lodging; Appalachian Trail; Farm; Water Sports,false,https://www.google.com/maps/dir/?api=1&destination=Roseland%2C%20VA%2022967
318,Kremer Cabin,kremer-cabin,Cabins & Cottages,stay,Faber,"Nestled on six acres of picturesque land, Kremer Cabin is a charming Cape Cod retreat that offers breathtaking mountain views and a serene escape from the everyday hustle. Accommodating up to 12 guests, this inviting cabin features cozy screened porch swings, perfect for enjoying morning coffee or evening sunsets. With ample outdoor space for relaxation and adventure, visitors can explore the surrounding nature or simply unwind in this tranquil setting. Experience the perfect blend of comfort and natural beauty at Kremer Cabin, where unforgettable memories await.",,,https://ik.imagekit.io/OE/nelson-county/listings/kremer-cabin-image1_ZWFmIrxZP,Brown wooden house surrounded by trees behind a rustic wooden fence.,,https://ik.imagekit.io/OE/nelson-county/listings/kremer-cabin-image2_7bnrIxMzK,"Outdoor patio with fire pit, wicker furniture, swing, and lush greenery outside.",,,,,,,"Faber, VA 22938",josh,,,https://www.google.com/maps/dir/?api=1&destination=Faber%2C%20VA%2022938,,,,,,,,,,,,,,Cabins; Scenic Views; Outdoor Seating; Lodging,false,https://www.google.com/maps/dir/?api=1&destination=Faber%2C%20VA%2022938
319,Stewart's Place,stewarts-place,Whole House Rentals,stay,Faber,"Stewart's Place is a charming rustic retreat nestled in the serene surroundings of Faber, perfect for those looking to escape the hustle and bustle of everyday life. With a spacious yard that invites outdoor relaxation and ample room for gatherings, this whole-house rental offers the homey comforts you crave. Enjoy cozy evenings by the fireplace, explore nearby hiking trails, or simply unwind in the tranquility of nature. Ideal for couples, families, or friends, Stewart's Place promises a memorable getaway where you can recharge and reconnect.",,,https://ik.imagekit.io/OE/nelson-county/listings/stewart-s-place-image1_TIJ0wB_xf,"Small white house with black roof, porch, surrounded by trees.",,https://ik.imagekit.io/OE/nelson-county/listings/stewart-s-place-image2_2S4PBVrjx,"Gray sofa in cozy living room with rug, plants, and desk.",,,,,,,"Faber, VA 22938",josh,,,https://www.google.com/maps/dir/?api=1&destination=Faber%2C%20VA%2022938,,,,,,,,,,,,,,Scenic Views; Cabins; Lodging,false,https://www.google.com/maps/dir/?api=1&destination=Faber%2C%20VA%2022938
320,Boho Cliff House Retreat,boho-cliff-house-retreat,Whole House Rentals,stay,Wintergreen Resort,"Nestled in the breathtaking Blue Ridge Mountains, Boho Cliff House Retreat is a stylish haven perfect for couples or friends looking to escape the everyday hustle. Guests are greeted by sweeping mountain views from every room, creating a serene backdrop for relaxation. The thoughtfully designed interior features eclectic decor and modern amenities, ensuring comfort and style. Enjoy tranquil mornings on the expansive deck, explore nearby hiking trails, or unwind by the cozy fireplace in the evenings. This retreat promises a unique blend of natural beauty and contemporary flair for an unforgettable mountain getaway.",,,https://ik.imagekit.io/OE/nelson-county/listings/boho-cliff-house-retreat-image1_L3zCUtUrE,"Outdoor deck with cozy seating and string lights, surrounded by trees.",,https://ik.imagekit.io/OE/nelson-county/listings/boho-cliff-house-retreat-image2_GsbtJb4yQ,"Spacious living room with large windows, brown furniture, and fireplace. Bright natural light.",,,,,,,"Roseland, VA 22967",josh,,,https://www.google.com/maps/dir/?api=1&destination=Roseland%2C%20VA%2022967,,,,,,,,,,,,,,Retail; Scenic Views; Cabins; Lodging,false,https://www.google.com/maps/dir/?api=1&destination=Roseland%2C%20VA%2022967
321,Airkey Boutique Rentals,airkey,Cabins & Cottages,stay,Afton,"Airkey Boutique Rentals curates charming nature-centric stays near Nelson 151 breweries, wineries, and hiking trails—visit myairkey.com for available suites. Looking for a cozy mountain hideaway. We offer the perfect getaway for adventure seekers and serenity lovers alike There’s something to do in Afton every season of the year.",,,https://ik.imagekit.io/OE/nelson-county/listings/airkey-boutique-rentals-image1_cmGf9y1jA,"Modern kitchen with wooden beams, island, chairs, and stainless steel appliances.",,https://ik.imagekit.io/OE/nelson-county/listings/airkey-boutique-rentals-image2__RwGQDmNm6,"Wooden patio with metal furniture, open view of mountains and sky.",,,,,https://myairkey.com,(434) 466-6942,"Afton, VA 22920",WG,,,https://www.google.com/maps/dir/?api=1&destination=Afton%2C%20VA%2022920,,,,,,,,,,,,,,Retail; Beer; Cabins; Lodging,false,https://www.google.com/maps/dir/?api=1&destination=Afton%2C%20VA%2022920
322,Three Ridge Retreat,three-ridge-retreat,Vacation Rentals,stay,Wintergreen Resort,"Nestled in the heart of Wintergreen, Three Ridge Retreat offers a cozy, dog-friendly escape for up to four guests. This charming two-bedroom, two-bath condo is ideally located within walking distance of the exhilarating slopes, delightful restaurants, and scenic resort trails. After a day of adventure, unwind on the private balcony with stunning mountain views. Perfect for families or a getaway with friends, this retreat combines comfort and convenience, making it an ideal base for year-round exploration of the beautiful Blue Ridge Mountains.",,,https://ik.imagekit.io/OE/nelson-county/listings/three-ridge-retreat-image1_nWA5bIf41j,"Cozy living room with white armchairs, fireplace, and decorative items on shelves.",,https://ik.imagekit.io/OE/nelson-county/listings/three-ridge-retreat-image2_5zTu74E-i,Stacked firewood beside a black fireplace on a gray stone mantel.,,,,,,,"Wintergreen Resort, Roseland, VA 22967",josh,,,https://www.google.com/maps/dir/?api=1&destination=Wintergreen%20Resort%2C%20Roseland%2C%20VA%2022967,,,,,,,,,,,,,,Pet Friendly; Skiing; Resort,false,https://www.google.com/maps/dir/?api=1&destination=Wintergreen%20Resort%2C%20Roseland%2C%20VA%2022967
323,Sunset Vista Villa,sunset-vista-villa,Whole House Rentals,stay,Roseland,"Sunset Vista Villa is a two-bedroom, two-bath condo in Wintergreen, featuring elevated first-floor views perfect for sunset watching and family getaways. This stunning retreat offers breathtaking vistas that extend for miles.",,,https://ik.imagekit.io/OE/nelson-county/listings/sunset-vista-villa-image1_1BgIsS1S4,Large house surrounded by bare trees and rocks under clear blue sky.,,https://ik.imagekit.io/OE/nelson-county/listings/sunset-vista-villa-image2_sR8bwvtW0X,"Cozy living room with fireplace, couches, TV, art, and warm lighting.",,,,,,,"Wintergreen Resort, Roseland, VA 22967",josh,,,https://www.google.com/maps/dir/?api=1&destination=Wintergreen%20Resort%2C%20Roseland%2C%20VA%2022967,,,,,,,,,,,,,,Resort; Parking; Cabins; Lodging,false,https://www.google.com/maps/dir/?api=1&destination=Wintergreen%20Resort%2C%20Roseland%2C%20VA%2022967
324,Arrowwood Lane,arrowwood-lane,Whole House Rentals,stay,Wintergreen Resort,"Nestled in the scenic Wintergreen area, Arrowwood Lane is a charming four-bedroom home designed for comfort and relaxation, accommodating up to 10 guests. Enjoy cozy evenings in one of the two inviting living areas, each featuring its own fireplace, perfect for unwinding after a day of outdoor adventures. Step outside to the spacious deck or soak your cares away in the covered hot tub, all while being enveloped by the beauty of nature. With central HVAC, your stay will be comfortable year-round. Arrowwood Lane is the ideal retreat for families and friends looking to create lasting memories in a stunning mountain setting.",,,https://ik.imagekit.io/OE/nelson-county/listings/arrowwood-lane-image1_danFDpnJe,"A-frame house with stone facade, surrounded by trees, gravel driveway.",,https://ik.imagekit.io/OE/nelson-county/listings/arrowwood-lane-image2_CnDTS-x1G,"Wooden kitchen interior with stainless steel appliances, black countertops, and ceiling beams.",,,,,,,"Wintergreen Resort, Roseland, VA 22967",josh,,,https://www.google.com/maps/dir/?api=1&destination=Wintergreen%20Resort%2C%20Roseland%2C%20VA%2022967,,,,,,,,,,,,,,Outdoor Seating; Pet Friendly,false,https://www.google.com/maps/dir/?api=1&destination=Wintergreen%20Resort%2C%20Roseland%2C%20VA%2022967
325,Winterhaven,winterhaven,Whole House Rentals,stay,Wintergreen Resort,"Welcome to Winterhaven, your perfect retreat in Wintergreen! This spacious five-bedroom, 4.5-bath home offers a contemporary and inviting atmosphere, ideal for large groups seeking comfort and relaxation. Located just half a mile from the lodge, you’ll enjoy easy access to skiing, hiking, and all-season activities. Gather around the cozy fireplace or unwind on the deck with stunning mountain views. With updated interiors and ample space, Winterhaven is the ultimate destination for unforgettable memories with family and friends.",,,https://ik.imagekit.io/OE/nelson-county/listings/winterhaven-image1_2nWZeI-Ga,"Wooden house surrounded by autumn trees, lit by bright sunlight.",,https://ik.imagekit.io/OE/nelson-county/listings/winterhaven-image2_yuq8VtqX-,"Cozy bedroom with quilted bedspread, wooden furniture, and ceiling fan.",,,,,,,"Wintergreen Resort, Roseland, VA 22967",josh,,,https://www.google.com/maps/dir/?api=1&destination=Wintergreen%20Resort%2C%20Roseland%2C%20VA%2022967,,,,,,,,,,,,,,Scenic Views; Lodging,false,https://www.google.com/maps/dir/?api=1&destination=Wintergreen%20Resort%2C%20Roseland%2C%20VA%2022967
326,779 Blue Ridge Drive,779-blue-ridge-drive,Whole House Rentals,stay,Wintergreen Resort,"779 Blue Ridge Drive is a four-bedroom, 4.5-bath mountain home featuring king suites in each bedroom, a gas fireplace, and a hot tub. Located just four minutes from skiing, it offers a perfect retreat for families seeking quick access to the slopes.",,,https://ik.imagekit.io/OE/nelson-county/listings/779-blue-ridge-drive-image1_xIPDm9uIl,Wooden house surrounded by lush green trees and wooden railing.,,https://ik.imagekit.io/OE/nelson-county/listings/779-blue-ridge-drive-image2_-yIXfhkXl,"Cozy living room with brown sofas, stone fireplace, large windows, and TV.",,,,,,,"Wintergreen Resort, Roseland, VA 22967",josh,,,https://www.google.com/maps/dir/?api=1&destination=Wintergreen%20Resort%2C%20Roseland%2C%20VA%2022967,,,,,,,,,,,,,,Seasonal Menu; Skiing; Scenic Views; Fuel; Pet Friendly,false,https://www.google.com/maps/dir/?api=1&destination=Wintergreen%20Resort%2C%20Roseland%2C%20VA%2022967
327,Belties,belties,Coffee Shops,taste,Nellysford,"Belties is a farmhouse café pouring handcrafted coffee, 18-layer scratch biscuits, and seasonal fare with Blue Ridge views and grazing Belted Galloway cows. At Belties, we offer more than just hand-crafted coffee and 18-layer scratch biscuits—we offer an experience.",,,https://ik.imagekit.io/OE/nelson-county/listings/belties-image1_KkVKcuyY5,"Red barn with white lettering, surrounded by green grass and blue sky.",,https://ik.imagekit.io/OE/nelson-county/listings/belties-image2_XwoNmwbjX,"Dessert with pastry, whipped cream, strawberries, and mint on wooden board.",,https://ik.imagekit.io/OE/nelson-county/listings/belties-image3_d4641Q6LvL,"Wooden bench with pillows, lantern, and sign on white shiplap wall.",,,(703) 989-0556,"2884 Rockfish Valley Highway, Nellysford, VA 22958",WG,,,https://www.google.com/maps/dir/?api=1&destination=2884%20Rockfish%20Valley%20Highway%2C%20Nellysford%2C%20VA%2022958,,,,,,,,,,,,,,Bar; Cafe; Coffee; Farm; Scenic Views; Seasonal Menu; Tea,false,https://www.google.com/maps/dir/?api=1&destination=2884%20Rockfish%20Valley%20Highway%2C%20Nellysford%2C%20VA%2022958
328,Ski in Style At Sapphire Squirrel,ski-in-style-at-sapphire-squirrel,Whole House Rentals,stay,Wintergreen Resort,"Experience the ultimate ski getaway at Sapphire Squirrel, a charming three-bedroom home nestled just steps from the slopes of Wintergreen Resort. This inviting retreat comfortably accommodates up to six guests, making it perfect for families or friends. Enjoy preparing meals in the fully equipped kitchen, or unwind on the deck while grilling your favorite foods on the gas grill. For those blending work and play, a dedicated workspace ensures you can stay productive amidst the stunning mountain backdrop. With its prime location and cozy amenities, Sapphire Squirrel is your ideal base for an unforgettable winter adventure!",,,https://ik.imagekit.io/OE/nelson-county/listings/ski-in-style-at-sapphire-squirrel-image1_WUGk-MjNJ,Elevated white cabin surrounded by dense green forest trees.,,https://ik.imagekit.io/OE/nelson-county/listings/ski-in-style-at-sapphire-squirrel-image2_EK-9dLGZt,"Cozy living room with leather sofa, large windows, and decorative rug.",,,,,,,"Wintergreen Resort, Roseland, VA 22967",josh,,,https://www.google.com/maps/dir/?api=1&destination=Wintergreen%20Resort%2C%20Roseland%2C%20VA%2022967,,,,,,,,,,,,,,Scenic Views; Fuel; Full Kitchen; Outdoor Seating; Parking; Lodging,false,https://www.google.com/maps/dir/?api=1&destination=Wintergreen%20Resort%2C%20Roseland%2C%20VA%2022967
329,The Retreat at Three Ridges,the-retreat-at-three-ridges,Whole House Rentals,stay,Wintergreen Resort,"Nestled in the heart of the mountains, The Retreat at Three Ridges offers a serene escape with its Scandinavian-inspired condo just a three-minute stroll from the slopes. Guests will appreciate the harmonious blend of modern design and cozy warmth, featuring a welcoming wood-burning fireplace, complete with provided wood for those chilly evenings. The well-equipped kitchen invites culinary creativity, while the relaxing outdoor space provides an ideal spot to unwind after a day of adventure. Experience the perfect mix of Scandi style and mountain comfort, making your stay both rejuvenating and memorable.",,,https://ik.imagekit.io/OE/nelson-county/listings/the-retreat-at-three-ridges-image1_jm1zHFdXu,"Modern kitchen with white cabinets, island, and black stools, overlooking balcony.",,https://ik.imagekit.io/OE/nelson-county/listings/the-retreat-at-three-ridges-image2_MvonG0ZX_J,"Cozy living room with fireplace, gray sofa, light wood floor, minimal decor.",,,,,,,"Wintergreen Resort, Roseland, VA 22967",josh,,,https://www.google.com/maps/dir/?api=1&destination=Wintergreen%20Resort%2C%20Roseland%2C%20VA%2022967,,,,,,,,,,,,,,Scenic Views; Lodging; Outdoor Seating; Full Kitchen; Parking; Cabins,false,https://www.google.com/maps/dir/?api=1&destination=Wintergreen%20Resort%2C%20Roseland%2C%20VA%2022967
330,Wintergreen Condo 1437 Highlands,wintergreen-condo-1437-highlands,Whole House Rentals,stay,Wintergreen Resort,"Wintergreen Condo 1437 Highlands is a ski-in/ski-out Highlands building condo showcasing incredible views and modern finishes steps from resort amenities. Highlands 1437 offers true ski-in/ski-out access plus sweeping valley vistas, making the refreshed condo a smart pick for guests who want modern finishes right above the slopes.",,,https://ik.imagekit.io/OE/nelson-county/listings/wintergreen-condo-1437-highlands-image1_B9we_8sYO,"Cozy living room with brown sofa, wooden table, large windows showing scenic view.",,https://ik.imagekit.io/OE/nelson-county/listings/wintergreen-condo-1437-highlands-image2_shyvdLeQR,"Bedroom with blue bed, wooden floor, fireplace, and large window.",,,,,,,"Wintergreen Resort, Roseland, VA 22967",josh,,,https://www.google.com/maps/dir/?api=1&destination=Wintergreen%20Resort%2C%20Roseland%2C%20VA%2022967,,,,,,,,,,,,,,Skiing; Scenic Views; Cabins; Lodging,false,https://www.google.com/maps/dir/?api=1&destination=Wintergreen%20Resort%2C%20Roseland%2C%20VA%2022967
331,Time Out,time-out,Whole House Rentals,stay,Wintergreen Resort,"Escape to ""Time Out,"" your perfect pet-friendly retreat in Wintergreen, where comfort meets adventure. This spacious whole house rental accommodates up to seven guests, featuring three cozy queen bedrooms and a single sofa bed for extra flexibility. Unwind in the relaxing hot tub after a day of exploring the stunning Blue Ridge Mountains. Enjoy fast Wi-Fi and smart TVs for your entertainment needs. With a wealth of activities at your doorstep—from apple picking and winery tours to hiking, golfing, and skiing—there's something for everyone to savor in every season. Experience the ideal blend of relaxation and adventure at Time Out!",,,https://ik.imagekit.io/OE/nelson-county/listings/time-out-image1_WA5ToIiMM,Cabin with red chairs on porch surrounded by autumn trees and fallen leaves.,,https://ik.imagekit.io/OE/nelson-county/listings/time-out-image2_hNPstmersg,"Wooden kitchen with stainless steel appliances, granite countertops, and bright overhead lighting.",,,,,,,"Wintergreen Resort, Roseland, VA 22967",josh,,,https://www.google.com/maps/dir/?api=1&destination=Wintergreen%20Resort%2C%20Roseland%2C%20VA%2022967,,,,,,,,,,,,,,Wi-Fi; Scenic Views; Pet Friendly,false,https://www.google.com/maps/dir/?api=1&destination=Wintergreen%20Resort%2C%20Roseland%2C%20VA%2022967
332,Cub Creek Cabin,cub-creek-cabin,Cabins & Cottages,stay,Roseland,"Nestled in a serene and secluded setting, Cub Creek Cabin offers a charming two-bedroom retreat that’s perfect for nature lovers and adventure seekers alike. Just minutes from the renowned Devils Backbone and Wintergreen Ski Resort, this cozy cabin is an ideal base for outdoor activities such as hiking along the Appalachian Trail or soaking in breathtaking views on the Blue Ridge Parkway. Guests can unwind on the scenic porch, taking in views of the majestic Three Ridges while listening to the gentle sounds of a nearby spring-fed creek. Experience the tranquility and beauty of the Blue Ridge Mountains at Cub Creek Cabin, where every moment is a chance to reconnect with nature.",,,https://ik.imagekit.io/OE/nelson-county/listings/cub-creek-cabin-image1_h6q1evBln,Wooden cabin with porch surrounded by dense green forest. Sunlit exterior.,,https://ik.imagekit.io/OE/nelson-county/listings/cub-creek-cabin-image2_bRRxtVEEsJ,"Cozy living room with fireplace, wooden table, chairs, bookshelves, and large window.",,,,,,,"Roseland, VA 22967",josh,,,https://www.google.com/maps/dir/?api=1&destination=Roseland%2C%20VA%2022967,,,,,,,,,,,,,,Cabins; Outdoor Seating; Scenic Views; Lodging; Appalachian Trail,false,https://www.google.com/maps/dir/?api=1&destination=Roseland%2C%20VA%2022967
333,Tyebello Cabins,tyebello-cabins,Cabins & Cottages,stay,Montebello,"Discover the charm of Tyebello Cabins, where comfort meets the great outdoors in the heart of Blue Ridge. Our pet-friendly accommodations feature fully equipped kitchens, complimentary Wi-Fi, and air conditioning, ensuring a relaxing stay for you and your furry friends. Nestled near Tyro, Tyebello Cabins provide the perfect base for exploring the stunning natural beauty of the region. Experience a cozy retreat that feels like home, all while embracing the adventure that awaits just outside your door.",,,https://ik.imagekit.io/OE/nelson-county/listings/tyebello-cabins-image1_v7ATLrmSv,"Two green chairs by fire pit, overlooking stream and trees.",,https://ik.imagekit.io/OE/nelson-county/listings/tyebello-cabins-image2_5RkKGEK6p,"Glass shower enclosure reflecting wood-paneled wall, mirror, and sink with faucet.",,,,,,,"Tyro, VA 22976",josh,,,https://www.google.com/maps/dir/?api=1&destination=Tyro%2C%20VA%2022976,,,,,,,,,,,,,,Wi-Fi; Pet Friendly; Lodging; Cabins; Full Kitchen; Scenic Views,false,https://www.google.com/maps/dir/?api=1&destination=Tyro%2C%20VA%2022976
334,Glass & Pine,glass-pine,Cabins & Cottages,stay,Nellysford,"Nestled on 5 tranquil acres, Glass & Pine offers a serene retreat where nature is your closest neighbor. Surrounded by lush woodlands, this charming cabin provides a cozy escape with spacious homes thoughtfully set apart for privacy. Visitors can unwind on the porch while listening to the soothing sounds of nature or explore the scenic trails nearby. Ideal for families or couples seeking relaxation, Glass & Pine invites you to experience the perfect blend of comfort and wilderness.",,,https://ik.imagekit.io/OE/nelson-county/listings/glass-pine-image1_cAuZONr-w,"Modern cabin with large windows in snowy woodland setting, clear blue sky.",,https://ik.imagekit.io/OE/nelson-county/listings/glass-pine-image2_RB2rG0JRn7,"Spacious living room with couch, wooden table, and large windows with scenic views.",,,,,,,"Nellysford, VA 22958",josh,,,https://www.google.com/maps/dir/?api=1&destination=Nellysford%2C%20VA%2022958,,,,,,,,,,,,,,Scenic Views; Beer; Cabins; Lodging,false,https://www.google.com/maps/dir/?api=1&destination=Nellysford%2C%20VA%2022958
335,Wintergreen 19 Ivy Glen Lane,wintergreen-19-ivy-glen-lane,Vacation Rentals,stay,Wintergreen Resort,"Wintergreen 19 Ivy Glen Lane is a four-bedroom, 3.5-bath end-unit townhouse featuring a two-car garage. Conveniently located near shuttle stops, it offers easy access to spa amenities, pools, golf, tennis, and hiking.",,,https://ik.imagekit.io/OE/nelson-county/listings/wintergreen-19-ivy-glen-lane-image1_M8YMHOmi7N,"Modern brown house with large windows, driveway, and white SUV parked outside.",,https://ik.imagekit.io/OE/nelson-county/listings/wintergreen-19-ivy-glen-lane-image2_Lirrcwn4D,"Modern kitchen with granite countertops, stainless steel appliances, and two bar stools.",,,,,,,"Wintergreen Resort, Roseland, VA 22967",josh,,,https://www.google.com/maps/dir/?api=1&destination=Wintergreen%20Resort%2C%20Roseland%2C%20VA%2022967,,,,,,,,,,,,,,Resort; Pool; Pet Friendly; Spa; Golf,false,https://www.google.com/maps/dir/?api=1&destination=Wintergreen%20Resort%2C%20Roseland%2C%20VA%2022967
336,The Brown Bear Lodge,the-brown-bear-lodge,Whole House Rentals,stay,Wintergreen Resort,"Experience The Brown Bear Lodge, a renovated three-bedroom, 2.5-bath home in Wintergreen, steps from the resort's center. This inviting retreat includes a cozy bunk room, an original stone fireplace, and a modern gas stove. Enjoy outdoor gatherings by the fire pit or grill while surrounded by nature. The Brown Bear Lodge offers a perfect blend of classic charm and contemporary comfort.",,,https://ik.imagekit.io/OE/nelson-county/listings/the-brown-bear-lodge-image1_MNgHSMy6u,"Green house with wooden deck in forest, surrounded by leafless trees.",,https://ik.imagekit.io/OE/nelson-county/listings/the-brown-bear-lodge-image2_WFvplR59eU,"Modern kitchen with white cabinets, wooden island, stools, and stainless steel appliances.",,,,,,,"Wintergreen Resort, Roseland, VA 22967",josh,,,https://www.google.com/maps/dir/?api=1&destination=Wintergreen%20Resort%2C%20Roseland%2C%20VA%2022967,,,,,,,,,,,,,,Family Friendly; Fuel; Resort; Lodging,false,https://www.google.com/maps/dir/?api=1&destination=Wintergreen%20Resort%2C%20Roseland%2C%20VA%2022967
337,Mountain Home in Nelson County,mountain-home-in-nelson-county,Cabins & Cottages,stay,Faber,"Mountain Home in Nelson County offers quiet mountain views 10 minutes from Pippin Hill Winery and 30 minutes to Wintergreen, ideal for Charlottesville-area wine getaways. This Nelson County mountain home keeps wine lovers close to Pippin Hill and Charlottesville while promising peaceful deck views and a private setting for recovery days.",,,https://ik.imagekit.io/OE/nelson-county/listings/mountain-home-in-nelson-county-image1_IxXLR3b9jm,"Wooden stairs and black door entrance, white walls, brown shutters, potted plants.",,https://ik.imagekit.io/OE/nelson-county/listings/mountain-home-in-nelson-county-image2_FTxe4AMlvU,"Modern kitchen with island, wooden beams, barstools, pendant lights, and outdoor view.",,,,,,,"North Garden, VA 22959",josh,,,https://www.google.com/maps/dir/?api=1&destination=North%20Garden%2C%20VA%2022959,,,,,,,,,,,,,,Scenic Views; Wine; Cabins; Lodging; Tastings,false,https://www.google.com/maps/dir/?api=1&destination=North%20Garden%2C%20VA%2022959
338,Spy Run Hideaway,spy-run-hideaway,Cabins & Cottages,stay,Wintergreen Resort,"Nestled on 17 pristine wooded acres, Spy Run Hideaway is a charming three-bedroom, two-bath cabin that comfortably accommodates up to eight guests. This secluded retreat offers a perfect blend of comfort and adventure, making it an ideal base for exploring the breathtaking Blue Ridge Mountains. Enjoy cozy evenings by the fire pit, unwind in the surrounding natural beauty, or hang hammocks for lazy afternoons filled with wildlife watching. With ample space for relaxation and exploration, Spy Run Hideaway invites you to create unforgettable memories in a serene setting.",,,https://ik.imagekit.io/OE/nelson-county/listings/spy-run-hideaway-image1_SR1H-tiDB,House with wooden porch surrounded by green lawn and trees.,,https://ik.imagekit.io/OE/nelson-county/listings/spy-run-hideaway-image2_QnJSRmXM0,"Cozy living room with gray couches, wooden table, and maroon accent wall.",,,,,,,"Roseland, VA 22967",josh,,,https://www.google.com/maps/dir/?api=1&destination=Roseland%2C%20VA%2022967,,,,,,,,,,,,,,Scenic Views; Pet Friendly; Full Kitchen,false,https://www.google.com/maps/dir/?api=1&destination=Roseland%2C%20VA%2022967
339,Love of Mountains Oh Fill My Cup,love-of-mountains-oh-fill-my-cup,Whole House Rentals,stay,Wintergreen Resort,"Love of Mountains Oh Fill My Cup is a modern third-floor two-bedroom condo with upgraded kitchen, private golf course views, and access to public/community pools at Wintergreen. Relax with the whole family at this peaceful place to stay.",,,https://ik.imagekit.io/OE/nelson-county/listings/love-of-mountains-oh-fill-my-cup-image1_IeSxTT1aBT,"Tall beige house with multiple balconies, surrounded by trees and greenery.",,https://ik.imagekit.io/OE/nelson-county/listings/love-of-mountains-oh-fill-my-cup-image2_7bJGndeuCM,"Modern living room with fireplace, kitchen island, and sliding glass doors to balcony.",,,,,,,"Wintergreen Resort, Roseland, VA 22967",josh,,,https://www.google.com/maps/dir/?api=1&destination=Wintergreen%20Resort%2C%20Roseland%2C%20VA%2022967,,,,,,,,,,,,,,Golf; Full Kitchen; Cabins; Lodging; Swimming Pool,false,https://www.google.com/maps/dir/?api=1&destination=Wintergreen%20Resort%2C%20Roseland%2C%20VA%2022967
340,Marigold on the Mountain,marigold-on-the-mountain,Whole House Rentals,stay,Wintergreen Resort,"Discover Marigold on the Mountain, a stunning five-bedroom, four-bath retreat in Wintergreen, perfect for large gatherings of up to 14 guests. Enjoy luxurious amenities, including a relaxing hot tub, a cedar barrel sauna, and a spacious two-tier deck featuring a cozy fire pit. Entertain in the separate game room, creating unforgettable memories in this beautifully designed home tailored for comfort and fun. Your ideal mountain getaway awaits!",,,https://ik.imagekit.io/OE/nelson-county/listings/marigold-on-the-mountain-image1_yac4pWcIy,Outdoor hot tub with bubbles and glowing lights under a wooden canopy.,,https://ik.imagekit.io/OE/nelson-county/listings/marigold-on-the-mountain-image2_THfCTqEMZ,"Spacious living room with stone fireplace, large windows, and modern furniture.",,,,,,,"Wintergreen Resort, Roseland, VA 22967",josh,,,https://www.google.com/maps/dir/?api=1&destination=Wintergreen%20Resort%2C%20Roseland%2C%20VA%2022967,,,,,,,,,,,,,,Outdoor Seating; Pet Friendly,false,https://www.google.com/maps/dir/?api=1&destination=Wintergreen%20Resort%2C%20Roseland%2C%20VA%2022967
341,Top of The Mountain Hideaway,top-of-the-mountain-hideaway,Whole House Rentals,stay,Wintergreen Resort,"Discover a serene retreat at this three-bedroom, three-bath home in Wintergreen, just moments from the Mountain Inn. Enjoy luxurious amenities including a relaxing hot tub and a fun-filled shuffleboard table, perfect for unwinding after a day of adventure. With easy access to local wineries and breweries, you can savor the best of the region while still enjoying a private escape. Experience the ideal blend of comfort and convenience in this inviting mountain hideaway.",,,https://ik.imagekit.io/OE/nelson-county/listings/top-of-the-mountain-hideaway-image1_Zf0QHLEUu,Wooden A-frame house surrounded by lush green trees and mist.,,https://ik.imagekit.io/OE/nelson-county/listings/top-of-the-mountain-hideaway-image2_AQER_PUCe5,"Rustic living room with wooden ceiling, floral couch, large windows, and chandelier.",,,,,,,"Wintergreen Resort, Roseland, VA 22967",josh,,,https://www.google.com/maps/dir/?api=1&destination=Wintergreen%20Resort%2C%20Roseland%2C%20VA%2022967,,,,,,,,,,,,,,Scenic Views; Lodging; Pet Friendly; Beer,false,https://www.google.com/maps/dir/?api=1&destination=Wintergreen%20Resort%2C%20Roseland%2C%20VA%2022967
342,On The Rocks,on-the-rocks,Cabins & Cottages,stay,Wintergreen Resort,"On The Rocks is a charming three-bedroom, two-bath A-frame cabin located just a short drive from Wintergreen Ski Lodge. With a flat driveway and dog-friendly policies, it’s the perfect retreat for families and pet owners looking to enjoy the beauty of the Wintergreen corridor. Experience the cozy ambiance and stunning surroundings that make this cabin an ideal getaway year-round.",,,https://ik.imagekit.io/OE/nelson-county/listings/on-the-rocks-image1_TKRsUl-HN,Warmly lit cabin porch nestled in dark forest setting at dusk.,,https://ik.imagekit.io/OE/nelson-county/listings/on-the-rocks-image2_mlZZPZ20e,"Cozy living room, black sofa, colorful rug, wood stove, large windows.",,,,,,,"Wintergreen Resort, Roseland, VA 22967",josh,,,https://www.google.com/maps/dir/?api=1&destination=Wintergreen%20Resort%2C%20Roseland%2C%20VA%2022967,,,,,,,,,,,,,,Pet Friendly; Parking; Full Kitchen,false,https://www.google.com/maps/dir/?api=1&destination=Wintergreen%20Resort%2C%20Roseland%2C%20VA%2022967
343,Our Mountain Getaway,our-mountain-getaway,Whole House Rentals,stay,Wintergreen Resort,"Nestled in the picturesque Wintergreen resort, Our Mountain Getaway is a spacious six-bedroom, 5.5-bath home that provides the perfect retreat for large groups. With breathtaking views of the 12th hole, this inviting haven offers both comfort and a touch of luxury. Guests can enjoy cozy evenings by the fireplace, unwind on the expansive deck surrounded by nature, and explore nearby hiking trails and winter sports. Whether you're seeking adventure or relaxation, Our Mountain Getaway is your ideal base for unforgettable moments in the heart of the mountains.",,,https://ik.imagekit.io/OE/nelson-county/listings/our-mountain-getaway-image1_QQ7tsWytv,"Large house with steep gables, surrounded by trees, sunny day.",,https://ik.imagekit.io/OE/nelson-county/listings/our-mountain-getaway-image2_QjleEHkdu,"Spacious living room with stone fireplace, leather couch, and large windows showing trees.",,,,,,,"Wintergreen Resort, Roseland, VA 22967",josh,,,https://www.google.com/maps/dir/?api=1&destination=Wintergreen%20Resort%2C%20Roseland%2C%20VA%2022967,,,,,,,,,,,,,,Golf; Lodging,false,https://www.google.com/maps/dir/?api=1&destination=Wintergreen%20Resort%2C%20Roseland%2C%20VA%2022967
344,Rockfish Cabin,rockfish-cabin,Cabins & Cottages,stay,Faber,"Rockfish Cabin is a stunning three-level post-and-beam retreat nestled on 13 wooded acres, offering a perfect blend of privacy and comfort. The property features a gourmet granite kitchen, a spacious wraparound porch, and a serene riverside clearing equipped with Adirondack chairs and a cozy fire pit. Ideal for nature lovers and relaxation seekers, this inviting cabin promises an unforgettable getaway surrounded by the beauty of the outdoors.",,,https://ik.imagekit.io/OE/nelson-county/listings/rockfish-cabin-image1_84_d29dwaB,"Wooden cabin with green roof, surrounded by trees and lush greenery.",,https://ik.imagekit.io/OE/nelson-county/listings/rockfish-cabin-image2_X0BibehzI,"Cozy wooden cabin interior with leather couch, staircase, and kitchen area.",,,,,,,"Afton, VA 22920",josh,,,https://www.google.com/maps/dir/?api=1&destination=Afton%2C%20VA%2022920,,,,,,,,,,,,,,Cabins; Fuel; Full Kitchen; Outdoor Seating; Lodging; Water Sports; Fishing,false,https://www.google.com/maps/dir/?api=1&destination=Afton%2C%20VA%2022920
345,Blue Ridge Cabin,blue-ridge-cabin,Cabins & Cottages,stay,Roseland,"Blue Ridge Cabin is a four-bedroom mountain retreat on two private acres at the base of Route 151. It features three floors of living space, two kitchens, two king beds, and three bathrooms. Enjoy stunning mountain views and quick access to breweries, hiking, and Wintergreen for a memorable getaway.",,,https://ik.imagekit.io/OE/nelson-county/listings/blue-ridge-cabin-image1_rQ-5AuQor,"Wooden cabin with deck, surrounded by trees, chairs, and firepit in yard.",,https://ik.imagekit.io/OE/nelson-county/listings/blue-ridge-cabin-image2_FjLMY_7oV,"Wooden cabin interior with plush seats, stairway, round table, and chandelier lighting.",,,,,,,"Roseland, VA 22967",josh,,,https://www.google.com/maps/dir/?api=1&destination=Roseland%2C%20VA%2022967,,,,,,,,,,,,,,Scenic Views; Cabins; Lodging; Hiking; Beer,false,https://www.google.com/maps/dir/?api=1&destination=Roseland%2C%20VA%2022967
346,Wintergreen Duplex,wintergreen-duplex,Whole House Rentals,stay,Wintergreen Resort,"Discover Wintergreen Duplex, a spacious three-floor townhome featuring four comfortable bedrooms and 3.5 bathrooms, perfect for your getaway. Enjoy cozy evenings by the wood-burning fireplace or relax on the private back deck. Conveniently located across from Wintergreen Spa, this inviting retreat offers front-door shuttle access for easy exploration of the area. With laundry facilities on-site, it's an ideal choice for families or groups seeking both comfort and convenience.",,,https://ik.imagekit.io/OE/nelson-county/listings/wintergreen-duplex-image1_s8r0SUoXj,Gray house with wooden stairs surrounded by colorful autumn trees.,,https://ik.imagekit.io/OE/nelson-county/listings/wintergreen-duplex-image2_Ohf82pn4p,"Cozy living room with leather furniture, large windows, and a fireplace.",,,,,,,"Wintergreen Resort, Roseland, VA 22967",josh,,,https://www.google.com/maps/dir/?api=1&destination=Wintergreen%20Resort%2C%20Roseland%2C%20VA%2022967,,,,,,,,,,,,,,Outdoor Seating; Scenic Views; Spa; Lodging,false,https://www.google.com/maps/dir/?api=1&destination=Wintergreen%20Resort%2C%20Roseland%2C%20VA%2022967
347,Sunrise on the Trail,sunrise-on-the-trail,Cabins & Cottages,stay,Afton,"Nestled in the heart of nature, Sunrise on the Trail offers a delightful retreat for outdoor enthusiasts and relaxation seekers alike. This beautifully renovated home features a modern kitchen perfect for whipping up meals after a day of exploring. Enjoy your morning coffee at the cozy coffee bar or unwind in the inviting queen bedrooms, complete with wireless charging for your devices. Evenings can be spent gathering around the fire pit or lounging in the gazebo under a starlit sky. With convenient amenities like a smart HDTV and washer/dryer, you'll find all the comforts of home while being just steps away from breathtaking hiking trails. Experience the perfect blend of adventure and tranquility at Sunrise on the Trail.",,,https://ik.imagekit.io/OE/nelson-county/listings/sunrise-on-the-trail-image1_3XqAqmEtB,"Small tan house with front yard, large tree, and mountains in background.",,https://ik.imagekit.io/OE/nelson-county/listings/sunrise-on-the-trail-image2_FQx0N8B4R,"Beige living room with sectional sofa, wooden tables, and decorative wall accents.",,,,,,,"Afton, VA 22920",josh,,,https://www.google.com/maps/dir/?api=1&destination=Afton%2C%20VA%2022920,,,,,,,,,,,,,,Coffee; Bar; Outdoor Seating; Tea; Full Kitchen; Cabins; Lodging,false,https://www.google.com/maps/dir/?api=1&destination=Afton%2C%20VA%2022920
348,Mima's Mountain House,mimas-mountain-house,Whole House Rentals,stay,Massies Mill,"Nestled alongside a serene creek, Mima's Mountain House is a charming five-bedroom, three-bath retreat that comfortably accommodates up to ten guests. Enjoy breathtaking porch views of The Priest, perfect for sipping morning coffee or unwinding after a day of adventure. With easy access to Route 56, you're just moments away from hiking, biking, and exploring the stunning natural beauty of the area. Whether you're gathering with family or friends, this tranquil escape promises an unforgettable mountain getaway.",,,https://ik.imagekit.io/OE/nelson-county/listings/mima-s-mountain-house-image1_EsyoRLgzz,"House surrounded by green forest, with distant mountains under clear blue sky.",,https://ik.imagekit.io/OE/nelson-county/listings/mima-s-mountain-house-image2_c8qZTjZZu,"Spacious kitchen with island, pendant lights, wood flooring, and large stainless steel fridge.",,,,,,,"Massies Mill, VA 22943",josh,,,https://www.google.com/maps/dir/?api=1&destination=Massies%20Mill%2C%20VA%2022943,,,,,,,,,,,,,,Outdoor Seating; Wi-Fi; Pet Friendly; Full Kitchen; Lodging; Hiking; Water Sports; Fishing,false,https://www.google.com/maps/dir/?api=1&destination=Massies%20Mill%2C%20VA%2022943
349,Village Antiques,villageantiques,Restaurants,taste,Lovingston,"Nestled in the heart of the village, Village Antiques invites you to savor a delightful brunch or lunch experience. Indulge in our homemade quiches and artisanal sandwiches, crafted with fresh, local ingredients to tantalize your taste buds. Whether you're seeking a cozy spot for a leisurely meal or a quick bite on the go, our charming atmosphere and warm hospitality make every visit memorable. Come and enjoy a taste of tradition at Village Antiques, where every dish tells a story.",,,https://ik.imagekit.io/OE/nelson-county/listings/village-antiques-image1_pMNc-IvgF,"Turquoise umbrella and door, black awning, outside brick storefront with tables.",,,,,,,,,(434) 263-4800,"605 Front Street, Lovingston, VA 22949",WG,,,https://www.google.com/maps/dir/?api=1&destination=605%20Front%20Street%2C%20Lovingston%2C%20VA%2022949,,,,,,,,,,,,,,Coffee; Bakery; Baked Goods; Tea; Brunch,false,https://www.google.com/maps/dir/?api=1&destination=605%20Front%20Street%2C%20Lovingston%2C%20VA%2022949
350,Cliffs Edge,cliffs-edge,Whole House Rentals,stay,Wintergreen Resort,"Nestled amidst the breathtaking landscapes of Crawford's Knob, Cliffs Edge is a stunning contemporary mountain home featured in Southern Living. This architectural marvel boasts floor-to-ceiling windows and cantilevered decks that invite the majestic views inside. The open floor plan, highlighted by soaring ceilings and skylights, creates a spacious, airy atmosphere perfect for relaxation or entertaining. With its unique shoji screens providing both style and privacy, Cliffs Edge offers an unforgettable retreat where nature and modern design seamlessly blend. Experience the serenity and beauty of the mountains in this remarkable getaway.",,,https://ik.imagekit.io/OE/nelson-county/listings/cliffs-edge-image1_PghL6fozc,"Beige house with sloped roof, surrounded by trees and rocks.",,https://ik.imagekit.io/OE/nelson-county/listings/cliffs-edge-image2_swMItGy72,"Spacious living room with large windows, two sofas, and outdoor forest view.",,,,,,,"Wintergreen Resort, Roseland, VA 22967",josh,,,https://www.google.com/maps/dir/?api=1&destination=Wintergreen%20Resort%2C%20Roseland%2C%20VA%2022967,,,,,,,,,,,,,,Scenic Views; Lodging,false,https://www.google.com/maps/dir/?api=1&destination=Wintergreen%20Resort%2C%20Roseland%2C%20VA%2022967
351,Slopes At Tyro,slopes-at-tyro,Whole House Rentals,stay,Wintergreen Resort,"Slopes at Tyro is a slope-side four-bedroom Wintergreen home with hot tub and wood-burning fireplace providing direct ski-in/ski-out access, including night skiing. Our property manager at Wintergreen is Julie Fitzgerald.",,,https://ik.imagekit.io/OE/nelson-county/listings/slopes-at-tyro-image1_SkMvBj_Gr,Wooden house surrounded by dense green forest and sunlight.,,https://ik.imagekit.io/OE/nelson-county/listings/slopes-at-tyro-image2_RcjJmJPTw2,"Cozy living room with black leather sofa, wooden table, and large windows.",,,,,,,"Wintergreen Resort, Roseland, VA 22967",josh,,,https://www.google.com/maps/dir/?api=1&destination=Wintergreen%20Resort%2C%20Roseland%2C%20VA%2022967,,,,,,,,,,,,,,Skiing; Snow Sports; Pet Friendly,false,https://www.google.com/maps/dir/?api=1&destination=Wintergreen%20Resort%2C%20Roseland%2C%20VA%2022967
352,Home on the Ridge,home-on-the-ridge,Whole House Rentals,stay,Wintergreen Resort,"Nestled on the picturesque ridge overlooking the 18th hole at Devils Knob, Home on the Ridge offers a charming two-bedroom, two-bath condo perfect for your getaway. Enjoy a spacious balcony ideal for post-round relaxation, along with a fully equipped kitchen for convenient meal preparation. With immediate access to world-class golf, tennis, and skiing, this retreat provides an unparalleled experience for outdoor enthusiasts. Come unwind and make unforgettable memories in this serene mountain escape.",,,https://ik.imagekit.io/OE/nelson-county/listings/home-on-the-ridge-image1_FIqU4391T,"Patio with metal chairs, table, surrounded by trees, sunlight filtering through branches.",,https://ik.imagekit.io/OE/nelson-county/listings/home-on-the-ridge-image2_qnVMO-7qU,"Cozy living room with armchair, fireplace, lamp, and coffee table.",,,,,,,"Wintergreen Resort, Roseland, VA 22967",josh,,,https://www.google.com/maps/dir/?api=1&destination=Wintergreen%20Resort%2C%20Roseland%2C%20VA%2022967,,,,,,,,,,,,,,Resort; Golf; Tennis; Full Kitchen; Wi-Fi; Parking; Cabins; Lodging,false,https://www.google.com/maps/dir/?api=1&destination=Wintergreen%20Resort%2C%20Roseland%2C%20VA%2022967
353,Peppers Mountain Pad,peppers-mountain-pad,Vacation Rentals,stay,Wintergreen Resort,"Discover the charm of Peppers Mountain Pad, a cozy two-bedroom condo nestled in the heart of Wintergreen. Just a short stroll from The Market and the inviting Laurelwood pool, this retreat is perfect for families or friends seeking a mountain getaway. Enjoy evenings by the wood-burning fireplace or unwind with your favorite shows on the smart TVs. With a fully stocked kitchen and a private patio, you’ll feel right at home while immersing yourself in the beauty and adventure of the surrounding area. Experience the perfect blend of comfort and convenience at Peppers Mountain Pad!",,,https://ik.imagekit.io/OE/nelson-county/listings/peppers-mountain-pad-image1_IcQF5f6FJ,Wooden bridge leads to two-story brown cabin surrounded by leafless trees.,,https://ik.imagekit.io/OE/nelson-county/listings/peppers-mountain-pad-image2_UIJfSEJGvn,"Cozy living room with stone fireplace, wall-mounted TV, and patterned chairs.",,,,,,,"Wintergreen Resort, Roseland, VA 22967",josh,,,https://www.google.com/maps/dir/?api=1&destination=Wintergreen%20Resort%2C%20Roseland%2C%20VA%2022967,,,,,,,,,,,,,,Wi-Fi; Market; Pool; Pet Friendly; Full Kitchen; Outdoor Seating,false,https://www.google.com/maps/dir/?api=1&destination=Wintergreen%20Resort%2C%20Roseland%2C%20VA%2022967
354,Rockfish Valley Retreat,rockfish-valley-retreat,Whole House Rentals,stay,Nellysford,"Nestled in the breathtaking beauty of Rockfish Valley, the Rockfish Valley Retreat is a charming three-bedroom, two-bath home that comfortably accommodates up to nine guests. Surrounded by rolling hills and picturesque horse farms, this serene getaway offers stunning views and a peaceful ambiance. Explore nearby hiking trails, indulge in local wineries, and savor craft brews from nearby breweries. With its perfect blend of comfort and adventure, this retreat is an ideal destination for family gatherings or a weekend escape with friends.",,,https://ik.imagekit.io/OE/nelson-county/listings/rockfish-valley-retreat-image1_9uA2hVVt0,Wooden house with porch beneath a faint rainbow in overcast sky.,,https://ik.imagekit.io/OE/nelson-county/listings/rockfish-valley-retreat-image2_R0PJrMdQU,"Cozy wooden cabin interior with large windows, fireplace, and comfortable seating.",,,,,,,"Nellysford, VA 22958",josh,,,https://www.google.com/maps/dir/?api=1&destination=Nellysford%2C%20VA%2022958,,,,,,,,,,,,,,Farm; Outdoor Seating; Pet Friendly; Fishing,false,https://www.google.com/maps/dir/?api=1&destination=Nellysford%2C%20VA%2022958
355,Dobie Condo 323 at Wintergreen,dobie-condo-323-at-wintergreen,Whole House Rentals,stay,Wintergreen Resort,"Experience the perfect blend of comfort and adventure at Dobie Condo 323, a charming two-bedroom, two-bath retreat nestled in the heart of Wintergreen Resort. With a cozy fireplace to warm you after a day on the slopes, this condo is ideal for both exhilarating ski weekends and peaceful getaways. Located on the Sunrise Side of the breathtaking Blue Ridge Mountains, you’ll enjoy immediate access to a variety of resort entertainment and outdoor activities. Plus, with nearby cities like Charlottesville, Staunton, Lynchburg, and Waynesboro just a short drive away, you can easily explore the rich culture and stunning landscapes of the region. Whether you’re seeking adventure or relaxation, Dobie Condo 323 is your perfect home base.",,,https://ik.imagekit.io/OE/nelson-county/listings/dobie-condo-323-at-wintergreen-image1_hQp6Rs-TR,"Outdoor patio with round table, chairs, string lights, and greenery.",,https://ik.imagekit.io/OE/nelson-county/listings/dobie-condo-323-at-wintergreen-image2_QrFqSkZCh,"Cozy room with fireplace, large windows, and wooden ceiling.",,,,,,,"Wintergreen Resort, Roseland, VA 22967",josh,,,https://www.google.com/maps/dir/?api=1&destination=Wintergreen%20Resort%2C%20Roseland%2C%20VA%2022967,,,,,,,,,,,,,,Resort; Cabins; Lodging,false,https://www.google.com/maps/dir/?api=1&destination=Wintergreen%20Resort%2C%20Roseland%2C%20VA%2022967
356,Highlands 1426 Condo,highlands-1426-condo,Whole House Rentals,stay,Wintergreen Resort,"Highlands 1426 Condo is a renovated two-bedroom, two-bath unit with ski-front access and sunrise views. Enjoy easy entry and the convenience of a nearby property manager for a worry-free stay at Wintergreen.",,,https://ik.imagekit.io/OE/nelson-county/listings/highlands-1426-condo-image1_zKMwuE_gb,Wooden walkway leading to a snow-covered building entrance with green trees.,,https://ik.imagekit.io/OE/nelson-county/listings/highlands-1426-condo-image2_jPHrYJBsj,"Modern living room with brown sofa, dining table, shelves, and mountain view.",,,,,,,"Wintergreen Resort, Roseland, VA 22967",josh,,,https://www.google.com/maps/dir/?api=1&destination=Wintergreen%20Resort%2C%20Roseland%2C%20VA%2022967,,,,,,,,,,,,,,Skiing; Scenic Views; Local Ingredients; Cabins; Lodging,false,https://www.google.com/maps/dir/?api=1&destination=Wintergreen%20Resort%2C%20Roseland%2C%20VA%2022967
357,Gumtree Drive 134,gumtree-drive-134,Cabins & Cottages,stay,Wintergreen Resort,"Nestled in the serene surroundings of Wintergreen, Gumtree Drive 134 is a charming four-bedroom, four-bath home that promises an unforgettable escape. With a spacious game room and a relaxing hot tub, this cozy retreat is perfect for family gatherings or a getaway with friends. Step outside, and you’ll find the Laurel Ridge hiking trail right at your doorstep, inviting you to explore the stunning natural beauty of the area. Experience the perfect blend of indoor comfort and outdoor adventure at this delightful cabin!",,,https://ik.imagekit.io/OE/nelson-county/listings/gumtree-drive-134-image1_PmgjY0N-m,Wooden house in forest with American flag and surrounding trees.,,https://ik.imagekit.io/OE/nelson-county/listings/gumtree-drive-134-image2_wbhEDYpwz,"Cozy kitchen with hanging pots, green walls, and sunlight streaming through windows.",,,,,,,"Wintergreen Resort, Roseland, VA 22967",josh,,,https://www.google.com/maps/dir/?api=1&destination=Wintergreen%20Resort%2C%20Roseland%2C%20VA%2022967,,,,,,,,,,,,,,Pet Friendly; Cabins; Lodging,false,https://www.google.com/maps/dir/?api=1&destination=Wintergreen%20Resort%2C%20Roseland%2C%20VA%2022967
358,Wake In The Clouds,wake-in-the-clouds,Whole House Rentals,stay,Wintergreen Resort,"Wake In The Clouds offers a beautifully renovated one-bedroom, two-bath condo that showcases breathtaking sunrises and sleek, modern finishes. Enjoy instant access to Wintergreen's premier amenities, making it the perfect retreat for relaxation and adventure. Experience the tranquility of mountain living while indulging in the comforts of home. Your unforgettable getaway awaits.",,,https://ik.imagekit.io/OE/nelson-county/listings/wake-in-the-clouds-image1_wf-ReZDWi,Wooden ramp leading to house entrance beneath leafy green trees.,,https://ik.imagekit.io/OE/nelson-county/listings/wake-in-the-clouds-image2_tL-VlvIQu,"Cozy bedroom with large bed, scenic window view, neutral decor accents.",,,,,,,"Wintergreen Resort, Roseland, VA 22967",josh,,,https://www.google.com/maps/dir/?api=1&destination=Wintergreen%20Resort%2C%20Roseland%2C%20VA%2022967,,,,,,,,,,,,,,Scenic Views; Wi-Fi; Full Kitchen; Cabins; Lodging,false,https://www.google.com/maps/dir/?api=1&destination=Wintergreen%20Resort%2C%20Roseland%2C%20VA%2022967
359,Nectar Landing,nectar-landing,Whole House Rentals,stay,Roseland,"Nectar Landing is a three-bedroom, 2.5-bath ranch sleeping ten with game room, Wi-Fi, front porch, back deck hot tub, and open-concept kitchen perfect for multi-family trips. Nectar Landing mixes indoor-outdoor fun via a game room, open kitchen, front porch rockers, and a back-deck hot tub, sleeping up to ten guests in a single-level layout.",,,https://ik.imagekit.io/OE/nelson-county/listings/nectar-landing-image1_6Tn_5IKLo,"Snow-covered hill, house, bare trees, colorful sunset sky.",,https://ik.imagekit.io/OE/nelson-county/listings/nectar-landing-image2_WbZSWw4gD,"Modern living room with grey sofa, wooden furniture, and wall-mounted TV.",,,,,,,"Nellysford, VA 22958",josh,,,https://www.google.com/maps/dir/?api=1&destination=Nellysford%2C%20VA%2022958,,,,,,,,,,,,,,Wi-Fi; Outdoor Seating; Full Kitchen; Pet Friendly; Parking,false,https://www.google.com/maps/dir/?api=1&destination=Nellysford%2C%20VA%2022958
360,Nelson 151 Views and Brews,nelson-151-views-and-brews,Whole House Rentals,stay,Afton,"Nestled amidst the breathtaking landscapes of the Blue Ridge Mountains, Nelson 151 Views and Brews is a charming one-bedroom apartment perfect for couples or solo adventurers seeking a cozy retreat. Enjoy stunning views of Humpback Rock right from your window, and indulge your culinary creativity in the fully-equipped kitchen. With a washer/dryer for added convenience, you'll feel right at home. Just a stone's throw away, the renowned Route 151 craft beverage trail awaits, offering an array of local wineries, breweries, and cideries to explore. Experience the perfect blend of relaxation and adventure at this delightful getaway!",,,https://ik.imagekit.io/OE/nelson-county/listings/nelson-151-views-and-brews-image1_y8zi1-2K8,Three-car garage under sunny sky with brick and siding exterior.,,https://ik.imagekit.io/OE/nelson-county/listings/nelson-151-views-and-brews-image2_X0_Ohw004,"Cozy living space with kitchen, dining table, and brown sofa. Bright natural light.",,,,,,,"Afton, VA 22920",josh,,,https://www.google.com/maps/dir/?api=1&destination=Afton%2C%20VA%2022920,,,,,,,,,,,,,,Full Kitchen; Scenic Views; Parking; Cabins; Lodging,false,https://www.google.com/maps/dir/?api=1&destination=Afton%2C%20VA%2022920
361,Woodland Hideaway,woodland-hideaway,Whole House Rentals,stay,Shipman,"Woodland Hideaway offers a charming one-bedroom apartment with its own entrance, ensuring complete privacy for guests. Enjoy a fully equipped kitchen and a cozy dining area, perfect for relaxing meals after a day of adventure. Nestled within a serene wooded property, you’ll have direct access to scenic forest trails and the tranquil Dutch Creek, making it an ideal retreat for nature lovers. Unwind in this peaceful oasis and experience the beauty of the great outdoors right at your doorstep.",,,https://ik.imagekit.io/OE/nelson-county/listings/woodland-hideaway-image1_UfzqzNiCm,Rustic wooden cabin surrounded by lush green trees and potted plants.,,https://ik.imagekit.io/OE/nelson-county/listings/woodland-hideaway-image2_xPFD6spfm,"Cozy bedroom with wooden bed and furniture, blue walls, and warm lighting.",,,,,,,"Afton, VA 22920",josh,,,https://www.google.com/maps/dir/?api=1&destination=Afton%2C%20VA%2022920,,,,,,,,,,,,,,Full Kitchen; Wi-Fi; Cabins; Lodging,false,https://www.google.com/maps/dir/?api=1&destination=Afton%2C%20VA%2022920
362,Cuatro Climas At 130 Pedlars Point,cuatro-climas-at-130-pedlars-point,Whole House Rentals,stay,Wintergreen Resort,"Cuatro Climas at 130 Pedlars Point is a four-bedroom, 3.5-bath house in Wintergreen, located just five minutes from resort amenities. It features a wood-burning fireplace and offers stunning mountain views across multiple levels.",,,https://ik.imagekit.io/OE/nelson-county/listings/cuatro-climas-at-130-pedlars-point-image1_X8M5LDqHUn,"Wooden cabin in lush forest, dappled sunlight, surrounded by green trees.",,https://ik.imagekit.io/OE/nelson-county/listings/cuatro-climas-at-130-pedlars-point-image2_ySF0_Ziku,"Living room with stone fireplace, plaid sofas, and large television.",,,,,,,"Wintergreen Resort, Roseland, VA 22967",josh,,,https://www.google.com/maps/dir/?api=1&destination=Wintergreen%20Resort%2C%20Roseland%2C%20VA%2022967,,,,,,,,,,,,,,Family Friendly; Scenic Views; Parking; Lodging,false,https://www.google.com/maps/dir/?api=1&destination=Wintergreen%20Resort%2C%20Roseland%2C%20VA%2022967
363,Rockfish River Ranch Guest House,rockfish-river-ranch-guest-house,Bed and Breakfast,stay,Shipman,"Nestled on a sprawling 100-acre ranch, Rockfish River Ranch Guest House offers a serene escape for families and nature lovers alike. Enjoy private trails and creek access for outdoor adventures, while the cozy accommodations feature bunk beds and high chairs for the little ones. Located just a short drive from local breweries and Wintergreen, this inviting retreat combines comfort with convenience, making it the perfect destination for your next getaway.",,,https://ik.imagekit.io/OE/nelson-county/listings/rockfish-river-ranch-guest-house-image1_ZhXm92QrC,"Tree with swing in front of modern house, sunny day.",,https://ik.imagekit.io/OE/nelson-county/listings/rockfish-river-ranch-guest-house-image2_gGy1is3pj,"Modern kitchen with island, pendant lights, and large windows. Wooden floors and ceilings.",,,,,,,"Shipman, VA 22971",josh,,,https://www.google.com/maps/dir/?api=1&destination=Shipman%2C%20VA%2022971,,,,,,,,,,,,,,Family Friendly; Beer; Breakfast; Lodging; Water Sports; Fishing,false,https://www.google.com/maps/dir/?api=1&destination=Shipman%2C%20VA%2022971
364,The Treetops Lodge,the-treetops-lodge,Cabins & Cottages,stay,Lovingston,"Nestled in a serene setting, The Treetops Lodge offers a luxurious retreat for up to ten guests across three spacious levels. This beautifully designed cabin features a cozy bunk room and ample indoor and outdoor seating, perfect for enjoying time with family and friends. Located near the charming town of Lovingston, history enthusiasts will appreciate the nearby Lovingston Historic District and its courthouse, both of which are listed on the National Register of Historic Places. Experience the perfect blend of comfort and adventure at The Treetops Lodge, your gateway to the wonders of Nelson County.",,,https://ik.imagekit.io/OE/nelson-county/listings/the-treetops-lodge-image1_oFIPlvrDl,"House with large windows, surrounded by trees, with a fire pit and chairs.",,https://ik.imagekit.io/OE/nelson-county/listings/the-treetops-lodge-image2_iVMFGutl0,"Spacious living room with large windows, wooden beams, and cozy furniture.",,,,,,,"Afton, VA 22920",josh,,,https://www.google.com/maps/dir/?api=1&destination=Afton%2C%20VA%2022920,,,,,,,,,,,,,,Cabins; Beer; Wi-Fi; Outdoor Seating; Lodging,false,https://www.google.com/maps/dir/?api=1&destination=Afton%2C%20VA%2022920
365,Cabin on Eagles Ridge Road,cabin-on-eagles-ridge-road,Cabins & Cottages,stay,Nellysford,"Discover a serene retreat at Cabin on Eagles Ridge Road, featuring two en-suite master bedrooms for ultimate comfort. Enjoy cozy evenings by the wood-burning fireplace or gather around the inviting bluestone fire pit under the stars. Ideally located within walking distance of Devils Backbone and Bold Rock, this cabin perfectly blends rustic charm with modern convenience, making it an ideal getaway for nature lovers and adventure seekers alike.",,,https://ik.imagekit.io/OE/nelson-county/listings/cabin-on-eagles-ridge-road-image1_BtjxSGEWL,Wooden house with chimney surrounded by bare trees in forest setting.,,https://ik.imagekit.io/OE/nelson-county/listings/cabin-on-eagles-ridge-road-image2_n6wnBFOoG,Stone fireplace in cozy living room with large windows and warm lighting.,,,,,,,"Nellysford, VA 22958",josh,,,https://www.google.com/maps/dir/?api=1&destination=Nellysford%2C%20VA%2022958,,,,,,,,,,,,,,Outdoor Seating; Pet Friendly; Cabins; Lodging,false,https://www.google.com/maps/dir/?api=1&destination=Nellysford%2C%20VA%2022958
366,1639 Overlook,1639-overlook,Vacation Rentals,stay,Wintergreen Resort,"Welcome to 1639 Overlook, a beautifully renovated four-bedroom, four-bath condo nestled in the heart of Wintergreen. This inviting retreat offers breathtaking panoramic mountain views, perfect for unwinding after a day of outdoor adventures. Located just steps from the golf course, it’s an ideal spot for golf enthusiasts. With a pet-friendly policy for small dogs, your furry friends are welcome to join in on the fun. Experience the serene beauty of Wintergreen while enjoying the comforts of a modern home designed for relaxation and connection.",,,https://ik.imagekit.io/OE/nelson-county/listings/1639-overlook-image1_EdGAE6RoV,"Buildings illuminated at dusk against a colorful sunset sky, mountainous backdrop.",,https://ik.imagekit.io/OE/nelson-county/listings/1639-overlook-image2_HYWjm-YwE,"Modern kitchen, dining area with mountains visible through large window.",,,,,,,"Wintergreen Resort, Roseland, VA 22967",josh,,,https://www.google.com/maps/dir/?api=1&destination=Wintergreen%20Resort%2C%20Roseland%2C%20VA%2022967,,,,,,,,,,,,,,Scenic Views; Resort; Golf; Pet Friendly; Parking,false,https://www.google.com/maps/dir/?api=1&destination=Wintergreen%20Resort%2C%20Roseland%2C%20VA%2022967
367,Foxfire Cottage,foxfire-cottage,Cabins & Cottages,stay,Roseland,"Nestled in a serene setting, Foxfire Cottage welcomes you with its charming high ceilings and a cozy stone fireplace, perfect for unwinding after a day of adventure. The updated kitchen invites you to prepare delightful meals, enhancing your stay with modern comforts. Whether you're enjoying a peaceful morning coffee or gathering around the fire in the evening, this cottage offers a perfect blend of rustic charm and contemporary amenities. Experience the tranquility of nature while being just a stone's throw away from local attractions. Foxfire Cottage is your ideal retreat for a memorable getaway.",,,https://ik.imagekit.io/OE/nelson-county/listings/foxfire-cottage-image1_1b-v730_AV,"White house with wooden chairs on porch, surrounded by trees and grass lawn.",,https://ik.imagekit.io/OE/nelson-county/listings/foxfire-cottage-image2_PHmCD3Qp_,"Living room with stone fireplace, leather couch, colorful stairs, and modern kitchen.",,,,,,,"Roseland, VA 22967",josh,,,https://www.google.com/maps/dir/?api=1&destination=Roseland%2C%20VA%2022967,,,,,,,,,,,,,,Beer; Scenic Views; Wi-Fi; Full Kitchen; Cabins; Lodging,false,https://www.google.com/maps/dir/?api=1&destination=Roseland%2C%20VA%2022967
368,The Ski House,the-ski-house,Whole House Rentals,stay,Wintergreen Resort,"The Ski House offers an exceptional ski-in/ski-out experience with breathtaking views of Eagle's Swoop. This beautifully renovated three-bedroom, two-bath home combines modern comfort with a prime location, making it ideal for winter sports enthusiasts. Enjoy the convenience of direct access to the slopes while relaxing in a stylish and inviting space perfect for family gatherings or a getaway with friends. Experience the ultimate alpine retreat at The Ski House.",,,https://ik.imagekit.io/OE/nelson-county/listings/the-ski-house-image1_raYunZw2V,Snow machines operating near wooden house among leafless trees.,,https://ik.imagekit.io/OE/nelson-county/listings/the-ski-house-image2_rtwU6I6qK,Two cozy twin beds with bear-themed quilts under slanted wooden ceiling.,,,,,,,"Wintergreen Resort, Roseland, VA 22967",josh,,,https://www.google.com/maps/dir/?api=1&destination=Wintergreen%20Resort%2C%20Roseland%2C%20VA%2022967,,,,,,,,,,,,,,Skiing; Snow Sports; Lodging,false,https://www.google.com/maps/dir/?api=1&destination=Wintergreen%20Resort%2C%20Roseland%2C%20VA%2022967
369,1566 Vistas Condo,1566-vistas-condo,Whole House Rentals,stay,Wintergreen Resort,1566 Vistas Condo is a renovated top-floor unit featuring three ensuite bedrooms and skylights. Enjoy stunning ridgeline views and convenient access to the Wintergreen spa and Devil's Knob facilities.,,,https://ik.imagekit.io/OE/nelson-county/listings/1566-vistas-condo-image1_d3ikqxeVz,"Gray townhouses with bare tree, entryway, and green numbered sign.",,https://ik.imagekit.io/OE/nelson-county/listings/1566-vistas-condo-image2_GsLDdAviC,"Cozy living room with fireplace, couch, and mountain view through large windows.",,,,,,,"Wintergreen Resort, Roseland, VA 22967",josh,,,https://www.google.com/maps/dir/?api=1&destination=Wintergreen%20Resort%2C%20Roseland%2C%20VA%2022967,,,,,,,,,,,,,,Spa; Cabins; Lodging,false,https://www.google.com/maps/dir/?api=1&destination=Wintergreen%20Resort%2C%20Roseland%2C%20VA%2022967
370,Afton Mountain Inn,afton-mountain-inn,Bed and Breakfast,stay,Afton,"Nestled in the heart of Virginia's scenic Afton Mountain, the historic Afton Mountain Inn is a charming 1848 farmhouse transformed into a luxurious boutique hotel. Guests can choose from six beautifully appointed suites or a premium villa, all featuring sumptuous bedding, modern amenities like Wi-Fi, and cozy robes. Explore the inn's stunning ten-acre grounds, complete with two inviting hot tubs, a refreshing pool, fire pits for evening gatherings, and a private trail ideal for leisurely strolls. Marvel at the original heart pine flooring and intricate woodwork that capture the farmhouse's rich history, just a stone's throw from local vineyards and outdoor adventures. Experience the perfect blend of comfort and history at Afton Mountain Inn.",,,https://ik.imagekit.io/OE/nelson-county/listings/afton-mountain-inn-image1_Vnwizc0IW,White two-story house with green roof surrounded by trees and bushes.,,https://ik.imagekit.io/OE/nelson-county/listings/afton-mountain-inn-image2_3Gy0qwzhk,"Elegant bedroom with cozy bed, rug, bathroom view, and natural light through windows.",,,,,,,"10273 Rockfish Valley Highway, Afton, VA 22920",josh,,,https://www.google.com/maps/dir/?api=1&destination=10273%20Rockfish%20Valley%20Highway%2C%20Afton%2C%20VA%2022920,,,,,,,,,,,,,,Coffee; Farm; Lodging; Pool; Retail; Tea; Wi-Fi,false,https://www.google.com/maps/dir/?api=1&destination=10273%20Rockfish%20Valley%20Highway%2C%20Afton%2C%20VA%2022920
371,M 260,m-260,Cabins & Cottages,stay,Nellysford,"Nestled in the heart of Stoney Creek, M 260 is a charming mountain home that offers a perfect retreat for families and friends alike. This spacious getaway features three inviting bedrooms and three well-appointed baths, ensuring comfort for all guests. Relax in the hot tub while soaking in breathtaking views of the valley, or challenge your companions to a spirited game of ping pong or foosball in the entertainment area. The expansive deck provides an ideal setting for morning coffee or evening stargazing, and don’t miss the seasonal waterfall walkway, a delightful trail that adds a touch of nature's beauty to your stay. Experience the tranquility and adventure that M 260 has to offer!",,,https://ik.imagekit.io/OE/nelson-county/listings/m-260-image1_dQ4d42Kku,Modern grey house with large deck surrounded by lush green trees.,,https://ik.imagekit.io/OE/nelson-county/listings/m-260-image2_okYF6M7kOE,"Modern kitchen with green island, stainless appliances, wooden cabinets, and stone flooring.",,,,,,,"Nellysford, VA 22958",josh,,,https://www.google.com/maps/dir/?api=1&destination=Nellysford%2C%20VA%2022958,,,,,,,,,,,,,,Cabins; Full Kitchen; Lodging; Outdoor Seating; Scenic Views; Water Sports; Wi-Fi,false,https://www.google.com/maps/dir/?api=1&destination=Nellysford%2C%20VA%2022958
372,Sanctuary Retreat Center,sanctuaryretreatcenter,Whole House Rentals,stay,Nellysford,"Nestled on 120 serene forested acres, the Sanctuary Retreat Center offers a transformative escape through 3–7-day holistic retreats. Immerse yourself in a peaceful atmosphere where meditation and breathwork sessions guide you toward personal growth and rejuvenation. Your stay includes comfortable lodging and nourishing meals, fostering a deep connection to nature and self. Please note that overnight accommodations are available only during scheduled programs. Experience the tranquility and holistic healing that Sanctuary Retreat Center uniquely provides.",,,https://ik.imagekit.io/OE/nelson-county/listings/sanctuary-retreat-center-image1_WJ_oqMdVRL,"Pink flowering tree beside house, surrounded by lush greenery and shrubs.",,https://ik.imagekit.io/OE/nelson-county/listings/sanctuary-retreat-center-image2_WMNFybvoy,"Wooden deck with chairs, surrounded by lush green trees and blue hydrangeas.",,https://ik.imagekit.io/OE/nelson-county/listings/sanctuary-retreat-center-image3_hgweSYfrN,"Cozy bedroom with wooden ceiling, white bedding, lamp, window, and artwork.",,,,"Nellysford, VA 22958",WG,,,https://www.google.com/maps/dir/?api=1&destination=Nellysford%2C%20VA%2022958,,,,,,,,,,,,,,Lodging; Cabins,false,https://www.google.com/maps/dir/?api=1&destination=Nellysford%2C%20VA%2022958
373,Trinacria Restaurant & Pizzeria,trinacria,Restaurants,taste,Nellysford,"Experience authentic Italian cuisine at Trinacria Restaurant & Pizzeria, opening August 10, 2025, on Rockfish Valley Highway. This family-owned establishment offers a delightful selection of classic dishes, including savory quiche, gourmet pizzas, and comforting homestyle plates, all served in a warm and inviting café atmosphere. Join us for a taste of Italy that feels just like home.",,,https://ik.imagekit.io/OE/nelson-county/listings/trinacria-restaurant-pizzeria-image1_CmQd67ELy,"Black mug with latte foam art in progress, hands holding cup and stick.",,https://ik.imagekit.io/OE/nelson-county/listings/trinacria-restaurant-pizzeria-image2_CPRNPSN0op,"Trinacria logo with Medusa head, three legs, wheat, red-black color scheme.",,,,,,(434) 361-1100,"2842 Rockfish Valley Highway, Nellysford, VA 22958",WG,,,https://www.google.com/maps/dir/?api=1&destination=2842%20Rockfish%20Valley%20Highway%2C%20Nellysford%2C%20VA%2022958,,,,,,,,,,,,,,Family Friendly; Fishing,false,https://www.google.com/maps/dir/?api=1&destination=2842%20Rockfish%20Valley%20Highway%2C%20Nellysford%2C%20VA%2022958
374,Rockfish Valley Farm Guest House,rockfish-valley-farm-guest-house,Bed and Breakfast,stay,Nellysford,"Nestled between Bold Rock and Devils Backbone, Rockfish Valley Farm Guest House offers a serene escape with stunning mountain views. This charming four-bedroom ranch features inviting rocking chairs on the porch, perfect for sipping morning coffee while enjoying the scenic landscape. Guests can also meet the friendly resident donkeys, adding a touch of rural charm to your stay. Experience the beauty and tranquility of the Rockfish Valley at this delightful bed and breakfast.",,,https://ik.imagekit.io/OE/nelson-county/listings/rockfish-valley-farm-guest-house-image1_nCX2OavrY,"House with porch, large tree, mountains in background, clear sky above.",,https://ik.imagekit.io/OE/nelson-county/listings/rockfish-valley-farm-guest-house-image2_VugIF5jJP,"Cozy living room with red patterned rug, beige sofa, and wooden furniture.",,,,,,,"Nellysford, VA 22958",josh,,,https://www.google.com/maps/dir/?api=1&destination=Nellysford%2C%20VA%2022958,,,,,,,,,,,,,,Full Kitchen; Breakfast; Outdoor Seating; Scenic Views; Lodging; Farm; Fishing,false,https://www.google.com/maps/dir/?api=1&destination=Nellysford%2C%20VA%2022958
375,Shenandoah Ridge 11,shenandoah-ridge-11,Whole House Rentals,stay,Wintergreen Resort,"Nestled within the serene Shenandoah Ridge development of Wintergreen, Shenandoah Ridge 11 is a spacious four-bedroom, 4.5-bath townhouse that perfectly balances comfort and convenience. Guests will appreciate the privacy this home offers while still being just moments away from a wealth of resort amenities, including world-class golf, a luxurious spa, and inviting tennis courts. Take advantage of convenient shuttle services to explore the stunning natural beauty of the surrounding mountains. With its inviting atmosphere and proximity to adventure, Shenandoah Ridge 11 is an ideal retreat for families and groups looking to create lasting memories in this beautiful part of Virginia.",,,https://ik.imagekit.io/OE/nelson-county/listings/shenandoah-ridge-11-image1_r7j-EXO-c,Beige house with multiple gabled roofs and white railing on wooden pathway.,,https://ik.imagekit.io/OE/nelson-county/listings/shenandoah-ridge-11-image2_Mf1_TDmYw,"Spacious kitchen with stainless steel appliances, white countertops, and wooden cabinets.",,,,,,,"Wintergreen Resort, Roseland, VA 22967",josh,,,https://www.google.com/maps/dir/?api=1&destination=Wintergreen%20Resort%2C%20Roseland%2C%20VA%2022967,,,,,,,,,,,,,,Resort; Family Friendly; Skiing; Lodging; Golf,false,https://www.google.com/maps/dir/?api=1&destination=Wintergreen%20Resort%2C%20Roseland%2C%20VA%2022967
376,Inn at the Woods,inn-at-the-woods,Cabins & Cottages,stay,Roseland,"Nestled just minutes from the renowned Devils Backbone, the Inn at the Woods offers a charming farmhouse retreat that combines rustic elegance with modern comforts. Featuring three inviting queen bedrooms and a cozy sleeper sofa, this welcoming space is ideal for families and groups. Guests can unwind on the serene screened patio, savoring the peaceful surroundings. With a prime location near local breweries and wineries, as well as the beautiful Wintergreen resort, the Inn is the perfect home base for your adventures in the stunning Shenandoah Ridge area. Experience relaxation and exploration all in one unforgettable stay!",,,https://ik.imagekit.io/OE/nelson-county/listings/inn-at-the-woods-image1_MQa9smdzT,"White house surrounded by autumn trees, with mountains in the background.",,https://ik.imagekit.io/OE/nelson-county/listings/inn-at-the-woods-image2_U8RNeR8IC,"White bathroom with dual sinks, round mirrors, wood accents, and glass shower.",,,,,,,"Roseland, VA 22967",josh,,,https://www.google.com/maps/dir/?api=1&destination=Roseland%2C%20VA%2022967,,,,,,,,,,,,,,Outdoor Seating; Scenic Views; Cabins; Lodging; Farm; Tastings; Beer,false,https://www.google.com/maps/dir/?api=1&destination=Roseland%2C%20VA%2022967
377,Country Cottage,country-cottage,Cabins & Cottages,stay,Faber,"Nestled amidst the serene woodlands of Shenandoah Ridge, Country Cottage offers a charming retreat for those seeking both comfort and adventure. This stand-alone hideout features a fully equipped kitchen and laundry facilities, making it perfect for extended stays. Relax on the sunny front deck as you soak in the natural beauty that surrounds you. Situated conveniently between the vibrant town of Charlottesville and the scenic Route 151 craft trail, this cottage serves as an ideal base for exploring local wineries, breweries, and outdoor activities. Experience the perfect blend of tranquility and exploration at Country Cottage!",,,https://ik.imagekit.io/OE/nelson-county/listings/country-cottage-image1_CGfeKlhal,"Small house with porch in forest setting, surrounded by trees and greenery.",,https://ik.imagekit.io/OE/nelson-county/listings/country-cottage-image2_Kj0DoaIrT,"Cozy bedroom with colorful bedspread, open shelves, and sunlight through windows.",,,,,,,"Afton, VA 22920",josh,,,https://www.google.com/maps/dir/?api=1&destination=Afton%2C%20VA%2022920,,,,,,,,,,,,,,Full Kitchen; Outdoor Seating; Beer; Wi-Fi; Cabins; Lodging,false,https://www.google.com/maps/dir/?api=1&destination=Afton%2C%20VA%2022920
378,The View at Crawfords Edge,the-view-at-crawfords-edge,Whole House Rentals,stay,Wintergreen Resort,"Discover an enchanting retreat at Crawfords Edge, featuring four bedrooms, each with its own ensuite, perfect for families or groups. Enjoy the spacious, vaulted living areas and two inviting lounges, designed for relaxation and connection. Outside, tiered patios offer multiple levels of outdoor living, complete with a fire table and a pizza oven, ideal for evening gatherings. Experience breathtaking sunsets high above Wintergreen, where every moment is a chance to unwind and create lasting memories.",,,https://ik.imagekit.io/OE/nelson-county/listings/the-view-at-crawfords-edge-image1_TGpMMFwo_,"House with lit porch, surrounded by trees, at dusk.",,https://ik.imagekit.io/OE/nelson-county/listings/the-view-at-crawfords-edge-image2_EtZamV93K,"Spacious living room with stone fireplace, wooden ceiling, large windows, and cozy seating.",,,,,,,"Wintergreen Resort, Roseland, VA 22967",josh,,,https://www.google.com/maps/dir/?api=1&destination=Wintergreen%20Resort%2C%20Roseland%2C%20VA%2022967,,,,,,,,,,,,,,Outdoor Seating; BBQ; Pizza; Pet Friendly; Lodging,false,https://www.google.com/maps/dir/?api=1&destination=Wintergreen%20Resort%2C%20Roseland%2C%20VA%2022967
379,Altitude Adjustment,altitude-adjustment,Whole House Rentals,stay,Nellysford,"Nestled in the breathtaking mountains, Altitude Adjustment is a stunning five-bedroom, four-bath retreat that invites you to unwind and connect with nature. Bask in the natural light pouring through expansive windows, or step outside to multiple decks where you can soak in the views. Gather around the high-flame fire pit for cozy evenings, rejuvenate in the sauna, or rinse off in the outdoor shower after a day of adventure. The game room offers fun for all ages, while the added convenience of an EV charger ensures you’re powered up for your explorations. This spacious haven is perfect for families or groups seeking a memorable getaway in the heart of nature.",,,https://ik.imagekit.io/OE/nelson-county/listings/altitude-adjustment-image1_8Jxku4-8O,"Modern house surrounded by trees, pickup truck parked on driveway.",,https://ik.imagekit.io/OE/nelson-county/listings/altitude-adjustment-image2_aQDSzS4Tb,"Modern living room with large window, mountain view, wooden floor, and kitchen area.",,,,,,,"Wintergreen Resort, Roseland, VA 22967",josh,,,https://www.google.com/maps/dir/?api=1&destination=Wintergreen%20Resort%2C%20Roseland%2C%20VA%2022967,,,,,,,,,,,,,,Fuel; Outdoor Seating; EV Charging; Lodging,false,https://www.google.com/maps/dir/?api=1&destination=Wintergreen%20Resort%2C%20Roseland%2C%20VA%2022967
380,Chateau Greenstone,chateau-greenstone,Whole House Rentals,stay,Wintergreen Resort,"Nestled in the serene landscapes of Wintergreen, Chateau Greenstone is a spacious six-bedroom, four-bath retreat designed for ultimate relaxation and fun, accommodating up to 18 guests. This thoughtfully crafted getaway features multiple game zones for friendly competition, a tranquil 'zen den' for meditation, and a heated TV porch perfect for cozy movie nights. Unwind in the luxurious hot tub or rejuvenate in the sauna after a day of exploring the stunning Blue Ridge Mountains. With four inviting outdoor gathering areas, Chateau Greenstone is the ideal setting for creating lasting memories with family and friends, making it a truly exceptional vacation destination.",,,https://ik.imagekit.io/OE/nelson-county/listings/chateau-greenstone-image1_4nRWeaflw,A-frame house with wooden deck surrounded by trees at dusk.,,https://ik.imagekit.io/OE/nelson-county/listings/chateau-greenstone-image2_VT5zUm2L7,Outdoor hot tub with bubbles on covered patio overlooking lush green trees.,,,,,,,"Wintergreen Resort, Roseland, VA 22967",josh,,,https://www.google.com/maps/dir/?api=1&destination=Wintergreen%20Resort%2C%20Roseland%2C%20VA%2022967,,,,,,,,,,,,,,Pool; Spa; Outdoor Seating; Lodging,false,https://www.google.com/maps/dir/?api=1&destination=Wintergreen%20Resort%2C%20Roseland%2C%20VA%2022967
381,Blue Sky Retreat,blue-sky-retreat,Whole House Rentals,stay,Wintergreen Resort,"Blue Sky Retreat is a stunning luxury home that offers over 4,100 square feet of designer living space, featuring six elegantly appointed bedrooms. Guests can enjoy a variety of entertainment options, including dedicated media and game rooms, as well as a rejuvenating sauna and cold plunge. Outside, unwind in the inviting hot tub while taking in breathtaking mountain views and direct access to the nearby golf course. Experience a perfect blend of relaxation and adventure at this exquisite retreat.",,,https://ik.imagekit.io/OE/nelson-county/listings/blue-sky-retreat-image1_9b5vAS6Ui,"Cozy outdoor deck with fire pit, sofas, and scenic sunset view.",,https://ik.imagekit.io/OE/nelson-county/listings/blue-sky-retreat-image2_pHAwV0gTc,"Modern kitchen with wooden island, black granite countertop, hanging lights, and staircase.",,,,,,,"Wintergreen Resort, Roseland, VA 22967",josh,,,https://www.google.com/maps/dir/?api=1&destination=Wintergreen%20Resort%2C%20Roseland%2C%20VA%2022967,,,,,,,,,,,,,,Scenic Views; Golf; Pet Friendly,false,https://www.google.com/maps/dir/?api=1&destination=Wintergreen%20Resort%2C%20Roseland%2C%20VA%2022967
382,The Treehouse,thetreehouse,Whole House Rentals,stay,Afton,"The Treehouse is a stunning 3,200 sq ft modern retreat nestled on ten serene acres, offering an ideal escape just minutes from Charlottesville's vibrant breweries. This award-winning home features heated floors, a spacious dining area for up to ten guests, and inviting outdoor spaces, including a hot tub and fire pit. Experience tranquility in the beautifully designed interiors and enjoy the convenience of nearby attractions, making it perfect for both relaxation and exploration.",,,https://ik.imagekit.io/OE/nelson-county/listings/the-treehouse-image1_XvJDexZqi,"Modern house with large windows, patio furniture, and fire pit in the backyard.",,https://ik.imagekit.io/OE/nelson-county/listings/the-treehouse-image2_3vr40-VSg,"Spacious modern living room with high ceiling, large windows, and wooden staircase.",,,,,,,"Afton, VA 22920",WG,,,https://www.google.com/maps/dir/?api=1&destination=Afton%2C%20VA%2022920,,,,,,,,,,,,,,Outdoor Seating; Full Kitchen; Lodging; Beer,false,https://www.google.com/maps/dir/?api=1&destination=Afton%2C%20VA%2022920
162,Woodson's Mill,woodsons-mill,Museums & Heritage,culture,Roseland,"Experience the charm of Woodson's Mill, a historic gem established in 1794, where Virginia-grown grains are still ground using traditional water-powered stones. Visitors can explore the fascinating heritage of milling through guided tours, uncovering the rich history behind this unique operation. Don't miss the chance to purchase freshly stone-milled flour, perfect for your culinary endeavors. Join us for a journey into the past and savor the taste of authentic, locally-sourced products.",,,https://ik.imagekit.io/OE/nelson-county/listings/woodson-s-mill-image1_ZE7ZqH35G,Wooden water mill with red wheel and surrounding greenery in sunlight.,,,,,,,,,(540) 430-0532,"3211 Lowesville Road, Roseland, VA 22967",josh,,,https://www.google.com/maps/dir/?api=1&destination=3211%20Lowesville%20Road%2C%20Roseland%2C%20VA%2022967,,,,,,,,,,,,,,Museum; Retail; Seasonal Menu; Water Sports,false,https://www.google.com/maps/dir/?api=1&destination=3211%20Lowesville%20Road%2C%20Roseland%2C%20VA%2022967
168,Rockfish Valley Natural History Center,rockfish-valley-natural-history-center,Museums & Heritage,culture,Nellysford,"Discover the Rockfish Valley Natural History Center, nestled in the charming old Wintergreen schoolhouse. This unique venue features captivating wildlife exhibits curated by the Virginia Museum of Natural History, offering visitors an insightful glimpse into the region's diverse ecosystems. Explore interactive displays and educational programs that highlight local flora and fauna, making it an ideal destination for nature enthusiasts and families alike. Join us to celebrate the beauty of natural history in a welcoming and engaging atmosphere.",,,https://ik.imagekit.io/OE/nelson-county/listings/rockfish-valley-natural-history-center-image1_aIErl8JZ0,"White building with a porch and sign, surrounded by leafless trees and grass.",,,,,,,,,(434) 361-0271,"1368 Rockfish Valley Highway, Nellysford, VA 22958",josh,,,https://www.google.com/maps/dir/?api=1&destination=1368%20Rockfish%20Valley%20Highway%2C%20Nellysford%2C%20VA%2022958,,,,,,,,,,,,,,Museum; Fishing,false,https://www.google.com/maps/dir/?api=1&destination=1368%20Rockfish%20Valley%20Highway%2C%20Nellysford%2C%20VA%2022958
385,The Goldfinch,the-goldfinch,Cabins & Cottages,stay,Afton,"Nestled in the heart of Virginia’s stunning landscape, The Goldfinch offers a charming retreat with two spacious bedrooms and two modern baths, perfect for families or groups looking to unwind. Enjoy leisurely mornings on the inviting screened porch, or take advantage of the convenient garage and central HVAC for year-round comfort. Ideally situated near Veritas Vineyards, Route 151, and the scenic Blue Ridge Parkway, adventure awaits just outside your door. Explore the beauty of Charlottesville or savor local wines, making your stay at The Goldfinch both relaxing and enriching.",,,https://ik.imagekit.io/OE/nelson-county/listings/the-goldfinch-image1_w_8X4s7VT,"Small house, autumn trees, driveway with red truck, evening light.",,https://ik.imagekit.io/OE/nelson-county/listings/the-goldfinch-image2__phpH4Uv-,"Gray sofa with floral pillows, candles, and vase on wooden table.",,,,,,(757) 778-1160,"Afton, VA 22920",josh,,,https://www.google.com/maps/dir/?api=1&destination=Afton%2C%20VA%2022920,,,,,,,,,,,,,,Outdoor Seating; Full Kitchen; Pet Friendly; Scenic Views; Cabins; Farm; Tastings,false,https://www.google.com/maps/dir/?api=1&destination=Afton%2C%20VA%2022920
118,Swimming,swimming,Swimming,experience,Montebello,"Dive into a world of aquatic fun at Wintergreen Resort, where both indoor and outdoor swimming options await year-round. The state-of-the-art Aquatics Center features heated pools, perfect for a relaxing dip regardless of the season. In the summer, head to Lake Monocan's sandy beach for a refreshing swim in the picturesque lake surrounded by stunning mountain views. Whether you're splashing with family or enjoying a serene swim, Wintergreen's swimming facilities promise a delightful escape in a breathtaking natural setting.",,,https://ik.imagekit.io/OE/nelson-county/listings/swimming-image1_K6MZpkrv3,"Indoor pool, surrounded by potted plants and lounge seating inside a spacious room.",,,,,,,,,(434) 325-8280,"Wintergreen Aquatics & Fitness Center, 39 Mountain Inn Loop, Wintergreen, VA 22967",josh,,,https://www.google.com/maps/dir/?api=1&destination=Wintergreen%20Aquatics%20%26%20Fitness%20Center%2C%2039%20Mountain%20Inn%20Loop%2C%20Wintergreen%2C%20VA%2022967,,,,,,,,,,,,,,Pool; Outdoor Seating; Seasonal Menu; Resort; Water Sports; Fishing,false,https://www.google.com/maps/dir/?api=1&destination=Wintergreen%20Aquatics%20%26%20Fitness%20Center%2C%2039%20Mountain%20Inn%20Loop%2C%20Wintergreen%2C%20VA%2022967
387,Rockwell Ridge Inn,rockwellridgeinn,Cabins & Cottages,stay,Afton,"Nestled on 20 scenic acres in Afton, Rockwell Ridge Inn offers a pet-friendly escape where nature thrives. Guests can explore lush trails, seasonal gardens, and serene creeks, making it an ideal destination for outdoor enthusiasts. Choose from a charming three-bedroom inn or cozy cottages, each designed to provide a tranquil retreat and immerse you in the beauty of the surroundings. Experience the perfect blend of comfort and adventure at Rockwell Ridge Inn.",,,https://ik.imagekit.io/OE/nelson-county/listings/rockwell-ridge-inn-image1_7TKqEFWib,"Blue cabin with wooden doors, decorated wreaths, surrounded by trees.",,https://ik.imagekit.io/OE/nelson-county/listings/rockwell-ridge-inn-image2_XBpXGhjEG,"Blue wooden cabin with porch, surrounded by trees and shrubs.",,https://ik.imagekit.io/OE/nelson-county/listings/rockwell-ridge-inn-image3_AOrMTU8L0,"Wooden kitchen with vaulted ceiling, island, and dining table under pendant lights.",,,,"Afton, VA 22920",WG,,,https://www.google.com/maps/dir/?api=1&destination=Afton%2C%20VA%2022920,,,,,,,,,,,,,,Pet Friendly; Seasonal Menu; Lodging; Cabins,false,https://www.google.com/maps/dir/?api=1&destination=Afton%2C%20VA%2022920
388,Everett Estate,everettestate,Whole House Rentals,stay,Wintergreen Resort,"Welcome to Everett Estate, where charm meets comfort in a beautifully decorated whole house rental. Nestled in a picturesque setting, Ethan's Den offers a serene retreat with thoughtfully curated interiors that reflect the natural beauty surrounding you. Guests can expect spacious living areas, a fully equipped kitchen, and cozy bedrooms that invite relaxation. Explore the nearby attractions or unwind on the deck, soaking in the tranquil atmosphere. Everett Estate is the perfect getaway for families and friends seeking a memorable experience.",,,https://ik.imagekit.io/OE/nelson-county/listings/everett-estate-image1_hDitKstLu,"House with trees, stairs leading up, and stone wall in foreground.",,https://ik.imagekit.io/OE/nelson-county/listings/everett-estate-image2_y5dCp-_c7,"White house with large tree, fountain, and green lawn under clear blue sky.",,https://ik.imagekit.io/OE/nelson-county/listings/everett-estate-image3_pntIHpCJ6,"Floral wallpapered kitchen, stained glass window, wooden table with floral centerpiece.",,,,"56 Rodes Farm Drive, Nellysford, VA 22958",WG,,,https://www.google.com/maps/dir/?api=1&destination=56%20Rodes%20Farm%20Drive%2C%20Nellysford%2C%20VA%2022958,,,,,,,,,,,,,,Coffee; Events; Scenic Views; Tea; Pet Friendly; Lodging,false,https://www.google.com/maps/dir/?api=1&destination=56%20Rodes%20Farm%20Drive%2C%20Nellysford%2C%20VA%2022958
389,Don Lupe Mexican Restaurant,donlupe,Restaurants,taste,Roseland,"Nestled along the scenic Rockfish Valley Highway, Don Lupe Mexican Restaurant invites you to embark on a culinary journey through authentic Mexican cuisine. With a commitment to using high-quality ingredients, each dish is crafted to delight your palate, from zesty tacos to rich enchiladas. Enjoy attentive service in a warm, inviting atmosphere that makes every meal feel special. Whether you're stopping in after a day of exploring nearby attractions like Blue Mountain Brewery or the charming shops of Basic Necessities, Don Lupe promises a memorable dining experience that celebrates the vibrant flavors of Mexico.",,,https://ik.imagekit.io/OE/nelson-county/listings/don-lupe-mexican-restaurant-image1_CFnON7sma,Child playing guitar in sombrero and poncho near cactus.,,,,,,,,,(434) 218-1789,"2815 Rockfish Valley Highway, Nellysford, VA 22958",WG,,,https://www.google.com/maps/dir/?api=1&destination=2815%20Rockfish%20Valley%20Highway%2C%20Nellysford%2C%20VA%2022958,,,,,,,,,,,,,,Local Ingredients; Fishing,false,https://www.google.com/maps/dir/?api=1&destination=2815%20Rockfish%20Valley%20Highway%2C%20Nellysford%2C%20VA%2022958
12-ridges-vineyard,12 Ridges Vineyard,12-ridges-vineyard,Vineyards & Wineries,taste,Vesuvius,"Nestled in one of Virginia's most breathtaking landscapes, 12 Ridges Vineyard invites visitors to indulge in a unique tasting experience. Formerly known as Skylark Farm, this family-owned vineyard boasts an intimate Tasting Room where you can savor exquisite wines crafted from their lush vineyards. With over 7,500 square feet of stunning outdoor patio space, guests can soak in the glorious 360-degree hilltop views while enjoying the serene beauty of nature. Whether you're a wine enthusiast or simply seeking a peaceful retreat, 12 Ridges offers an unforgettable escape filled with flavor and charm.",,,https://ik.imagekit.io/OE/nelson-county/listings/12-ridges-vineyard-image1_2M-P87f-B,,,,,,,,,https://12ridges.com/,(434) 996-4252,"24981 Blue Ridge Pkwy, Vesuvius, VA 24483",josh,,,https://www.google.com/maps/dir/?api=1&destination=24981%20Blue%20Ridge%20Pkwy%2C%20Vesuvius%2C%20VA%2024483,,,,,,,,,,,,,,Events; Farm; Outdoor Seating; Scenic Views; Tastings; Wine,false,https://www.google.com/maps/dir/?api=1&destination=24981%20Blue%20Ridge%20Pkwy%2C%20Vesuvius%2C%20VA%2024483
